Forecast DateTime,Pax,Staff,Total,Date,Hour,Rolling Hour Pax,Rolling Hour Staff,Rolling Hour Total
2026-07-24 03:00:00,17,45,62,2026-07-24,3,17.0,45.0,62.0
2026-07-24 03:15:00,69,67,136,2026-07-24,3,86.0,112.0,198.0
2026-07-24 03:30:00,245,40,285,2026-07-24,3,331.0,152.0,483.0
2026-07-24 03:45:00,555,66,621,2026-07-24,3,886.0,218.0,1104.0
2026-07-24 04:00:00,700,31,731,2026-07-24,4,1569.0,204.0,1773.0
2026-07-24 04:15:00,809,32,841,2026-07-24,4,2309.0,169.0,2478.0
2026-07-24 04:30:00,771,53,824,2026-07-24,4,2835.0,182.0,3017.0
2026-07-24 04:45:00,712,72,784,2026-07-24,4,2992.0,188.0,3180.0
2026-07-24 05:00:00,705,65,770,2026-07-24,5,2997.0,222.0,3219.0
2026-07-24 05:15:00,662,51,713,2026-07-24,5,2850.0,241.0,3091.0
2026-07-24 05:30:00,462,49,511,2026-07-24,5,2541.0,237.0,2778.0
2026-07-24 05:45:00,334,62,396,2026-07-24,5,2163.0,227.0,2390.0
2026-07-24 06:00:00,360,34,394,2026-07-24,6,1818.0,196.0,2014.0
2026-07-24 06:15:00,420,45,465,2026-07-24,6,1576.0,190.0,1766.0
2026-07-24 06:30:00,564,43,607,2026-07-24,6,1678.0,184.0,1862.0
2026-07-24 06:45:00,539,44,583,2026-07-24,6,1883.0,166.0,2049.0
2026-07-24 07:00:00,502,33,535,2026-07-24,7,2025.0,165.0,2190.0
2026-07-24 07:15:00,530,49,579,2026-07-24,7,2135.0,169.0,2304.0
2026-07-24 07:30:00,536,40,576,2026-07-24,7,2107.0,166.0,2273.0
2026-07-24 07:45:00,491,33,524,2026-07-24,7,2059.0,155.0,2214.0
2026-07-24 08:00:00,402,34,436,2026-07-24,8,1959.0,156.0,2115.0
2026-07-24 08:15:00,438,24,462,2026-07-24,8,1867.0,131.0,1998.0
2026-07-24 08:30:00,396,33,429,2026-07-24,8,1727.0,124.0,1851.0
2026-07-24 08:45:00,370,27,397,2026-07-24,8,1606.0,118.0,1724.0
2026-07-24 09:00:00,433,29,462,2026-07-24,9,1637.0,113.0,1750.0
2026-07-24 09:15:00,416,31,447,2026-07-24,9,1615.0,120.0,1735.0
2026-07-24 09:30:00,400,59,459,2026-07-24,9,1619.0,146.0,1765.0
2026-07-24 09:45:00,419,59,478,2026-07-24,9,1668.0,178.0,1846.0
2026-07-24 10:00:00,416,55,471,2026-07-24,10,1651.0,204.0,1855.0
2026-07-24 10:15:00,422,49,471,2026-07-24,10,1657.0,222.0,1879.0
2026-07-24 10:30:00,430,43,473,2026-07-24,10,1687.0,206.0,1893.0
2026-07-24 10:45:00,393,42,435,2026-07-24,10,1661.0,189.0,1850.0
2026-07-24 11:00:00,412,41,453,2026-07-24,11,1657.0,175.0,1832.0
2026-07-24 11:15:00,512,43,555,2026-07-24,11,1747.0,169.0,1916.0
2026-07-24 11:30:00,513,67,580,2026-07-24,11,1830.0,193.0,2023.0
2026-07-24 11:45:00,576,76,652,2026-07-24,11,2013.0,227.0,2240.0
2026-07-24 12:00:00,636,63,699,2026-07-24,12,2237.0,249.0,2486.0
2026-07-24 12:15:00,642,54,696,2026-07-24,12,2367.0,260.0,2627.0
2026-07-24 12:30:00,571,63,634,2026-07-24,12,2425.0,256.0,2681.0
2026-07-24 12:45:00,599,52,651,2026-07-24,12,2448.0,232.0,2680.0
2026-07-24 13:00:00,520,40,560,2026-07-24,13,2332.0,209.0,2541.0
2026-07-24 13:15:00,477,45,522,2026-07-24,13,2167.0,200.0,2367.0
2026-07-24 13:30:00,499,53,552,2026-07-24,13,2095.0,190.0,2285.0
2026-07-24 13:45:00,433,43,476,2026-07-24,13,1929.0,181.0,2110.0
2026-07-24 14:00:00,344,33,377,2026-07-24,14,1753.0,174.0,1927.0
2026-07-24 14:15:00,287,41,328,2026-07-24,14,1563.0,170.0,1733.0
2026-07-24 14:30:00,255,32,287,2026-07-24,14,1319.0,149.0,1468.0
2026-07-24 14:45:00,325,25,350,2026-07-24,14,1211.0,131.0,1342.0
2026-07-24 15:00:00,397,21,418,2026-07-24,15,1264.0,119.0,1383.0
2026-07-24 15:15:00,495,21,516,2026-07-24,15,1472.0,99.0,1571.0
2026-07-24 15:30:00,485,28,513,2026-07-24,15,1702.0,95.0,1797.0
2026-07-24 15:45:00,519,24,543,2026-07-24,15,1896.0,94.0,1990.0
2026-07-24 16:00:00,534,20,554,2026-07-24,16,2033.0,93.0,2126.0
2026-07-24 16:15:00,569,24,593,2026-07-24,16,2107.0,96.0,2203.0
2026-07-24 16:30:00,548,19,567,2026-07-24,16,2170.0,87.0,2257.0
2026-07-24 16:45:00,513,19,532,2026-07-24,16,2164.0,82.0,2246.0
2026-07-24 17:00:00,485,21,506,2026-07-24,17,2115.0,83.0,2198.0
2026-07-24 17:15:00,419,10,429,2026-07-24,17,1965.0,69.0,2034.0
2026-07-24 17:30:00,411,13,424,2026-07-24,17,1828.0,63.0,1891.0
2026-07-24 17:45:00,398,18,416,2026-07-24,17,1713.0,62.0,1775.0
2026-07-24 18:00:00,329,18,347,2026-07-24,18,1557.0,59.0,1616.0
2026-07-24 18:15:00,328,22,350,2026-07-24,18,1466.0,71.0,1537.0
2026-07-24 18:30:00,311,14,325,2026-07-24,18,1366.0,72.0,1438.0
2026-07-24 18:45:00,245,13,258,2026-07-24,18,1213.0,67.0,1280.0
2026-07-24 19:00:00,207,13,220,2026-07-24,19,1091.0,62.0,1153.0
2026-07-24 19:15:00,191,12,203,2026-07-24,19,954.0,52.0,1006.0
2026-07-24 19:30:00,170,11,181,2026-07-24,19,813.0,49.0,862.0
2026-07-24 19:45:00,152,14,166,2026-07-24,19,720.0,50.0,770.0
2026-07-24 20:00:00,122,10,132,2026-07-24,20,635.0,47.0,682.0
2026-07-24 20:15:00,100,18,118,2026-07-24,20,544.0,53.0,597.0
2026-07-24 20:30:00,89,11,100,2026-07-24,20,463.0,53.0,516.0
2026-07-24 20:45:00,84,9,93,2026-07-24,20,395.0,48.0,443.0
2026-07-24 21:00:00,35,16,51,2026-07-24,21,308.0,54.0,362.0
2026-07-24 21:15:00,22,21,43,2026-07-24,21,230.0,57.0,287.0
2026-07-24 21:30:00,15,12,27,2026-07-24,21,156.0,58.0,214.0
2026-07-24 21:45:00,19,11,30,2026-07-24,21,91.0,60.0,151.0
2026-07-24 22:00:00,14,7,21,2026-07-24,22,70.0,51.0,121.0
2026-07-24 22:15:00,14,9,23,2026-07-24,22,62.0,39.0,101.0
2026-07-24 22:30:00,12,4,16,2026-07-24,22,59.0,31.0,90.0
2026-07-24 22:45:00,9,6,15,2026-07-24,22,49.0,26.0,75.0
2026-07-24 23:00:00,5,5,10,2026-07-24,23,40.0,24.0,64.0
2026-07-24 23:15:00,2,4,6,2026-07-24,23,28.0,19.0,47.0
2026-07-24 23:30:00,3,4,7,2026-07-24,23,19.0,19.0,38.0
2026-07-24 23:45:00,2,4,6,2026-07-24,23,12.0,17.0,29.0
2026-07-25 03:00:00,51,40,91,2026-07-25,3,51.0,40.0,91.0
2026-07-25 03:15:00,132,62,194,2026-07-25,3,183.0,102.0,285.0
2026-07-25 03:30:00,288,44,332,2026-07-25,3,471.0,146.0,617.0
2026-07-25 03:45:00,463,61,524,2026-07-25,3,934.0,207.0,1141.0
2026-07-25 04:00:00,652,39,691,2026-07-25,4,1535.0,206.0,1741.0
2026-07-25 04:15:00,687,29,716,2026-07-25,4,2090.0,173.0,2263.0
2026-07-25 04:30:00,719,47,766,2026-07-25,4,2521.0,176.0,2697.0
2026-07-25 04:45:00,675,72,747,2026-07-25,4,2733.0,187.0,2920.0
2026-07-25 05:00:00,662,55,717,2026-07-25,5,2743.0,203.0,2946.0
2026-07-25 05:15:00,595,40,635,2026-07-25,5,2651.0,214.0,2865.0
2026-07-25 05:30:00,524,40,564,2026-07-25,5,2456.0,207.0,2663.0
2026-07-25 05:45:00,479,57,536,2026-07-25,5,2260.0,192.0,2452.0
2026-07-25 06:00:00,401,41,442,2026-07-25,6,1999.0,178.0,2177.0
2026-07-25 06:15:00,487,37,524,2026-07-25,6,1891.0,175.0,2066.0
2026-07-25 06:30:00,485,36,521,2026-07-25,6,1852.0,171.0,2023.0
2026-07-25 06:45:00,541,34,575,2026-07-25,6,1914.0,148.0,2062.0
2026-07-25 07:00:00,610,25,635,2026-07-25,7,2123.0,132.0,2255.0
2026-07-25 07:15:00,603,51,654,2026-07-25,7,2239.0,146.0,2385.0
2026-07-25 07:30:00,579,26,605,2026-07-25,7,2333.0,136.0,2469.0
2026-07-25 07:45:00,481,29,510,2026-07-25,7,2273.0,131.0,2404.0
2026-07-25 08:00:00,378,26,404,2026-07-25,8,2041.0,132.0,2173.0
2026-07-25 08:15:00,415,21,436,2026-07-25,8,1853.0,102.0,1955.0
2026-07-25 08:30:00,456,22,478,2026-07-25,8,1730.0,98.0,1828.0
2026-07-25 08:45:00,567,20,587,2026-07-25,8,1816.0,89.0,1905.0
2026-07-25 09:00:00,565,23,588,2026-07-25,9,2003.0,86.0,2089.0
2026-07-25 09:15:00,613,32,645,2026-07-25,9,2201.0,97.0,2298.0
2026-07-25 09:30:00,576,47,623,2026-07-25,9,2321.0,122.0,2443.0
2026-07-25 09:45:00,517,40,557,2026-07-25,9,2271.0,142.0,2413.0
2026-07-25 10:00:00,575,35,610,2026-07-25,10,2281.0,154.0,2435.0
2026-07-25 10:15:00,571,47,618,2026-07-25,10,2239.0,169.0,2408.0
2026-07-25 10:30:00,518,52,570,2026-07-25,10,2181.0,174.0,2355.0
2026-07-25 10:45:00,589,54,643,2026-07-25,10,2253.0,188.0,2441.0
2026-07-25 11:00:00,583,46,629,2026-07-25,11,2261.0,199.0,2460.0
2026-07-25 11:15:00,633,49,682,2026-07-25,11,2323.0,201.0,2524.0
2026-07-25 11:30:00,581,60,641,2026-07-25,11,2386.0,209.0,2595.0
2026-07-25 11:45:00,554,65,619,2026-07-25,11,2351.0,220.0,2571.0
2026-07-25 12:00:00,555,50,605,2026-07-25,12,2323.0,224.0,2547.0
2026-07-25 12:15:00,500,46,546,2026-07-25,12,2190.0,221.0,2411.0
2026-07-25 12:30:00,459,47,506,2026-07-25,12,2068.0,208.0,2276.0
2026-07-25 12:45:00,472,43,515,2026-07-25,12,1986.0,186.0,2172.0
2026-07-25 13:00:00,431,36,467,2026-07-25,13,1862.0,172.0,2034.0
2026-07-25 13:15:00,376,40,416,2026-07-25,13,1738.0,166.0,1904.0
2026-07-25 13:30:00,347,47,394,2026-07-25,13,1626.0,166.0,1792.0
2026-07-25 13:45:00,390,37,427,2026-07-25,13,1544.0,160.0,1704.0
2026-07-25 14:00:00,367,24,391,2026-07-25,14,1480.0,148.0,1628.0
2026-07-25 14:15:00,323,24,347,2026-07-25,14,1427.0,132.0,1559.0
2026-07-25 14:30:00,325,27,352,2026-07-25,14,1405.0,112.0,1517.0
2026-07-25 14:45:00,330,17,347,2026-07-25,14,1345.0,92.0,1437.0
2026-07-25 15:00:00,353,20,373,2026-07-25,15,1331.0,88.0,1419.0
2026-07-25 15:15:00,349,26,375,2026-07-25,15,1357.0,90.0,1447.0
2026-07-25 15:30:00,411,29,440,2026-07-25,15,1443.0,92.0,1535.0
2026-07-25 15:45:00,406,24,430,2026-07-25,15,1519.0,99.0,1618.0
2026-07-25 16:00:00,389,15,404,2026-07-25,16,1555.0,94.0,1649.0
2026-07-25 16:15:00,332,26,358,2026-07-25,16,1538.0,94.0,1632.0
2026-07-25 16:30:00,277,23,300,2026-07-25,16,1404.0,88.0,1492.0
2026-07-25 16:45:00,263,14,277,2026-07-25,16,1261.0,78.0,1339.0
2026-07-25 17:00:00,259,12,271,2026-07-25,17,1131.0,75.0,1206.0
2026-07-25 17:15:00,284,13,297,2026-07-25,17,1083.0,62.0,1145.0
2026-07-25 17:30:00,317,18,335,2026-07-25,17,1123.0,57.0,1180.0
2026-07-25 17:45:00,325,16,341,2026-07-25,17,1185.0,59.0,1244.0
2026-07-25 18:00:00,279,18,297,2026-07-25,18,1205.0,65.0,1270.0
2026-07-25 18:15:00,186,14,200,2026-07-25,18,1107.0,66.0,1173.0
2026-07-25 18:30:00,144,11,155,2026-07-25,18,934.0,59.0,993.0
2026-07-25 18:45:00,107,15,122,2026-07-25,18,716.0,58.0,774.0
2026-07-25 19:00:00,84,14,98,2026-07-25,19,521.0,54.0,575.0
2026-07-25 19:15:00,84,11,95,2026-07-25,19,419.0,51.0,470.0
2026-07-25 19:30:00,79,12,91,2026-07-25,19,354.0,52.0,406.0
2026-07-25 19:45:00,90,11,101,2026-07-25,19,337.0,48.0,385.0
2026-07-25 20:00:00,65,14,79,2026-07-25,20,318.0,48.0,366.0
2026-07-25 20:15:00,51,15,66,2026-07-25,20,285.0,52.0,337.0
2026-07-25 20:30:00,30,10,40,2026-07-25,20,236.0,50.0,286.0
2026-07-25 20:45:00,15,9,24,2026-07-25,20,161.0,48.0,209.0
2026-07-25 21:00:00,7,14,21,2026-07-25,21,103.0,48.0,151.0
2026-07-25 21:15:00,5,12,17,2026-07-25,21,57.0,45.0,102.0
2026-07-25 21:30:00,0,11,11,2026-07-25,21,27.0,46.0,73.0
2026-07-25 21:45:00,0,7,7,2026-07-25,21,12.0,44.0,56.0
2026-07-25 22:00:00,0,7,7,2026-07-25,22,5.0,37.0,42.0
2026-07-25 22:15:00,0,7,7,2026-07-25,22,0.0,32.0,32.0
2026-07-25 22:30:00,0,2,2,2026-07-25,22,0.0,23.0,23.0
2026-07-25 22:45:00,0,2,2,2026-07-25,22,0.0,18.0,18.0
2026-07-25 23:00:00,0,6,6,2026-07-25,23,0.0,17.0,17.0
2026-07-25 23:15:00,0,8,8,2026-07-25,23,0.0,18.0,18.0
2026-07-25 23:30:00,0,5,5,2026-07-25,23,0.0,21.0,21.0
2026-07-25 23:45:00,0,5,5,2026-07-25,23,0.0,24.0,24.0
2026-07-26 03:00:00,104,42,146,2026-07-26,3,104.0,42.0,146.0
2026-07-26 03:15:00,229,55,284,2026-07-26,3,333.0,97.0,430.0
2026-07-26 03:30:00,365,38,403,2026-07-26,3,698.0,135.0,833.0
2026-07-26 03:45:00,525,63,588,2026-07-26,3,1223.0,198.0,1421.0
2026-07-26 04:00:00,601,34,635,2026-07-26,4,1720.0,190.0,1910.0
2026-07-26 04:15:00,616,38,654,2026-07-26,4,2107.0,173.0,2280.0
2026-07-26 04:30:00,611,51,662,2026-07-26,4,2353.0,186.0,2539.0
2026-07-26 04:45:00,636,75,711,2026-07-26,4,2464.0,198.0,2662.0
2026-07-26 05:00:00,542,39,581,2026-07-26,5,2405.0,203.0,2608.0
2026-07-26 05:15:00,564,38,602,2026-07-26,5,2353.0,203.0,2556.0
2026-07-26 05:30:00,519,51,570,2026-07-26,5,2261.0,203.0,2464.0
2026-07-26 05:45:00,428,64,492,2026-07-26,5,2053.0,192.0,2245.0
2026-07-26 06:00:00,377,50,427,2026-07-26,6,1888.0,203.0,2091.0
2026-07-26 06:15:00,425,38,463,2026-07-26,6,1749.0,203.0,1952.0
2026-07-26 06:30:00,395,30,425,2026-07-26,6,1625.0,182.0,1807.0
2026-07-26 06:45:00,376,35,411,2026-07-26,6,1573.0,153.0,1726.0
2026-07-26 07:00:00,346,33,379,2026-07-26,7,1542.0,136.0,1678.0
2026-07-26 07:15:00,328,37,365,2026-07-26,7,1445.0,135.0,1580.0
2026-07-26 07:30:00,327,30,357,2026-07-26,7,1377.0,135.0,1512.0
2026-07-26 07:45:00,335,25,360,2026-07-26,7,1336.0,125.0,1461.0
2026-07-26 08:00:00,354,25,379,2026-07-26,8,1344.0,117.0,1461.0
2026-07-26 08:15:00,420,23,443,2026-07-26,8,1436.0,103.0,1539.0
2026-07-26 08:30:00,470,28,498,2026-07-26,8,1579.0,101.0,1680.0
2026-07-26 08:45:00,499,29,528,2026-07-26,8,1743.0,105.0,1848.0
2026-07-26 09:00:00,588,29,617,2026-07-26,9,1977.0,109.0,2086.0
2026-07-26 09:15:00,588,25,613,2026-07-26,9,2145.0,111.0,2256.0
2026-07-26 09:30:00,583,39,622,2026-07-26,9,2258.0,122.0,2380.0
2026-07-26 09:45:00,531,55,586,2026-07-26,9,2290.0,148.0,2438.0
2026-07-26 10:00:00,530,53,583,2026-07-26,10,2232.0,172.0,2404.0
2026-07-26 10:15:00,637,42,679,2026-07-26,10,2281.0,189.0,2470.0
2026-07-26 10:30:00,594,43,637,2026-07-26,10,2292.0,193.0,2485.0
2026-07-26 10:45:00,629,59,688,2026-07-26,10,2390.0,197.0,2587.0
2026-07-26 11:00:00,569,42,611,2026-07-26,11,2429.0,186.0,2615.0
2026-07-26 11:15:00,597,48,645,2026-07-26,11,2389.0,192.0,2581.0
2026-07-26 11:30:00,607,60,667,2026-07-26,11,2402.0,209.0,2611.0
2026-07-26 11:45:00,526,59,585,2026-07-26,11,2299.0,209.0,2508.0
2026-07-26 12:00:00,539,56,595,2026-07-26,12,2269.0,223.0,2492.0
2026-07-26 12:15:00,490,57,547,2026-07-26,12,2162.0,232.0,2394.0
2026-07-26 12:30:00,440,57,497,2026-07-26,12,1995.0,229.0,2224.0
2026-07-26 12:45:00,404,55,459,2026-07-26,12,1873.0,225.0,2098.0
2026-07-26 13:00:00,424,40,464,2026-07-26,13,1758.0,209.0,1967.0
2026-07-26 13:15:00,439,32,471,2026-07-26,13,1707.0,184.0,1891.0
2026-07-26 13:30:00,508,46,554,2026-07-26,13,1775.0,173.0,1948.0
2026-07-26 13:45:00,502,32,534,2026-07-26,13,1873.0,150.0,2023.0
2026-07-26 14:00:00,463,26,489,2026-07-26,14,1912.0,136.0,2048.0
2026-07-26 14:15:00,465,32,497,2026-07-26,14,1938.0,136.0,2074.0
2026-07-26 14:30:00,469,31,500,2026-07-26,14,1899.0,121.0,2020.0
2026-07-26 14:45:00,467,26,493,2026-07-26,14,1864.0,115.0,1979.0
2026-07-26 15:00:00,453,25,478,2026-07-26,15,1854.0,114.0,1968.0
2026-07-26 15:15:00,449,21,470,2026-07-26,15,1838.0,103.0,1941.0
2026-07-26 15:30:00,459,26,485,2026-07-26,15,1828.0,98.0,1926.0
2026-07-26 15:45:00,452,27,479,2026-07-26,15,1813.0,99.0,1912.0
2026-07-26 16:00:00,430,27,457,2026-07-26,16,1790.0,101.0,1891.0
2026-07-26 16:15:00,370,21,391,2026-07-26,16,1711.0,101.0,1812.0
2026-07-26 16:30:00,295,15,310,2026-07-26,16,1547.0,90.0,1637.0
2026-07-26 16:45:00,292,17,309,2026-07-26,16,1387.0,80.0,1467.0
2026-07-26 17:00:00,318,13,331,2026-07-26,17,1275.0,66.0,1341.0
2026-07-26 17:15:00,290,14,304,2026-07-26,17,1195.0,59.0,1254.0
2026-07-26 17:30:00,354,17,371,2026-07-26,17,1254.0,61.0,1315.0
2026-07-26 17:45:00,332,14,346,2026-07-26,17,1294.0,58.0,1352.0
2026-07-26 18:00:00,371,18,389,2026-07-26,18,1347.0,63.0,1410.0
2026-07-26 18:15:00,389,17,406,2026-07-26,18,1446.0,66.0,1512.0
2026-07-26 18:30:00,352,14,366,2026-07-26,18,1444.0,63.0,1507.0
2026-07-26 18:45:00,364,15,379,2026-07-26,18,1476.0,64.0,1540.0
2026-07-26 19:00:00,270,13,283,2026-07-26,19,1375.0,59.0,1434.0
2026-07-26 19:15:00,256,14,270,2026-07-26,19,1242.0,56.0,1298.0
2026-07-26 19:30:00,204,15,219,2026-07-26,19,1094.0,57.0,1151.0
2026-07-26 19:45:00,166,11,177,2026-07-26,19,896.0,53.0,949.0
2026-07-26 20:00:00,136,11,147,2026-07-26,20,762.0,51.0,813.0
2026-07-26 20:15:00,98,24,122,2026-07-26,20,604.0,61.0,665.0
2026-07-26 20:30:00,80,11,91,2026-07-26,20,480.0,57.0,537.0
2026-07-26 20:45:00,46,9,55,2026-07-26,20,360.0,55.0,415.0
2026-07-26 21:00:00,32,15,47,2026-07-26,21,256.0,59.0,315.0
2026-07-26 21:15:00,26,12,38,2026-07-26,21,184.0,47.0,231.0
2026-07-26 21:30:00,18,9,27,2026-07-26,21,122.0,45.0,167.0
2026-07-26 21:45:00,18,9,27,2026-07-26,21,94.0,45.0,139.0
2026-07-26 22:00:00,25,3,28,2026-07-26,22,87.0,33.0,120.0
2026-07-26 22:15:00,16,6,22,2026-07-26,22,77.0,27.0,104.0
2026-07-26 22:30:00,9,4,13,2026-07-26,22,68.0,22.0,90.0
2026-07-26 22:45:00,9,4,13,2026-07-26,22,59.0,17.0,76.0
2026-07-26 23:00:00,2,4,6,2026-07-26,23,36.0,18.0,54.0
2026-07-26 23:15:00,0,3,3,2026-07-26,23,20.0,15.0,35.0
2026-07-26 23:30:00,0,4,4,2026-07-26,23,11.0,15.0,26.0
2026-07-26 23:45:00,0,1,1,2026-07-26,23,2.0,12.0,14.0
2026-07-27 03:00:00,48,48,96,2026-07-27,3,48.0,48.0,96.0
2026-07-27 03:15:00,137,47,184,2026-07-27,3,185.0,95.0,280.0
2026-07-27 03:30:00,242,38,280,2026-07-27,3,427.0,133.0,560.0
2026-07-27 03:45:00,463,51,514,2026-07-27,3,890.0,184.0,1074.0
2026-07-27 04:00:00,551,34,585,2026-07-27,4,1393.0,170.0,1563.0
2026-07-27 04:15:00,648,36,684,2026-07-27,4,1904.0,159.0,2063.0
2026-07-27 04:30:00,676,52,728,2026-07-27,4,2338.0,173.0,2511.0
2026-07-27 04:45:00,565,74,639,2026-07-27,4,2440.0,196.0,2636.0
2026-07-27 05:00:00,573,51,624,2026-07-27,5,2462.0,213.0,2675.0
2026-07-27 05:15:00,572,43,615,2026-07-27,5,2386.0,220.0,2606.0
2026-07-27 05:30:00,516,41,557,2026-07-27,5,2226.0,209.0,2435.0
2026-07-27 05:45:00,500,52,552,2026-07-27,5,2161.0,187.0,2348.0
2026-07-27 06:00:00,479,43,522,2026-07-27,6,2067.0,179.0,2246.0
2026-07-27 06:15:00,437,45,482,2026-07-27,6,1932.0,181.0,2113.0
2026-07-27 06:30:00,451,42,493,2026-07-27,6,1867.0,182.0,2049.0
2026-07-27 06:45:00,473,45,518,2026-07-27,6,1840.0,175.0,2015.0
2026-07-27 07:00:00,455,30,485,2026-07-27,7,1816.0,162.0,1978.0
2026-07-27 07:15:00,546,33,579,2026-07-27,7,1925.0,150.0,2075.0
2026-07-27 07:30:00,544,28,572,2026-07-27,7,2018.0,136.0,2154.0
2026-07-27 07:45:00,546,40,586,2026-07-27,7,2091.0,131.0,2222.0
2026-07-27 08:00:00,509,39,548,2026-07-27,8,2145.0,140.0,2285.0
2026-07-27 08:15:00,466,22,488,2026-07-27,8,2065.0,129.0,2194.0
2026-07-27 08:30:00,506,33,539,2026-07-27,8,2027.0,134.0,2161.0
2026-07-27 08:45:00,508,23,531,2026-07-27,8,1989.0,117.0,2106.0
2026-07-27 09:00:00,478,31,509,2026-07-27,9,1958.0,109.0,2067.0
2026-07-27 09:15:00,487,36,523,2026-07-27,9,1979.0,123.0,2102.0
2026-07-27 09:30:00,550,55,605,2026-07-27,9,2023.0,145.0,2168.0
2026-07-27 09:45:00,512,52,564,2026-07-27,9,2027.0,174.0,2201.0
2026-07-27 10:00:00,508,57,565,2026-07-27,10,2057.0,200.0,2257.0
2026-07-27 10:15:00,518,48,566,2026-07-27,10,2088.0,212.0,2300.0
2026-07-27 10:30:00,543,35,578,2026-07-27,10,2081.0,192.0,2273.0
2026-07-27 10:45:00,540,44,584,2026-07-27,10,2109.0,184.0,2293.0
2026-07-27 11:00:00,567,37,604,2026-07-27,11,2168.0,164.0,2332.0
2026-07-27 11:15:00,598,46,644,2026-07-27,11,2248.0,162.0,2410.0
2026-07-27 11:30:00,612,61,673,2026-07-27,11,2317.0,188.0,2505.0
2026-07-27 11:45:00,636,59,695,2026-07-27,11,2413.0,203.0,2616.0
2026-07-27 12:00:00,616,60,676,2026-07-27,12,2462.0,226.0,2688.0
2026-07-27 12:15:00,646,57,703,2026-07-27,12,2510.0,237.0,2747.0
2026-07-27 12:30:00,630,64,694,2026-07-27,12,2528.0,240.0,2768.0
2026-07-27 12:45:00,569,58,627,2026-07-27,12,2461.0,239.0,2700.0
2026-07-27 13:00:00,531,46,577,2026-07-27,13,2376.0,225.0,2601.0
2026-07-27 13:15:00,507,46,553,2026-07-27,13,2237.0,214.0,2451.0
2026-07-27 13:30:00,469,43,512,2026-07-27,13,2076.0,193.0,2269.0
2026-07-27 13:45:00,440,32,472,2026-07-27,13,1947.0,167.0,2114.0
2026-07-27 14:00:00,403,26,429,2026-07-27,14,1819.0,147.0,1966.0
2026-07-27 14:15:00,360,37,397,2026-07-27,14,1672.0,138.0,1810.0
2026-07-27 14:30:00,404,35,439,2026-07-27,14,1607.0,130.0,1737.0
2026-07-27 14:45:00,448,28,476,2026-07-27,14,1615.0,126.0,1741.0
2026-07-27 15:00:00,486,24,510,2026-07-27,15,1698.0,124.0,1822.0
2026-07-27 15:15:00,463,35,498,2026-07-27,15,1801.0,122.0,1923.0
2026-07-27 15:30:00,447,32,479,2026-07-27,15,1844.0,119.0,1963.0
2026-07-27 15:45:00,405,20,425,2026-07-27,15,1801.0,111.0,1912.0
2026-07-27 16:00:00,330,23,353,2026-07-27,16,1645.0,110.0,1755.0
2026-07-27 16:15:00,296,19,315,2026-07-27,16,1478.0,94.0,1572.0
2026-07-27 16:30:00,278,16,294,2026-07-27,16,1309.0,78.0,1387.0
2026-07-27 16:45:00,256,20,276,2026-07-27,16,1160.0,78.0,1238.0
2026-07-27 17:00:00,333,19,352,2026-07-27,17,1163.0,74.0,1237.0
2026-07-27 17:15:00,373,23,396,2026-07-27,17,1240.0,78.0,1318.0
2026-07-27 17:30:00,343,20,363,2026-07-27,17,1305.0,82.0,1387.0
2026-07-27 17:45:00,329,18,347,2026-07-27,17,1378.0,80.0,1458.0
2026-07-27 18:00:00,326,20,346,2026-07-27,18,1371.0,81.0,1452.0
2026-07-27 18:15:00,298,14,312,2026-07-27,18,1296.0,72.0,1368.0
2026-07-27 18:30:00,264,19,283,2026-07-27,18,1217.0,71.0,1288.0
2026-07-27 18:45:00,240,15,255,2026-07-27,18,1128.0,68.0,1196.0
2026-07-27 19:00:00,202,10,212,2026-07-27,19,1004.0,58.0,1062.0
2026-07-27 19:15:00,185,15,200,2026-07-27,19,891.0,59.0,950.0
2026-07-27 19:30:00,155,13,168,2026-07-27,19,782.0,53.0,835.0
2026-07-27 19:45:00,129,12,141,2026-07-27,19,671.0,50.0,721.0
2026-07-27 20:00:00,124,12,136,2026-07-27,20,593.0,52.0,645.0
2026-07-27 20:15:00,102,17,119,2026-07-27,20,510.0,54.0,564.0
2026-07-27 20:30:00,66,13,79,2026-07-27,20,421.0,54.0,475.0
2026-07-27 20:45:00,37,12,49,2026-07-27,20,329.0,54.0,383.0
2026-07-27 21:00:00,15,11,26,2026-07-27,21,220.0,53.0,273.0
2026-07-27 21:15:00,3,15,18,2026-07-27,21,121.0,51.0,172.0
2026-07-27 21:30:00,2,9,11,2026-07-27,21,57.0,47.0,104.0
2026-07-27 21:45:00,0,6,6,2026-07-27,21,20.0,41.0,61.0
2026-07-27 22:00:00,0,6,6,2026-07-27,22,5.0,36.0,41.0
2026-07-27 22:15:00,0,7,7,2026-07-27,22,2.0,28.0,30.0
2026-07-27 22:30:00,0,4,4,2026-07-27,22,0.0,23.0,23.0
2026-07-27 22:45:00,0,4,4,2026-07-27,22,0.0,21.0,21.0
2026-07-27 23:00:00,0,4,4,2026-07-27,23,0.0,19.0,19.0
2026-07-27 23:15:00,0,2,2,2026-07-27,23,0.0,14.0,14.0
2026-07-27 23:30:00,1,3,4,2026-07-27,23,1.0,13.0,14.0
2026-07-27 23:45:00,2,2,4,2026-07-27,23,3.0,11.0,14.0
2026-07-28 03:00:00,38,34,72,2026-07-28,3,38.0,34.0,72.0
2026-07-28 03:15:00,96,45,141,2026-07-28,3,134.0,79.0,213.0
2026-07-28 03:30:00,289,44,333,2026-07-28,3,423.0,123.0,546.0
2026-07-28 03:45:00,469,55,524,2026-07-28,3,892.0,178.0,1070.0
2026-07-28 04:00:00,479,35,514,2026-07-28,4,1333.0,179.0,1512.0
2026-07-28 04:15:00,558,37,595,2026-07-28,4,1795.0,171.0,1966.0
2026-07-28 04:30:00,519,71,590,2026-07-28,4,2025.0,198.0,2223.0
2026-07-28 04:45:00,538,76,614,2026-07-28,4,2094.0,219.0,2313.0
2026-07-28 05:00:00,594,51,645,2026-07-28,5,2209.0,235.0,2444.0
2026-07-28 05:15:00,602,35,637,2026-07-28,5,2253.0,233.0,2486.0
2026-07-28 05:30:00,555,43,598,2026-07-28,5,2289.0,205.0,2494.0
2026-07-28 05:45:00,524,62,586,2026-07-28,5,2275.0,191.0,2466.0
2026-07-28 06:00:00,505,45,550,2026-07-28,6,2186.0,185.0,2371.0
2026-07-28 06:15:00,484,37,521,2026-07-28,6,2068.0,187.0,2255.0
2026-07-28 06:30:00,360,34,394,2026-07-28,6,1873.0,178.0,2051.0
2026-07-28 06:45:00,402,46,448,2026-07-28,6,1751.0,162.0,1913.0
2026-07-28 07:00:00,406,30,436,2026-07-28,7,1652.0,147.0,1799.0
2026-07-28 07:15:00,446,30,476,2026-07-28,7,1614.0,140.0,1754.0
2026-07-28 07:30:00,486,29,515,2026-07-28,7,1740.0,135.0,1875.0
2026-07-28 07:45:00,497,41,538,2026-07-28,7,1835.0,130.0,1965.0
2026-07-28 08:00:00,464,32,496,2026-07-28,8,1893.0,132.0,2025.0
2026-07-28 08:15:00,424,27,451,2026-07-28,8,1871.0,129.0,2000.0
2026-07-28 08:30:00,457,31,488,2026-07-28,8,1842.0,131.0,1973.0
2026-07-28 08:45:00,529,34,563,2026-07-28,8,1874.0,124.0,1998.0
2026-07-28 09:00:00,564,29,593,2026-07-28,9,1974.0,121.0,2095.0
2026-07-28 09:15:00,535,37,572,2026-07-28,9,2085.0,131.0,2216.0
2026-07-28 09:30:00,541,49,590,2026-07-28,9,2169.0,149.0,2318.0
2026-07-28 09:45:00,469,71,540,2026-07-28,9,2109.0,186.0,2295.0
2026-07-28 10:00:00,462,59,521,2026-07-28,10,2007.0,216.0,2223.0
2026-07-28 10:15:00,435,48,483,2026-07-28,10,1907.0,227.0,2134.0
2026-07-28 10:30:00,453,52,505,2026-07-28,10,1819.0,230.0,2049.0
2026-07-28 10:45:00,508,41,549,2026-07-28,10,1858.0,200.0,2058.0
2026-07-28 11:00:00,483,41,524,2026-07-28,11,1879.0,182.0,2061.0
2026-07-28 11:15:00,526,44,570,2026-07-28,11,1970.0,178.0,2148.0
2026-07-28 11:30:00,482,49,531,2026-07-28,11,1999.0,175.0,2174.0
2026-07-28 11:45:00,487,59,546,2026-07-28,11,1978.0,193.0,2171.0
2026-07-28 12:00:00,478,54,532,2026-07-28,12,1973.0,206.0,2179.0
2026-07-28 12:15:00,458,60,518,2026-07-28,12,1905.0,222.0,2127.0
2026-07-28 12:30:00,473,62,535,2026-07-28,12,1896.0,235.0,2131.0
2026-07-28 12:45:00,539,57,596,2026-07-28,12,1948.0,233.0,2181.0
2026-07-28 13:00:00,468,42,510,2026-07-28,13,1938.0,221.0,2159.0
2026-07-28 13:15:00,456,33,489,2026-07-28,13,1936.0,194.0,2130.0
2026-07-28 13:30:00,447,41,488,2026-07-28,13,1910.0,173.0,2083.0
2026-07-28 13:45:00,422,35,457,2026-07-28,13,1793.0,151.0,1944.0
2026-07-28 14:00:00,351,27,378,2026-07-28,14,1676.0,136.0,1812.0
2026-07-28 14:15:00,323,36,359,2026-07-28,14,1543.0,139.0,1682.0
2026-07-28 14:30:00,319,33,352,2026-07-28,14,1415.0,131.0,1546.0
2026-07-28 14:45:00,333,29,362,2026-07-28,14,1326.0,125.0,1451.0
2026-07-28 15:00:00,370,24,394,2026-07-28,15,1345.0,122.0,1467.0
2026-07-28 15:15:00,408,20,428,2026-07-28,15,1430.0,106.0,1536.0
2026-07-28 15:30:00,452,18,470,2026-07-28,15,1563.0,91.0,1654.0
2026-07-28 15:45:00,431,18,449,2026-07-28,15,1661.0,80.0,1741.0
2026-07-28 16:00:00,375,18,393,2026-07-28,16,1666.0,74.0,1740.0
2026-07-28 16:15:00,358,24,382,2026-07-28,16,1616.0,78.0,1694.0
2026-07-28 16:30:00,313,20,333,2026-07-28,16,1477.0,80.0,1557.0
2026-07-28 16:45:00,245,18,263,2026-07-28,16,1291.0,80.0,1371.0
2026-07-28 17:00:00,250,15,265,2026-07-28,17,1166.0,77.0,1243.0
2026-07-28 17:15:00,254,19,273,2026-07-28,17,1062.0,72.0,1134.0
2026-07-28 17:30:00,236,20,256,2026-07-28,17,985.0,72.0,1057.0
2026-07-28 17:45:00,248,23,271,2026-07-28,17,988.0,77.0,1065.0
2026-07-28 18:00:00,281,20,301,2026-07-28,18,1019.0,82.0,1101.0
2026-07-28 18:15:00,256,14,270,2026-07-28,18,1021.0,77.0,1098.0
2026-07-28 18:30:00,202,14,216,2026-07-28,18,987.0,71.0,1058.0
2026-07-28 18:45:00,157,11,168,2026-07-28,18,896.0,59.0,955.0
2026-07-28 19:00:00,146,13,159,2026-07-28,19,761.0,52.0,813.0
2026-07-28 19:15:00,132,13,145,2026-07-28,19,637.0,51.0,688.0
2026-07-28 19:30:00,98,15,113,2026-07-28,19,533.0,52.0,585.0
2026-07-28 19:45:00,70,13,83,2026-07-28,19,446.0,54.0,500.0
2026-07-28 20:00:00,68,16,84,2026-07-28,20,368.0,57.0,425.0
2026-07-28 20:15:00,66,25,91,2026-07-28,20,302.0,69.0,371.0
2026-07-28 20:30:00,51,9,60,2026-07-28,20,255.0,63.0,318.0
2026-07-28 20:45:00,38,9,47,2026-07-28,20,223.0,59.0,282.0
2026-07-28 21:00:00,31,19,50,2026-07-28,21,186.0,62.0,248.0
2026-07-28 21:15:00,4,13,17,2026-07-28,21,124.0,50.0,174.0
2026-07-28 21:30:00,1,8,9,2026-07-28,21,74.0,49.0,123.0
2026-07-28 21:45:00,0,6,6,2026-07-28,21,36.0,46.0,82.0
2026-07-28 22:00:00,0,8,8,2026-07-28,22,5.0,35.0,40.0
2026-07-28 22:15:00,0,4,4,2026-07-28,22,1.0,26.0,27.0
2026-07-28 22:30:00,0,8,8,2026-07-28,22,0.0,26.0,26.0
2026-07-28 22:45:00,0,8,8,2026-07-28,22,0.0,28.0,28.0
2026-07-28 23:00:00,0,6,6,2026-07-28,23,0.0,26.0,26.0
2026-07-28 23:15:00,0,7,7,2026-07-28,23,0.0,29.0,29.0
2026-07-28 23:30:00,0,5,5,2026-07-28,23,0.0,26.0,26.0
2026-07-28 23:45:00,0,2,2,2026-07-28,23,0.0,20.0,20.0
2026-07-29 03:00:00,48,49,97,2026-07-29,3,48.0,49.0,97.0
2026-07-29 03:15:00,103,60,163,2026-07-29,3,151.0,109.0,260.0
2026-07-29 03:30:00,290,43,333,2026-07-29,3,441.0,152.0,593.0
2026-07-29 03:45:00,467,63,530,2026-07-29,3,908.0,215.0,1123.0
2026-07-29 04:00:00,645,36,681,2026-07-29,4,1505.0,202.0,1707.0
2026-07-29 04:15:00,695,33,728,2026-07-29,4,2097.0,175.0,2272.0
2026-07-29 04:30:00,681,59,740,2026-07-29,4,2488.0,191.0,2679.0
2026-07-29 04:45:00,572,81,653,2026-07-29,4,2593.0,209.0,2802.0
2026-07-29 05:00:00,596,63,659,2026-07-29,5,2544.0,236.0,2780.0
2026-07-29 05:15:00,520,45,565,2026-07-29,5,2369.0,248.0,2617.0
2026-07-29 05:30:00,435,57,492,2026-07-29,5,2123.0,246.0,2369.0
2026-07-29 05:45:00,440,61,501,2026-07-29,5,1991.0,226.0,2217.0
2026-07-29 06:00:00,378,49,427,2026-07-29,6,1773.0,212.0,1985.0
2026-07-29 06:15:00,394,45,439,2026-07-29,6,1647.0,212.0,1859.0
2026-07-29 06:30:00,458,48,506,2026-07-29,6,1670.0,203.0,1873.0
2026-07-29 06:45:00,481,44,525,2026-07-29,6,1711.0,186.0,1897.0
2026-07-29 07:00:00,473,48,521,2026-07-29,7,1806.0,185.0,1991.0
2026-07-29 07:15:00,418,57,475,2026-07-29,7,1830.0,197.0,2027.0
2026-07-29 07:30:00,444,51,495,2026-07-29,7,1816.0,200.0,2016.0
2026-07-29 07:45:00,482,59,541,2026-07-29,7,1817.0,215.0,2032.0
2026-07-29 08:00:00,503,59,562,2026-07-29,8,1847.0,226.0,2073.0
2026-07-29 08:15:00,539,41,580,2026-07-29,8,1968.0,210.0,2178.0
2026-07-29 08:30:00,535,33,568,2026-07-29,8,2059.0,192.0,2251.0
2026-07-29 08:45:00,523,47,570,2026-07-29,8,2100.0,180.0,2280.0
2026-07-29 09:00:00,534,37,571,2026-07-29,9,2131.0,158.0,2289.0
2026-07-29 09:15:00,551,37,588,2026-07-29,9,2143.0,154.0,2297.0
2026-07-29 09:30:00,533,67,600,2026-07-29,9,2141.0,188.0,2329.0
2026-07-29 09:45:00,520,60,580,2026-07-29,9,2138.0,201.0,2339.0
2026-07-29 10:00:00,515,62,577,2026-07-29,10,2119.0,226.0,2345.0
2026-07-29 10:15:00,514,52,566,2026-07-29,10,2082.0,241.0,2323.0
2026-07-29 10:30:00,590,44,634,2026-07-29,10,2139.0,218.0,2357.0
2026-07-29 10:45:00,529,62,591,2026-07-29,10,2148.0,220.0,2368.0
2026-07-29 11:00:00,459,58,517,2026-07-29,11,2092.0,216.0,2308.0
2026-07-29 11:15:00,503,57,560,2026-07-29,11,2081.0,221.0,2302.0
2026-07-29 11:30:00,530,56,586,2026-07-29,11,2021.0,233.0,2254.0
2026-07-29 11:45:00,467,67,534,2026-07-29,11,1959.0,238.0,2197.0
2026-07-29 12:00:00,443,62,505,2026-07-29,12,1943.0,242.0,2185.0
2026-07-29 12:15:00,465,54,519,2026-07-29,12,1905.0,239.0,2144.0
2026-07-29 12:30:00,459,75,534,2026-07-29,12,1834.0,258.0,2092.0
2026-07-29 12:45:00,486,57,543,2026-07-29,12,1853.0,248.0,2101.0
2026-07-29 13:00:00,520,41,561,2026-07-29,13,1930.0,227.0,2157.0
2026-07-29 13:15:00,519,37,556,2026-07-29,13,1984.0,210.0,2194.0
2026-07-29 13:30:00,499,45,544,2026-07-29,13,2024.0,180.0,2204.0
2026-07-29 13:45:00,437,39,476,2026-07-29,13,1975.0,162.0,2137.0
2026-07-29 14:00:00,397,33,430,2026-07-29,14,1852.0,154.0,2006.0
2026-07-29 14:15:00,344,28,372,2026-07-29,14,1677.0,145.0,1822.0
2026-07-29 14:30:00,374,38,412,2026-07-29,14,1552.0,138.0,1690.0
2026-07-29 14:45:00,416,25,441,2026-07-29,14,1531.0,124.0,1655.0
2026-07-29 15:00:00,342,26,368,2026-07-29,15,1476.0,117.0,1593.0
2026-07-29 15:15:00,366,24,390,2026-07-29,15,1498.0,113.0,1611.0
2026-07-29 15:30:00,389,23,412,2026-07-29,15,1513.0,98.0,1611.0
2026-07-29 15:45:00,369,21,390,2026-07-29,15,1466.0,94.0,1560.0
2026-07-29 16:00:00,300,29,329,2026-07-29,16,1424.0,97.0,1521.0
2026-07-29 16:15:00,272,28,300,2026-07-29,16,1330.0,101.0,1431.0
2026-07-29 16:30:00,236,21,257,2026-07-29,16,1177.0,99.0,1276.0
2026-07-29 16:45:00,303,18,321,2026-07-29,16,1111.0,96.0,1207.0
2026-07-29 17:00:00,333,12,345,2026-07-29,17,1144.0,79.0,1223.0
2026-07-29 17:15:00,347,12,359,2026-07-29,17,1219.0,63.0,1282.0
2026-07-29 17:30:00,312,16,328,2026-07-29,17,1295.0,58.0,1353.0
2026-07-29 17:45:00,289,16,305,2026-07-29,17,1281.0,56.0,1337.0
2026-07-29 18:00:00,294,22,316,2026-07-29,18,1242.0,66.0,1308.0
2026-07-29 18:15:00,258,17,275,2026-07-29,18,1153.0,71.0,1224.0
2026-07-29 18:30:00,199,19,218,2026-07-29,18,1040.0,74.0,1114.0
2026-07-29 18:45:00,211,22,233,2026-07-29,18,962.0,80.0,1042.0
2026-07-29 19:00:00,172,11,183,2026-07-29,19,840.0,69.0,909.0
2026-07-29 19:15:00,163,13,176,2026-07-29,19,745.0,65.0,810.0
2026-07-29 19:30:00,145,14,159,2026-07-29,19,691.0,60.0,751.0
2026-07-29 19:45:00,123,17,140,2026-07-29,19,603.0,55.0,658.0
2026-07-29 20:00:00,90,11,101,2026-07-29,20,521.0,55.0,576.0
2026-07-29 20:15:00,43,12,55,2026-07-29,20,401.0,54.0,455.0
2026-07-29 20:30:00,21,9,30,2026-07-29,20,277.0,49.0,326.0
2026-07-29 20:45:00,11,25,36,2026-07-29,20,165.0,57.0,222.0
2026-07-29 21:00:00,8,16,24,2026-07-29,21,83.0,62.0,145.0
2026-07-29 21:15:00,5,13,18,2026-07-29,21,45.0,63.0,108.0
2026-07-29 21:30:00,0,10,10,2026-07-29,21,24.0,64.0,88.0
2026-07-29 21:45:00,0,12,12,2026-07-29,21,13.0,51.0,64.0
2026-07-29 22:00:00,0,11,11,2026-07-29,22,5.0,46.0,51.0
2026-07-29 22:15:00,0,9,9,2026-07-29,22,0.0,42.0,42.0
2026-07-29 22:30:00,0,8,8,2026-07-29,22,0.0,40.0,40.0
2026-07-29 22:45:00,0,4,4,2026-07-29,22,0.0,32.0,32.0
2026-07-29 23:00:00,0,5,5,2026-07-29,23,0.0,26.0,26.0
2026-07-29 23:15:00,0,2,2,2026-07-29,23,0.0,19.0,19.0
2026-07-29 23:30:00,1,4,5,2026-07-29,23,1.0,15.0,16.0
2026-07-29 23:45:00,1,8,9,2026-07-29,23,2.0,19.0,21.0
2026-07-30 03:00:00,40,43,83,2026-07-30,3,40.0,43.0,83.0
2026-07-30 03:15:00,113,66,179,2026-07-30,3,153.0,109.0,262.0
2026-07-30 03:30:00,251,42,293,2026-07-30,3,404.0,151.0,555.0
2026-07-30 03:45:00,464,67,531,2026-07-30,3,868.0,218.0,1086.0
2026-07-30 04:00:00,593,35,628,2026-07-30,4,1421.0,210.0,1631.0
2026-07-30 04:15:00,548,36,584,2026-07-30,4,1856.0,180.0,2036.0
2026-07-30 04:30:00,536,55,591,2026-07-30,4,2141.0,193.0,2334.0
2026-07-30 04:45:00,569,69,638,2026-07-30,4,2246.0,195.0,2441.0
2026-07-30 05:00:00,523,55,578,2026-07-30,5,2176.0,215.0,2391.0
2026-07-30 05:15:00,576,40,616,2026-07-30,5,2204.0,219.0,2423.0
2026-07-30 05:30:00,540,49,589,2026-07-30,5,2208.0,213.0,2421.0
2026-07-30 05:45:00,493,67,560,2026-07-30,5,2132.0,211.0,2343.0
2026-07-30 06:00:00,504,49,553,2026-07-30,6,2113.0,205.0,2318.0
2026-07-30 06:15:00,502,51,553,2026-07-30,6,2039.0,216.0,2255.0
2026-07-30 06:30:00,506,36,542,2026-07-30,6,2005.0,203.0,2208.0
2026-07-30 06:45:00,487,42,529,2026-07-30,6,1999.0,178.0,2177.0
2026-07-30 07:00:00,470,46,516,2026-07-30,7,1965.0,175.0,2140.0
2026-07-30 07:15:00,438,51,489,2026-07-30,7,1901.0,175.0,2076.0
2026-07-30 07:30:00,472,46,518,2026-07-30,7,1867.0,185.0,2052.0
2026-07-30 07:45:00,441,41,482,2026-07-30,7,1821.0,184.0,2005.0
2026-07-30 08:00:00,357,31,388,2026-07-30,8,1708.0,169.0,1877.0
2026-07-30 08:15:00,320,28,348,2026-07-30,8,1590.0,146.0,1736.0
2026-07-30 08:30:00,448,28,476,2026-07-30,8,1566.0,128.0,1694.0
2026-07-30 08:45:00,505,26,531,2026-07-30,8,1630.0,113.0,1743.0
2026-07-30 09:00:00,555,32,587,2026-07-30,9,1828.0,114.0,1942.0
2026-07-30 09:15:00,610,43,653,2026-07-30,9,2118.0,129.0,2247.0
2026-07-30 09:30:00,612,59,671,2026-07-30,9,2282.0,160.0,2442.0
2026-07-30 09:45:00,548,68,616,2026-07-30,9,2325.0,202.0,2527.0
2026-07-30 10:00:00,628,55,683,2026-07-30,10,2398.0,225.0,2623.0
2026-07-30 10:15:00,578,65,643,2026-07-30,10,2366.0,247.0,2613.0
2026-07-30 10:30:00,447,64,511,2026-07-30,10,2201.0,252.0,2453.0
2026-07-30 10:45:00,479,55,534,2026-07-30,10,2132.0,239.0,2371.0
2026-07-30 11:00:00,465,49,514,2026-07-30,11,1969.0,233.0,2202.0
2026-07-30 11:15:00,465,49,514,2026-07-30,11,1856.0,217.0,2073.0
2026-07-30 11:30:00,442,68,510,2026-07-30,11,1851.0,221.0,2072.0
2026-07-30 11:45:00,458,71,529,2026-07-30,11,1830.0,237.0,2067.0
2026-07-30 12:00:00,483,52,535,2026-07-30,12,1848.0,240.0,2088.0
2026-07-30 12:15:00,500,61,561,2026-07-30,12,1883.0,252.0,2135.0
2026-07-30 12:30:00,536,68,604,2026-07-30,12,1977.0,252.0,2229.0
2026-07-30 12:45:00,547,62,609,2026-07-30,12,2066.0,243.0,2309.0
2026-07-30 13:00:00,512,42,554,2026-07-30,13,2095.0,233.0,2328.0
2026-07-30 13:15:00,475,48,523,2026-07-30,13,2070.0,220.0,2290.0
2026-07-30 13:30:00,438,33,471,2026-07-30,13,1972.0,185.0,2157.0
2026-07-30 13:45:00,425,34,459,2026-07-30,13,1850.0,157.0,2007.0
2026-07-30 14:00:00,408,38,446,2026-07-30,14,1746.0,153.0,1899.0
2026-07-30 14:15:00,402,32,434,2026-07-30,14,1673.0,137.0,1810.0
2026-07-30 14:30:00,406,30,436,2026-07-30,14,1641.0,134.0,1775.0
2026-07-30 14:45:00,457,35,492,2026-07-30,14,1673.0,135.0,1808.0
2026-07-30 15:00:00,401,32,433,2026-07-30,15,1666.0,129.0,1795.0
2026-07-30 15:15:00,389,28,417,2026-07-30,15,1653.0,125.0,1778.0
2026-07-30 15:30:00,306,36,342,2026-07-30,15,1553.0,131.0,1684.0
2026-07-30 15:45:00,307,24,331,2026-07-30,15,1403.0,120.0,1523.0
2026-07-30 16:00:00,278,21,299,2026-07-30,16,1280.0,109.0,1389.0
2026-07-30 16:15:00,258,26,284,2026-07-30,16,1149.0,107.0,1256.0
2026-07-30 16:30:00,308,15,323,2026-07-30,16,1151.0,86.0,1237.0
2026-07-30 16:45:00,345,14,359,2026-07-30,16,1189.0,76.0,1265.0
2026-07-30 17:00:00,358,19,377,2026-07-30,17,1269.0,74.0,1343.0
2026-07-30 17:15:00,367,17,384,2026-07-30,17,1378.0,65.0,1443.0
2026-07-30 17:30:00,400,19,419,2026-07-30,17,1470.0,69.0,1539.0
2026-07-30 17:45:00,375,19,394,2026-07-30,17,1500.0,74.0,1574.0
2026-07-30 18:00:00,379,22,401,2026-07-30,18,1521.0,77.0,1598.0
2026-07-30 18:15:00,336,21,357,2026-07-30,18,1490.0,81.0,1571.0
2026-07-30 18:30:00,242,15,257,2026-07-30,18,1332.0,77.0,1409.0
2026-07-30 18:45:00,185,22,207,2026-07-30,18,1142.0,80.0,1222.0
2026-07-30 19:00:00,164,12,176,2026-07-30,19,927.0,70.0,997.0
2026-07-30 19:15:00,179,14,193,2026-07-30,19,770.0,63.0,833.0
2026-07-30 19:30:00,192,15,207,2026-07-30,19,720.0,63.0,783.0
2026-07-30 19:45:00,197,16,213,2026-07-30,19,732.0,57.0,789.0
2026-07-30 20:00:00,175,22,197,2026-07-30,20,743.0,67.0,810.0
2026-07-30 20:15:00,129,25,154,2026-07-30,20,693.0,78.0,771.0
2026-07-30 20:30:00,79,13,92,2026-07-30,20,580.0,76.0,656.0
2026-07-30 20:45:00,62,13,75,2026-07-30,20,445.0,73.0,518.0
2026-07-30 21:00:00,42,19,61,2026-07-30,21,312.0,70.0,382.0
2026-07-30 21:15:00,27,21,48,2026-07-30,21,210.0,66.0,276.0
2026-07-30 21:30:00,6,14,20,2026-07-30,21,137.0,67.0,204.0
2026-07-30 21:45:00,2,9,11,2026-07-30,21,77.0,63.0,140.0
2026-07-30 22:00:00,0,6,6,2026-07-30,22,35.0,50.0,85.0
2026-07-30 22:15:00,0,7,7,2026-07-30,22,8.0,36.0,44.0
2026-07-30 22:30:00,0,8,8,2026-07-30,22,2.0,30.0,32.0
2026-07-30 22:45:00,0,7,7,2026-07-30,22,0.0,28.0,28.0
2026-07-30 23:00:00,0,5,5,2026-07-30,23,0.0,27.0,27.0
2026-07-30 23:15:00,0,5,5,2026-07-30,23,0.0,25.0,25.0
2026-07-30 23:30:00,1,2,3,2026-07-30,23,1.0,19.0,20.0
2026-07-30 23:45:00,2,2,4,2026-07-30,23,3.0,14.0,17.0
2026-07-31 03:00:00,18,45,63,2026-07-31,3,18.0,45.0,63.0
2026-07-31 03:15:00,68,67,135,2026-07-31,3,86.0,112.0,198.0
2026-07-31 03:30:00,236,40,276,2026-07-31,3,322.0,152.0,474.0
2026-07-31 03:45:00,537,66,603,2026-07-31,3,859.0,218.0,1077.0
2026-07-31 04:00:00,667,31,698,2026-07-31,4,1508.0,204.0,1712.0
2026-07-31 04:15:00,769,32,801,2026-07-31,4,2209.0,169.0,2378.0
2026-07-31 04:30:00,727,53,780,2026-07-31,4,2700.0,182.0,2882.0
2026-07-31 04:45:00,682,72,754,2026-07-31,4,2845.0,188.0,3033.0
2026-07-31 05:00:00,682,65,747,2026-07-31,5,2860.0,222.0,3082.0
2026-07-31 05:15:00,635,51,686,2026-07-31,5,2726.0,241.0,2967.0
2026-07-31 05:30:00,436,49,485,2026-07-31,5,2435.0,237.0,2672.0
2026-07-31 05:45:00,314,62,376,2026-07-31,5,2067.0,227.0,2294.0
2026-07-31 06:00:00,351,34,385,2026-07-31,6,1736.0,196.0,1932.0
2026-07-31 06:15:00,420,45,465,2026-07-31,6,1521.0,190.0,1711.0
2026-07-31 06:30:00,566,43,609,2026-07-31,6,1651.0,184.0,1835.0
2026-07-31 06:45:00,539,44,583,2026-07-31,6,1876.0,166.0,2042.0
2026-07-31 07:00:00,508,33,541,2026-07-31,7,2033.0,165.0,2198.0
2026-07-31 07:15:00,541,49,590,2026-07-31,7,2154.0,169.0,2323.0
2026-07-31 07:30:00,539,40,579,2026-07-31,7,2127.0,166.0,2293.0
2026-07-31 07:45:00,493,33,526,2026-07-31,7,2081.0,155.0,2236.0
2026-07-31 08:00:00,397,34,431,2026-07-31,8,1970.0,156.0,2126.0
2026-07-31 08:15:00,426,24,450,2026-07-31,8,1855.0,131.0,1986.0
2026-07-31 08:30:00,392,33,425,2026-07-31,8,1708.0,124.0,1832.0
2026-07-31 08:45:00,372,27,399,2026-07-31,8,1587.0,118.0,1705.0
2026-07-31 09:00:00,437,29,466,2026-07-31,9,1627.0,113.0,1740.0
2026-07-31 09:15:00,431,31,462,2026-07-31,9,1632.0,120.0,1752.0
2026-07-31 09:30:00,416,59,475,2026-07-31,9,1656.0,146.0,1802.0
2026-07-31 09:45:00,435,59,494,2026-07-31,9,1719.0,178.0,1897.0
2026-07-31 10:00:00,431,55,486,2026-07-31,10,1713.0,204.0,1917.0
2026-07-31 10:15:00,427,49,476,2026-07-31,10,1709.0,222.0,1931.0
2026-07-31 10:30:00,434,43,477,2026-07-31,10,1727.0,206.0,1933.0
2026-07-31 10:45:00,390,42,432,2026-07-31,10,1682.0,189.0,1871.0
2026-07-31 11:00:00,408,41,449,2026-07-31,11,1659.0,175.0,1834.0
2026-07-31 11:15:00,502,43,545,2026-07-31,11,1734.0,169.0,1903.0
2026-07-31 11:30:00,494,67,561,2026-07-31,11,1794.0,193.0,1987.0
2026-07-31 11:45:00,551,76,627,2026-07-31,11,1955.0,227.0,2182.0
2026-07-31 12:00:00,618,63,681,2026-07-31,12,2165.0,249.0,2414.0
2026-07-31 12:15:00,625,54,679,2026-07-31,12,2288.0,260.0,2548.0
2026-07-31 12:30:00,559,63,622,2026-07-31,12,2353.0,256.0,2609.0
2026-07-31 12:45:00,586,52,638,2026-07-31,12,2388.0,232.0,2620.0
2026-07-31 13:00:00,503,40,543,2026-07-31,13,2273.0,209.0,2482.0
2026-07-31 13:15:00,469,45,514,2026-07-31,13,2117.0,200.0,2317.0
2026-07-31 13:30:00,490,53,543,2026-07-31,13,2048.0,190.0,2238.0
2026-07-31 13:45:00,419,43,462,2026-07-31,13,1881.0,181.0,2062.0
2026-07-31 14:00:00,334,33,367,2026-07-31,14,1712.0,174.0,1886.0
2026-07-31 14:15:00,281,41,322,2026-07-31,14,1524.0,170.0,1694.0
2026-07-31 14:30:00,248,32,280,2026-07-31,14,1282.0,149.0,1431.0
2026-07-31 14:45:00,312,25,337,2026-07-31,14,1175.0,131.0,1306.0
2026-07-31 15:00:00,372,21,393,2026-07-31,15,1213.0,119.0,1332.0
2026-07-31 15:15:00,453,21,474,2026-07-31,15,1385.0,99.0,1484.0
2026-07-31 15:30:00,448,28,476,2026-07-31,15,1585.0,95.0,1680.0
2026-07-31 15:45:00,476,24,500,2026-07-31,15,1749.0,94.0,1843.0
2026-07-31 16:00:00,496,20,516,2026-07-31,16,1873.0,93.0,1966.0
2026-07-31 16:15:00,530,24,554,2026-07-31,16,1950.0,96.0,2046.0
2026-07-31 16:30:00,511,19,530,2026-07-31,16,2013.0,87.0,2100.0
2026-07-31 16:45:00,487,19,506,2026-07-31,16,2024.0,82.0,2106.0
2026-07-31 17:00:00,465,21,486,2026-07-31,17,1993.0,83.0,2076.0
2026-07-31 17:15:00,406,10,416,2026-07-31,17,1869.0,69.0,1938.0
2026-07-31 17:30:00,399,13,412,2026-07-31,17,1757.0,63.0,1820.0
2026-07-31 17:45:00,386,18,404,2026-07-31,17,1656.0,62.0,1718.0
2026-07-31 18:00:00,321,18,339,2026-07-31,18,1512.0,59.0,1571.0
2026-07-31 18:15:00,312,22,334,2026-07-31,18,1418.0,71.0,1489.0
2026-07-31 18:30:00,294,14,308,2026-07-31,18,1313.0,72.0,1385.0
2026-07-31 18:45:00,236,13,249,2026-07-31,18,1163.0,67.0,1230.0
2026-07-31 19:00:00,205,13,218,2026-07-31,19,1047.0,62.0,1109.0
2026-07-31 19:15:00,191,12,203,2026-07-31,19,926.0,52.0,978.0
2026-07-31 19:30:00,170,11,181,2026-07-31,19,802.0,49.0,851.0
2026-07-31 19:45:00,154,14,168,2026-07-31,19,720.0,50.0,770.0
2026-07-31 20:00:00,123,10,133,2026-07-31,20,638.0,47.0,685.0
2026-07-31 20:15:00,99,18,117,2026-07-31,20,546.0,53.0,599.0
2026-07-31 20:30:00,90,11,101,2026-07-31,20,466.0,53.0,519.0
2026-07-31 20:45:00,84,9,93,2026-07-31,20,396.0,48.0,444.0
2026-07-31 21:00:00,32,16,48,2026-07-31,21,305.0,54.0,359.0
2026-07-31 21:15:00,18,21,39,2026-07-31,21,224.0,57.0,281.0
2026-07-31 21:30:00,12,12,24,2026-07-31,21,146.0,58.0,204.0
2026-07-31 21:45:00,15,11,26,2026-07-31,21,77.0,60.0,137.0
2026-07-31 22:00:00,11,7,18,2026-07-31,22,56.0,51.0,107.0
2026-07-31 22:15:00,11,9,20,2026-07-31,22,49.0,39.0,88.0
2026-07-31 22:30:00,10,4,14,2026-07-31,22,47.0,31.0,78.0
2026-07-31 22:45:00,7,6,13,2026-07-31,22,39.0,26.0,65.0
2026-07-31 23:00:00,4,5,9,2026-07-31,23,32.0,24.0,56.0
2026-07-31 23:15:00,2,4,6,2026-07-31,23,23.0,19.0,42.0
2026-07-31 23:30:00,3,4,7,2026-07-31,23,16.0,19.0,35.0
2026-07-31 23:45:00,2,4,6,2026-07-31,23,11.0,17.0,28.0
2026-08-01 03:00:00,50,38,88,2026-08-01,3,50.0,38.0,88.0
2026-08-01 03:15:00,126,59,185,2026-08-01,3,176.0,97.0,273.0
2026-08-01 03:30:00,273,42,315,2026-08-01,3,449.0,139.0,588.0
2026-08-01 03:45:00,440,58,498,2026-08-01,3,889.0,197.0,1086.0
2026-08-01 04:00:00,625,37,662,2026-08-01,4,1464.0,196.0,1660.0
2026-08-01 04:15:00,658,28,686,2026-08-01,4,1996.0,165.0,2161.0
2026-08-01 04:30:00,694,45,739,2026-08-01,4,2417.0,168.0,2585.0
2026-08-01 04:45:00,653,69,722,2026-08-01,4,2630.0,179.0,2809.0
2026-08-01 05:00:00,640,53,693,2026-08-01,5,2645.0,195.0,2840.0
2026-08-01 05:15:00,586,38,624,2026-08-01,5,2573.0,205.0,2778.0
2026-08-01 05:30:00,504,38,542,2026-08-01,5,2383.0,198.0,2581.0
2026-08-01 05:45:00,477,55,532,2026-08-01,5,2207.0,184.0,2391.0
2026-08-01 06:00:00,403,39,442,2026-08-01,6,1970.0,170.0,2140.0
2026-08-01 06:15:00,484,35,519,2026-08-01,6,1868.0,167.0,2035.0
2026-08-01 06:30:00,505,35,540,2026-08-01,6,1869.0,164.0,2033.0
2026-08-01 06:45:00,555,32,587,2026-08-01,6,1947.0,141.0,2088.0
2026-08-01 07:00:00,615,24,639,2026-08-01,7,2159.0,126.0,2285.0
2026-08-01 07:15:00,599,49,648,2026-08-01,7,2274.0,140.0,2414.0
2026-08-01 07:30:00,576,25,601,2026-08-01,7,2345.0,130.0,2475.0
2026-08-01 07:45:00,478,28,506,2026-08-01,7,2268.0,126.0,2394.0
2026-08-01 08:00:00,389,25,414,2026-08-01,8,2042.0,127.0,2169.0
2026-08-01 08:15:00,418,20,438,2026-08-01,8,1861.0,98.0,1959.0
2026-08-01 08:30:00,471,21,492,2026-08-01,8,1756.0,94.0,1850.0
2026-08-01 08:45:00,556,19,575,2026-08-01,8,1834.0,85.0,1919.0
2026-08-01 09:00:00,567,22,589,2026-08-01,9,2012.0,82.0,2094.0
2026-08-01 09:15:00,593,31,624,2026-08-01,9,2187.0,93.0,2280.0
2026-08-01 09:30:00,548,45,593,2026-08-01,9,2264.0,117.0,2381.0
2026-08-01 09:45:00,502,38,540,2026-08-01,9,2210.0,136.0,2346.0
2026-08-01 10:00:00,566,33,599,2026-08-01,10,2209.0,147.0,2356.0
2026-08-01 10:15:00,556,45,601,2026-08-01,10,2172.0,161.0,2333.0
2026-08-01 10:30:00,508,49,557,2026-08-01,10,2132.0,165.0,2297.0
2026-08-01 10:45:00,573,52,625,2026-08-01,10,2203.0,179.0,2382.0
2026-08-01 11:00:00,560,44,604,2026-08-01,11,2197.0,190.0,2387.0
2026-08-01 11:15:00,605,47,652,2026-08-01,11,2246.0,192.0,2438.0
2026-08-01 11:30:00,545,57,602,2026-08-01,11,2283.0,200.0,2483.0
2026-08-01 11:45:00,517,62,579,2026-08-01,11,2227.0,210.0,2437.0
2026-08-01 12:00:00,531,48,579,2026-08-01,12,2198.0,214.0,2412.0
2026-08-01 12:15:00,479,44,523,2026-08-01,12,2072.0,211.0,2283.0
2026-08-01 12:30:00,437,45,482,2026-08-01,12,1964.0,199.0,2163.0
2026-08-01 12:45:00,463,41,504,2026-08-01,12,1910.0,178.0,2088.0
2026-08-01 13:00:00,411,35,446,2026-08-01,13,1790.0,165.0,1955.0
2026-08-01 13:15:00,362,38,400,2026-08-01,13,1673.0,159.0,1832.0
2026-08-01 13:30:00,341,45,386,2026-08-01,13,1577.0,159.0,1736.0
2026-08-01 13:45:00,380,35,415,2026-08-01,13,1494.0,153.0,1647.0
2026-08-01 14:00:00,362,23,385,2026-08-01,14,1445.0,141.0,1586.0
2026-08-01 14:15:00,313,23,336,2026-08-01,14,1396.0,126.0,1522.0
2026-08-01 14:30:00,308,26,334,2026-08-01,14,1363.0,107.0,1470.0
2026-08-01 14:45:00,311,16,327,2026-08-01,14,1294.0,88.0,1382.0
2026-08-01 15:00:00,330,19,349,2026-08-01,15,1262.0,84.0,1346.0
2026-08-01 15:15:00,326,25,351,2026-08-01,15,1275.0,86.0,1361.0
2026-08-01 15:30:00,389,27,416,2026-08-01,15,1356.0,87.0,1443.0
2026-08-01 15:45:00,382,23,405,2026-08-01,15,1427.0,94.0,1521.0
2026-08-01 16:00:00,376,14,390,2026-08-01,16,1473.0,89.0,1562.0
2026-08-01 16:15:00,327,25,352,2026-08-01,16,1474.0,89.0,1563.0
2026-08-01 16:30:00,274,22,296,2026-08-01,16,1359.0,84.0,1443.0
2026-08-01 16:45:00,266,13,279,2026-08-01,16,1243.0,74.0,1317.0
2026-08-01 17:00:00,264,12,276,2026-08-01,17,1131.0,72.0,1203.0
2026-08-01 17:15:00,284,13,297,2026-08-01,17,1088.0,60.0,1148.0
2026-08-01 17:30:00,313,17,330,2026-08-01,17,1127.0,55.0,1182.0
2026-08-01 17:45:00,318,15,333,2026-08-01,17,1179.0,57.0,1236.0
2026-08-01 18:00:00,271,17,288,2026-08-01,18,1186.0,62.0,1248.0
2026-08-01 18:15:00,179,14,193,2026-08-01,18,1081.0,63.0,1144.0
2026-08-01 18:30:00,136,11,147,2026-08-01,18,904.0,57.0,961.0
2026-08-01 18:45:00,100,14,114,2026-08-01,18,686.0,56.0,742.0
2026-08-01 19:00:00,76,13,89,2026-08-01,19,491.0,52.0,543.0
2026-08-01 19:15:00,71,10,81,2026-08-01,19,383.0,48.0,431.0
2026-08-01 19:30:00,69,12,81,2026-08-01,19,316.0,49.0,365.0
2026-08-01 19:45:00,75,11,86,2026-08-01,19,291.0,46.0,337.0
2026-08-01 20:00:00,49,13,62,2026-08-01,20,264.0,46.0,310.0
2026-08-01 20:15:00,35,14,49,2026-08-01,20,228.0,50.0,278.0
2026-08-01 20:30:00,19,10,29,2026-08-01,20,178.0,48.0,226.0
2026-08-01 20:45:00,8,8,16,2026-08-01,20,111.0,45.0,156.0
2026-08-01 21:00:00,4,13,17,2026-08-01,21,66.0,45.0,111.0
2026-08-01 21:15:00,3,11,14,2026-08-01,21,34.0,42.0,76.0
2026-08-01 21:30:00,0,10,10,2026-08-01,21,15.0,42.0,57.0
2026-08-01 21:45:00,0,7,7,2026-08-01,21,7.0,41.0,48.0
2026-08-01 22:00:00,0,7,7,2026-08-01,22,3.0,35.0,38.0
2026-08-01 22:15:00,0,7,7,2026-08-01,22,0.0,31.0,31.0
2026-08-01 22:30:00,0,2,2,2026-08-01,22,0.0,23.0,23.0
2026-08-01 22:45:00,0,2,2,2026-08-01,22,0.0,18.0,18.0
2026-08-01 23:00:00,0,6,6,2026-08-01,23,0.0,17.0,17.0
2026-08-01 23:15:00,0,8,8,2026-08-01,23,0.0,18.0,18.0
2026-08-01 23:30:00,0,5,5,2026-08-01,23,0.0,21.0,21.0
2026-08-01 23:45:00,0,4,4,2026-08-01,23,0.0,23.0,23.0
2026-08-02 03:00:00,104,41,145,2026-08-02,3,104.0,41.0,145.0
2026-08-02 03:15:00,226,53,279,2026-08-02,3,330.0,94.0,424.0
2026-08-02 03:30:00,362,37,399,2026-08-02,3,692.0,131.0,823.0
2026-08-02 03:45:00,520,61,581,2026-08-02,3,1212.0,192.0,1404.0
2026-08-02 04:00:00,590,33,623,2026-08-02,4,1698.0,184.0,1882.0
2026-08-02 04:15:00,603,37,640,2026-08-02,4,2075.0,168.0,2243.0
2026-08-02 04:30:00,585,49,634,2026-08-02,4,2298.0,180.0,2478.0
2026-08-02 04:45:00,594,73,667,2026-08-02,4,2372.0,192.0,2564.0
2026-08-02 05:00:00,506,37,543,2026-08-02,5,2288.0,196.0,2484.0
2026-08-02 05:15:00,523,37,560,2026-08-02,5,2208.0,196.0,2404.0
2026-08-02 05:30:00,463,49,512,2026-08-02,5,2086.0,196.0,2282.0
2026-08-02 05:45:00,397,62,459,2026-08-02,5,1889.0,185.0,2074.0
2026-08-02 06:00:00,381,49,430,2026-08-02,6,1764.0,197.0,1961.0
2026-08-02 06:15:00,435,37,472,2026-08-02,6,1676.0,197.0,1873.0
2026-08-02 06:30:00,409,29,438,2026-08-02,6,1622.0,177.0,1799.0
2026-08-02 06:45:00,387,34,421,2026-08-02,6,1612.0,149.0,1761.0
2026-08-02 07:00:00,370,32,402,2026-08-02,7,1601.0,132.0,1733.0
2026-08-02 07:15:00,388,36,424,2026-08-02,7,1554.0,131.0,1685.0
2026-08-02 07:30:00,387,30,417,2026-08-02,7,1532.0,132.0,1664.0
2026-08-02 07:45:00,374,24,398,2026-08-02,7,1519.0,122.0,1641.0
2026-08-02 08:00:00,373,24,397,2026-08-02,8,1522.0,114.0,1636.0
2026-08-02 08:15:00,441,23,464,2026-08-02,8,1575.0,101.0,1676.0
2026-08-02 08:30:00,471,27,498,2026-08-02,8,1659.0,98.0,1757.0
2026-08-02 08:45:00,490,28,518,2026-08-02,8,1775.0,102.0,1877.0
2026-08-02 09:00:00,583,28,611,2026-08-02,9,1985.0,106.0,2091.0
2026-08-02 09:15:00,579,25,604,2026-08-02,9,2123.0,108.0,2231.0
2026-08-02 09:30:00,576,37,613,2026-08-02,9,2228.0,118.0,2346.0
2026-08-02 09:45:00,527,53,580,2026-08-02,9,2265.0,143.0,2408.0
2026-08-02 10:00:00,530,51,581,2026-08-02,10,2212.0,166.0,2378.0
2026-08-02 10:15:00,638,41,679,2026-08-02,10,2271.0,182.0,2453.0
2026-08-02 10:30:00,595,42,637,2026-08-02,10,2290.0,187.0,2477.0
2026-08-02 10:45:00,630,58,688,2026-08-02,10,2393.0,192.0,2585.0
2026-08-02 11:00:00,587,41,628,2026-08-02,11,2450.0,182.0,2632.0
2026-08-02 11:15:00,612,46,658,2026-08-02,11,2424.0,187.0,2611.0
2026-08-02 11:30:00,631,58,689,2026-08-02,11,2460.0,203.0,2663.0
2026-08-02 11:45:00,562,58,620,2026-08-02,11,2392.0,203.0,2595.0
2026-08-02 12:00:00,578,54,632,2026-08-02,12,2383.0,216.0,2599.0
2026-08-02 12:15:00,506,56,562,2026-08-02,12,2277.0,226.0,2503.0
2026-08-02 12:30:00,450,55,505,2026-08-02,12,2096.0,223.0,2319.0
2026-08-02 12:45:00,403,53,456,2026-08-02,12,1937.0,218.0,2155.0
2026-08-02 13:00:00,410,39,449,2026-08-02,13,1769.0,203.0,1972.0
2026-08-02 13:15:00,413,31,444,2026-08-02,13,1676.0,178.0,1854.0
2026-08-02 13:30:00,472,45,517,2026-08-02,13,1698.0,168.0,1866.0
2026-08-02 13:45:00,482,32,514,2026-08-02,13,1777.0,147.0,1924.0
2026-08-02 14:00:00,449,26,475,2026-08-02,14,1816.0,134.0,1950.0
2026-08-02 14:15:00,453,31,484,2026-08-02,14,1856.0,134.0,1990.0
2026-08-02 14:30:00,456,30,486,2026-08-02,14,1840.0,119.0,1959.0
2026-08-02 14:45:00,450,25,475,2026-08-02,14,1808.0,112.0,1920.0
2026-08-02 15:00:00,439,25,464,2026-08-02,15,1798.0,111.0,1909.0
2026-08-02 15:15:00,445,21,466,2026-08-02,15,1790.0,101.0,1891.0
2026-08-02 15:30:00,456,26,482,2026-08-02,15,1790.0,97.0,1887.0
2026-08-02 15:45:00,442,26,468,2026-08-02,15,1782.0,98.0,1880.0
2026-08-02 16:00:00,408,26,434,2026-08-02,16,1751.0,99.0,1850.0
2026-08-02 16:15:00,358,20,378,2026-08-02,16,1664.0,98.0,1762.0
2026-08-02 16:30:00,298,15,313,2026-08-02,16,1506.0,87.0,1593.0
2026-08-02 16:45:00,287,16,303,2026-08-02,16,1351.0,77.0,1428.0
2026-08-02 17:00:00,317,12,329,2026-08-02,17,1260.0,63.0,1323.0
2026-08-02 17:15:00,282,13,295,2026-08-02,17,1184.0,56.0,1240.0
2026-08-02 17:30:00,347,16,363,2026-08-02,17,1233.0,57.0,1290.0
2026-08-02 17:45:00,332,13,345,2026-08-02,17,1278.0,54.0,1332.0
2026-08-02 18:00:00,374,17,391,2026-08-02,18,1335.0,59.0,1394.0
2026-08-02 18:15:00,394,17,411,2026-08-02,18,1447.0,63.0,1510.0
2026-08-02 18:30:00,359,14,373,2026-08-02,18,1459.0,61.0,1520.0
2026-08-02 18:45:00,382,14,396,2026-08-02,18,1509.0,62.0,1571.0
2026-08-02 19:00:00,277,13,290,2026-08-02,19,1412.0,58.0,1470.0
2026-08-02 19:15:00,269,14,283,2026-08-02,19,1287.0,55.0,1342.0
2026-08-02 19:30:00,206,15,221,2026-08-02,19,1134.0,56.0,1190.0
2026-08-02 19:45:00,157,10,167,2026-08-02,19,909.0,52.0,961.0
2026-08-02 20:00:00,123,10,133,2026-08-02,20,755.0,49.0,804.0
2026-08-02 20:15:00,99,23,122,2026-08-02,20,585.0,58.0,643.0
2026-08-02 20:30:00,56,10,66,2026-08-02,20,435.0,53.0,488.0
2026-08-02 20:45:00,39,8,47,2026-08-02,20,317.0,51.0,368.0
2026-08-02 21:00:00,27,15,42,2026-08-02,21,221.0,56.0,277.0
2026-08-02 21:15:00,19,12,31,2026-08-02,21,141.0,45.0,186.0
2026-08-02 21:30:00,18,9,27,2026-08-02,21,103.0,44.0,147.0
2026-08-02 21:45:00,18,9,27,2026-08-02,21,82.0,45.0,127.0
2026-08-02 22:00:00,27,3,30,2026-08-02,22,82.0,33.0,115.0
2026-08-02 22:15:00,17,6,23,2026-08-02,22,80.0,27.0,107.0
2026-08-02 22:30:00,10,4,14,2026-08-02,22,72.0,22.0,94.0
2026-08-02 22:45:00,10,4,14,2026-08-02,22,64.0,17.0,81.0
2026-08-02 23:00:00,2,4,6,2026-08-02,23,39.0,18.0,57.0
2026-08-02 23:15:00,0,3,3,2026-08-02,23,22.0,15.0,37.0
2026-08-02 23:30:00,0,4,4,2026-08-02,23,12.0,15.0,27.0
2026-08-02 23:45:00,0,1,1,2026-08-02,23,2.0,12.0,14.0
2026-08-03 03:00:00,49,47,96,2026-08-03,3,49.0,47.0,96.0
2026-08-03 03:15:00,137,47,184,2026-08-03,3,186.0,94.0,280.0
2026-08-03 03:30:00,250,38,288,2026-08-03,3,436.0,132.0,568.0
2026-08-03 03:45:00,478,50,528,2026-08-03,3,914.0,182.0,1096.0
2026-08-03 04:00:00,567,34,601,2026-08-03,4,1432.0,169.0,1601.0
2026-08-03 04:15:00,673,35,708,2026-08-03,4,1968.0,157.0,2125.0
2026-08-03 04:30:00,706,52,758,2026-08-03,4,2424.0,171.0,2595.0
2026-08-03 04:45:00,592,73,665,2026-08-03,4,2538.0,194.0,2732.0
2026-08-03 05:00:00,608,51,659,2026-08-03,5,2579.0,211.0,2790.0
2026-08-03 05:15:00,604,42,646,2026-08-03,5,2510.0,218.0,2728.0
2026-08-03 05:30:00,546,41,587,2026-08-03,5,2350.0,207.0,2557.0
2026-08-03 05:45:00,523,52,575,2026-08-03,5,2281.0,186.0,2467.0
2026-08-03 06:00:00,494,42,536,2026-08-03,6,2167.0,177.0,2344.0
2026-08-03 06:15:00,450,44,494,2026-08-03,6,2013.0,179.0,2192.0
2026-08-03 06:30:00,465,41,506,2026-08-03,6,1932.0,179.0,2111.0
2026-08-03 06:45:00,492,45,537,2026-08-03,6,1901.0,172.0,2073.0
2026-08-03 07:00:00,469,30,499,2026-08-03,7,1876.0,160.0,2036.0
2026-08-03 07:15:00,562,32,594,2026-08-03,7,1988.0,148.0,2136.0
2026-08-03 07:30:00,560,27,587,2026-08-03,7,2083.0,134.0,2217.0
2026-08-03 07:45:00,551,40,591,2026-08-03,7,2142.0,129.0,2271.0
2026-08-03 08:00:00,514,39,553,2026-08-03,8,2187.0,138.0,2325.0
2026-08-03 08:15:00,473,21,494,2026-08-03,8,2098.0,127.0,2225.0
2026-08-03 08:30:00,516,33,549,2026-08-03,8,2054.0,133.0,2187.0
2026-08-03 08:45:00,529,22,551,2026-08-03,8,2032.0,115.0,2147.0
2026-08-03 09:00:00,491,31,522,2026-08-03,9,2009.0,107.0,2116.0
2026-08-03 09:15:00,495,36,531,2026-08-03,9,2031.0,122.0,2153.0
2026-08-03 09:30:00,557,54,611,2026-08-03,9,2072.0,143.0,2215.0
2026-08-03 09:45:00,516,51,567,2026-08-03,9,2059.0,172.0,2231.0
2026-08-03 10:00:00,510,56,566,2026-08-03,10,2078.0,197.0,2275.0
2026-08-03 10:15:00,507,48,555,2026-08-03,10,2090.0,209.0,2299.0
2026-08-03 10:30:00,524,34,558,2026-08-03,10,2057.0,189.0,2246.0
2026-08-03 10:45:00,514,44,558,2026-08-03,10,2055.0,182.0,2237.0
2026-08-03 11:00:00,536,37,573,2026-08-03,11,2081.0,163.0,2244.0
2026-08-03 11:15:00,569,45,614,2026-08-03,11,2143.0,160.0,2303.0
2026-08-03 11:30:00,599,61,660,2026-08-03,11,2218.0,187.0,2405.0
2026-08-03 11:45:00,623,59,682,2026-08-03,11,2327.0,202.0,2529.0
2026-08-03 12:00:00,618,59,677,2026-08-03,12,2409.0,224.0,2633.0
2026-08-03 12:15:00,652,56,708,2026-08-03,12,2492.0,235.0,2727.0
2026-08-03 12:30:00,630,63,693,2026-08-03,12,2523.0,237.0,2760.0
2026-08-03 12:45:00,575,57,632,2026-08-03,12,2475.0,235.0,2710.0
2026-08-03 13:00:00,530,45,575,2026-08-03,13,2387.0,221.0,2608.0
2026-08-03 13:15:00,505,45,550,2026-08-03,13,2240.0,210.0,2450.0
2026-08-03 13:30:00,464,42,506,2026-08-03,13,2074.0,189.0,2263.0
2026-08-03 13:45:00,429,31,460,2026-08-03,13,1928.0,163.0,2091.0
2026-08-03 14:00:00,396,26,422,2026-08-03,14,1794.0,144.0,1938.0
2026-08-03 14:15:00,352,36,388,2026-08-03,14,1641.0,135.0,1776.0
2026-08-03 14:30:00,395,35,430,2026-08-03,14,1572.0,128.0,1700.0
2026-08-03 14:45:00,435,28,463,2026-08-03,14,1578.0,125.0,1703.0
2026-08-03 15:00:00,464,24,488,2026-08-03,15,1646.0,123.0,1769.0
2026-08-03 15:15:00,448,34,482,2026-08-03,15,1742.0,121.0,1863.0
2026-08-03 15:30:00,435,31,466,2026-08-03,15,1782.0,117.0,1899.0
2026-08-03 15:45:00,394,20,414,2026-08-03,15,1741.0,109.0,1850.0
2026-08-03 16:00:00,325,23,348,2026-08-03,16,1602.0,108.0,1710.0
2026-08-03 16:15:00,294,19,313,2026-08-03,16,1448.0,93.0,1541.0
2026-08-03 16:30:00,282,16,298,2026-08-03,16,1295.0,78.0,1373.0
2026-08-03 16:45:00,263,19,282,2026-08-03,16,1164.0,77.0,1241.0
2026-08-03 17:00:00,340,19,359,2026-08-03,17,1179.0,73.0,1252.0
2026-08-03 17:15:00,387,23,410,2026-08-03,17,1272.0,77.0,1349.0
2026-08-03 17:30:00,360,20,380,2026-08-03,17,1350.0,81.0,1431.0
2026-08-03 17:45:00,345,18,363,2026-08-03,17,1432.0,80.0,1512.0
2026-08-03 18:00:00,345,20,365,2026-08-03,18,1437.0,81.0,1518.0
2026-08-03 18:15:00,308,14,322,2026-08-03,18,1358.0,72.0,1430.0
2026-08-03 18:30:00,275,18,293,2026-08-03,18,1273.0,70.0,1343.0
2026-08-03 18:45:00,245,15,260,2026-08-03,18,1173.0,67.0,1240.0
2026-08-03 19:00:00,206,10,216,2026-08-03,19,1034.0,57.0,1091.0
2026-08-03 19:15:00,187,15,202,2026-08-03,19,913.0,58.0,971.0
2026-08-03 19:30:00,160,13,173,2026-08-03,19,798.0,53.0,851.0
2026-08-03 19:45:00,135,12,147,2026-08-03,19,688.0,50.0,738.0
2026-08-03 20:00:00,132,12,144,2026-08-03,20,614.0,52.0,666.0
2026-08-03 20:15:00,110,17,127,2026-08-03,20,537.0,54.0,591.0
2026-08-03 20:30:00,72,13,85,2026-08-03,20,449.0,54.0,503.0
2026-08-03 20:45:00,41,12,53,2026-08-03,20,355.0,54.0,409.0
2026-08-03 21:00:00,16,11,27,2026-08-03,21,239.0,53.0,292.0
2026-08-03 21:15:00,3,15,18,2026-08-03,21,132.0,51.0,183.0
2026-08-03 21:30:00,2,9,11,2026-08-03,21,62.0,47.0,109.0
2026-08-03 21:45:00,0,6,6,2026-08-03,21,21.0,41.0,62.0
2026-08-03 22:00:00,0,6,6,2026-08-03,22,5.0,36.0,41.0
2026-08-03 22:15:00,0,7,7,2026-08-03,22,2.0,28.0,30.0
2026-08-03 22:30:00,0,4,4,2026-08-03,22,0.0,23.0,23.0
2026-08-03 22:45:00,0,4,4,2026-08-03,22,0.0,21.0,21.0
2026-08-03 23:00:00,0,4,4,2026-08-03,23,0.0,19.0,19.0
2026-08-03 23:15:00,0,2,2,2026-08-03,23,0.0,14.0,14.0
2026-08-03 23:30:00,1,3,4,2026-08-03,23,1.0,13.0,14.0
2026-08-03 23:45:00,2,2,4,2026-08-03,23,3.0,11.0,14.0
2026-08-04 03:00:00,35,34,69,2026-08-04,3,35.0,34.0,69.0
2026-08-04 03:15:00,89,45,134,2026-08-04,3,124.0,79.0,203.0
2026-08-04 03:30:00,267,45,312,2026-08-04,3,391.0,124.0,515.0
2026-08-04 03:45:00,448,56,504,2026-08-04,3,839.0,180.0,1019.0
2026-08-04 04:00:00,470,35,505,2026-08-04,4,1274.0,181.0,1455.0
2026-08-04 04:15:00,542,37,579,2026-08-04,4,1727.0,173.0,1900.0
2026-08-04 04:30:00,510,71,581,2026-08-04,4,1970.0,199.0,2169.0
2026-08-04 04:45:00,540,77,617,2026-08-04,4,2062.0,220.0,2282.0
2026-08-04 05:00:00,605,52,657,2026-08-04,5,2197.0,237.0,2434.0
2026-08-04 05:15:00,607,35,642,2026-08-04,5,2262.0,235.0,2497.0
2026-08-04 05:30:00,570,44,614,2026-08-04,5,2322.0,208.0,2530.0
2026-08-04 05:45:00,546,62,608,2026-08-04,5,2328.0,193.0,2521.0
2026-08-04 06:00:00,520,45,565,2026-08-04,6,2243.0,186.0,2429.0
2026-08-04 06:15:00,489,37,526,2026-08-04,6,2125.0,188.0,2313.0
2026-08-04 06:30:00,358,35,393,2026-08-04,6,1913.0,179.0,2092.0
2026-08-04 06:45:00,410,46,456,2026-08-04,6,1777.0,163.0,1940.0
2026-08-04 07:00:00,417,30,447,2026-08-04,7,1674.0,148.0,1822.0
2026-08-04 07:15:00,453,30,483,2026-08-04,7,1638.0,141.0,1779.0
2026-08-04 07:30:00,495,29,524,2026-08-04,7,1775.0,135.0,1910.0
2026-08-04 07:45:00,506,41,547,2026-08-04,7,1871.0,130.0,2001.0
2026-08-04 08:00:00,476,33,509,2026-08-04,8,1930.0,133.0,2063.0
2026-08-04 08:15:00,431,28,459,2026-08-04,8,1908.0,131.0,2039.0
2026-08-04 08:30:00,470,31,501,2026-08-04,8,1883.0,133.0,2016.0
2026-08-04 08:45:00,550,34,584,2026-08-04,8,1927.0,126.0,2053.0
2026-08-04 09:00:00,563,29,592,2026-08-04,9,2014.0,122.0,2136.0
2026-08-04 09:15:00,525,38,563,2026-08-04,9,2108.0,132.0,2240.0
2026-08-04 09:30:00,540,49,589,2026-08-04,9,2178.0,150.0,2328.0
2026-08-04 09:45:00,465,71,536,2026-08-04,9,2093.0,187.0,2280.0
2026-08-04 10:00:00,447,59,506,2026-08-04,10,1977.0,217.0,2194.0
2026-08-04 10:15:00,415,48,463,2026-08-04,10,1867.0,227.0,2094.0
2026-08-04 10:30:00,431,52,483,2026-08-04,10,1758.0,230.0,1988.0
2026-08-04 10:45:00,482,41,523,2026-08-04,10,1775.0,200.0,1975.0
2026-08-04 11:00:00,458,41,499,2026-08-04,11,1786.0,182.0,1968.0
2026-08-04 11:15:00,504,44,548,2026-08-04,11,1875.0,178.0,2053.0
2026-08-04 11:30:00,467,49,516,2026-08-04,11,1911.0,175.0,2086.0
2026-08-04 11:45:00,469,59,528,2026-08-04,11,1898.0,193.0,2091.0
2026-08-04 12:00:00,462,55,517,2026-08-04,12,1902.0,207.0,2109.0
2026-08-04 12:15:00,435,60,495,2026-08-04,12,1833.0,223.0,2056.0
2026-08-04 12:30:00,445,63,508,2026-08-04,12,1811.0,237.0,2048.0
2026-08-04 12:45:00,521,58,579,2026-08-04,12,1863.0,236.0,2099.0
2026-08-04 13:00:00,458,43,501,2026-08-04,13,1859.0,224.0,2083.0
2026-08-04 13:15:00,446,33,479,2026-08-04,13,1870.0,197.0,2067.0
2026-08-04 13:30:00,441,42,483,2026-08-04,13,1866.0,176.0,2042.0
2026-08-04 13:45:00,418,35,453,2026-08-04,13,1763.0,153.0,1916.0
2026-08-04 14:00:00,349,28,377,2026-08-04,14,1654.0,138.0,1792.0
2026-08-04 14:15:00,323,37,360,2026-08-04,14,1531.0,142.0,1673.0
2026-08-04 14:30:00,317,34,351,2026-08-04,14,1407.0,134.0,1541.0
2026-08-04 14:45:00,326,29,355,2026-08-04,14,1315.0,128.0,1443.0
2026-08-04 15:00:00,347,25,372,2026-08-04,15,1313.0,125.0,1438.0
2026-08-04 15:15:00,379,20,399,2026-08-04,15,1369.0,108.0,1477.0
2026-08-04 15:30:00,422,19,441,2026-08-04,15,1474.0,93.0,1567.0
2026-08-04 15:45:00,401,18,419,2026-08-04,15,1549.0,82.0,1631.0
2026-08-04 16:00:00,351,18,369,2026-08-04,16,1553.0,75.0,1628.0
2026-08-04 16:15:00,327,24,351,2026-08-04,16,1501.0,79.0,1580.0
2026-08-04 16:30:00,292,21,313,2026-08-04,16,1371.0,81.0,1452.0
2026-08-04 16:45:00,233,18,251,2026-08-04,16,1203.0,81.0,1284.0
2026-08-04 17:00:00,247,15,262,2026-08-04,17,1099.0,78.0,1177.0
2026-08-04 17:15:00,260,19,279,2026-08-04,17,1032.0,73.0,1105.0
2026-08-04 17:30:00,245,21,266,2026-08-04,17,985.0,73.0,1058.0
2026-08-04 17:45:00,256,23,279,2026-08-04,17,1008.0,78.0,1086.0
2026-08-04 18:00:00,280,21,301,2026-08-04,18,1041.0,84.0,1125.0
2026-08-04 18:15:00,241,14,255,2026-08-04,18,1022.0,79.0,1101.0
2026-08-04 18:30:00,199,14,213,2026-08-04,18,976.0,72.0,1048.0
2026-08-04 18:45:00,159,12,171,2026-08-04,18,879.0,61.0,940.0
2026-08-04 19:00:00,144,13,157,2026-08-04,19,743.0,53.0,796.0
2026-08-04 19:15:00,136,14,150,2026-08-04,19,638.0,53.0,691.0
2026-08-04 19:30:00,108,15,123,2026-08-04,19,547.0,54.0,601.0
2026-08-04 19:45:00,82,14,96,2026-08-04,19,470.0,56.0,526.0
2026-08-04 20:00:00,84,17,101,2026-08-04,20,410.0,60.0,470.0
2026-08-04 20:15:00,85,25,110,2026-08-04,20,359.0,71.0,430.0
2026-08-04 20:30:00,63,10,73,2026-08-04,20,314.0,66.0,380.0
2026-08-04 20:45:00,48,9,57,2026-08-04,20,280.0,61.0,341.0
2026-08-04 21:00:00,38,19,57,2026-08-04,21,234.0,63.0,297.0
2026-08-04 21:15:00,7,13,20,2026-08-04,21,156.0,51.0,207.0
2026-08-04 21:30:00,3,8,11,2026-08-04,21,96.0,49.0,145.0
2026-08-04 21:45:00,0,6,6,2026-08-04,21,48.0,46.0,94.0
2026-08-04 22:00:00,0,8,8,2026-08-04,22,10.0,35.0,45.0
2026-08-04 22:15:00,0,4,4,2026-08-04,22,3.0,26.0,29.0
2026-08-04 22:30:00,0,8,8,2026-08-04,22,0.0,26.0,26.0
2026-08-04 22:45:00,0,8,8,2026-08-04,22,0.0,28.0,28.0
2026-08-04 23:00:00,0,6,6,2026-08-04,23,0.0,26.0,26.0
2026-08-04 23:15:00,0,7,7,2026-08-04,23,0.0,29.0,29.0
2026-08-04 23:30:00,0,5,5,2026-08-04,23,0.0,26.0,26.0
2026-08-04 23:45:00,0,2,2,2026-08-04,23,0.0,20.0,20.0
2026-08-05 03:00:00,43,45,88,2026-08-05,3,43.0,45.0,88.0
2026-08-05 03:15:00,92,55,147,2026-08-05,3,135.0,100.0,235.0
2026-08-05 03:30:00,264,39,303,2026-08-05,3,399.0,139.0,538.0
2026-08-05 03:45:00,437,58,495,2026-08-05,3,836.0,197.0,1033.0
2026-08-05 04:00:00,601,33,634,2026-08-05,4,1394.0,185.0,1579.0
2026-08-05 04:15:00,647,31,678,2026-08-05,4,1949.0,161.0,2110.0
2026-08-05 04:30:00,649,54,703,2026-08-05,4,2334.0,176.0,2510.0
2026-08-05 04:45:00,546,74,620,2026-08-05,4,2443.0,192.0,2635.0
2026-08-05 05:00:00,569,58,627,2026-08-05,5,2411.0,217.0,2628.0
2026-08-05 05:15:00,517,42,559,2026-08-05,5,2281.0,228.0,2509.0
2026-08-05 05:30:00,450,52,502,2026-08-05,5,2082.0,226.0,2308.0
2026-08-05 05:45:00,459,56,515,2026-08-05,5,1995.0,208.0,2203.0
2026-08-05 06:00:00,399,45,444,2026-08-05,6,1825.0,195.0,2020.0
2026-08-05 06:15:00,406,42,448,2026-08-05,6,1714.0,195.0,1909.0
2026-08-05 06:30:00,461,44,505,2026-08-05,6,1725.0,187.0,1912.0
2026-08-05 06:45:00,479,40,519,2026-08-05,6,1745.0,171.0,1916.0
2026-08-05 07:00:00,464,44,508,2026-08-05,7,1810.0,170.0,1980.0
2026-08-05 07:15:00,413,52,465,2026-08-05,7,1817.0,180.0,1997.0
2026-08-05 07:30:00,432,47,479,2026-08-05,7,1788.0,183.0,1971.0
2026-08-05 07:45:00,467,54,521,2026-08-05,7,1776.0,197.0,1973.0
2026-08-05 08:00:00,481,54,535,2026-08-05,8,1793.0,207.0,2000.0
2026-08-05 08:15:00,503,38,541,2026-08-05,8,1883.0,193.0,2076.0
2026-08-05 08:30:00,496,30,526,2026-08-05,8,1947.0,176.0,2123.0
2026-08-05 08:45:00,471,43,514,2026-08-05,8,1951.0,165.0,2116.0
2026-08-05 09:00:00,499,34,533,2026-08-05,9,1969.0,145.0,2114.0
2026-08-05 09:15:00,534,34,568,2026-08-05,9,2000.0,141.0,2141.0
2026-08-05 09:30:00,520,61,581,2026-08-05,9,2024.0,172.0,2196.0
2026-08-05 09:45:00,502,55,557,2026-08-05,9,2055.0,184.0,2239.0
2026-08-05 10:00:00,505,57,562,2026-08-05,10,2061.0,207.0,2268.0
2026-08-05 10:15:00,502,48,550,2026-08-05,10,2029.0,221.0,2250.0
2026-08-05 10:30:00,581,40,621,2026-08-05,10,2090.0,200.0,2290.0
2026-08-05 10:45:00,521,57,578,2026-08-05,10,2109.0,202.0,2311.0
2026-08-05 11:00:00,456,54,510,2026-08-05,11,2060.0,199.0,2259.0
2026-08-05 11:15:00,503,52,555,2026-08-05,11,2061.0,203.0,2264.0
2026-08-05 11:30:00,534,51,585,2026-08-05,11,2014.0,214.0,2228.0
2026-08-05 11:45:00,465,61,526,2026-08-05,11,1958.0,218.0,2176.0
2026-08-05 12:00:00,438,57,495,2026-08-05,12,1940.0,221.0,2161.0
2026-08-05 12:15:00,453,49,502,2026-08-05,12,1890.0,218.0,2108.0
2026-08-05 12:30:00,430,68,498,2026-08-05,12,1786.0,235.0,2021.0
2026-08-05 12:45:00,446,52,498,2026-08-05,12,1767.0,226.0,1993.0
2026-08-05 13:00:00,479,37,516,2026-08-05,13,1808.0,206.0,2014.0
2026-08-05 13:15:00,481,34,515,2026-08-05,13,1836.0,191.0,2027.0
2026-08-05 13:30:00,458,42,500,2026-08-05,13,1864.0,165.0,2029.0
2026-08-05 13:45:00,407,36,443,2026-08-05,13,1825.0,149.0,1974.0
2026-08-05 14:00:00,380,30,410,2026-08-05,14,1726.0,142.0,1868.0
2026-08-05 14:15:00,338,26,364,2026-08-05,14,1583.0,134.0,1717.0
2026-08-05 14:30:00,374,35,409,2026-08-05,14,1499.0,127.0,1626.0
2026-08-05 14:45:00,414,23,437,2026-08-05,14,1506.0,114.0,1620.0
2026-08-05 15:00:00,344,23,367,2026-08-05,15,1470.0,107.0,1577.0
2026-08-05 15:15:00,365,22,387,2026-08-05,15,1497.0,103.0,1600.0
2026-08-05 15:30:00,391,21,412,2026-08-05,15,1514.0,89.0,1603.0
2026-08-05 15:45:00,363,20,383,2026-08-05,15,1463.0,86.0,1549.0
2026-08-05 16:00:00,292,27,319,2026-08-05,16,1411.0,90.0,1501.0
2026-08-05 16:15:00,264,26,290,2026-08-05,16,1310.0,94.0,1404.0
2026-08-05 16:30:00,234,19,253,2026-08-05,16,1153.0,92.0,1245.0
2026-08-05 16:45:00,302,16,318,2026-08-05,16,1092.0,88.0,1180.0
2026-08-05 17:00:00,333,11,344,2026-08-05,17,1133.0,72.0,1205.0
2026-08-05 17:15:00,349,11,360,2026-08-05,17,1218.0,57.0,1275.0
2026-08-05 17:30:00,327,15,342,2026-08-05,17,1311.0,53.0,1364.0
2026-08-05 17:45:00,309,14,323,2026-08-05,17,1318.0,51.0,1369.0
2026-08-05 18:00:00,316,20,336,2026-08-05,18,1301.0,60.0,1361.0
2026-08-05 18:15:00,272,15,287,2026-08-05,18,1224.0,64.0,1288.0
2026-08-05 18:30:00,219,18,237,2026-08-05,18,1116.0,67.0,1183.0
2026-08-05 18:45:00,212,20,232,2026-08-05,18,1019.0,73.0,1092.0
2026-08-05 19:00:00,176,10,186,2026-08-05,19,879.0,63.0,942.0
2026-08-05 19:15:00,168,12,180,2026-08-05,19,775.0,60.0,835.0
2026-08-05 19:30:00,151,13,164,2026-08-05,19,707.0,55.0,762.0
2026-08-05 19:45:00,131,16,147,2026-08-05,19,626.0,51.0,677.0
2026-08-05 20:00:00,96,10,106,2026-08-05,20,546.0,51.0,597.0
2026-08-05 20:15:00,46,11,57,2026-08-05,20,424.0,50.0,474.0
2026-08-05 20:30:00,23,8,31,2026-08-05,20,296.0,45.0,341.0
2026-08-05 20:45:00,12,23,35,2026-08-05,20,177.0,52.0,229.0
2026-08-05 21:00:00,8,15,23,2026-08-05,21,89.0,57.0,146.0
2026-08-05 21:15:00,5,12,17,2026-08-05,21,48.0,58.0,106.0
2026-08-05 21:30:00,0,9,9,2026-08-05,21,25.0,59.0,84.0
2026-08-05 21:45:00,0,11,11,2026-08-05,21,13.0,47.0,60.0
2026-08-05 22:00:00,0,10,10,2026-08-05,22,5.0,42.0,47.0
2026-08-05 22:15:00,0,9,9,2026-08-05,22,0.0,39.0,39.0
2026-08-05 22:30:00,0,8,8,2026-08-05,22,0.0,38.0,38.0
2026-08-05 22:45:00,0,4,4,2026-08-05,22,0.0,31.0,31.0
2026-08-05 23:00:00,0,5,5,2026-08-05,23,0.0,26.0,26.0
2026-08-05 23:15:00,0,2,2,2026-08-05,23,0.0,19.0,19.0
2026-08-05 23:30:00,1,3,4,2026-08-05,23,1.0,14.0,15.0
2026-08-05 23:45:00,1,7,8,2026-08-05,23,2.0,17.0,19.0
2026-08-06 03:00:00,41,41,82,2026-08-06,3,41.0,41.0,82.0
2026-08-06 03:15:00,111,62,173,2026-08-06,3,152.0,103.0,255.0
2026-08-06 03:30:00,244,39,283,2026-08-06,3,396.0,142.0,538.0
2026-08-06 03:45:00,450,62,512,2026-08-06,3,846.0,204.0,1050.0
2026-08-06 04:00:00,573,32,605,2026-08-06,4,1378.0,195.0,1573.0
2026-08-06 04:15:00,528,34,562,2026-08-06,4,1795.0,167.0,1962.0
2026-08-06 04:30:00,519,52,571,2026-08-06,4,2070.0,180.0,2250.0
2026-08-06 04:45:00,554,64,618,2026-08-06,4,2174.0,182.0,2356.0
2026-08-06 05:00:00,517,51,568,2026-08-06,5,2118.0,201.0,2319.0
2026-08-06 05:15:00,574,37,611,2026-08-06,5,2164.0,204.0,2368.0
2026-08-06 05:30:00,536,46,582,2026-08-06,5,2181.0,198.0,2379.0
2026-08-06 05:45:00,480,63,543,2026-08-06,5,2107.0,197.0,2304.0
2026-08-06 06:00:00,486,46,532,2026-08-06,6,2076.0,192.0,2268.0
2026-08-06 06:15:00,486,48,534,2026-08-06,6,1988.0,203.0,2191.0
2026-08-06 06:30:00,491,33,524,2026-08-06,6,1943.0,190.0,2133.0
2026-08-06 06:45:00,474,40,514,2026-08-06,6,1937.0,167.0,2104.0
2026-08-06 07:00:00,456,43,499,2026-08-06,7,1907.0,164.0,2071.0
2026-08-06 07:15:00,420,48,468,2026-08-06,7,1841.0,164.0,2005.0
2026-08-06 07:30:00,463,43,506,2026-08-06,7,1813.0,174.0,1987.0
2026-08-06 07:45:00,431,38,469,2026-08-06,7,1770.0,172.0,1942.0
2026-08-06 08:00:00,360,29,389,2026-08-06,8,1674.0,158.0,1832.0
2026-08-06 08:15:00,327,26,353,2026-08-06,8,1581.0,136.0,1717.0
2026-08-06 08:30:00,453,26,479,2026-08-06,8,1571.0,119.0,1690.0
2026-08-06 08:45:00,502,24,526,2026-08-06,8,1642.0,105.0,1747.0
2026-08-06 09:00:00,542,30,572,2026-08-06,9,1824.0,106.0,1930.0
2026-08-06 09:15:00,600,40,640,2026-08-06,9,2097.0,120.0,2217.0
2026-08-06 09:30:00,613,55,668,2026-08-06,9,2257.0,149.0,2406.0
2026-08-06 09:45:00,567,64,631,2026-08-06,9,2322.0,189.0,2511.0
2026-08-06 10:00:00,625,52,677,2026-08-06,10,2405.0,211.0,2616.0
2026-08-06 10:15:00,568,61,629,2026-08-06,10,2373.0,232.0,2605.0
2026-08-06 10:30:00,449,60,509,2026-08-06,10,2209.0,237.0,2446.0
2026-08-06 10:45:00,487,51,538,2026-08-06,10,2129.0,224.0,2353.0
2026-08-06 11:00:00,463,46,509,2026-08-06,11,1967.0,218.0,2185.0
2026-08-06 11:15:00,463,45,508,2026-08-06,11,1862.0,202.0,2064.0
2026-08-06 11:30:00,446,64,510,2026-08-06,11,1859.0,206.0,2065.0
2026-08-06 11:45:00,463,67,530,2026-08-06,11,1835.0,222.0,2057.0
2026-08-06 12:00:00,470,49,519,2026-08-06,12,1842.0,225.0,2067.0
2026-08-06 12:15:00,483,57,540,2026-08-06,12,1862.0,237.0,2099.0
2026-08-06 12:30:00,507,64,571,2026-08-06,12,1923.0,237.0,2160.0
2026-08-06 12:45:00,506,58,564,2026-08-06,12,1966.0,228.0,2194.0
2026-08-06 13:00:00,506,40,546,2026-08-06,13,2002.0,219.0,2221.0
2026-08-06 13:15:00,484,45,529,2026-08-06,13,2003.0,207.0,2210.0
2026-08-06 13:30:00,452,31,483,2026-08-06,13,1948.0,174.0,2122.0
2026-08-06 13:45:00,462,32,494,2026-08-06,13,1904.0,148.0,2052.0
2026-08-06 14:00:00,434,35,469,2026-08-06,14,1832.0,143.0,1975.0
2026-08-06 14:15:00,394,30,424,2026-08-06,14,1742.0,128.0,1870.0
2026-08-06 14:30:00,379,28,407,2026-08-06,14,1669.0,125.0,1794.0
2026-08-06 14:45:00,429,32,461,2026-08-06,14,1636.0,125.0,1761.0
2026-08-06 15:00:00,374,30,404,2026-08-06,15,1576.0,120.0,1696.0
2026-08-06 15:15:00,361,26,387,2026-08-06,15,1543.0,116.0,1659.0
2026-08-06 15:30:00,283,33,316,2026-08-06,15,1447.0,121.0,1568.0
2026-08-06 15:45:00,287,23,310,2026-08-06,15,1305.0,112.0,1417.0
2026-08-06 16:00:00,255,19,274,2026-08-06,16,1186.0,101.0,1287.0
2026-08-06 16:15:00,253,24,277,2026-08-06,16,1078.0,99.0,1177.0
2026-08-06 16:30:00,303,15,318,2026-08-06,16,1098.0,81.0,1179.0
2026-08-06 16:45:00,342,14,356,2026-08-06,16,1153.0,72.0,1225.0
2026-08-06 17:00:00,351,17,368,2026-08-06,17,1249.0,70.0,1319.0
2026-08-06 17:15:00,384,16,400,2026-08-06,17,1380.0,62.0,1442.0
2026-08-06 17:30:00,417,18,435,2026-08-06,17,1494.0,65.0,1559.0
2026-08-06 17:45:00,393,18,411,2026-08-06,17,1545.0,69.0,1614.0
2026-08-06 18:00:00,407,20,427,2026-08-06,18,1601.0,72.0,1673.0
2026-08-06 18:15:00,350,20,370,2026-08-06,18,1567.0,76.0,1643.0
2026-08-06 18:30:00,234,14,248,2026-08-06,18,1384.0,72.0,1456.0
2026-08-06 18:45:00,172,21,193,2026-08-06,18,1163.0,75.0,1238.0
2026-08-06 19:00:00,152,12,164,2026-08-06,19,908.0,67.0,975.0
2026-08-06 19:15:00,163,13,176,2026-08-06,19,721.0,60.0,781.0
2026-08-06 19:30:00,175,15,190,2026-08-06,19,662.0,61.0,723.0
2026-08-06 19:45:00,168,15,183,2026-08-06,19,658.0,55.0,713.0
2026-08-06 20:00:00,151,21,172,2026-08-06,20,657.0,64.0,721.0
2026-08-06 20:15:00,105,23,128,2026-08-06,20,599.0,74.0,673.0
2026-08-06 20:30:00,59,12,71,2026-08-06,20,483.0,71.0,554.0
2026-08-06 20:45:00,48,12,60,2026-08-06,20,363.0,68.0,431.0
2026-08-06 21:00:00,34,18,52,2026-08-06,21,246.0,65.0,311.0
2026-08-06 21:15:00,25,19,44,2026-08-06,21,166.0,61.0,227.0
2026-08-06 21:30:00,6,13,19,2026-08-06,21,113.0,62.0,175.0
2026-08-06 21:45:00,2,8,10,2026-08-06,21,67.0,58.0,125.0
2026-08-06 22:00:00,0,6,6,2026-08-06,22,33.0,46.0,79.0
2026-08-06 22:15:00,0,7,7,2026-08-06,22,8.0,34.0,42.0
2026-08-06 22:30:00,0,7,7,2026-08-06,22,2.0,28.0,30.0
2026-08-06 22:45:00,0,7,7,2026-08-06,22,0.0,27.0,27.0
2026-08-06 23:00:00,0,5,5,2026-08-06,23,0.0,26.0,26.0
2026-08-06 23:15:00,0,5,5,2026-08-06,23,0.0,24.0,24.0
2026-08-06 23:30:00,1,1,2,2026-08-06,23,1.0,18.0,19.0
2026-08-06 23:45:00,2,2,4,2026-08-06,23,3.0,13.0,16.0
2026-08-07 03:00:00,18,43,61,2026-08-07,3,18.0,43.0,61.0
2026-08-07 03:15:00,64,65,129,2026-08-07,3,82.0,108.0,190.0
2026-08-07 03:30:00,226,38,264,2026-08-07,3,308.0,146.0,454.0
2026-08-07 03:45:00,524,63,587,2026-08-07,3,832.0,209.0,1041.0
2026-08-07 04:00:00,652,30,682,2026-08-07,4,1466.0,196.0,1662.0
2026-08-07 04:15:00,757,31,788,2026-08-07,4,2159.0,162.0,2321.0
2026-08-07 04:30:00,728,51,779,2026-08-07,4,2661.0,175.0,2836.0
2026-08-07 04:45:00,697,70,767,2026-08-07,4,2834.0,182.0,3016.0
2026-08-07 05:00:00,702,62,764,2026-08-07,5,2884.0,214.0,3098.0
2026-08-07 05:15:00,643,49,692,2026-08-07,5,2770.0,232.0,3002.0
2026-08-07 05:30:00,444,47,491,2026-08-07,5,2486.0,228.0,2714.0
2026-08-07 05:45:00,308,60,368,2026-08-07,5,2097.0,218.0,2315.0
2026-08-07 06:00:00,336,33,369,2026-08-07,6,1731.0,189.0,1920.0
2026-08-07 06:15:00,394,44,438,2026-08-07,6,1482.0,184.0,1666.0
2026-08-07 06:30:00,542,41,583,2026-08-07,6,1580.0,178.0,1758.0
2026-08-07 06:45:00,524,42,566,2026-08-07,6,1796.0,160.0,1956.0
2026-08-07 07:00:00,502,32,534,2026-08-07,7,1962.0,159.0,2121.0
2026-08-07 07:15:00,534,47,581,2026-08-07,7,2102.0,162.0,2264.0
2026-08-07 07:30:00,546,38,584,2026-08-07,7,2106.0,159.0,2265.0
2026-08-07 07:45:00,486,32,518,2026-08-07,7,2068.0,149.0,2217.0
2026-08-07 08:00:00,379,32,411,2026-08-07,8,1945.0,149.0,2094.0
2026-08-07 08:15:00,437,24,461,2026-08-07,8,1848.0,126.0,1974.0
2026-08-07 08:30:00,419,32,451,2026-08-07,8,1721.0,120.0,1841.0
2026-08-07 08:45:00,399,26,425,2026-08-07,8,1634.0,114.0,1748.0
2026-08-07 09:00:00,438,28,466,2026-08-07,9,1693.0,110.0,1803.0
2026-08-07 09:15:00,434,30,464,2026-08-07,9,1690.0,116.0,1806.0
2026-08-07 09:30:00,414,57,471,2026-08-07,9,1685.0,141.0,1826.0
2026-08-07 09:45:00,432,57,489,2026-08-07,9,1718.0,172.0,1890.0
2026-08-07 10:00:00,428,53,481,2026-08-07,10,1708.0,197.0,1905.0
2026-08-07 10:15:00,424,47,471,2026-08-07,10,1698.0,214.0,1912.0
2026-08-07 10:30:00,425,42,467,2026-08-07,10,1709.0,199.0,1908.0
2026-08-07 10:45:00,381,40,421,2026-08-07,10,1658.0,182.0,1840.0
2026-08-07 11:00:00,400,39,439,2026-08-07,11,1630.0,168.0,1798.0
2026-08-07 11:15:00,501,42,543,2026-08-07,11,1707.0,163.0,1870.0
2026-08-07 11:30:00,487,65,552,2026-08-07,11,1769.0,186.0,1955.0
2026-08-07 11:45:00,538,73,611,2026-08-07,11,1926.0,219.0,2145.0
2026-08-07 12:00:00,599,61,660,2026-08-07,12,2125.0,241.0,2366.0
2026-08-07 12:15:00,616,52,668,2026-08-07,12,2240.0,251.0,2491.0
2026-08-07 12:30:00,584,61,645,2026-08-07,12,2337.0,247.0,2584.0
2026-08-07 12:45:00,588,50,638,2026-08-07,12,2387.0,224.0,2611.0
2026-08-07 13:00:00,507,39,546,2026-08-07,13,2295.0,202.0,2497.0
2026-08-07 13:15:00,464,43,507,2026-08-07,13,2143.0,193.0,2336.0
2026-08-07 13:30:00,493,51,544,2026-08-07,13,2052.0,183.0,2235.0
2026-08-07 13:45:00,427,41,468,2026-08-07,13,1891.0,174.0,2065.0
2026-08-07 14:00:00,343,32,375,2026-08-07,14,1727.0,167.0,1894.0
2026-08-07 14:15:00,285,39,324,2026-08-07,14,1548.0,163.0,1711.0
2026-08-07 14:30:00,250,31,281,2026-08-07,14,1305.0,143.0,1448.0
2026-08-07 14:45:00,321,24,345,2026-08-07,14,1199.0,126.0,1325.0
2026-08-07 15:00:00,377,21,398,2026-08-07,15,1233.0,115.0,1348.0
2026-08-07 15:15:00,455,20,475,2026-08-07,15,1403.0,96.0,1499.0
2026-08-07 15:30:00,432,27,459,2026-08-07,15,1585.0,92.0,1677.0
2026-08-07 15:45:00,464,23,487,2026-08-07,15,1728.0,91.0,1819.0
2026-08-07 16:00:00,464,19,483,2026-08-07,16,1815.0,89.0,1904.0
2026-08-07 16:15:00,504,23,527,2026-08-07,16,1864.0,92.0,1956.0
2026-08-07 16:30:00,511,19,530,2026-08-07,16,1943.0,84.0,2027.0
2026-08-07 16:45:00,497,19,516,2026-08-07,16,1976.0,80.0,2056.0
2026-08-07 17:00:00,472,20,492,2026-08-07,17,1984.0,81.0,2065.0
2026-08-07 17:15:00,404,10,414,2026-08-07,17,1884.0,68.0,1952.0
2026-08-07 17:30:00,394,13,407,2026-08-07,17,1767.0,62.0,1829.0
2026-08-07 17:45:00,389,17,406,2026-08-07,17,1659.0,60.0,1719.0
2026-08-07 18:00:00,324,17,341,2026-08-07,18,1511.0,57.0,1568.0
2026-08-07 18:15:00,321,21,342,2026-08-07,18,1428.0,68.0,1496.0
2026-08-07 18:30:00,304,13,317,2026-08-07,18,1338.0,68.0,1406.0
2026-08-07 18:45:00,243,13,256,2026-08-07,18,1192.0,64.0,1256.0
2026-08-07 19:00:00,208,13,221,2026-08-07,19,1076.0,60.0,1136.0
2026-08-07 19:15:00,194,12,206,2026-08-07,19,949.0,51.0,1000.0
2026-08-07 19:30:00,173,10,183,2026-08-07,19,818.0,48.0,866.0
2026-08-07 19:45:00,164,13,177,2026-08-07,19,739.0,48.0,787.0
2026-08-07 20:00:00,130,10,140,2026-08-07,20,661.0,45.0,706.0
2026-08-07 20:15:00,108,17,125,2026-08-07,20,575.0,50.0,625.0
2026-08-07 20:30:00,102,11,113,2026-08-07,20,504.0,51.0,555.0
2026-08-07 20:45:00,97,9,106,2026-08-07,20,437.0,47.0,484.0
2026-08-07 21:00:00,39,15,54,2026-08-07,21,346.0,52.0,398.0
2026-08-07 21:15:00,23,21,44,2026-08-07,21,261.0,56.0,317.0
2026-08-07 21:30:00,16,11,27,2026-08-07,21,175.0,56.0,231.0
2026-08-07 21:45:00,20,10,30,2026-08-07,21,98.0,57.0,155.0
2026-08-07 22:00:00,15,7,22,2026-08-07,22,74.0,49.0,123.0
2026-08-07 22:15:00,15,9,24,2026-08-07,22,66.0,37.0,103.0
2026-08-07 22:30:00,13,4,17,2026-08-07,22,63.0,30.0,93.0
2026-08-07 22:45:00,9,5,14,2026-08-07,22,52.0,25.0,77.0
2026-08-07 23:00:00,5,5,10,2026-08-07,23,42.0,23.0,65.0
2026-08-07 23:15:00,2,4,6,2026-08-07,23,29.0,18.0,47.0
2026-08-07 23:30:00,3,4,7,2026-08-07,23,19.0,18.0,37.0
2026-08-07 23:45:00,2,4,6,2026-08-07,23,12.0,17.0,29.0
2026-08-08 03:00:00,51,41,92,2026-08-08,3,51.0,41.0,92.0
2026-08-08 03:15:00,131,62,193,2026-08-08,3,182.0,103.0,285.0
2026-08-08 03:30:00,285,45,330,2026-08-08,3,467.0,148.0,615.0
2026-08-08 03:45:00,460,62,522,2026-08-08,3,927.0,210.0,1137.0
2026-08-08 04:00:00,654,39,693,2026-08-08,4,1530.0,208.0,1738.0
2026-08-08 04:15:00,688,29,717,2026-08-08,4,2087.0,175.0,2262.0
2026-08-08 04:30:00,723,48,771,2026-08-08,4,2525.0,178.0,2703.0
2026-08-08 04:45:00,673,73,746,2026-08-08,4,2738.0,189.0,2927.0
2026-08-08 05:00:00,651,56,707,2026-08-08,5,2735.0,206.0,2941.0
2026-08-08 05:15:00,589,41,630,2026-08-08,5,2636.0,218.0,2854.0
2026-08-08 05:30:00,498,40,538,2026-08-08,5,2411.0,210.0,2621.0
2026-08-08 05:45:00,477,58,535,2026-08-08,5,2215.0,195.0,2410.0
2026-08-08 06:00:00,409,42,451,2026-08-08,6,1973.0,181.0,2154.0
2026-08-08 06:15:00,490,37,527,2026-08-08,6,1874.0,177.0,2051.0
2026-08-08 06:30:00,515,37,552,2026-08-08,6,1891.0,174.0,2065.0
2026-08-08 06:45:00,559,34,593,2026-08-08,6,1973.0,150.0,2123.0
2026-08-08 07:00:00,621,25,646,2026-08-08,7,2185.0,133.0,2318.0
2026-08-08 07:15:00,608,52,660,2026-08-08,7,2303.0,148.0,2451.0
2026-08-08 07:30:00,582,27,609,2026-08-08,7,2370.0,138.0,2508.0
2026-08-08 07:45:00,486,30,516,2026-08-08,7,2297.0,134.0,2431.0
2026-08-08 08:00:00,395,26,421,2026-08-08,8,2071.0,135.0,2206.0
2026-08-08 08:15:00,428,21,449,2026-08-08,8,1891.0,104.0,1995.0
2026-08-08 08:30:00,482,22,504,2026-08-08,8,1791.0,99.0,1890.0
2026-08-08 08:45:00,571,20,591,2026-08-08,8,1876.0,89.0,1965.0
2026-08-08 09:00:00,580,23,603,2026-08-08,9,2061.0,86.0,2147.0
2026-08-08 09:15:00,607,33,640,2026-08-08,9,2240.0,98.0,2338.0
2026-08-08 09:30:00,563,48,611,2026-08-08,9,2321.0,124.0,2445.0
2026-08-08 09:45:00,514,40,554,2026-08-08,9,2264.0,144.0,2408.0
2026-08-08 10:00:00,576,35,611,2026-08-08,10,2260.0,156.0,2416.0
2026-08-08 10:15:00,565,48,613,2026-08-08,10,2218.0,171.0,2389.0
2026-08-08 10:30:00,512,52,564,2026-08-08,10,2167.0,175.0,2342.0
2026-08-08 10:45:00,574,55,629,2026-08-08,10,2227.0,190.0,2417.0
2026-08-08 11:00:00,560,46,606,2026-08-08,11,2211.0,201.0,2412.0
2026-08-08 11:15:00,602,50,652,2026-08-08,11,2248.0,203.0,2451.0
2026-08-08 11:30:00,546,61,607,2026-08-08,11,2282.0,212.0,2494.0
2026-08-08 11:45:00,516,66,582,2026-08-08,11,2224.0,223.0,2447.0
2026-08-08 12:00:00,527,51,578,2026-08-08,12,2191.0,228.0,2419.0
2026-08-08 12:15:00,476,47,523,2026-08-08,12,2065.0,225.0,2290.0
2026-08-08 12:30:00,433,48,481,2026-08-08,12,1952.0,212.0,2164.0
2026-08-08 12:45:00,465,44,509,2026-08-08,12,1901.0,190.0,2091.0
2026-08-08 13:00:00,411,37,448,2026-08-08,13,1785.0,176.0,1961.0
2026-08-08 13:15:00,364,40,404,2026-08-08,13,1673.0,169.0,1842.0
2026-08-08 13:30:00,342,47,389,2026-08-08,13,1582.0,168.0,1750.0
2026-08-08 13:45:00,379,38,417,2026-08-08,13,1496.0,162.0,1658.0
2026-08-08 14:00:00,358,24,382,2026-08-08,14,1443.0,149.0,1592.0
2026-08-08 14:15:00,307,24,331,2026-08-08,14,1386.0,133.0,1519.0
2026-08-08 14:30:00,302,27,329,2026-08-08,14,1346.0,113.0,1459.0
2026-08-08 14:45:00,313,17,330,2026-08-08,14,1280.0,92.0,1372.0
2026-08-08 15:00:00,336,20,356,2026-08-08,15,1258.0,88.0,1346.0
2026-08-08 15:15:00,334,27,361,2026-08-08,15,1285.0,91.0,1376.0
2026-08-08 15:30:00,388,29,417,2026-08-08,15,1371.0,93.0,1464.0
2026-08-08 15:45:00,381,24,405,2026-08-08,15,1439.0,100.0,1539.0
2026-08-08 16:00:00,366,15,381,2026-08-08,16,1469.0,95.0,1564.0
2026-08-08 16:15:00,308,27,335,2026-08-08,16,1443.0,95.0,1538.0
2026-08-08 16:30:00,255,23,278,2026-08-08,16,1310.0,89.0,1399.0
2026-08-08 16:45:00,246,14,260,2026-08-08,16,1175.0,79.0,1254.0
2026-08-08 17:00:00,249,12,261,2026-08-08,17,1058.0,76.0,1134.0
2026-08-08 17:15:00,272,14,286,2026-08-08,17,1022.0,63.0,1085.0
2026-08-08 17:30:00,303,18,321,2026-08-08,17,1070.0,58.0,1128.0
2026-08-08 17:45:00,310,16,326,2026-08-08,17,1134.0,60.0,1194.0
2026-08-08 18:00:00,266,18,284,2026-08-08,18,1151.0,66.0,1217.0
2026-08-08 18:15:00,177,14,191,2026-08-08,18,1056.0,66.0,1122.0
2026-08-08 18:30:00,134,12,146,2026-08-08,18,887.0,60.0,947.0
2026-08-08 18:45:00,101,15,116,2026-08-08,18,678.0,59.0,737.0
2026-08-08 19:00:00,79,14,93,2026-08-08,19,491.0,55.0,546.0
2026-08-08 19:15:00,78,11,89,2026-08-08,19,392.0,52.0,444.0
2026-08-08 19:30:00,74,12,86,2026-08-08,19,332.0,52.0,384.0
2026-08-08 19:45:00,87,11,98,2026-08-08,19,318.0,48.0,366.0
2026-08-08 20:00:00,63,14,77,2026-08-08,20,302.0,48.0,350.0
2026-08-08 20:15:00,50,15,65,2026-08-08,20,274.0,52.0,326.0
2026-08-08 20:30:00,29,10,39,2026-08-08,20,229.0,50.0,279.0
2026-08-08 20:45:00,14,9,23,2026-08-08,20,156.0,48.0,204.0
2026-08-08 21:00:00,7,14,21,2026-08-08,21,100.0,48.0,148.0
2026-08-08 21:15:00,5,12,17,2026-08-08,21,55.0,45.0,100.0
2026-08-08 21:30:00,0,11,11,2026-08-08,21,26.0,46.0,72.0
2026-08-08 21:45:00,0,7,7,2026-08-08,21,12.0,44.0,56.0
2026-08-08 22:00:00,0,7,7,2026-08-08,22,5.0,37.0,42.0
2026-08-08 22:15:00,0,7,7,2026-08-08,22,0.0,32.0,32.0
2026-08-08 22:30:00,0,2,2,2026-08-08,22,0.0,23.0,23.0
2026-08-08 22:45:00,0,2,2,2026-08-08,22,0.0,18.0,18.0
2026-08-08 23:00:00,0,6,6,2026-08-08,23,0.0,17.0,17.0
2026-08-08 23:15:00,0,8,8,2026-08-08,23,0.0,18.0,18.0
2026-08-08 23:30:00,0,5,5,2026-08-08,23,0.0,21.0,21.0
2026-08-08 23:45:00,0,5,5,2026-08-08,23,0.0,24.0,24.0
2026-08-09 03:00:00,104,44,148,2026-08-09,3,104.0,44.0,148.0
2026-08-09 03:15:00,228,57,285,2026-08-09,3,332.0,101.0,433.0
2026-08-09 03:30:00,364,40,404,2026-08-09,3,696.0,141.0,837.0
2026-08-09 03:45:00,526,65,591,2026-08-09,3,1222.0,206.0,1428.0
2026-08-09 04:00:00,607,36,643,2026-08-09,4,1725.0,198.0,1923.0
2026-08-09 04:15:00,624,40,664,2026-08-09,4,2121.0,181.0,2302.0
2026-08-09 04:30:00,597,53,650,2026-08-09,4,2354.0,194.0,2548.0
2026-08-09 04:45:00,609,78,687,2026-08-09,4,2437.0,207.0,2644.0
2026-08-09 05:00:00,505,40,545,2026-08-09,5,2335.0,211.0,2546.0
2026-08-09 05:15:00,547,39,586,2026-08-09,5,2258.0,210.0,2468.0
2026-08-09 05:30:00,457,53,510,2026-08-09,5,2118.0,210.0,2328.0
2026-08-09 05:45:00,413,66,479,2026-08-09,5,1922.0,198.0,2120.0
2026-08-09 06:00:00,407,52,459,2026-08-09,6,1824.0,210.0,2034.0
2026-08-09 06:15:00,458,40,498,2026-08-09,6,1735.0,211.0,1946.0
2026-08-09 06:30:00,426,31,457,2026-08-09,6,1704.0,189.0,1893.0
2026-08-09 06:45:00,395,37,432,2026-08-09,6,1686.0,160.0,1846.0
2026-08-09 07:00:00,360,35,395,2026-08-09,7,1639.0,143.0,1782.0
2026-08-09 07:15:00,345,39,384,2026-08-09,7,1526.0,142.0,1668.0
2026-08-09 07:30:00,348,32,380,2026-08-09,7,1448.0,143.0,1591.0
2026-08-09 07:45:00,357,26,383,2026-08-09,7,1410.0,132.0,1542.0
2026-08-09 08:00:00,364,26,390,2026-08-09,8,1414.0,123.0,1537.0
2026-08-09 08:15:00,440,24,464,2026-08-09,8,1509.0,108.0,1617.0
2026-08-09 08:30:00,480,29,509,2026-08-09,8,1641.0,105.0,1746.0
2026-08-09 08:45:00,503,30,533,2026-08-09,8,1787.0,109.0,1896.0
2026-08-09 09:00:00,600,30,630,2026-08-09,9,2023.0,113.0,2136.0
2026-08-09 09:15:00,595,26,621,2026-08-09,9,2178.0,115.0,2293.0
2026-08-09 09:30:00,594,40,634,2026-08-09,9,2292.0,126.0,2418.0
2026-08-09 09:45:00,545,57,602,2026-08-09,9,2334.0,153.0,2487.0
2026-08-09 10:00:00,553,55,608,2026-08-09,10,2287.0,178.0,2465.0
2026-08-09 10:15:00,664,44,708,2026-08-09,10,2356.0,196.0,2552.0
2026-08-09 10:30:00,617,45,662,2026-08-09,10,2379.0,201.0,2580.0
2026-08-09 10:45:00,649,61,710,2026-08-09,10,2483.0,205.0,2688.0
2026-08-09 11:00:00,582,44,626,2026-08-09,11,2512.0,194.0,2706.0
2026-08-09 11:15:00,619,49,668,2026-08-09,11,2467.0,199.0,2666.0
2026-08-09 11:30:00,636,62,698,2026-08-09,11,2486.0,216.0,2702.0
2026-08-09 11:45:00,554,61,615,2026-08-09,11,2391.0,216.0,2607.0
2026-08-09 12:00:00,565,58,623,2026-08-09,12,2374.0,230.0,2604.0
2026-08-09 12:15:00,483,60,543,2026-08-09,12,2238.0,241.0,2479.0
2026-08-09 12:30:00,433,59,492,2026-08-09,12,2035.0,238.0,2273.0
2026-08-09 12:45:00,398,57,455,2026-08-09,12,1879.0,234.0,2113.0
2026-08-09 13:00:00,407,42,449,2026-08-09,13,1721.0,218.0,1939.0
2026-08-09 13:15:00,414,33,447,2026-08-09,13,1652.0,191.0,1843.0
2026-08-09 13:30:00,479,48,527,2026-08-09,13,1698.0,180.0,1878.0
2026-08-09 13:45:00,495,34,529,2026-08-09,13,1795.0,157.0,1952.0
2026-08-09 14:00:00,467,27,494,2026-08-09,14,1855.0,142.0,1997.0
2026-08-09 14:15:00,474,33,507,2026-08-09,14,1915.0,142.0,2057.0
2026-08-09 14:30:00,479,32,511,2026-08-09,14,1915.0,126.0,2041.0
2026-08-09 14:45:00,473,27,500,2026-08-09,14,1893.0,119.0,2012.0
2026-08-09 15:00:00,456,26,482,2026-08-09,15,1882.0,118.0,2000.0
2026-08-09 15:15:00,461,22,483,2026-08-09,15,1869.0,107.0,1976.0
2026-08-09 15:30:00,476,27,503,2026-08-09,15,1866.0,102.0,1968.0
2026-08-09 15:45:00,470,28,498,2026-08-09,15,1863.0,103.0,1966.0
2026-08-09 16:00:00,432,28,460,2026-08-09,16,1839.0,105.0,1944.0
2026-08-09 16:15:00,380,21,401,2026-08-09,16,1758.0,104.0,1862.0
2026-08-09 16:30:00,309,16,325,2026-08-09,16,1591.0,93.0,1684.0
2026-08-09 16:45:00,297,17,314,2026-08-09,16,1418.0,82.0,1500.0
2026-08-09 17:00:00,323,13,336,2026-08-09,17,1309.0,67.0,1376.0
2026-08-09 17:15:00,287,14,301,2026-08-09,17,1216.0,60.0,1276.0
2026-08-09 17:30:00,350,17,367,2026-08-09,17,1257.0,61.0,1318.0
2026-08-09 17:45:00,331,14,345,2026-08-09,17,1291.0,58.0,1349.0
2026-08-09 18:00:00,374,18,392,2026-08-09,18,1342.0,63.0,1405.0
2026-08-09 18:15:00,395,18,413,2026-08-09,18,1450.0,67.0,1517.0
2026-08-09 18:30:00,360,15,375,2026-08-09,18,1460.0,65.0,1525.0
2026-08-09 18:45:00,381,15,396,2026-08-09,18,1510.0,66.0,1576.0
2026-08-09 19:00:00,274,13,287,2026-08-09,19,1410.0,61.0,1471.0
2026-08-09 19:15:00,266,15,281,2026-08-09,19,1281.0,58.0,1339.0
2026-08-09 19:30:00,200,16,216,2026-08-09,19,1121.0,59.0,1180.0
2026-08-09 19:45:00,152,11,163,2026-08-09,19,892.0,55.0,947.0
2026-08-09 20:00:00,117,11,128,2026-08-09,20,735.0,53.0,788.0
2026-08-09 20:15:00,89,24,113,2026-08-09,20,558.0,62.0,620.0
2026-08-09 20:30:00,50,11,61,2026-08-09,20,408.0,57.0,465.0
2026-08-09 20:45:00,35,9,44,2026-08-09,20,291.0,55.0,346.0
2026-08-09 21:00:00,25,16,41,2026-08-09,21,199.0,60.0,259.0
2026-08-09 21:15:00,18,13,31,2026-08-09,21,128.0,49.0,177.0
2026-08-09 21:30:00,19,9,28,2026-08-09,21,97.0,47.0,144.0
2026-08-09 21:45:00,19,10,29,2026-08-09,21,81.0,48.0,129.0
2026-08-09 22:00:00,28,4,32,2026-08-09,22,84.0,36.0,120.0
2026-08-09 22:15:00,18,6,24,2026-08-09,22,84.0,29.0,113.0
2026-08-09 22:30:00,11,4,15,2026-08-09,22,76.0,24.0,100.0
2026-08-09 22:45:00,10,4,14,2026-08-09,22,67.0,18.0,85.0
2026-08-09 23:00:00,2,4,6,2026-08-09,23,41.0,18.0,59.0
2026-08-09 23:15:00,0,3,3,2026-08-09,23,23.0,15.0,38.0
2026-08-09 23:30:00,0,4,4,2026-08-09,23,12.0,15.0,27.0
2026-08-09 23:45:00,0,1,1,2026-08-09,23,2.0,12.0,14.0
2026-08-10 03:00:00,49,49,98,2026-08-10,3,49.0,49.0,98.0
2026-08-10 03:15:00,136,49,185,2026-08-10,3,185.0,98.0,283.0
2026-08-10 03:30:00,253,39,292,2026-08-10,3,438.0,137.0,575.0
2026-08-10 03:45:00,482,52,534,2026-08-10,3,920.0,189.0,1109.0
2026-08-10 04:00:00,567,35,602,2026-08-10,4,1438.0,175.0,1613.0
2026-08-10 04:15:00,668,36,704,2026-08-10,4,1970.0,162.0,2132.0
2026-08-10 04:30:00,700,53,753,2026-08-10,4,2417.0,176.0,2593.0
2026-08-10 04:45:00,586,76,662,2026-08-10,4,2521.0,200.0,2721.0
2026-08-10 05:00:00,610,53,663,2026-08-10,5,2564.0,218.0,2782.0
2026-08-10 05:15:00,614,44,658,2026-08-10,5,2510.0,226.0,2736.0
2026-08-10 05:30:00,568,42,610,2026-08-10,5,2378.0,215.0,2593.0
2026-08-10 05:45:00,545,53,598,2026-08-10,5,2337.0,192.0,2529.0
2026-08-10 06:00:00,502,44,546,2026-08-10,6,2229.0,183.0,2412.0
2026-08-10 06:15:00,450,46,496,2026-08-10,6,2065.0,185.0,2250.0
2026-08-10 06:30:00,447,43,490,2026-08-10,6,1944.0,186.0,2130.0
2026-08-10 06:45:00,475,46,521,2026-08-10,6,1874.0,179.0,2053.0
2026-08-10 07:00:00,448,31,479,2026-08-10,7,1820.0,166.0,1986.0
2026-08-10 07:15:00,540,34,574,2026-08-10,7,1910.0,154.0,2064.0
2026-08-10 07:30:00,550,29,579,2026-08-10,7,2013.0,140.0,2153.0
2026-08-10 07:45:00,577,41,618,2026-08-10,7,2115.0,135.0,2250.0
2026-08-10 08:00:00,561,40,601,2026-08-10,8,2228.0,144.0,2372.0
2026-08-10 08:15:00,534,22,556,2026-08-10,8,2222.0,132.0,2354.0
2026-08-10 08:30:00,570,34,604,2026-08-10,8,2242.0,137.0,2379.0
2026-08-10 08:45:00,559,23,582,2026-08-10,8,2224.0,119.0,2343.0
2026-08-10 09:00:00,521,32,553,2026-08-10,9,2184.0,111.0,2295.0
2026-08-10 09:15:00,526,37,563,2026-08-10,9,2176.0,126.0,2302.0
2026-08-10 09:30:00,600,57,657,2026-08-10,9,2206.0,149.0,2355.0
2026-08-10 09:45:00,534,53,587,2026-08-10,9,2181.0,179.0,2360.0
2026-08-10 10:00:00,516,59,575,2026-08-10,10,2176.0,206.0,2382.0
2026-08-10 10:15:00,500,49,549,2026-08-10,10,2150.0,218.0,2368.0
2026-08-10 10:30:00,519,36,555,2026-08-10,10,2069.0,197.0,2266.0
2026-08-10 10:45:00,507,45,552,2026-08-10,10,2042.0,189.0,2231.0
2026-08-10 11:00:00,530,38,568,2026-08-10,11,2056.0,168.0,2224.0
2026-08-10 11:15:00,566,47,613,2026-08-10,11,2122.0,166.0,2288.0
2026-08-10 11:30:00,612,63,675,2026-08-10,11,2215.0,193.0,2408.0
2026-08-10 11:45:00,640,61,701,2026-08-10,11,2348.0,209.0,2557.0
2026-08-10 12:00:00,632,61,693,2026-08-10,12,2450.0,232.0,2682.0
2026-08-10 12:15:00,661,58,719,2026-08-10,12,2545.0,243.0,2788.0
2026-08-10 12:30:00,638,65,703,2026-08-10,12,2571.0,245.0,2816.0
2026-08-10 12:45:00,589,59,648,2026-08-10,12,2520.0,243.0,2763.0
2026-08-10 13:00:00,536,47,583,2026-08-10,13,2424.0,229.0,2653.0
2026-08-10 13:15:00,515,47,562,2026-08-10,13,2278.0,218.0,2496.0
2026-08-10 13:30:00,470,44,514,2026-08-10,13,2110.0,197.0,2307.0
2026-08-10 13:45:00,431,32,463,2026-08-10,13,1952.0,170.0,2122.0
2026-08-10 14:00:00,404,27,431,2026-08-10,14,1820.0,150.0,1970.0
2026-08-10 14:15:00,358,38,396,2026-08-10,14,1663.0,141.0,1804.0
2026-08-10 14:30:00,412,36,448,2026-08-10,14,1605.0,133.0,1738.0
2026-08-10 14:45:00,459,29,488,2026-08-10,14,1633.0,130.0,1763.0
2026-08-10 15:00:00,497,24,521,2026-08-10,15,1726.0,127.0,1853.0
2026-08-10 15:15:00,470,36,506,2026-08-10,15,1838.0,125.0,1963.0
2026-08-10 15:30:00,449,32,481,2026-08-10,15,1875.0,121.0,1996.0
2026-08-10 15:45:00,397,21,418,2026-08-10,15,1813.0,113.0,1926.0
2026-08-10 16:00:00,321,23,344,2026-08-10,16,1637.0,112.0,1749.0
2026-08-10 16:15:00,291,20,311,2026-08-10,16,1458.0,96.0,1554.0
2026-08-10 16:30:00,271,16,287,2026-08-10,16,1280.0,80.0,1360.0
2026-08-10 16:45:00,253,20,273,2026-08-10,16,1136.0,79.0,1215.0
2026-08-10 17:00:00,319,19,338,2026-08-10,17,1134.0,75.0,1209.0
2026-08-10 17:15:00,368,24,392,2026-08-10,17,1211.0,79.0,1290.0
2026-08-10 17:30:00,335,21,356,2026-08-10,17,1275.0,84.0,1359.0
2026-08-10 17:45:00,327,18,345,2026-08-10,17,1349.0,82.0,1431.0
2026-08-10 18:00:00,330,20,350,2026-08-10,18,1360.0,83.0,1443.0
2026-08-10 18:15:00,296,15,311,2026-08-10,18,1288.0,74.0,1362.0
2026-08-10 18:30:00,266,19,285,2026-08-10,18,1219.0,72.0,1291.0
2026-08-10 18:45:00,242,16,258,2026-08-10,18,1134.0,70.0,1204.0
2026-08-10 19:00:00,205,10,215,2026-08-10,19,1009.0,60.0,1069.0
2026-08-10 19:15:00,189,16,205,2026-08-10,19,902.0,61.0,963.0
2026-08-10 19:30:00,160,13,173,2026-08-10,19,796.0,55.0,851.0
2026-08-10 19:45:00,137,12,149,2026-08-10,19,691.0,51.0,742.0
2026-08-10 20:00:00,134,13,147,2026-08-10,20,620.0,54.0,674.0
2026-08-10 20:15:00,110,17,127,2026-08-10,20,541.0,55.0,596.0
2026-08-10 20:30:00,71,14,85,2026-08-10,20,452.0,56.0,508.0
2026-08-10 20:45:00,41,13,54,2026-08-10,20,356.0,57.0,413.0
2026-08-10 21:00:00,16,12,28,2026-08-10,21,238.0,56.0,294.0
2026-08-10 21:15:00,3,15,18,2026-08-10,21,131.0,54.0,185.0
2026-08-10 21:30:00,2,9,11,2026-08-10,21,62.0,49.0,111.0
2026-08-10 21:45:00,0,6,6,2026-08-10,21,21.0,42.0,63.0
2026-08-10 22:00:00,0,6,6,2026-08-10,22,5.0,36.0,41.0
2026-08-10 22:15:00,0,7,7,2026-08-10,22,2.0,28.0,30.0
2026-08-10 22:30:00,0,4,4,2026-08-10,22,0.0,23.0,23.0
2026-08-10 22:45:00,0,4,4,2026-08-10,22,0.0,21.0,21.0
2026-08-10 23:00:00,0,4,4,2026-08-10,23,0.0,19.0,19.0
2026-08-10 23:15:00,0,2,2,2026-08-10,23,0.0,14.0,14.0
2026-08-10 23:30:00,1,3,4,2026-08-10,23,1.0,13.0,14.0
2026-08-10 23:45:00,2,2,4,2026-08-10,23,3.0,11.0,14.0
2026-08-11 03:00:00,38,35,73,2026-08-11,3,38.0,35.0,73.0
2026-08-11 03:15:00,97,46,143,2026-08-11,3,135.0,81.0,216.0
2026-08-11 03:30:00,295,46,341,2026-08-11,3,430.0,127.0,557.0
2026-08-11 03:45:00,474,57,531,2026-08-11,3,904.0,184.0,1088.0
2026-08-11 04:00:00,489,36,525,2026-08-11,4,1355.0,185.0,1540.0
2026-08-11 04:15:00,578,38,616,2026-08-11,4,1836.0,177.0,2013.0
2026-08-11 04:30:00,537,73,610,2026-08-11,4,2078.0,204.0,2282.0
2026-08-11 04:45:00,555,78,633,2026-08-11,4,2159.0,225.0,2384.0
2026-08-11 05:00:00,604,53,657,2026-08-11,5,2274.0,242.0,2516.0
2026-08-11 05:15:00,616,36,652,2026-08-11,5,2312.0,240.0,2552.0
2026-08-11 05:30:00,553,44,597,2026-08-11,5,2328.0,211.0,2539.0
2026-08-11 05:45:00,521,63,584,2026-08-11,5,2294.0,196.0,2490.0
2026-08-11 06:00:00,501,46,547,2026-08-11,6,2191.0,189.0,2380.0
2026-08-11 06:15:00,485,38,523,2026-08-11,6,2060.0,191.0,2251.0
2026-08-11 06:30:00,339,35,374,2026-08-11,6,1846.0,182.0,2028.0
2026-08-11 06:45:00,351,47,398,2026-08-11,6,1676.0,166.0,1842.0
2026-08-11 07:00:00,353,31,384,2026-08-11,7,1528.0,151.0,1679.0
2026-08-11 07:15:00,409,31,440,2026-08-11,7,1452.0,144.0,1596.0
2026-08-11 07:30:00,453,30,483,2026-08-11,7,1566.0,139.0,1705.0
2026-08-11 07:45:00,485,42,527,2026-08-11,7,1700.0,134.0,1834.0
2026-08-11 08:00:00,484,33,517,2026-08-11,8,1831.0,136.0,1967.0
2026-08-11 08:15:00,465,28,493,2026-08-11,8,1887.0,133.0,2020.0
2026-08-11 08:30:00,505,32,537,2026-08-11,8,1939.0,135.0,2074.0
2026-08-11 08:45:00,575,35,610,2026-08-11,8,2029.0,128.0,2157.0
2026-08-11 09:00:00,560,30,590,2026-08-11,9,2105.0,125.0,2230.0
2026-08-11 09:15:00,521,38,559,2026-08-11,9,2161.0,135.0,2296.0
2026-08-11 09:30:00,511,50,561,2026-08-11,9,2167.0,153.0,2320.0
2026-08-11 09:45:00,436,73,509,2026-08-11,9,2028.0,191.0,2219.0
2026-08-11 10:00:00,417,60,477,2026-08-11,10,1885.0,221.0,2106.0
2026-08-11 10:15:00,411,49,460,2026-08-11,10,1775.0,232.0,2007.0
2026-08-11 10:30:00,433,53,486,2026-08-11,10,1697.0,235.0,1932.0
2026-08-11 10:45:00,479,42,521,2026-08-11,10,1740.0,204.0,1944.0
2026-08-11 11:00:00,461,42,503,2026-08-11,11,1784.0,186.0,1970.0
2026-08-11 11:15:00,504,45,549,2026-08-11,11,1877.0,182.0,2059.0
2026-08-11 11:30:00,458,50,508,2026-08-11,11,1902.0,179.0,2081.0
2026-08-11 11:45:00,456,61,517,2026-08-11,11,1879.0,198.0,2077.0
2026-08-11 12:00:00,445,56,501,2026-08-11,12,1863.0,212.0,2075.0
2026-08-11 12:15:00,431,62,493,2026-08-11,12,1790.0,229.0,2019.0
2026-08-11 12:30:00,449,64,513,2026-08-11,12,1781.0,243.0,2024.0
2026-08-11 12:45:00,514,59,573,2026-08-11,12,1839.0,241.0,2080.0
2026-08-11 13:00:00,455,44,499,2026-08-11,13,1849.0,229.0,2078.0
2026-08-11 13:15:00,433,34,467,2026-08-11,13,1851.0,201.0,2052.0
2026-08-11 13:30:00,427,42,469,2026-08-11,13,1829.0,179.0,2008.0
2026-08-11 13:45:00,401,36,437,2026-08-11,13,1716.0,156.0,1872.0
2026-08-11 14:00:00,333,28,361,2026-08-11,14,1594.0,140.0,1734.0
2026-08-11 14:15:00,315,38,353,2026-08-11,14,1476.0,144.0,1620.0
2026-08-11 14:30:00,314,34,348,2026-08-11,14,1363.0,136.0,1499.0
2026-08-11 14:45:00,326,30,356,2026-08-11,14,1288.0,130.0,1418.0
2026-08-11 15:00:00,377,25,402,2026-08-11,15,1332.0,127.0,1459.0
2026-08-11 15:15:00,415,20,435,2026-08-11,15,1432.0,109.0,1541.0
2026-08-11 15:30:00,455,19,474,2026-08-11,15,1573.0,94.0,1667.0
2026-08-11 15:45:00,442,18,460,2026-08-11,15,1689.0,82.0,1771.0
2026-08-11 16:00:00,368,19,387,2026-08-11,16,1680.0,76.0,1756.0
2026-08-11 16:15:00,348,24,372,2026-08-11,16,1613.0,80.0,1693.0
2026-08-11 16:30:00,306,21,327,2026-08-11,16,1464.0,82.0,1546.0
2026-08-11 16:45:00,243,18,261,2026-08-11,16,1265.0,82.0,1347.0
2026-08-11 17:00:00,255,15,270,2026-08-11,17,1152.0,78.0,1230.0
2026-08-11 17:15:00,273,20,293,2026-08-11,17,1077.0,74.0,1151.0
2026-08-11 17:30:00,258,21,279,2026-08-11,17,1029.0,74.0,1103.0
2026-08-11 17:45:00,271,23,294,2026-08-11,17,1057.0,79.0,1136.0
2026-08-11 18:00:00,290,21,311,2026-08-11,18,1092.0,85.0,1177.0
2026-08-11 18:15:00,258,14,272,2026-08-11,18,1077.0,79.0,1156.0
2026-08-11 18:30:00,210,14,224,2026-08-11,18,1029.0,72.0,1101.0
2026-08-11 18:45:00,169,12,181,2026-08-11,18,927.0,61.0,988.0
2026-08-11 19:00:00,152,14,166,2026-08-11,19,789.0,54.0,843.0
2026-08-11 19:15:00,145,14,159,2026-08-11,19,676.0,54.0,730.0
2026-08-11 19:30:00,111,16,127,2026-08-11,19,577.0,56.0,633.0
2026-08-11 19:45:00,88,14,102,2026-08-11,19,496.0,58.0,554.0
2026-08-11 20:00:00,90,17,107,2026-08-11,20,434.0,61.0,495.0
2026-08-11 20:15:00,91,25,116,2026-08-11,20,380.0,72.0,452.0
2026-08-11 20:30:00,67,10,77,2026-08-11,20,336.0,66.0,402.0
2026-08-11 20:45:00,50,9,59,2026-08-11,20,298.0,61.0,359.0
2026-08-11 21:00:00,39,20,59,2026-08-11,21,247.0,64.0,311.0
2026-08-11 21:15:00,8,13,21,2026-08-11,21,164.0,52.0,216.0
2026-08-11 21:30:00,3,8,11,2026-08-11,21,100.0,50.0,150.0
2026-08-11 21:45:00,0,6,6,2026-08-11,21,50.0,47.0,97.0
2026-08-11 22:00:00,0,8,8,2026-08-11,22,11.0,35.0,46.0
2026-08-11 22:15:00,0,4,4,2026-08-11,22,3.0,26.0,29.0
2026-08-11 22:30:00,0,8,8,2026-08-11,22,0.0,26.0,26.0
2026-08-11 22:45:00,0,8,8,2026-08-11,22,0.0,28.0,28.0
2026-08-11 23:00:00,0,6,6,2026-08-11,23,0.0,26.0,26.0
2026-08-11 23:15:00,0,7,7,2026-08-11,23,0.0,29.0,29.0
2026-08-11 23:30:00,0,5,5,2026-08-11,23,0.0,26.0,26.0
2026-08-11 23:45:00,0,2,2,2026-08-11,23,0.0,20.0,20.0
2026-08-12 03:00:00,45,46,91,2026-08-12,3,45.0,46.0,91.0
2026-08-12 03:15:00,101,57,158,2026-08-12,3,146.0,103.0,249.0
2026-08-12 03:30:00,284,40,324,2026-08-12,3,430.0,143.0,573.0
2026-08-12 03:45:00,463,59,522,2026-08-12,3,893.0,202.0,1095.0
2026-08-12 04:00:00,635,34,669,2026-08-12,4,1483.0,190.0,1673.0
2026-08-12 04:15:00,690,31,721,2026-08-12,4,2072.0,164.0,2236.0
2026-08-12 04:30:00,680,55,735,2026-08-12,4,2468.0,179.0,2647.0
2026-08-12 04:45:00,567,76,643,2026-08-12,4,2572.0,196.0,2768.0
2026-08-12 05:00:00,593,60,653,2026-08-12,5,2530.0,222.0,2752.0
2026-08-12 05:15:00,541,43,584,2026-08-12,5,2381.0,234.0,2615.0
2026-08-12 05:30:00,469,54,523,2026-08-12,5,2170.0,233.0,2403.0
2026-08-12 05:45:00,480,57,537,2026-08-12,5,2083.0,214.0,2297.0
2026-08-12 06:00:00,419,46,465,2026-08-12,6,1909.0,200.0,2109.0
2026-08-12 06:15:00,428,43,471,2026-08-12,6,1796.0,200.0,1996.0
2026-08-12 06:30:00,468,46,514,2026-08-12,6,1795.0,192.0,1987.0
2026-08-12 06:45:00,488,41,529,2026-08-12,6,1803.0,176.0,1979.0
2026-08-12 07:00:00,480,45,525,2026-08-12,7,1864.0,175.0,2039.0
2026-08-12 07:15:00,442,54,496,2026-08-12,7,1878.0,186.0,2064.0
2026-08-12 07:30:00,484,48,532,2026-08-12,7,1894.0,188.0,2082.0
2026-08-12 07:45:00,505,55,560,2026-08-12,7,1911.0,202.0,2113.0
2026-08-12 08:00:00,507,55,562,2026-08-12,8,1938.0,212.0,2150.0
2026-08-12 08:15:00,537,39,576,2026-08-12,8,2033.0,197.0,2230.0
2026-08-12 08:30:00,526,31,557,2026-08-12,8,2075.0,180.0,2255.0
2026-08-12 08:45:00,505,44,549,2026-08-12,8,2075.0,169.0,2244.0
2026-08-12 09:00:00,532,35,567,2026-08-12,9,2100.0,149.0,2249.0
2026-08-12 09:15:00,559,34,593,2026-08-12,9,2122.0,144.0,2266.0
2026-08-12 09:30:00,546,63,609,2026-08-12,9,2142.0,176.0,2318.0
2026-08-12 09:45:00,524,57,581,2026-08-12,9,2161.0,189.0,2350.0
2026-08-12 10:00:00,527,58,585,2026-08-12,10,2156.0,212.0,2368.0
2026-08-12 10:15:00,534,49,583,2026-08-12,10,2131.0,227.0,2358.0
2026-08-12 10:30:00,623,41,664,2026-08-12,10,2208.0,205.0,2413.0
2026-08-12 10:45:00,560,59,619,2026-08-12,10,2244.0,207.0,2451.0
2026-08-12 11:00:00,485,55,540,2026-08-12,11,2202.0,204.0,2406.0
2026-08-12 11:15:00,542,53,595,2026-08-12,11,2210.0,208.0,2418.0
2026-08-12 11:30:00,577,53,630,2026-08-12,11,2164.0,220.0,2384.0
2026-08-12 11:45:00,493,63,556,2026-08-12,11,2097.0,224.0,2321.0
2026-08-12 12:00:00,470,58,528,2026-08-12,12,2082.0,227.0,2309.0
2026-08-12 12:15:00,473,51,524,2026-08-12,12,2013.0,225.0,2238.0
2026-08-12 12:30:00,448,70,518,2026-08-12,12,1884.0,242.0,2126.0
2026-08-12 12:45:00,453,54,507,2026-08-12,12,1844.0,233.0,2077.0
2026-08-12 13:00:00,485,38,523,2026-08-12,13,1859.0,213.0,2072.0
2026-08-12 13:15:00,492,35,527,2026-08-12,13,1878.0,197.0,2075.0
2026-08-12 13:30:00,467,43,510,2026-08-12,13,1897.0,170.0,2067.0
2026-08-12 13:45:00,418,37,455,2026-08-12,13,1862.0,153.0,2015.0
2026-08-12 14:00:00,388,31,419,2026-08-12,14,1765.0,146.0,1911.0
2026-08-12 14:15:00,351,27,378,2026-08-12,14,1624.0,138.0,1762.0
2026-08-12 14:30:00,384,36,420,2026-08-12,14,1541.0,131.0,1672.0
2026-08-12 14:45:00,436,23,459,2026-08-12,14,1559.0,117.0,1676.0
2026-08-12 15:00:00,366,24,390,2026-08-12,15,1537.0,110.0,1647.0
2026-08-12 15:15:00,394,23,417,2026-08-12,15,1580.0,106.0,1686.0
2026-08-12 15:30:00,424,22,446,2026-08-12,15,1620.0,92.0,1712.0
2026-08-12 15:45:00,410,20,430,2026-08-12,15,1594.0,89.0,1683.0
2026-08-12 16:00:00,346,28,374,2026-08-12,16,1574.0,93.0,1667.0
2026-08-12 16:15:00,331,26,357,2026-08-12,16,1511.0,96.0,1607.0
2026-08-12 16:30:00,297,19,316,2026-08-12,16,1384.0,93.0,1477.0
2026-08-12 16:45:00,362,17,379,2026-08-12,16,1336.0,90.0,1426.0
2026-08-12 17:00:00,394,11,405,2026-08-12,17,1384.0,73.0,1457.0
2026-08-12 17:15:00,397,12,409,2026-08-12,17,1450.0,59.0,1509.0
2026-08-12 17:30:00,375,15,390,2026-08-12,17,1528.0,55.0,1583.0
2026-08-12 17:45:00,349,15,364,2026-08-12,17,1515.0,53.0,1568.0
2026-08-12 18:00:00,349,21,370,2026-08-12,18,1470.0,63.0,1533.0
2026-08-12 18:15:00,277,16,293,2026-08-12,18,1350.0,67.0,1417.0
2026-08-12 18:30:00,218,18,236,2026-08-12,18,1193.0,70.0,1263.0
2026-08-12 18:45:00,203,21,224,2026-08-12,18,1047.0,76.0,1123.0
2026-08-12 19:00:00,161,10,171,2026-08-12,19,859.0,65.0,924.0
2026-08-12 19:15:00,164,12,176,2026-08-12,19,746.0,61.0,807.0
2026-08-12 19:30:00,154,13,167,2026-08-12,19,682.0,56.0,738.0
2026-08-12 19:45:00,135,16,151,2026-08-12,19,614.0,51.0,665.0
2026-08-12 20:00:00,99,10,109,2026-08-12,20,552.0,51.0,603.0
2026-08-12 20:15:00,48,11,59,2026-08-12,20,436.0,50.0,486.0
2026-08-12 20:30:00,24,8,32,2026-08-12,20,306.0,45.0,351.0
2026-08-12 20:45:00,12,24,36,2026-08-12,20,183.0,53.0,236.0
2026-08-12 21:00:00,8,15,23,2026-08-12,21,92.0,58.0,150.0
2026-08-12 21:15:00,5,13,18,2026-08-12,21,49.0,60.0,109.0
2026-08-12 21:30:00,0,9,9,2026-08-12,21,25.0,61.0,86.0
2026-08-12 21:45:00,0,11,11,2026-08-12,21,13.0,48.0,61.0
2026-08-12 22:00:00,0,10,10,2026-08-12,22,5.0,43.0,48.0
2026-08-12 22:15:00,0,9,9,2026-08-12,22,0.0,39.0,39.0
2026-08-12 22:30:00,0,8,8,2026-08-12,22,0.0,38.0,38.0
2026-08-12 22:45:00,0,4,4,2026-08-12,22,0.0,31.0,31.0
2026-08-12 23:00:00,0,5,5,2026-08-12,23,0.0,26.0,26.0
2026-08-12 23:15:00,0,2,2,2026-08-12,23,0.0,19.0,19.0
2026-08-12 23:30:00,1,4,5,2026-08-12,23,1.0,15.0,16.0
2026-08-12 23:45:00,1,8,9,2026-08-12,23,2.0,19.0,21.0
2026-08-13 03:00:00,42,41,83,2026-08-13,3,42.0,41.0,83.0
2026-08-13 03:15:00,115,63,178,2026-08-13,3,157.0,104.0,261.0
2026-08-13 03:30:00,253,40,293,2026-08-13,3,410.0,144.0,554.0
2026-08-13 03:45:00,474,63,537,2026-08-13,3,884.0,207.0,1091.0
2026-08-13 04:00:00,606,33,639,2026-08-13,4,1448.0,199.0,1647.0
2026-08-13 04:15:00,557,34,591,2026-08-13,4,1890.0,170.0,2060.0
2026-08-13 04:30:00,539,53,592,2026-08-13,4,2176.0,183.0,2359.0
2026-08-13 04:45:00,568,65,633,2026-08-13,4,2270.0,185.0,2455.0
2026-08-13 05:00:00,529,52,581,2026-08-13,5,2193.0,204.0,2397.0
2026-08-13 05:15:00,583,38,621,2026-08-13,5,2219.0,208.0,2427.0
2026-08-13 05:30:00,552,47,599,2026-08-13,5,2232.0,202.0,2434.0
2026-08-13 05:45:00,495,64,559,2026-08-13,5,2159.0,201.0,2360.0
2026-08-13 06:00:00,493,47,540,2026-08-13,6,2123.0,196.0,2319.0
2026-08-13 06:15:00,488,48,536,2026-08-13,6,2028.0,206.0,2234.0
2026-08-13 06:30:00,471,34,505,2026-08-13,6,1947.0,193.0,2140.0
2026-08-13 06:45:00,462,40,502,2026-08-13,6,1914.0,169.0,2083.0
2026-08-13 07:00:00,457,44,501,2026-08-13,7,1878.0,166.0,2044.0
2026-08-13 07:15:00,439,49,488,2026-08-13,7,1829.0,167.0,1996.0
2026-08-13 07:30:00,485,44,529,2026-08-13,7,1843.0,177.0,2020.0
2026-08-13 07:45:00,469,39,508,2026-08-13,7,1850.0,176.0,2026.0
2026-08-13 08:00:00,399,30,429,2026-08-13,8,1792.0,162.0,1954.0
2026-08-13 08:15:00,361,26,387,2026-08-13,8,1714.0,139.0,1853.0
2026-08-13 08:30:00,478,27,505,2026-08-13,8,1707.0,122.0,1829.0
2026-08-13 08:45:00,532,25,557,2026-08-13,8,1770.0,108.0,1878.0
2026-08-13 09:00:00,554,30,584,2026-08-13,9,1925.0,108.0,2033.0
2026-08-13 09:15:00,592,41,633,2026-08-13,9,2156.0,123.0,2279.0
2026-08-13 09:30:00,599,56,655,2026-08-13,9,2277.0,152.0,2429.0
2026-08-13 09:45:00,555,65,620,2026-08-13,9,2300.0,192.0,2492.0
2026-08-13 10:00:00,622,53,675,2026-08-13,10,2368.0,215.0,2583.0
2026-08-13 10:15:00,574,62,636,2026-08-13,10,2350.0,236.0,2586.0
2026-08-13 10:30:00,448,61,509,2026-08-13,10,2199.0,241.0,2440.0
2026-08-13 10:45:00,496,52,548,2026-08-13,10,2140.0,228.0,2368.0
2026-08-13 11:00:00,466,47,513,2026-08-13,11,1984.0,222.0,2206.0
2026-08-13 11:15:00,463,46,509,2026-08-13,11,1873.0,206.0,2079.0
2026-08-13 11:30:00,449,65,514,2026-08-13,11,1874.0,210.0,2084.0
2026-08-13 11:45:00,463,68,531,2026-08-13,11,1841.0,226.0,2067.0
2026-08-13 12:00:00,461,50,511,2026-08-13,12,1836.0,229.0,2065.0
2026-08-13 12:15:00,479,58,537,2026-08-13,12,1852.0,241.0,2093.0
2026-08-13 12:30:00,500,65,565,2026-08-13,12,1903.0,241.0,2144.0
2026-08-13 12:45:00,508,59,567,2026-08-13,12,1948.0,232.0,2180.0
2026-08-13 13:00:00,504,40,544,2026-08-13,13,1991.0,222.0,2213.0
2026-08-13 13:15:00,493,46,539,2026-08-13,13,2005.0,210.0,2215.0
2026-08-13 13:30:00,445,32,477,2026-08-13,13,1950.0,177.0,2127.0
2026-08-13 13:45:00,464,33,497,2026-08-13,13,1906.0,151.0,2057.0
2026-08-13 14:00:00,422,36,458,2026-08-13,14,1824.0,147.0,1971.0
2026-08-13 14:15:00,389,31,420,2026-08-13,14,1720.0,132.0,1852.0
2026-08-13 14:30:00,378,29,407,2026-08-13,14,1653.0,129.0,1782.0
2026-08-13 14:45:00,428,33,461,2026-08-13,14,1617.0,129.0,1746.0
2026-08-13 15:00:00,369,31,400,2026-08-13,15,1564.0,124.0,1688.0
2026-08-13 15:15:00,348,27,375,2026-08-13,15,1523.0,120.0,1643.0
2026-08-13 15:30:00,262,34,296,2026-08-13,15,1407.0,125.0,1532.0
2026-08-13 15:45:00,271,23,294,2026-08-13,15,1250.0,115.0,1365.0
2026-08-13 16:00:00,239,20,259,2026-08-13,16,1120.0,104.0,1224.0
2026-08-13 16:15:00,248,24,272,2026-08-13,16,1020.0,101.0,1121.0
2026-08-13 16:30:00,298,15,313,2026-08-13,16,1056.0,82.0,1138.0
2026-08-13 16:45:00,340,14,354,2026-08-13,16,1125.0,73.0,1198.0
2026-08-13 17:00:00,340,18,358,2026-08-13,17,1226.0,71.0,1297.0
2026-08-13 17:15:00,364,16,380,2026-08-13,17,1342.0,63.0,1405.0
2026-08-13 17:30:00,389,18,407,2026-08-13,17,1433.0,66.0,1499.0
2026-08-13 17:45:00,382,18,400,2026-08-13,17,1475.0,70.0,1545.0
2026-08-13 18:00:00,399,21,420,2026-08-13,18,1534.0,73.0,1607.0
2026-08-13 18:15:00,364,20,384,2026-08-13,18,1534.0,77.0,1611.0
2026-08-13 18:30:00,275,14,289,2026-08-13,18,1420.0,73.0,1493.0
2026-08-13 18:45:00,220,21,241,2026-08-13,18,1258.0,76.0,1334.0
2026-08-13 19:00:00,193,12,205,2026-08-13,19,1052.0,67.0,1119.0
2026-08-13 19:15:00,206,13,219,2026-08-13,19,894.0,60.0,954.0
2026-08-13 19:30:00,202,15,217,2026-08-13,19,821.0,61.0,882.0
2026-08-13 19:45:00,196,16,212,2026-08-13,19,797.0,56.0,853.0
2026-08-13 20:00:00,169,21,190,2026-08-13,20,773.0,65.0,838.0
2026-08-13 20:15:00,117,24,141,2026-08-13,20,684.0,76.0,760.0
2026-08-13 20:30:00,63,12,75,2026-08-13,20,545.0,73.0,618.0
2026-08-13 20:45:00,51,12,63,2026-08-13,20,400.0,69.0,469.0
2026-08-13 21:00:00,35,18,53,2026-08-13,21,266.0,66.0,332.0
2026-08-13 21:15:00,25,20,45,2026-08-13,21,174.0,62.0,236.0
2026-08-13 21:30:00,6,13,19,2026-08-13,21,117.0,63.0,180.0
2026-08-13 21:45:00,2,8,10,2026-08-13,21,68.0,59.0,127.0
2026-08-13 22:00:00,0,6,6,2026-08-13,22,33.0,47.0,80.0
2026-08-13 22:15:00,0,7,7,2026-08-13,22,8.0,34.0,42.0
2026-08-13 22:30:00,0,7,7,2026-08-13,22,2.0,28.0,30.0
2026-08-13 22:45:00,0,7,7,2026-08-13,22,0.0,27.0,27.0
2026-08-13 23:00:00,0,5,5,2026-08-13,23,0.0,26.0,26.0
2026-08-13 23:15:00,0,5,5,2026-08-13,23,0.0,24.0,24.0
2026-08-13 23:30:00,1,1,2,2026-08-13,23,1.0,18.0,19.0
2026-08-13 23:45:00,2,2,4,2026-08-13,23,3.0,13.0,16.0
2026-08-14 03:00:00,19,46,65,2026-08-14,3,19.0,46.0,65.0
2026-08-14 03:15:00,67,69,136,2026-08-14,3,86.0,115.0,201.0
2026-08-14 03:30:00,237,41,278,2026-08-14,3,323.0,156.0,479.0
2026-08-14 03:45:00,542,68,610,2026-08-14,3,865.0,224.0,1089.0
2026-08-14 04:00:00,669,32,701,2026-08-14,4,1515.0,210.0,1725.0
2026-08-14 04:15:00,759,33,792,2026-08-14,4,2207.0,174.0,2381.0
2026-08-14 04:30:00,729,55,784,2026-08-14,4,2699.0,188.0,2887.0
2026-08-14 04:45:00,698,75,773,2026-08-14,4,2855.0,195.0,3050.0
2026-08-14 05:00:00,703,67,770,2026-08-14,5,2889.0,230.0,3119.0
2026-08-14 05:15:00,648,53,701,2026-08-14,5,2778.0,250.0,3028.0
2026-08-14 05:30:00,453,51,504,2026-08-14,5,2502.0,246.0,2748.0
2026-08-14 05:45:00,322,65,387,2026-08-14,5,2126.0,236.0,2362.0
2026-08-14 06:00:00,346,36,382,2026-08-14,6,1769.0,205.0,1974.0
2026-08-14 06:15:00,404,47,451,2026-08-14,6,1525.0,199.0,1724.0
2026-08-14 06:30:00,540,44,584,2026-08-14,6,1612.0,192.0,1804.0
2026-08-14 06:45:00,485,45,530,2026-08-14,6,1775.0,172.0,1947.0
2026-08-14 07:00:00,470,34,504,2026-08-14,7,1899.0,170.0,2069.0
2026-08-14 07:15:00,498,51,549,2026-08-14,7,1993.0,174.0,2167.0
2026-08-14 07:30:00,511,41,552,2026-08-14,7,1964.0,171.0,2135.0
2026-08-14 07:45:00,497,35,532,2026-08-14,7,1976.0,161.0,2137.0
2026-08-14 08:00:00,395,35,430,2026-08-14,8,1901.0,162.0,2063.0
2026-08-14 08:15:00,469,25,494,2026-08-14,8,1872.0,136.0,2008.0
2026-08-14 08:30:00,440,34,474,2026-08-14,8,1801.0,129.0,1930.0
2026-08-14 08:45:00,416,28,444,2026-08-14,8,1720.0,122.0,1842.0
2026-08-14 09:00:00,453,30,483,2026-08-14,9,1778.0,117.0,1895.0
2026-08-14 09:15:00,448,32,480,2026-08-14,9,1757.0,124.0,1881.0
2026-08-14 09:30:00,418,61,479,2026-08-14,9,1735.0,151.0,1886.0
2026-08-14 09:45:00,433,62,495,2026-08-14,9,1752.0,185.0,1937.0
2026-08-14 10:00:00,427,57,484,2026-08-14,10,1726.0,212.0,1938.0
2026-08-14 10:15:00,424,50,474,2026-08-14,10,1702.0,230.0,1932.0
2026-08-14 10:30:00,423,45,468,2026-08-14,10,1707.0,214.0,1921.0
2026-08-14 10:45:00,392,43,435,2026-08-14,10,1666.0,195.0,1861.0
2026-08-14 11:00:00,415,42,457,2026-08-14,11,1654.0,180.0,1834.0
2026-08-14 11:15:00,514,45,559,2026-08-14,11,1744.0,175.0,1919.0
2026-08-14 11:30:00,507,70,577,2026-08-14,11,1828.0,200.0,2028.0
2026-08-14 11:45:00,565,79,644,2026-08-14,11,2001.0,236.0,2237.0
2026-08-14 12:00:00,619,66,685,2026-08-14,12,2205.0,260.0,2465.0
2026-08-14 12:15:00,633,56,689,2026-08-14,12,2324.0,271.0,2595.0
2026-08-14 12:30:00,595,65,660,2026-08-14,12,2412.0,266.0,2678.0
2026-08-14 12:45:00,599,54,653,2026-08-14,12,2446.0,241.0,2687.0
2026-08-14 13:00:00,511,42,553,2026-08-14,13,2338.0,217.0,2555.0
2026-08-14 13:15:00,469,47,516,2026-08-14,13,2174.0,208.0,2382.0
2026-08-14 13:30:00,493,55,548,2026-08-14,13,2072.0,198.0,2270.0
2026-08-14 13:45:00,431,45,476,2026-08-14,13,1904.0,189.0,2093.0
2026-08-14 14:00:00,348,34,382,2026-08-14,14,1741.0,181.0,1922.0
2026-08-14 14:15:00,291,42,333,2026-08-14,14,1563.0,176.0,1739.0
2026-08-14 14:30:00,259,33,292,2026-08-14,14,1329.0,154.0,1483.0
2026-08-14 14:45:00,330,26,356,2026-08-14,14,1228.0,135.0,1363.0
2026-08-14 15:00:00,392,22,414,2026-08-14,15,1272.0,123.0,1395.0
2026-08-14 15:15:00,486,22,508,2026-08-14,15,1467.0,103.0,1570.0
2026-08-14 15:30:00,456,29,485,2026-08-14,15,1664.0,99.0,1763.0
2026-08-14 15:45:00,489,25,514,2026-08-14,15,1823.0,98.0,1921.0
2026-08-14 16:00:00,491,21,512,2026-08-14,16,1922.0,97.0,2019.0
2026-08-14 16:15:00,530,25,555,2026-08-14,16,1966.0,100.0,2066.0
2026-08-14 16:30:00,540,20,560,2026-08-14,16,2050.0,91.0,2141.0
2026-08-14 16:45:00,512,20,532,2026-08-14,16,2073.0,86.0,2159.0
2026-08-14 17:00:00,473,22,495,2026-08-14,17,2055.0,87.0,2142.0
2026-08-14 17:15:00,416,10,426,2026-08-14,17,1941.0,72.0,2013.0
2026-08-14 17:30:00,425,14,439,2026-08-14,17,1826.0,66.0,1892.0
2026-08-14 17:45:00,410,18,428,2026-08-14,17,1724.0,64.0,1788.0
2026-08-14 18:00:00,379,18,397,2026-08-14,18,1630.0,60.0,1690.0
2026-08-14 18:15:00,353,22,375,2026-08-14,18,1567.0,72.0,1639.0
2026-08-14 18:30:00,318,14,332,2026-08-14,18,1460.0,72.0,1532.0
2026-08-14 18:45:00,250,14,264,2026-08-14,18,1300.0,68.0,1368.0
2026-08-14 19:00:00,216,13,229,2026-08-14,19,1137.0,63.0,1200.0
2026-08-14 19:15:00,201,13,214,2026-08-14,19,985.0,54.0,1039.0
2026-08-14 19:30:00,178,11,189,2026-08-14,19,845.0,51.0,896.0
2026-08-14 19:45:00,168,14,182,2026-08-14,19,763.0,51.0,814.0
2026-08-14 20:00:00,133,10,143,2026-08-14,20,680.0,48.0,728.0
2026-08-14 20:15:00,108,19,127,2026-08-14,20,587.0,54.0,641.0
2026-08-14 20:30:00,101,12,113,2026-08-14,20,510.0,55.0,565.0
2026-08-14 20:45:00,96,10,106,2026-08-14,20,438.0,51.0,489.0
2026-08-14 21:00:00,38,16,54,2026-08-14,21,343.0,57.0,400.0
2026-08-14 21:15:00,22,22,44,2026-08-14,21,257.0,60.0,317.0
2026-08-14 21:30:00,15,12,27,2026-08-14,21,171.0,60.0,231.0
2026-08-14 21:45:00,19,11,30,2026-08-14,21,94.0,61.0,155.0
2026-08-14 22:00:00,15,8,23,2026-08-14,22,71.0,53.0,124.0
2026-08-14 22:15:00,14,10,24,2026-08-14,22,63.0,41.0,104.0
2026-08-14 22:30:00,13,4,17,2026-08-14,22,61.0,33.0,94.0
2026-08-14 22:45:00,9,6,15,2026-08-14,22,51.0,28.0,79.0
2026-08-14 23:00:00,5,5,10,2026-08-14,23,41.0,25.0,66.0
2026-08-14 23:15:00,2,4,6,2026-08-14,23,29.0,19.0,48.0
2026-08-14 23:30:00,3,4,7,2026-08-14,23,19.0,19.0,38.0
2026-08-14 23:45:00,2,4,6,2026-08-14,23,12.0,17.0,29.0
2026-08-15 03:00:00,50,39,89,2026-08-15,3,50.0,39.0,89.0
2026-08-15 03:15:00,127,60,187,2026-08-15,3,177.0,99.0,276.0
2026-08-15 03:30:00,278,43,321,2026-08-15,3,455.0,142.0,597.0
2026-08-15 03:45:00,450,59,509,2026-08-15,3,905.0,201.0,1106.0
2026-08-15 04:00:00,636,38,674,2026-08-15,4,1491.0,200.0,1691.0
2026-08-15 04:15:00,671,28,699,2026-08-15,4,2035.0,168.0,2203.0
2026-08-15 04:30:00,704,46,750,2026-08-15,4,2461.0,171.0,2632.0
2026-08-15 04:45:00,654,70,724,2026-08-15,4,2665.0,182.0,2847.0
2026-08-15 05:00:00,642,54,696,2026-08-15,5,2671.0,198.0,2869.0
2026-08-15 05:15:00,597,39,636,2026-08-15,5,2597.0,209.0,2806.0
2026-08-15 05:30:00,509,39,548,2026-08-15,5,2402.0,202.0,2604.0
2026-08-15 05:45:00,486,56,542,2026-08-15,5,2234.0,188.0,2422.0
2026-08-15 06:00:00,415,40,455,2026-08-15,6,2007.0,174.0,2181.0
2026-08-15 06:15:00,493,36,529,2026-08-15,6,1903.0,171.0,2074.0
2026-08-15 06:30:00,514,35,549,2026-08-15,6,1908.0,167.0,2075.0
2026-08-15 06:45:00,557,33,590,2026-08-15,6,1979.0,144.0,2123.0
2026-08-15 07:00:00,618,24,642,2026-08-15,7,2182.0,128.0,2310.0
2026-08-15 07:15:00,605,50,655,2026-08-15,7,2294.0,142.0,2436.0
2026-08-15 07:30:00,580,26,606,2026-08-15,7,2360.0,133.0,2493.0
2026-08-15 07:45:00,485,29,514,2026-08-15,7,2288.0,129.0,2417.0
2026-08-15 08:00:00,392,25,417,2026-08-15,8,2062.0,130.0,2192.0
2026-08-15 08:15:00,427,20,447,2026-08-15,8,1884.0,100.0,1984.0
2026-08-15 08:30:00,481,21,502,2026-08-15,8,1785.0,95.0,1880.0
2026-08-15 08:45:00,570,19,589,2026-08-15,8,1870.0,85.0,1955.0
2026-08-15 09:00:00,578,22,600,2026-08-15,9,2056.0,82.0,2138.0
2026-08-15 09:15:00,604,31,635,2026-08-15,9,2233.0,93.0,2326.0
2026-08-15 09:30:00,562,46,608,2026-08-15,9,2314.0,118.0,2432.0
2026-08-15 09:45:00,514,39,553,2026-08-15,9,2258.0,138.0,2396.0
2026-08-15 10:00:00,570,34,604,2026-08-15,10,2250.0,150.0,2400.0
2026-08-15 10:15:00,559,46,605,2026-08-15,10,2205.0,165.0,2370.0
2026-08-15 10:30:00,506,50,556,2026-08-15,10,2149.0,169.0,2318.0
2026-08-15 10:45:00,568,53,621,2026-08-15,10,2203.0,183.0,2386.0
2026-08-15 11:00:00,556,45,601,2026-08-15,11,2189.0,194.0,2383.0
2026-08-15 11:15:00,594,48,642,2026-08-15,11,2224.0,196.0,2420.0
2026-08-15 11:30:00,538,58,596,2026-08-15,11,2256.0,204.0,2460.0
2026-08-15 11:45:00,504,63,567,2026-08-15,11,2192.0,214.0,2406.0
2026-08-15 12:00:00,514,49,563,2026-08-15,12,2150.0,218.0,2368.0
2026-08-15 12:15:00,465,45,510,2026-08-15,12,2021.0,215.0,2236.0
2026-08-15 12:30:00,425,46,471,2026-08-15,12,1908.0,203.0,2111.0
2026-08-15 12:45:00,455,42,497,2026-08-15,12,1859.0,182.0,2041.0
2026-08-15 13:00:00,399,35,434,2026-08-15,13,1744.0,168.0,1912.0
2026-08-15 13:15:00,355,39,394,2026-08-15,13,1634.0,162.0,1796.0
2026-08-15 13:30:00,335,45,380,2026-08-15,13,1544.0,161.0,1705.0
2026-08-15 13:45:00,372,36,408,2026-08-15,13,1461.0,155.0,1616.0
2026-08-15 14:00:00,354,23,377,2026-08-15,14,1416.0,143.0,1559.0
2026-08-15 14:15:00,304,23,327,2026-08-15,14,1365.0,127.0,1492.0
2026-08-15 14:30:00,303,26,329,2026-08-15,14,1333.0,108.0,1441.0
2026-08-15 14:45:00,315,17,332,2026-08-15,14,1276.0,89.0,1365.0
2026-08-15 15:00:00,342,19,361,2026-08-15,15,1264.0,85.0,1349.0
2026-08-15 15:15:00,340,26,366,2026-08-15,15,1300.0,88.0,1388.0
2026-08-15 15:30:00,396,28,424,2026-08-15,15,1393.0,90.0,1483.0
2026-08-15 15:45:00,376,23,399,2026-08-15,15,1454.0,96.0,1550.0
2026-08-15 16:00:00,365,15,380,2026-08-15,16,1477.0,92.0,1569.0
2026-08-15 16:15:00,321,26,347,2026-08-15,16,1458.0,92.0,1550.0
2026-08-15 16:30:00,288,22,310,2026-08-15,16,1350.0,86.0,1436.0
2026-08-15 16:45:00,270,13,283,2026-08-15,16,1244.0,76.0,1320.0
2026-08-15 17:00:00,264,12,276,2026-08-15,17,1143.0,73.0,1216.0
2026-08-15 17:15:00,269,13,282,2026-08-15,17,1091.0,60.0,1151.0
2026-08-15 17:30:00,285,18,303,2026-08-15,17,1088.0,56.0,1144.0
2026-08-15 17:45:00,282,16,298,2026-08-15,17,1100.0,59.0,1159.0
2026-08-15 18:00:00,223,17,240,2026-08-15,18,1059.0,64.0,1123.0
2026-08-15 18:15:00,150,14,164,2026-08-15,18,940.0,65.0,1005.0
2026-08-15 18:30:00,119,11,130,2026-08-15,18,774.0,58.0,832.0
2026-08-15 18:45:00,103,14,117,2026-08-15,18,595.0,56.0,651.0
2026-08-15 19:00:00,82,14,96,2026-08-15,19,454.0,53.0,507.0
2026-08-15 19:15:00,81,10,91,2026-08-15,19,385.0,49.0,434.0
2026-08-15 19:30:00,79,12,91,2026-08-15,19,345.0,50.0,395.0
2026-08-15 19:45:00,90,11,101,2026-08-15,19,332.0,47.0,379.0
2026-08-15 20:00:00,64,13,77,2026-08-15,20,314.0,46.0,360.0
2026-08-15 20:15:00,49,14,63,2026-08-15,20,282.0,50.0,332.0
2026-08-15 20:30:00,29,10,39,2026-08-15,20,232.0,48.0,280.0
2026-08-15 20:45:00,14,8,22,2026-08-15,20,156.0,45.0,201.0
2026-08-15 21:00:00,7,13,20,2026-08-15,21,99.0,45.0,144.0
2026-08-15 21:15:00,5,11,16,2026-08-15,21,55.0,42.0,97.0
2026-08-15 21:30:00,0,11,11,2026-08-15,21,26.0,43.0,69.0
2026-08-15 21:45:00,0,7,7,2026-08-15,21,12.0,42.0,54.0
2026-08-15 22:00:00,0,7,7,2026-08-15,22,5.0,36.0,41.0
2026-08-15 22:15:00,0,7,7,2026-08-15,22,0.0,32.0,32.0
2026-08-15 22:30:00,0,2,2,2026-08-15,22,0.0,23.0,23.0
2026-08-15 22:45:00,0,2,2,2026-08-15,22,0.0,18.0,18.0
2026-08-15 23:00:00,0,6,6,2026-08-15,23,0.0,17.0,17.0
2026-08-15 23:15:00,0,8,8,2026-08-15,23,0.0,18.0,18.0
2026-08-15 23:30:00,0,5,5,2026-08-15,23,0.0,21.0,21.0
2026-08-15 23:45:00,0,4,4,2026-08-15,23,0.0,23.0,23.0
2026-08-16 03:00:00,101,42,143,2026-08-16,3,101.0,42.0,143.0
2026-08-16 03:15:00,222,54,276,2026-08-16,3,323.0,96.0,419.0
2026-08-16 03:30:00,353,37,390,2026-08-16,3,676.0,133.0,809.0
2026-08-16 03:45:00,516,62,578,2026-08-16,3,1192.0,195.0,1387.0
2026-08-16 04:00:00,596,34,630,2026-08-16,4,1687.0,187.0,1874.0
2026-08-16 04:15:00,613,38,651,2026-08-16,4,2078.0,171.0,2249.0
2026-08-16 04:30:00,587,50,637,2026-08-16,4,2312.0,184.0,2496.0
2026-08-16 04:45:00,599,74,673,2026-08-16,4,2395.0,196.0,2591.0
2026-08-16 05:00:00,495,38,533,2026-08-16,5,2294.0,200.0,2494.0
2026-08-16 05:15:00,533,37,570,2026-08-16,5,2214.0,199.0,2413.0
2026-08-16 05:30:00,448,50,498,2026-08-16,5,2075.0,199.0,2274.0
2026-08-16 05:45:00,402,63,465,2026-08-16,5,1878.0,188.0,2066.0
2026-08-16 06:00:00,397,50,447,2026-08-16,6,1780.0,200.0,1980.0
2026-08-16 06:15:00,428,38,466,2026-08-16,6,1675.0,201.0,1876.0
2026-08-16 06:30:00,396,29,425,2026-08-16,6,1623.0,180.0,1803.0
2026-08-16 06:45:00,361,35,396,2026-08-16,6,1582.0,152.0,1734.0
2026-08-16 07:00:00,341,33,374,2026-08-16,7,1526.0,135.0,1661.0
2026-08-16 07:15:00,391,37,428,2026-08-16,7,1489.0,134.0,1623.0
2026-08-16 07:30:00,388,30,418,2026-08-16,7,1481.0,135.0,1616.0
2026-08-16 07:45:00,385,25,410,2026-08-16,7,1505.0,125.0,1630.0
2026-08-16 08:00:00,385,25,410,2026-08-16,8,1549.0,117.0,1666.0
2026-08-16 08:15:00,455,23,478,2026-08-16,8,1613.0,103.0,1716.0
2026-08-16 08:30:00,497,27,524,2026-08-16,8,1722.0,100.0,1822.0
2026-08-16 08:45:00,541,28,569,2026-08-16,8,1878.0,103.0,1981.0
2026-08-16 09:00:00,638,28,666,2026-08-16,9,2131.0,106.0,2237.0
2026-08-16 09:15:00,632,25,657,2026-08-16,9,2308.0,108.0,2416.0
2026-08-16 09:30:00,613,38,651,2026-08-16,9,2424.0,119.0,2543.0
2026-08-16 09:45:00,550,54,604,2026-08-16,9,2433.0,145.0,2578.0
2026-08-16 10:00:00,541,52,593,2026-08-16,10,2336.0,169.0,2505.0
2026-08-16 10:15:00,644,42,686,2026-08-16,10,2348.0,186.0,2534.0
2026-08-16 10:30:00,596,42,638,2026-08-16,10,2331.0,190.0,2521.0
2026-08-16 10:45:00,627,58,685,2026-08-16,10,2408.0,194.0,2602.0
2026-08-16 11:00:00,584,42,626,2026-08-16,11,2451.0,184.0,2635.0
2026-08-16 11:15:00,613,47,660,2026-08-16,11,2420.0,189.0,2609.0
2026-08-16 11:30:00,630,59,689,2026-08-16,11,2454.0,206.0,2660.0
2026-08-16 11:45:00,568,58,626,2026-08-16,11,2395.0,206.0,2601.0
2026-08-16 12:00:00,587,55,642,2026-08-16,12,2398.0,219.0,2617.0
2026-08-16 12:15:00,517,56,573,2026-08-16,12,2302.0,228.0,2530.0
2026-08-16 12:30:00,463,56,519,2026-08-16,12,2135.0,225.0,2360.0
2026-08-16 12:45:00,437,54,491,2026-08-16,12,2004.0,221.0,2225.0
2026-08-16 13:00:00,438,40,478,2026-08-16,13,1855.0,206.0,2061.0
2026-08-16 13:15:00,428,31,459,2026-08-16,13,1766.0,181.0,1947.0
2026-08-16 13:30:00,462,45,507,2026-08-16,13,1765.0,170.0,1935.0
2026-08-16 13:45:00,466,32,498,2026-08-16,13,1794.0,148.0,1942.0
2026-08-16 14:00:00,415,26,441,2026-08-16,14,1771.0,134.0,1905.0
2026-08-16 14:15:00,435,32,467,2026-08-16,14,1778.0,135.0,1913.0
2026-08-16 14:30:00,429,30,459,2026-08-16,14,1745.0,120.0,1865.0
2026-08-16 14:45:00,427,26,453,2026-08-16,14,1706.0,114.0,1820.0
2026-08-16 15:00:00,418,25,443,2026-08-16,15,1709.0,113.0,1822.0
2026-08-16 15:15:00,422,21,443,2026-08-16,15,1696.0,102.0,1798.0
2026-08-16 15:30:00,455,26,481,2026-08-16,15,1722.0,98.0,1820.0
2026-08-16 15:45:00,455,26,481,2026-08-16,15,1750.0,98.0,1848.0
2026-08-16 16:00:00,421,27,448,2026-08-16,16,1753.0,100.0,1853.0
2026-08-16 16:15:00,371,20,391,2026-08-16,16,1702.0,99.0,1801.0
2026-08-16 16:30:00,303,15,318,2026-08-16,16,1550.0,88.0,1638.0
2026-08-16 16:45:00,290,17,307,2026-08-16,16,1385.0,79.0,1464.0
2026-08-16 17:00:00,321,12,333,2026-08-16,17,1285.0,64.0,1349.0
2026-08-16 17:15:00,283,14,297,2026-08-16,17,1197.0,58.0,1255.0
2026-08-16 17:30:00,344,16,360,2026-08-16,17,1238.0,59.0,1297.0
2026-08-16 17:45:00,319,14,333,2026-08-16,17,1267.0,56.0,1323.0
2026-08-16 18:00:00,381,17,398,2026-08-16,18,1327.0,61.0,1388.0
2026-08-16 18:15:00,432,17,449,2026-08-16,18,1476.0,64.0,1540.0
2026-08-16 18:30:00,396,14,410,2026-08-16,18,1528.0,62.0,1590.0
2026-08-16 18:45:00,405,14,419,2026-08-16,18,1614.0,62.0,1676.0
2026-08-16 19:00:00,293,13,306,2026-08-16,19,1526.0,58.0,1584.0
2026-08-16 19:15:00,271,14,285,2026-08-16,19,1365.0,55.0,1420.0
2026-08-16 19:30:00,205,15,220,2026-08-16,19,1174.0,56.0,1230.0
2026-08-16 19:45:00,158,11,169,2026-08-16,19,927.0,53.0,980.0
2026-08-16 20:00:00,124,10,134,2026-08-16,20,758.0,50.0,808.0
2026-08-16 20:15:00,98,23,121,2026-08-16,20,585.0,59.0,644.0
2026-08-16 20:30:00,56,11,67,2026-08-16,20,436.0,55.0,491.0
2026-08-16 20:45:00,39,8,47,2026-08-16,20,317.0,52.0,369.0
2026-08-16 21:00:00,26,15,41,2026-08-16,21,219.0,57.0,276.0
2026-08-16 21:15:00,18,12,30,2026-08-16,21,139.0,46.0,185.0
2026-08-16 21:30:00,18,9,27,2026-08-16,21,101.0,44.0,145.0
2026-08-16 21:45:00,17,9,26,2026-08-16,21,79.0,45.0,124.0
2026-08-16 22:00:00,26,3,29,2026-08-16,22,79.0,33.0,112.0
2026-08-16 22:15:00,17,6,23,2026-08-16,22,78.0,27.0,105.0
2026-08-16 22:30:00,10,4,14,2026-08-16,22,70.0,22.0,92.0
2026-08-16 22:45:00,9,4,13,2026-08-16,22,62.0,17.0,79.0
2026-08-16 23:00:00,2,4,6,2026-08-16,23,38.0,18.0,56.0
2026-08-16 23:15:00,0,3,3,2026-08-16,23,21.0,15.0,36.0
2026-08-16 23:30:00,0,4,4,2026-08-16,23,11.0,15.0,26.0
2026-08-16 23:45:00,0,1,1,2026-08-16,23,2.0,12.0,14.0
2026-08-17 03:00:00,49,48,97,2026-08-17,3,49.0,48.0,97.0
2026-08-17 03:15:00,136,48,184,2026-08-17,3,185.0,96.0,281.0
2026-08-17 03:30:00,252,39,291,2026-08-17,3,437.0,135.0,572.0
2026-08-17 03:45:00,488,52,540,2026-08-17,3,925.0,187.0,1112.0
2026-08-17 04:00:00,574,35,609,2026-08-17,4,1450.0,174.0,1624.0
2026-08-17 04:15:00,675,36,711,2026-08-17,4,1989.0,162.0,2151.0
2026-08-17 04:30:00,711,53,764,2026-08-17,4,2448.0,176.0,2624.0
2026-08-17 04:45:00,601,75,676,2026-08-17,4,2561.0,199.0,2760.0
2026-08-17 05:00:00,626,52,678,2026-08-17,5,2613.0,216.0,2829.0
2026-08-17 05:15:00,630,44,674,2026-08-17,5,2568.0,224.0,2792.0
2026-08-17 05:30:00,568,42,610,2026-08-17,5,2425.0,213.0,2638.0
2026-08-17 05:45:00,537,53,590,2026-08-17,5,2361.0,191.0,2552.0
2026-08-17 06:00:00,493,43,536,2026-08-17,6,2228.0,182.0,2410.0
2026-08-17 06:15:00,430,46,476,2026-08-17,6,2028.0,184.0,2212.0
2026-08-17 06:30:00,429,42,471,2026-08-17,6,1889.0,184.0,2073.0
2026-08-17 06:45:00,447,46,493,2026-08-17,6,1799.0,177.0,1976.0
2026-08-17 07:00:00,424,31,455,2026-08-17,7,1730.0,165.0,1895.0
2026-08-17 07:15:00,519,33,552,2026-08-17,7,1819.0,152.0,1971.0
2026-08-17 07:30:00,534,28,562,2026-08-17,7,1924.0,138.0,2062.0
2026-08-17 07:45:00,559,41,600,2026-08-17,7,2036.0,133.0,2169.0
2026-08-17 08:00:00,531,40,571,2026-08-17,8,2143.0,142.0,2285.0
2026-08-17 08:15:00,507,22,529,2026-08-17,8,2131.0,131.0,2262.0
2026-08-17 08:30:00,542,34,576,2026-08-17,8,2139.0,137.0,2276.0
2026-08-17 08:45:00,545,23,568,2026-08-17,8,2125.0,119.0,2244.0
2026-08-17 09:00:00,523,32,555,2026-08-17,9,2117.0,111.0,2228.0
2026-08-17 09:15:00,537,37,574,2026-08-17,9,2147.0,126.0,2273.0
2026-08-17 09:30:00,617,56,673,2026-08-17,9,2222.0,148.0,2370.0
2026-08-17 09:45:00,558,53,611,2026-08-17,9,2235.0,178.0,2413.0
2026-08-17 10:00:00,544,58,602,2026-08-17,10,2256.0,204.0,2460.0
2026-08-17 10:15:00,533,49,582,2026-08-17,10,2252.0,216.0,2468.0
2026-08-17 10:30:00,560,35,595,2026-08-17,10,2195.0,195.0,2390.0
2026-08-17 10:45:00,559,45,604,2026-08-17,10,2196.0,187.0,2383.0
2026-08-17 11:00:00,590,38,628,2026-08-17,11,2242.0,167.0,2409.0
2026-08-17 11:15:00,622,47,669,2026-08-17,11,2331.0,165.0,2496.0
2026-08-17 11:30:00,665,63,728,2026-08-17,11,2436.0,193.0,2629.0
2026-08-17 11:45:00,685,61,746,2026-08-17,11,2562.0,209.0,2771.0
2026-08-17 12:00:00,667,61,728,2026-08-17,12,2639.0,232.0,2871.0
2026-08-17 12:15:00,667,58,725,2026-08-17,12,2684.0,243.0,2927.0
2026-08-17 12:30:00,631,65,696,2026-08-17,12,2650.0,245.0,2895.0
2026-08-17 12:45:00,578,59,637,2026-08-17,12,2543.0,243.0,2786.0
2026-08-17 13:00:00,508,46,554,2026-08-17,13,2384.0,228.0,2612.0
2026-08-17 13:15:00,477,47,524,2026-08-17,13,2194.0,217.0,2411.0
2026-08-17 13:30:00,432,44,476,2026-08-17,13,1995.0,196.0,2191.0
2026-08-17 13:45:00,409,32,441,2026-08-17,13,1826.0,169.0,1995.0
2026-08-17 14:00:00,382,27,409,2026-08-17,14,1700.0,150.0,1850.0
2026-08-17 14:15:00,353,38,391,2026-08-17,14,1576.0,141.0,1717.0
2026-08-17 14:30:00,407,36,443,2026-08-17,14,1551.0,133.0,1684.0
2026-08-17 14:45:00,449,29,478,2026-08-17,14,1591.0,130.0,1721.0
2026-08-17 15:00:00,481,24,505,2026-08-17,15,1690.0,127.0,1817.0
2026-08-17 15:15:00,471,36,507,2026-08-17,15,1808.0,125.0,1933.0
2026-08-17 15:30:00,461,32,493,2026-08-17,15,1862.0,121.0,1983.0
2026-08-17 15:45:00,421,21,442,2026-08-17,15,1834.0,113.0,1947.0
2026-08-17 16:00:00,341,23,364,2026-08-17,16,1694.0,112.0,1806.0
2026-08-17 16:15:00,310,20,330,2026-08-17,16,1533.0,96.0,1629.0
2026-08-17 16:30:00,288,16,304,2026-08-17,16,1360.0,80.0,1440.0
2026-08-17 16:45:00,258,20,278,2026-08-17,16,1197.0,79.0,1276.0
2026-08-17 17:00:00,323,19,342,2026-08-17,17,1179.0,75.0,1254.0
2026-08-17 17:15:00,361,23,384,2026-08-17,17,1230.0,78.0,1308.0
2026-08-17 17:30:00,342,20,362,2026-08-17,17,1284.0,82.0,1366.0
2026-08-17 17:45:00,335,18,353,2026-08-17,17,1361.0,80.0,1441.0
2026-08-17 18:00:00,338,20,358,2026-08-17,18,1376.0,81.0,1457.0
2026-08-17 18:15:00,278,15,293,2026-08-17,18,1293.0,73.0,1366.0
2026-08-17 18:30:00,222,19,241,2026-08-17,18,1173.0,72.0,1245.0
2026-08-17 18:45:00,226,16,242,2026-08-17,18,1064.0,70.0,1134.0
2026-08-17 19:00:00,224,10,234,2026-08-17,19,950.0,60.0,1010.0
2026-08-17 19:15:00,220,15,235,2026-08-17,19,892.0,60.0,952.0
2026-08-17 19:30:00,180,13,193,2026-08-17,19,850.0,54.0,904.0
2026-08-17 19:45:00,147,12,159,2026-08-17,19,771.0,50.0,821.0
2026-08-17 20:00:00,139,12,151,2026-08-17,20,686.0,52.0,738.0
2026-08-17 20:15:00,114,17,131,2026-08-17,20,580.0,54.0,634.0
2026-08-17 20:30:00,75,14,89,2026-08-17,20,475.0,55.0,530.0
2026-08-17 20:45:00,43,13,56,2026-08-17,20,371.0,56.0,427.0
2026-08-17 21:00:00,17,12,29,2026-08-17,21,249.0,56.0,305.0
2026-08-17 21:15:00,3,15,18,2026-08-17,21,138.0,54.0,192.0
2026-08-17 21:30:00,2,9,11,2026-08-17,21,65.0,49.0,114.0
2026-08-17 21:45:00,0,6,6,2026-08-17,21,22.0,42.0,64.0
2026-08-17 22:00:00,0,6,6,2026-08-17,22,5.0,36.0,41.0
2026-08-17 22:15:00,0,7,7,2026-08-17,22,2.0,28.0,30.0
2026-08-17 22:30:00,0,4,4,2026-08-17,22,0.0,23.0,23.0
2026-08-17 22:45:00,0,4,4,2026-08-17,22,0.0,21.0,21.0
2026-08-17 23:00:00,0,4,4,2026-08-17,23,0.0,19.0,19.0
2026-08-17 23:15:00,0,2,2,2026-08-17,23,0.0,14.0,14.0
2026-08-17 23:30:00,1,3,4,2026-08-17,23,1.0,13.0,14.0
2026-08-17 23:45:00,2,2,4,2026-08-17,23,3.0,11.0,14.0
2026-08-18 03:00:00,38,34,72,2026-08-18,3,38.0,34.0,72.0
2026-08-18 03:15:00,100,45,145,2026-08-18,3,138.0,79.0,217.0
2026-08-18 03:30:00,297,45,342,2026-08-18,3,435.0,124.0,559.0
2026-08-18 03:45:00,471,55,526,2026-08-18,3,906.0,179.0,1085.0
2026-08-18 04:00:00,480,35,515,2026-08-18,4,1348.0,180.0,1528.0
2026-08-18 04:15:00,573,37,610,2026-08-18,4,1821.0,172.0,1993.0
2026-08-18 04:30:00,532,71,603,2026-08-18,4,2056.0,198.0,2254.0
2026-08-18 04:45:00,558,76,634,2026-08-18,4,2143.0,219.0,2362.0
2026-08-18 05:00:00,616,51,667,2026-08-18,5,2279.0,235.0,2514.0
2026-08-18 05:15:00,623,35,658,2026-08-18,5,2329.0,233.0,2562.0
2026-08-18 05:30:00,556,43,599,2026-08-18,5,2353.0,205.0,2558.0
2026-08-18 05:45:00,525,62,587,2026-08-18,5,2320.0,191.0,2511.0
2026-08-18 06:00:00,530,45,575,2026-08-18,6,2234.0,185.0,2419.0
2026-08-18 06:15:00,536,37,573,2026-08-18,6,2147.0,187.0,2334.0
2026-08-18 06:30:00,399,35,434,2026-08-18,6,1990.0,179.0,2169.0
2026-08-18 06:45:00,409,46,455,2026-08-18,6,1874.0,163.0,2037.0
2026-08-18 07:00:00,402,30,432,2026-08-18,7,1746.0,148.0,1894.0
2026-08-18 07:15:00,441,30,471,2026-08-18,7,1651.0,141.0,1792.0
2026-08-18 07:30:00,481,29,510,2026-08-18,7,1733.0,135.0,1868.0
2026-08-18 07:45:00,515,41,556,2026-08-18,7,1839.0,130.0,1969.0
2026-08-18 08:00:00,515,32,547,2026-08-18,8,1952.0,132.0,2084.0
2026-08-18 08:15:00,481,28,509,2026-08-18,8,1992.0,130.0,2122.0
2026-08-18 08:30:00,505,31,536,2026-08-18,8,2016.0,132.0,2148.0
2026-08-18 08:45:00,575,34,609,2026-08-18,8,2076.0,125.0,2201.0
2026-08-18 09:00:00,590,29,619,2026-08-18,9,2151.0,122.0,2273.0
2026-08-18 09:15:00,553,37,590,2026-08-18,9,2223.0,131.0,2354.0
2026-08-18 09:30:00,557,49,606,2026-08-18,9,2275.0,149.0,2424.0
2026-08-18 09:45:00,482,71,553,2026-08-18,9,2182.0,186.0,2368.0
2026-08-18 10:00:00,470,59,529,2026-08-18,10,2062.0,216.0,2278.0
2026-08-18 10:15:00,436,48,484,2026-08-18,10,1945.0,227.0,2172.0
2026-08-18 10:30:00,447,52,499,2026-08-18,10,1835.0,230.0,2065.0
2026-08-18 10:45:00,482,41,523,2026-08-18,10,1835.0,200.0,2035.0
2026-08-18 11:00:00,456,41,497,2026-08-18,11,1821.0,182.0,2003.0
2026-08-18 11:15:00,491,44,535,2026-08-18,11,1876.0,178.0,2054.0
2026-08-18 11:30:00,463,49,512,2026-08-18,11,1892.0,175.0,2067.0
2026-08-18 11:45:00,466,59,525,2026-08-18,11,1876.0,193.0,2069.0
2026-08-18 12:00:00,460,55,515,2026-08-18,12,1880.0,207.0,2087.0
2026-08-18 12:15:00,450,60,510,2026-08-18,12,1839.0,223.0,2062.0
2026-08-18 12:30:00,465,62,527,2026-08-18,12,1841.0,236.0,2077.0
2026-08-18 12:45:00,527,58,585,2026-08-18,12,1902.0,235.0,2137.0
2026-08-18 13:00:00,463,43,506,2026-08-18,13,1905.0,223.0,2128.0
2026-08-18 13:15:00,440,33,473,2026-08-18,13,1895.0,196.0,2091.0
2026-08-18 13:30:00,437,41,478,2026-08-18,13,1867.0,175.0,2042.0
2026-08-18 13:45:00,412,35,447,2026-08-18,13,1752.0,152.0,1904.0
2026-08-18 14:00:00,344,28,372,2026-08-18,14,1633.0,137.0,1770.0
2026-08-18 14:15:00,324,37,361,2026-08-18,14,1517.0,141.0,1658.0
2026-08-18 14:30:00,332,33,365,2026-08-18,14,1412.0,133.0,1545.0
2026-08-18 14:45:00,345,29,374,2026-08-18,14,1345.0,127.0,1472.0
2026-08-18 15:00:00,377,24,401,2026-08-18,15,1378.0,123.0,1501.0
2026-08-18 15:15:00,408,20,428,2026-08-18,15,1462.0,106.0,1568.0
2026-08-18 15:30:00,451,18,469,2026-08-18,15,1581.0,91.0,1672.0
2026-08-18 15:45:00,444,18,462,2026-08-18,15,1680.0,80.0,1760.0
2026-08-18 16:00:00,370,18,388,2026-08-18,16,1673.0,74.0,1747.0
2026-08-18 16:15:00,353,24,377,2026-08-18,16,1618.0,78.0,1696.0
2026-08-18 16:30:00,312,20,332,2026-08-18,16,1479.0,80.0,1559.0
2026-08-18 16:45:00,241,18,259,2026-08-18,16,1276.0,80.0,1356.0
2026-08-18 17:00:00,249,15,264,2026-08-18,17,1155.0,77.0,1232.0
2026-08-18 17:15:00,275,19,294,2026-08-18,17,1077.0,72.0,1149.0
2026-08-18 17:30:00,267,20,287,2026-08-18,17,1032.0,72.0,1104.0
2026-08-18 17:45:00,278,23,301,2026-08-18,17,1069.0,77.0,1146.0
2026-08-18 18:00:00,313,20,333,2026-08-18,18,1133.0,82.0,1215.0
2026-08-18 18:15:00,283,14,297,2026-08-18,18,1141.0,77.0,1218.0
2026-08-18 18:30:00,233,14,247,2026-08-18,18,1107.0,71.0,1178.0
2026-08-18 18:45:00,176,11,187,2026-08-18,18,1005.0,59.0,1064.0
2026-08-18 19:00:00,120,13,133,2026-08-18,19,812.0,52.0,864.0
2026-08-18 19:15:00,120,13,133,2026-08-18,19,649.0,51.0,700.0
2026-08-18 19:30:00,85,15,100,2026-08-18,19,501.0,52.0,553.0
2026-08-18 19:45:00,72,13,85,2026-08-18,19,397.0,54.0,451.0
2026-08-18 20:00:00,80,17,97,2026-08-18,20,357.0,58.0,415.0
2026-08-18 20:15:00,87,25,112,2026-08-18,20,324.0,70.0,394.0
2026-08-18 20:30:00,63,9,72,2026-08-18,20,302.0,64.0,366.0
2026-08-18 20:45:00,49,9,58,2026-08-18,20,279.0,60.0,339.0
2026-08-18 21:00:00,38,19,57,2026-08-18,21,237.0,62.0,299.0
2026-08-18 21:15:00,7,13,20,2026-08-18,21,157.0,50.0,207.0
2026-08-18 21:30:00,3,8,11,2026-08-18,21,97.0,49.0,146.0
2026-08-18 21:45:00,0,6,6,2026-08-18,21,48.0,46.0,94.0
2026-08-18 22:00:00,0,8,8,2026-08-18,22,10.0,35.0,45.0
2026-08-18 22:15:00,0,4,4,2026-08-18,22,3.0,26.0,29.0
2026-08-18 22:30:00,0,8,8,2026-08-18,22,0.0,26.0,26.0
2026-08-18 22:45:00,0,8,8,2026-08-18,22,0.0,28.0,28.0
2026-08-18 23:00:00,0,6,6,2026-08-18,23,0.0,26.0,26.0
2026-08-18 23:15:00,0,7,7,2026-08-18,23,0.0,29.0,29.0
2026-08-18 23:30:00,0,5,5,2026-08-18,23,0.0,26.0,26.0
2026-08-18 23:45:00,0,2,2,2026-08-18,23,0.0,20.0,20.0
2026-08-19 03:00:00,45,46,91,2026-08-19,3,45.0,46.0,91.0
2026-08-19 03:15:00,103,56,159,2026-08-19,3,148.0,102.0,250.0
2026-08-19 03:30:00,289,40,329,2026-08-19,3,437.0,142.0,579.0
2026-08-19 03:45:00,461,59,520,2026-08-19,3,898.0,201.0,1099.0
2026-08-19 04:00:00,624,34,658,2026-08-19,4,1477.0,189.0,1666.0
2026-08-19 04:15:00,679,31,710,2026-08-19,4,2053.0,164.0,2217.0
2026-08-19 04:30:00,669,55,724,2026-08-19,4,2433.0,179.0,2612.0
2026-08-19 04:45:00,563,76,639,2026-08-19,4,2535.0,196.0,2731.0
2026-08-19 05:00:00,587,59,646,2026-08-19,5,2498.0,221.0,2719.0
2026-08-19 05:15:00,516,42,558,2026-08-19,5,2335.0,232.0,2567.0
2026-08-19 05:30:00,429,53,482,2026-08-19,5,2095.0,230.0,2325.0
2026-08-19 05:45:00,426,57,483,2026-08-19,5,1958.0,211.0,2169.0
2026-08-19 06:00:00,375,46,421,2026-08-19,6,1746.0,198.0,1944.0
2026-08-19 06:15:00,385,42,427,2026-08-19,6,1615.0,198.0,1813.0
2026-08-19 06:30:00,429,45,474,2026-08-19,6,1615.0,190.0,1805.0
2026-08-19 06:45:00,454,41,495,2026-08-19,6,1643.0,174.0,1817.0
2026-08-19 07:00:00,452,45,497,2026-08-19,7,1720.0,173.0,1893.0
2026-08-19 07:15:00,409,53,462,2026-08-19,7,1744.0,184.0,1928.0
2026-08-19 07:30:00,457,48,505,2026-08-19,7,1772.0,187.0,1959.0
2026-08-19 07:45:00,489,55,544,2026-08-19,7,1807.0,201.0,2008.0
2026-08-19 08:00:00,496,55,551,2026-08-19,8,1851.0,211.0,2062.0
2026-08-19 08:15:00,529,39,568,2026-08-19,8,1971.0,197.0,2168.0
2026-08-19 08:30:00,519,31,550,2026-08-19,8,2033.0,180.0,2213.0
2026-08-19 08:45:00,503,44,547,2026-08-19,8,2047.0,169.0,2216.0
2026-08-19 09:00:00,537,34,571,2026-08-19,9,2088.0,148.0,2236.0
2026-08-19 09:15:00,563,34,597,2026-08-19,9,2122.0,143.0,2265.0
2026-08-19 09:30:00,557,62,619,2026-08-19,9,2160.0,174.0,2334.0
2026-08-19 09:45:00,533,56,589,2026-08-19,9,2190.0,186.0,2376.0
2026-08-19 10:00:00,528,58,586,2026-08-19,10,2181.0,210.0,2391.0
2026-08-19 10:15:00,533,49,582,2026-08-19,10,2151.0,225.0,2376.0
2026-08-19 10:30:00,618,41,659,2026-08-19,10,2212.0,204.0,2416.0
2026-08-19 10:45:00,562,58,620,2026-08-19,10,2241.0,206.0,2447.0
2026-08-19 11:00:00,494,55,549,2026-08-19,11,2207.0,203.0,2410.0
2026-08-19 11:15:00,539,53,592,2026-08-19,11,2213.0,207.0,2420.0
2026-08-19 11:30:00,559,53,612,2026-08-19,11,2154.0,219.0,2373.0
2026-08-19 11:45:00,487,63,550,2026-08-19,11,2079.0,224.0,2303.0
2026-08-19 12:00:00,459,58,517,2026-08-19,12,2044.0,227.0,2271.0
2026-08-19 12:15:00,469,50,519,2026-08-19,12,1974.0,224.0,2198.0
2026-08-19 12:30:00,448,70,518,2026-08-19,12,1863.0,241.0,2104.0
2026-08-19 12:45:00,455,54,509,2026-08-19,12,1831.0,232.0,2063.0
2026-08-19 13:00:00,474,38,512,2026-08-19,13,1846.0,212.0,2058.0
2026-08-19 13:15:00,458,34,492,2026-08-19,13,1835.0,196.0,2031.0
2026-08-19 13:30:00,429,43,472,2026-08-19,13,1816.0,169.0,1985.0
2026-08-19 13:45:00,386,36,422,2026-08-19,13,1747.0,151.0,1898.0
2026-08-19 14:00:00,367,31,398,2026-08-19,14,1640.0,144.0,1784.0
2026-08-19 14:15:00,344,26,370,2026-08-19,14,1526.0,136.0,1662.0
2026-08-19 14:30:00,379,35,414,2026-08-19,14,1476.0,128.0,1604.0
2026-08-19 14:45:00,432,23,455,2026-08-19,14,1522.0,115.0,1637.0
2026-08-19 15:00:00,357,24,381,2026-08-19,15,1512.0,108.0,1620.0
2026-08-19 15:15:00,382,23,405,2026-08-19,15,1550.0,105.0,1655.0
2026-08-19 15:30:00,408,22,430,2026-08-19,15,1579.0,92.0,1671.0
2026-08-19 15:45:00,391,20,411,2026-08-19,15,1538.0,89.0,1627.0
2026-08-19 16:00:00,325,28,353,2026-08-19,16,1506.0,93.0,1599.0
2026-08-19 16:15:00,315,26,341,2026-08-19,16,1439.0,96.0,1535.0
2026-08-19 16:30:00,285,19,304,2026-08-19,16,1316.0,93.0,1409.0
2026-08-19 16:45:00,345,17,362,2026-08-19,16,1270.0,90.0,1360.0
2026-08-19 17:00:00,366,11,377,2026-08-19,17,1311.0,73.0,1384.0
2026-08-19 17:15:00,378,12,390,2026-08-19,17,1374.0,59.0,1433.0
2026-08-19 17:30:00,356,15,371,2026-08-19,17,1445.0,55.0,1500.0
2026-08-19 17:45:00,325,15,340,2026-08-19,17,1425.0,53.0,1478.0
2026-08-19 18:00:00,321,21,342,2026-08-19,18,1380.0,63.0,1443.0
2026-08-19 18:15:00,240,16,256,2026-08-19,18,1242.0,67.0,1309.0
2026-08-19 18:30:00,189,18,207,2026-08-19,18,1075.0,70.0,1145.0
2026-08-19 18:45:00,169,21,190,2026-08-19,18,919.0,76.0,995.0
2026-08-19 19:00:00,148,10,158,2026-08-19,19,746.0,65.0,811.0
2026-08-19 19:15:00,160,12,172,2026-08-19,19,666.0,61.0,727.0
2026-08-19 19:30:00,159,13,172,2026-08-19,19,636.0,56.0,692.0
2026-08-19 19:45:00,144,16,160,2026-08-19,19,611.0,51.0,662.0
2026-08-19 20:00:00,108,10,118,2026-08-19,20,571.0,51.0,622.0
2026-08-19 20:15:00,54,11,65,2026-08-19,20,465.0,50.0,515.0
2026-08-19 20:30:00,29,8,37,2026-08-19,20,335.0,45.0,380.0
2026-08-19 20:45:00,14,24,38,2026-08-19,20,205.0,53.0,258.0
2026-08-19 21:00:00,8,15,23,2026-08-19,21,105.0,58.0,163.0
2026-08-19 21:15:00,5,13,18,2026-08-19,21,56.0,60.0,116.0
2026-08-19 21:30:00,0,9,9,2026-08-19,21,27.0,61.0,88.0
2026-08-19 21:45:00,0,11,11,2026-08-19,21,13.0,48.0,61.0
2026-08-19 22:00:00,0,10,10,2026-08-19,22,5.0,43.0,48.0
2026-08-19 22:15:00,0,9,9,2026-08-19,22,0.0,39.0,39.0
2026-08-19 22:30:00,0,8,8,2026-08-19,22,0.0,38.0,38.0
2026-08-19 22:45:00,0,4,4,2026-08-19,22,0.0,31.0,31.0
2026-08-19 23:00:00,0,5,5,2026-08-19,23,0.0,26.0,26.0
2026-08-19 23:15:00,0,2,2,2026-08-19,23,0.0,19.0,19.0
2026-08-19 23:30:00,1,4,5,2026-08-19,23,1.0,15.0,16.0
2026-08-19 23:45:00,1,7,8,2026-08-19,23,2.0,18.0,20.0
2026-08-20 03:00:00,48,38,86,2026-08-20,3,48.0,38.0,86.0
2026-08-20 03:15:00,119,59,178,2026-08-20,3,167.0,97.0,264.0
2026-08-20 03:30:00,260,37,297,2026-08-20,3,427.0,134.0,561.0
2026-08-20 03:45:00,488,59,547,2026-08-20,3,915.0,193.0,1108.0
2026-08-20 04:00:00,630,31,661,2026-08-20,4,1497.0,186.0,1683.0
2026-08-20 04:15:00,574,32,606,2026-08-20,4,1952.0,159.0,2111.0
2026-08-20 04:30:00,556,49,605,2026-08-20,4,2248.0,171.0,2419.0
2026-08-20 04:45:00,588,61,649,2026-08-20,4,2348.0,173.0,2521.0
2026-08-20 05:00:00,537,49,586,2026-08-20,5,2255.0,191.0,2446.0
2026-08-20 05:15:00,586,35,621,2026-08-20,5,2267.0,194.0,2461.0
2026-08-20 05:30:00,556,44,600,2026-08-20,5,2267.0,189.0,2456.0
2026-08-20 05:45:00,508,60,568,2026-08-20,5,2187.0,188.0,2375.0
2026-08-20 06:00:00,505,44,549,2026-08-20,6,2155.0,183.0,2338.0
2026-08-20 06:15:00,506,45,551,2026-08-20,6,2075.0,193.0,2268.0
2026-08-20 06:30:00,479,32,511,2026-08-20,6,1998.0,181.0,2179.0
2026-08-20 06:45:00,461,38,499,2026-08-20,6,1951.0,159.0,2110.0
2026-08-20 07:00:00,443,41,484,2026-08-20,7,1889.0,156.0,2045.0
2026-08-20 07:15:00,430,46,476,2026-08-20,7,1813.0,157.0,1970.0
2026-08-20 07:30:00,479,41,520,2026-08-20,7,1813.0,166.0,1979.0
2026-08-20 07:45:00,488,36,524,2026-08-20,7,1840.0,164.0,2004.0
2026-08-20 08:00:00,451,28,479,2026-08-20,8,1848.0,151.0,1999.0
2026-08-20 08:15:00,418,25,443,2026-08-20,8,1836.0,130.0,1966.0
2026-08-20 08:30:00,532,25,557,2026-08-20,8,1889.0,114.0,2003.0
2026-08-20 08:45:00,557,23,580,2026-08-20,8,1958.0,101.0,2059.0
2026-08-20 09:00:00,566,28,594,2026-08-20,9,2073.0,101.0,2174.0
2026-08-20 09:15:00,600,38,638,2026-08-20,9,2255.0,114.0,2369.0
2026-08-20 09:30:00,611,52,663,2026-08-20,9,2334.0,141.0,2475.0
2026-08-20 09:45:00,571,61,632,2026-08-20,9,2348.0,179.0,2527.0
2026-08-20 10:00:00,627,49,676,2026-08-20,10,2409.0,200.0,2609.0
2026-08-20 10:15:00,575,58,633,2026-08-20,10,2384.0,220.0,2604.0
2026-08-20 10:30:00,473,56,529,2026-08-20,10,2246.0,224.0,2470.0
2026-08-20 10:45:00,501,49,550,2026-08-20,10,2176.0,212.0,2388.0
2026-08-20 11:00:00,489,44,533,2026-08-20,11,2038.0,207.0,2245.0
2026-08-20 11:15:00,462,43,505,2026-08-20,11,1925.0,192.0,2117.0
2026-08-20 11:30:00,442,60,502,2026-08-20,11,1894.0,196.0,2090.0
2026-08-20 11:45:00,438,63,501,2026-08-20,11,1831.0,210.0,2041.0
2026-08-20 12:00:00,438,46,484,2026-08-20,12,1780.0,212.0,1992.0
2026-08-20 12:15:00,443,54,497,2026-08-20,12,1761.0,223.0,1984.0
2026-08-20 12:30:00,485,60,545,2026-08-20,12,1804.0,223.0,2027.0
2026-08-20 12:45:00,495,55,550,2026-08-20,12,1861.0,215.0,2076.0
2026-08-20 13:00:00,494,38,532,2026-08-20,13,1917.0,207.0,2124.0
2026-08-20 13:15:00,485,43,528,2026-08-20,13,1959.0,196.0,2155.0
2026-08-20 13:30:00,453,30,483,2026-08-20,13,1927.0,166.0,2093.0
2026-08-20 13:45:00,460,30,490,2026-08-20,13,1892.0,141.0,2033.0
2026-08-20 14:00:00,432,34,466,2026-08-20,14,1830.0,137.0,1967.0
2026-08-20 14:15:00,418,29,447,2026-08-20,14,1763.0,123.0,1886.0
2026-08-20 14:30:00,412,27,439,2026-08-20,14,1722.0,120.0,1842.0
2026-08-20 14:45:00,453,31,484,2026-08-20,14,1715.0,121.0,1836.0
2026-08-20 15:00:00,391,29,420,2026-08-20,15,1674.0,116.0,1790.0
2026-08-20 15:15:00,373,25,398,2026-08-20,15,1629.0,112.0,1741.0
2026-08-20 15:30:00,294,32,326,2026-08-20,15,1511.0,117.0,1628.0
2026-08-20 15:45:00,304,21,325,2026-08-20,15,1362.0,107.0,1469.0
2026-08-20 16:00:00,269,18,287,2026-08-20,16,1240.0,96.0,1336.0
2026-08-20 16:15:00,271,23,294,2026-08-20,16,1138.0,94.0,1232.0
2026-08-20 16:30:00,318,14,332,2026-08-20,16,1162.0,76.0,1238.0
2026-08-20 16:45:00,347,13,360,2026-08-20,16,1205.0,68.0,1273.0
2026-08-20 17:00:00,348,16,364,2026-08-20,17,1284.0,66.0,1350.0
2026-08-20 17:15:00,370,15,385,2026-08-20,17,1383.0,58.0,1441.0
2026-08-20 17:30:00,389,17,406,2026-08-20,17,1454.0,61.0,1515.0
2026-08-20 17:45:00,386,17,403,2026-08-20,17,1493.0,65.0,1558.0
2026-08-20 18:00:00,404,19,423,2026-08-20,18,1549.0,68.0,1617.0
2026-08-20 18:15:00,368,19,387,2026-08-20,18,1547.0,72.0,1619.0
2026-08-20 18:30:00,289,13,302,2026-08-20,18,1447.0,68.0,1515.0
2026-08-20 18:45:00,243,20,263,2026-08-20,18,1304.0,71.0,1375.0
2026-08-20 19:00:00,218,11,229,2026-08-20,19,1118.0,63.0,1181.0
2026-08-20 19:15:00,234,12,246,2026-08-20,19,984.0,56.0,1040.0
2026-08-20 19:30:00,219,14,233,2026-08-20,19,914.0,57.0,971.0
2026-08-20 19:45:00,201,14,215,2026-08-20,19,872.0,51.0,923.0
2026-08-20 20:00:00,172,20,192,2026-08-20,20,826.0,60.0,886.0
2026-08-20 20:15:00,122,22,144,2026-08-20,20,714.0,70.0,784.0
2026-08-20 20:30:00,62,11,73,2026-08-20,20,557.0,67.0,624.0
2026-08-20 20:45:00,49,11,60,2026-08-20,20,405.0,64.0,469.0
2026-08-20 21:00:00,34,17,51,2026-08-20,21,267.0,61.0,328.0
2026-08-20 21:15:00,25,18,43,2026-08-20,21,170.0,57.0,227.0
2026-08-20 21:30:00,6,12,18,2026-08-20,21,114.0,58.0,172.0
2026-08-20 21:45:00,2,8,10,2026-08-20,21,67.0,55.0,122.0
2026-08-20 22:00:00,0,6,6,2026-08-20,22,33.0,44.0,77.0
2026-08-20 22:15:00,0,6,6,2026-08-20,22,8.0,32.0,40.0
2026-08-20 22:30:00,0,7,7,2026-08-20,22,2.0,27.0,29.0
2026-08-20 22:45:00,0,7,7,2026-08-20,22,0.0,26.0,26.0
2026-08-20 23:00:00,0,4,4,2026-08-20,23,0.0,24.0,24.0
2026-08-20 23:15:00,0,4,4,2026-08-20,23,0.0,22.0,22.0
2026-08-20 23:30:00,1,1,2,2026-08-20,23,1.0,16.0,17.0
2026-08-20 23:45:00,2,2,4,2026-08-20,23,3.0,11.0,14.0
2026-08-21 03:00:00,19,44,63,2026-08-21,3,19.0,44.0,63.0
2026-08-21 03:15:00,66,66,132,2026-08-21,3,85.0,110.0,195.0
2026-08-21 03:30:00,240,39,279,2026-08-21,3,325.0,149.0,474.0
2026-08-21 03:45:00,551,65,616,2026-08-21,3,876.0,214.0,1090.0
2026-08-21 04:00:00,687,30,717,2026-08-21,4,1544.0,200.0,1744.0
2026-08-21 04:15:00,787,32,819,2026-08-21,4,2265.0,166.0,2431.0
2026-08-21 04:30:00,763,52,815,2026-08-21,4,2788.0,179.0,2967.0
2026-08-21 04:45:00,732,71,803,2026-08-21,4,2969.0,185.0,3154.0
2026-08-21 05:00:00,740,64,804,2026-08-21,5,3022.0,219.0,3241.0
2026-08-21 05:15:00,690,50,740,2026-08-21,5,2925.0,237.0,3162.0
2026-08-21 05:30:00,491,48,539,2026-08-21,5,2653.0,233.0,2886.0
2026-08-21 05:45:00,349,61,410,2026-08-21,5,2270.0,223.0,2493.0
2026-08-21 06:00:00,373,34,407,2026-08-21,6,1903.0,193.0,2096.0
2026-08-21 06:15:00,433,44,477,2026-08-21,6,1646.0,187.0,1833.0
2026-08-21 06:30:00,574,42,616,2026-08-21,6,1729.0,181.0,1910.0
2026-08-21 06:45:00,519,43,562,2026-08-21,6,1899.0,163.0,2062.0
2026-08-21 07:00:00,495,32,527,2026-08-21,7,2021.0,161.0,2182.0
2026-08-21 07:15:00,519,48,567,2026-08-21,7,2107.0,165.0,2272.0
2026-08-21 07:30:00,528,39,567,2026-08-21,7,2061.0,162.0,2223.0
2026-08-21 07:45:00,509,33,542,2026-08-21,7,2051.0,152.0,2203.0
2026-08-21 08:00:00,407,33,440,2026-08-21,8,1963.0,153.0,2116.0
2026-08-21 08:15:00,465,24,489,2026-08-21,8,1909.0,129.0,2038.0
2026-08-21 08:30:00,445,32,477,2026-08-21,8,1826.0,122.0,1948.0
2026-08-21 08:45:00,424,26,450,2026-08-21,8,1741.0,115.0,1856.0
2026-08-21 09:00:00,465,29,494,2026-08-21,9,1799.0,111.0,1910.0
2026-08-21 09:15:00,456,30,486,2026-08-21,9,1790.0,117.0,1907.0
2026-08-21 09:30:00,428,58,486,2026-08-21,9,1773.0,143.0,1916.0
2026-08-21 09:45:00,418,58,476,2026-08-21,9,1767.0,175.0,1942.0
2026-08-21 10:00:00,410,54,464,2026-08-21,10,1712.0,200.0,1912.0
2026-08-21 10:15:00,418,48,466,2026-08-21,10,1674.0,218.0,1892.0
2026-08-21 10:30:00,422,42,464,2026-08-21,10,1668.0,202.0,1870.0
2026-08-21 10:45:00,402,41,443,2026-08-21,10,1652.0,185.0,1837.0
2026-08-21 11:00:00,457,40,497,2026-08-21,11,1699.0,171.0,1870.0
2026-08-21 11:15:00,564,43,607,2026-08-21,11,1845.0,166.0,2011.0
2026-08-21 11:30:00,550,66,616,2026-08-21,11,1973.0,190.0,2163.0
2026-08-21 11:45:00,613,75,688,2026-08-21,11,2184.0,224.0,2408.0
2026-08-21 12:00:00,651,62,713,2026-08-21,12,2378.0,246.0,2624.0
2026-08-21 12:15:00,658,53,711,2026-08-21,12,2472.0,256.0,2728.0
2026-08-21 12:30:00,635,62,697,2026-08-21,12,2557.0,252.0,2809.0
2026-08-21 12:45:00,658,51,709,2026-08-21,12,2602.0,228.0,2830.0
2026-08-21 13:00:00,559,40,599,2026-08-21,13,2510.0,206.0,2716.0
2026-08-21 13:15:00,539,44,583,2026-08-21,13,2391.0,197.0,2588.0
2026-08-21 13:30:00,532,52,584,2026-08-21,13,2288.0,187.0,2475.0
2026-08-21 13:45:00,451,42,493,2026-08-21,13,2081.0,178.0,2259.0
2026-08-21 14:00:00,354,32,386,2026-08-21,14,1876.0,170.0,2046.0
2026-08-21 14:15:00,291,40,331,2026-08-21,14,1628.0,166.0,1794.0
2026-08-21 14:30:00,251,32,283,2026-08-21,14,1347.0,146.0,1493.0
2026-08-21 14:45:00,301,24,325,2026-08-21,14,1197.0,128.0,1325.0
2026-08-21 15:00:00,366,21,387,2026-08-21,15,1209.0,117.0,1326.0
2026-08-21 15:15:00,457,20,477,2026-08-21,15,1375.0,97.0,1472.0
2026-08-21 15:30:00,438,27,465,2026-08-21,15,1562.0,92.0,1654.0
2026-08-21 15:45:00,494,24,518,2026-08-21,15,1755.0,92.0,1847.0
2026-08-21 16:00:00,495,20,515,2026-08-21,16,1884.0,91.0,1975.0
2026-08-21 16:15:00,542,23,565,2026-08-21,16,1969.0,94.0,2063.0
2026-08-21 16:30:00,536,19,555,2026-08-21,16,2067.0,86.0,2153.0
2026-08-21 16:45:00,491,19,510,2026-08-21,16,2064.0,81.0,2145.0
2026-08-21 17:00:00,462,20,482,2026-08-21,17,2031.0,81.0,2112.0
2026-08-21 17:15:00,403,10,413,2026-08-21,17,1892.0,68.0,1960.0
2026-08-21 17:30:00,416,13,429,2026-08-21,17,1772.0,62.0,1834.0
2026-08-21 17:45:00,415,17,432,2026-08-21,17,1696.0,60.0,1756.0
2026-08-21 18:00:00,381,17,398,2026-08-21,18,1615.0,57.0,1672.0
2026-08-21 18:15:00,355,21,376,2026-08-21,18,1567.0,68.0,1635.0
2026-08-21 18:30:00,320,13,333,2026-08-21,18,1471.0,68.0,1539.0
2026-08-21 18:45:00,282,13,295,2026-08-21,18,1338.0,64.0,1402.0
2026-08-21 19:00:00,252,13,265,2026-08-21,19,1209.0,60.0,1269.0
2026-08-21 19:15:00,234,12,246,2026-08-21,19,1088.0,51.0,1139.0
2026-08-21 19:30:00,212,10,222,2026-08-21,19,980.0,48.0,1028.0
2026-08-21 19:45:00,181,13,194,2026-08-21,19,879.0,48.0,927.0
2026-08-21 20:00:00,137,10,147,2026-08-21,20,764.0,45.0,809.0
2026-08-21 20:15:00,109,18,127,2026-08-21,20,639.0,51.0,690.0
2026-08-21 20:30:00,102,11,113,2026-08-21,20,529.0,52.0,581.0
2026-08-21 20:45:00,95,9,104,2026-08-21,20,443.0,48.0,491.0
2026-08-21 21:00:00,37,15,52,2026-08-21,21,343.0,53.0,396.0
2026-08-21 21:15:00,21,21,42,2026-08-21,21,255.0,56.0,311.0
2026-08-21 21:30:00,15,12,27,2026-08-21,21,168.0,57.0,225.0
2026-08-21 21:45:00,18,11,29,2026-08-21,21,91.0,59.0,150.0
2026-08-21 22:00:00,14,7,21,2026-08-21,22,68.0,51.0,119.0
2026-08-21 22:15:00,14,9,23,2026-08-21,22,61.0,39.0,100.0
2026-08-21 22:30:00,12,4,16,2026-08-21,22,58.0,31.0,89.0
2026-08-21 22:45:00,8,5,13,2026-08-21,22,48.0,25.0,73.0
2026-08-21 23:00:00,4,5,9,2026-08-21,23,38.0,23.0,61.0
2026-08-21 23:15:00,2,4,6,2026-08-21,23,26.0,18.0,44.0
2026-08-21 23:30:00,2,4,6,2026-08-21,23,16.0,18.0,34.0
2026-08-21 23:45:00,2,4,6,2026-08-21,23,10.0,17.0,27.0
2026-08-22 03:00:00,51,41,92,2026-08-22,3,51.0,41.0,92.0
2026-08-22 03:15:00,131,62,193,2026-08-22,3,182.0,103.0,285.0
2026-08-22 03:30:00,286,45,331,2026-08-22,3,468.0,148.0,616.0
2026-08-22 03:45:00,460,62,522,2026-08-22,3,928.0,210.0,1138.0
2026-08-22 04:00:00,651,39,690,2026-08-22,4,1528.0,208.0,1736.0
2026-08-22 04:15:00,688,29,717,2026-08-22,4,2085.0,175.0,2260.0
2026-08-22 04:30:00,722,48,770,2026-08-22,4,2521.0,178.0,2699.0
2026-08-22 04:45:00,673,73,746,2026-08-22,4,2734.0,189.0,2923.0
2026-08-22 05:00:00,661,56,717,2026-08-22,5,2744.0,206.0,2950.0
2026-08-22 05:15:00,607,41,648,2026-08-22,5,2663.0,218.0,2881.0
2026-08-22 05:30:00,518,40,558,2026-08-22,5,2459.0,210.0,2669.0
2026-08-22 05:45:00,496,58,554,2026-08-22,5,2282.0,195.0,2477.0
2026-08-22 06:00:00,420,42,462,2026-08-22,6,2041.0,181.0,2222.0
2026-08-22 06:15:00,497,37,534,2026-08-22,6,1931.0,177.0,2108.0
2026-08-22 06:30:00,510,37,547,2026-08-22,6,1923.0,174.0,2097.0
2026-08-22 06:45:00,542,34,576,2026-08-22,6,1969.0,150.0,2119.0
2026-08-22 07:00:00,584,25,609,2026-08-22,7,2133.0,133.0,2266.0
2026-08-22 07:15:00,559,52,611,2026-08-22,7,2195.0,148.0,2343.0
2026-08-22 07:30:00,528,27,555,2026-08-22,7,2213.0,138.0,2351.0
2026-08-22 07:45:00,451,30,481,2026-08-22,7,2122.0,134.0,2256.0
2026-08-22 08:00:00,378,26,404,2026-08-22,8,1916.0,135.0,2051.0
2026-08-22 08:15:00,415,21,436,2026-08-22,8,1772.0,104.0,1876.0
2026-08-22 08:30:00,476,22,498,2026-08-22,8,1720.0,99.0,1819.0
2026-08-22 08:45:00,567,20,587,2026-08-22,8,1836.0,89.0,1925.0
2026-08-22 09:00:00,578,23,601,2026-08-22,9,2036.0,86.0,2122.0
2026-08-22 09:15:00,608,32,640,2026-08-22,9,2229.0,97.0,2326.0
2026-08-22 09:30:00,572,47,619,2026-08-22,9,2325.0,122.0,2447.0
2026-08-22 09:45:00,526,40,566,2026-08-22,9,2284.0,142.0,2426.0
2026-08-22 10:00:00,586,35,621,2026-08-22,10,2292.0,154.0,2446.0
2026-08-22 10:15:00,590,48,638,2026-08-22,10,2274.0,170.0,2444.0
2026-08-22 10:30:00,544,52,596,2026-08-22,10,2246.0,175.0,2421.0
2026-08-22 10:45:00,623,55,678,2026-08-22,10,2343.0,190.0,2533.0
2026-08-22 11:00:00,619,46,665,2026-08-22,11,2376.0,201.0,2577.0
2026-08-22 11:15:00,639,50,689,2026-08-22,11,2425.0,203.0,2628.0
2026-08-22 11:30:00,575,61,636,2026-08-22,11,2456.0,212.0,2668.0
2026-08-22 11:45:00,550,66,616,2026-08-22,11,2383.0,223.0,2606.0
2026-08-22 12:00:00,550,51,601,2026-08-22,12,2314.0,228.0,2542.0
2026-08-22 12:15:00,492,47,539,2026-08-22,12,2167.0,225.0,2392.0
2026-08-22 12:30:00,455,48,503,2026-08-22,12,2047.0,212.0,2259.0
2026-08-22 12:45:00,475,44,519,2026-08-22,12,1972.0,190.0,2162.0
2026-08-22 13:00:00,416,37,453,2026-08-22,13,1838.0,176.0,2014.0
2026-08-22 13:15:00,370,40,410,2026-08-22,13,1716.0,169.0,1885.0
2026-08-22 13:30:00,347,47,394,2026-08-22,13,1608.0,168.0,1776.0
2026-08-22 13:45:00,384,38,422,2026-08-22,13,1517.0,162.0,1679.0
2026-08-22 14:00:00,364,24,388,2026-08-22,14,1465.0,149.0,1614.0
2026-08-22 14:15:00,315,24,339,2026-08-22,14,1410.0,133.0,1543.0
2026-08-22 14:30:00,313,27,340,2026-08-22,14,1376.0,113.0,1489.0
2026-08-22 14:45:00,324,17,341,2026-08-22,14,1316.0,92.0,1408.0
2026-08-22 15:00:00,354,20,374,2026-08-22,15,1306.0,88.0,1394.0
2026-08-22 15:15:00,351,27,378,2026-08-22,15,1342.0,91.0,1433.0
2026-08-22 15:30:00,412,29,441,2026-08-22,15,1441.0,93.0,1534.0
2026-08-22 15:45:00,396,24,420,2026-08-22,15,1513.0,100.0,1613.0
2026-08-22 16:00:00,384,15,399,2026-08-22,16,1543.0,95.0,1638.0
2026-08-22 16:15:00,337,27,364,2026-08-22,16,1529.0,95.0,1624.0
2026-08-22 16:30:00,288,23,311,2026-08-22,16,1405.0,89.0,1494.0
2026-08-22 16:45:00,271,14,285,2026-08-22,16,1280.0,79.0,1359.0
2026-08-22 17:00:00,259,12,271,2026-08-22,17,1155.0,76.0,1231.0
2026-08-22 17:15:00,261,14,275,2026-08-22,17,1079.0,63.0,1142.0
2026-08-22 17:30:00,273,18,291,2026-08-22,17,1064.0,58.0,1122.0
2026-08-22 17:45:00,266,16,282,2026-08-22,17,1059.0,60.0,1119.0
2026-08-22 18:00:00,214,18,232,2026-08-22,18,1014.0,66.0,1080.0
2026-08-22 18:15:00,149,14,163,2026-08-22,18,902.0,66.0,968.0
2026-08-22 18:30:00,117,12,129,2026-08-22,18,746.0,60.0,806.0
2026-08-22 18:45:00,100,15,115,2026-08-22,18,580.0,59.0,639.0
2026-08-22 19:00:00,79,14,93,2026-08-22,19,445.0,55.0,500.0
2026-08-22 19:15:00,76,11,87,2026-08-22,19,372.0,52.0,424.0
2026-08-22 19:30:00,73,12,85,2026-08-22,19,328.0,52.0,380.0
2026-08-22 19:45:00,85,11,96,2026-08-22,19,313.0,48.0,361.0
2026-08-22 20:00:00,60,14,74,2026-08-22,20,294.0,48.0,342.0
2026-08-22 20:15:00,47,15,62,2026-08-22,20,265.0,52.0,317.0
2026-08-22 20:30:00,28,10,38,2026-08-22,20,220.0,50.0,270.0
2026-08-22 20:45:00,14,9,23,2026-08-22,20,149.0,48.0,197.0
2026-08-22 21:00:00,7,14,21,2026-08-22,21,96.0,48.0,144.0
2026-08-22 21:15:00,4,12,16,2026-08-22,21,53.0,45.0,98.0
2026-08-22 21:30:00,0,11,11,2026-08-22,21,25.0,46.0,71.0
2026-08-22 21:45:00,0,7,7,2026-08-22,21,11.0,44.0,55.0
2026-08-22 22:00:00,0,7,7,2026-08-22,22,4.0,37.0,41.0
2026-08-22 22:15:00,0,7,7,2026-08-22,22,0.0,32.0,32.0
2026-08-22 22:30:00,0,2,2,2026-08-22,22,0.0,23.0,23.0
2026-08-22 22:45:00,0,2,2,2026-08-22,22,0.0,18.0,18.0
2026-08-22 23:00:00,0,6,6,2026-08-22,23,0.0,17.0,17.0
2026-08-22 23:15:00,0,8,8,2026-08-22,23,0.0,18.0,18.0
2026-08-22 23:30:00,0,5,5,2026-08-22,23,0.0,21.0,21.0
2026-08-22 23:45:00,0,5,5,2026-08-22,23,0.0,24.0,24.0
2026-08-23 03:00:00,105,42,147,2026-08-23,3,105.0,42.0,147.0
2026-08-23 03:15:00,231,54,285,2026-08-23,3,336.0,96.0,432.0
2026-08-23 03:30:00,372,38,410,2026-08-23,3,708.0,134.0,842.0
2026-08-23 03:45:00,538,62,600,2026-08-23,3,1246.0,196.0,1442.0
2026-08-23 04:00:00,621,34,655,2026-08-23,4,1762.0,188.0,1950.0
2026-08-23 04:15:00,639,38,677,2026-08-23,4,2170.0,172.0,2342.0
2026-08-23 04:30:00,610,50,660,2026-08-23,4,2408.0,184.0,2592.0
2026-08-23 04:45:00,614,74,688,2026-08-23,4,2484.0,196.0,2680.0
2026-08-23 05:00:00,506,38,544,2026-08-23,5,2369.0,200.0,2569.0
2026-08-23 05:15:00,546,38,584,2026-08-23,5,2276.0,200.0,2476.0
2026-08-23 05:30:00,457,50,507,2026-08-23,5,2123.0,200.0,2323.0
2026-08-23 05:45:00,414,63,477,2026-08-23,5,1923.0,189.0,2112.0
2026-08-23 06:00:00,411,50,461,2026-08-23,6,1828.0,201.0,2029.0
2026-08-23 06:15:00,446,38,484,2026-08-23,6,1728.0,201.0,1929.0
2026-08-23 06:30:00,404,30,434,2026-08-23,6,1675.0,181.0,1856.0
2026-08-23 06:45:00,366,35,401,2026-08-23,6,1627.0,153.0,1780.0
2026-08-23 07:00:00,350,33,383,2026-08-23,7,1566.0,136.0,1702.0
2026-08-23 07:15:00,410,37,447,2026-08-23,7,1530.0,135.0,1665.0
2026-08-23 07:30:00,426,30,456,2026-08-23,7,1552.0,135.0,1687.0
2026-08-23 07:45:00,419,25,444,2026-08-23,7,1605.0,125.0,1730.0
2026-08-23 08:00:00,412,25,437,2026-08-23,8,1667.0,117.0,1784.0
2026-08-23 08:15:00,469,23,492,2026-08-23,8,1726.0,103.0,1829.0
2026-08-23 08:30:00,500,27,527,2026-08-23,8,1800.0,100.0,1900.0
2026-08-23 08:45:00,542,28,570,2026-08-23,8,1923.0,103.0,2026.0
2026-08-23 09:00:00,641,28,669,2026-08-23,9,2152.0,106.0,2258.0
2026-08-23 09:15:00,635,25,660,2026-08-23,9,2318.0,108.0,2426.0
2026-08-23 09:30:00,619,38,657,2026-08-23,9,2437.0,119.0,2556.0
2026-08-23 09:45:00,560,54,614,2026-08-23,9,2455.0,145.0,2600.0
2026-08-23 10:00:00,562,52,614,2026-08-23,10,2376.0,169.0,2545.0
2026-08-23 10:15:00,683,42,725,2026-08-23,10,2424.0,186.0,2610.0
2026-08-23 10:30:00,641,43,684,2026-08-23,10,2446.0,191.0,2637.0
2026-08-23 10:45:00,670,59,729,2026-08-23,10,2556.0,196.0,2752.0
2026-08-23 11:00:00,612,42,654,2026-08-23,11,2606.0,186.0,2792.0
2026-08-23 11:15:00,627,47,674,2026-08-23,11,2550.0,191.0,2741.0
2026-08-23 11:30:00,643,59,702,2026-08-23,11,2552.0,207.0,2759.0
2026-08-23 11:45:00,575,59,634,2026-08-23,11,2457.0,207.0,2664.0
2026-08-23 12:00:00,589,55,644,2026-08-23,12,2434.0,220.0,2654.0
2026-08-23 12:15:00,514,57,571,2026-08-23,12,2321.0,230.0,2551.0
2026-08-23 12:30:00,459,56,515,2026-08-23,12,2137.0,227.0,2364.0
2026-08-23 12:45:00,431,54,485,2026-08-23,12,1993.0,222.0,2215.0
2026-08-23 13:00:00,426,40,466,2026-08-23,13,1830.0,207.0,2037.0
2026-08-23 13:15:00,392,31,423,2026-08-23,13,1708.0,181.0,1889.0
2026-08-23 13:30:00,401,46,447,2026-08-23,13,1650.0,171.0,1821.0
2026-08-23 13:45:00,398,32,430,2026-08-23,13,1617.0,149.0,1766.0
2026-08-23 14:00:00,354,26,380,2026-08-23,14,1545.0,135.0,1680.0
2026-08-23 14:15:00,395,32,427,2026-08-23,14,1548.0,136.0,1684.0
2026-08-23 14:30:00,415,30,445,2026-08-23,14,1562.0,120.0,1682.0
2026-08-23 14:45:00,430,26,456,2026-08-23,14,1594.0,114.0,1708.0
2026-08-23 15:00:00,426,25,451,2026-08-23,15,1666.0,113.0,1779.0
2026-08-23 15:15:00,425,21,446,2026-08-23,15,1696.0,102.0,1798.0
2026-08-23 15:30:00,456,26,482,2026-08-23,15,1737.0,98.0,1835.0
2026-08-23 15:45:00,454,27,481,2026-08-23,15,1761.0,99.0,1860.0
2026-08-23 16:00:00,417,27,444,2026-08-23,16,1752.0,101.0,1853.0
2026-08-23 16:15:00,367,20,387,2026-08-23,16,1694.0,100.0,1794.0
2026-08-23 16:30:00,301,15,316,2026-08-23,16,1539.0,89.0,1628.0
2026-08-23 16:45:00,289,17,306,2026-08-23,16,1374.0,79.0,1453.0
2026-08-23 17:00:00,319,13,332,2026-08-23,17,1276.0,65.0,1341.0
2026-08-23 17:15:00,280,14,294,2026-08-23,17,1189.0,59.0,1248.0
2026-08-23 17:30:00,343,16,359,2026-08-23,17,1231.0,60.0,1291.0
2026-08-23 17:45:00,318,14,332,2026-08-23,17,1260.0,57.0,1317.0
2026-08-23 18:00:00,380,17,397,2026-08-23,18,1321.0,61.0,1382.0
2026-08-23 18:15:00,429,17,446,2026-08-23,18,1470.0,64.0,1534.0
2026-08-23 18:30:00,394,14,408,2026-08-23,18,1521.0,62.0,1583.0
2026-08-23 18:45:00,401,14,415,2026-08-23,18,1604.0,62.0,1666.0
2026-08-23 19:00:00,289,13,302,2026-08-23,19,1513.0,58.0,1571.0
2026-08-23 19:15:00,265,14,279,2026-08-23,19,1349.0,55.0,1404.0
2026-08-23 19:30:00,199,15,214,2026-08-23,19,1154.0,56.0,1210.0
2026-08-23 19:45:00,154,11,165,2026-08-23,19,907.0,53.0,960.0
2026-08-23 20:00:00,120,10,130,2026-08-23,20,738.0,50.0,788.0
2026-08-23 20:15:00,95,23,118,2026-08-23,20,568.0,59.0,627.0
2026-08-23 20:30:00,55,11,66,2026-08-23,20,424.0,55.0,479.0
2026-08-23 20:45:00,39,8,47,2026-08-23,20,309.0,52.0,361.0
2026-08-23 21:00:00,27,15,42,2026-08-23,21,216.0,57.0,273.0
2026-08-23 21:15:00,19,12,31,2026-08-23,21,140.0,46.0,186.0
2026-08-23 21:30:00,19,9,28,2026-08-23,21,104.0,44.0,148.0
2026-08-23 21:45:00,19,9,28,2026-08-23,21,84.0,45.0,129.0
2026-08-23 22:00:00,28,3,31,2026-08-23,22,85.0,33.0,118.0
2026-08-23 22:15:00,18,6,24,2026-08-23,22,84.0,27.0,111.0
2026-08-23 22:30:00,11,4,15,2026-08-23,22,76.0,22.0,98.0
2026-08-23 22:45:00,10,4,14,2026-08-23,22,67.0,17.0,84.0
2026-08-23 23:00:00,2,4,6,2026-08-23,23,41.0,18.0,59.0
2026-08-23 23:15:00,0,3,3,2026-08-23,23,23.0,15.0,38.0
2026-08-23 23:30:00,0,4,4,2026-08-23,23,12.0,15.0,27.0
2026-08-23 23:45:00,0,1,1,2026-08-23,23,2.0,12.0,14.0
2026-08-24 03:00:00,51,48,99,2026-08-24,3,51.0,48.0,99.0
2026-08-24 03:15:00,142,48,190,2026-08-24,3,193.0,96.0,289.0
2026-08-24 03:30:00,258,39,297,2026-08-24,3,451.0,135.0,586.0
2026-08-24 03:45:00,488,51,539,2026-08-24,3,939.0,186.0,1125.0
2026-08-24 04:00:00,578,35,613,2026-08-24,4,1466.0,173.0,1639.0
2026-08-24 04:15:00,677,36,713,2026-08-24,4,2001.0,161.0,2162.0
2026-08-24 04:30:00,712,53,765,2026-08-24,4,2455.0,175.0,2630.0
2026-08-24 04:45:00,603,75,678,2026-08-24,4,2570.0,199.0,2769.0
2026-08-24 05:00:00,632,52,684,2026-08-24,5,2624.0,216.0,2840.0
2026-08-24 05:15:00,638,43,681,2026-08-24,5,2585.0,223.0,2808.0
2026-08-24 05:30:00,575,42,617,2026-08-24,5,2448.0,212.0,2660.0
2026-08-24 05:45:00,545,53,598,2026-08-24,5,2390.0,190.0,2580.0
2026-08-24 06:00:00,505,43,548,2026-08-24,6,2263.0,181.0,2444.0
2026-08-24 06:15:00,442,45,487,2026-08-24,6,2067.0,183.0,2250.0
2026-08-24 06:30:00,434,42,476,2026-08-24,6,1926.0,183.0,2109.0
2026-08-24 06:45:00,446,46,492,2026-08-24,6,1827.0,176.0,2003.0
2026-08-24 07:00:00,417,31,448,2026-08-24,7,1739.0,164.0,1903.0
2026-08-24 07:15:00,507,33,540,2026-08-24,7,1804.0,152.0,1956.0
2026-08-24 07:30:00,528,28,556,2026-08-24,7,1898.0,138.0,2036.0
2026-08-24 07:45:00,557,41,598,2026-08-24,7,2009.0,133.0,2142.0
2026-08-24 08:00:00,532,40,572,2026-08-24,8,2124.0,142.0,2266.0
2026-08-24 08:15:00,510,22,532,2026-08-24,8,2127.0,131.0,2258.0
2026-08-24 08:30:00,544,34,578,2026-08-24,8,2143.0,137.0,2280.0
2026-08-24 08:45:00,549,23,572,2026-08-24,8,2135.0,119.0,2254.0
2026-08-24 09:00:00,524,32,556,2026-08-24,9,2127.0,111.0,2238.0
2026-08-24 09:15:00,542,37,579,2026-08-24,9,2159.0,126.0,2285.0
2026-08-24 09:30:00,629,56,685,2026-08-24,9,2244.0,148.0,2392.0
2026-08-24 09:45:00,572,52,624,2026-08-24,9,2267.0,177.0,2444.0
2026-08-24 10:00:00,559,58,617,2026-08-24,10,2302.0,203.0,2505.0
2026-08-24 10:15:00,542,49,591,2026-08-24,10,2302.0,215.0,2517.0
2026-08-24 10:30:00,569,35,604,2026-08-24,10,2242.0,194.0,2436.0
2026-08-24 10:45:00,562,45,607,2026-08-24,10,2232.0,187.0,2419.0
2026-08-24 11:00:00,594,38,632,2026-08-24,11,2267.0,167.0,2434.0
2026-08-24 11:15:00,641,46,687,2026-08-24,11,2366.0,164.0,2530.0
2026-08-24 11:30:00,683,62,745,2026-08-24,11,2480.0,191.0,2671.0
2026-08-24 11:45:00,705,60,765,2026-08-24,11,2623.0,206.0,2829.0
2026-08-24 12:00:00,675,61,736,2026-08-24,12,2704.0,229.0,2933.0
2026-08-24 12:15:00,687,57,744,2026-08-24,12,2750.0,240.0,2990.0
2026-08-24 12:30:00,649,64,713,2026-08-24,12,2716.0,242.0,2958.0
2026-08-24 12:45:00,586,58,644,2026-08-24,12,2597.0,240.0,2837.0
2026-08-24 13:00:00,518,46,564,2026-08-24,13,2440.0,225.0,2665.0
2026-08-24 13:15:00,485,46,531,2026-08-24,13,2238.0,214.0,2452.0
2026-08-24 13:30:00,446,43,489,2026-08-24,13,2035.0,193.0,2228.0
2026-08-24 13:45:00,415,32,447,2026-08-24,13,1864.0,167.0,2031.0
2026-08-24 14:00:00,392,27,419,2026-08-24,14,1738.0,148.0,1886.0
2026-08-24 14:15:00,361,37,398,2026-08-24,14,1614.0,139.0,1753.0
2026-08-24 14:30:00,418,36,454,2026-08-24,14,1586.0,132.0,1718.0
2026-08-24 14:45:00,460,29,489,2026-08-24,14,1631.0,129.0,1760.0
2026-08-24 15:00:00,489,24,513,2026-08-24,15,1728.0,126.0,1854.0
2026-08-24 15:15:00,472,35,507,2026-08-24,15,1839.0,124.0,1963.0
2026-08-24 15:30:00,458,32,490,2026-08-24,15,1879.0,120.0,1999.0
2026-08-24 15:45:00,416,21,437,2026-08-24,15,1835.0,112.0,1947.0
2026-08-24 16:00:00,338,23,361,2026-08-24,16,1684.0,111.0,1795.0
2026-08-24 16:15:00,307,20,327,2026-08-24,16,1519.0,96.0,1615.0
2026-08-24 16:30:00,287,16,303,2026-08-24,16,1348.0,80.0,1428.0
2026-08-24 16:45:00,257,20,277,2026-08-24,16,1189.0,79.0,1268.0
2026-08-24 17:00:00,322,19,341,2026-08-24,17,1173.0,75.0,1248.0
2026-08-24 17:15:00,360,23,383,2026-08-24,17,1226.0,78.0,1304.0
2026-08-24 17:30:00,340,20,360,2026-08-24,17,1279.0,82.0,1361.0
2026-08-24 17:45:00,332,18,350,2026-08-24,17,1354.0,80.0,1434.0
2026-08-24 18:00:00,335,20,355,2026-08-24,18,1367.0,81.0,1448.0
2026-08-24 18:15:00,275,14,289,2026-08-24,18,1282.0,72.0,1354.0
2026-08-24 18:30:00,225,19,244,2026-08-24,18,1167.0,71.0,1238.0
2026-08-24 18:45:00,233,16,249,2026-08-24,18,1068.0,69.0,1137.0
2026-08-24 19:00:00,230,10,240,2026-08-24,19,963.0,59.0,1022.0
2026-08-24 19:15:00,225,15,240,2026-08-24,19,913.0,60.0,973.0
2026-08-24 19:30:00,184,13,197,2026-08-24,19,872.0,54.0,926.0
2026-08-24 19:45:00,153,12,165,2026-08-24,19,792.0,50.0,842.0
2026-08-24 20:00:00,150,12,162,2026-08-24,20,712.0,52.0,764.0
2026-08-24 20:15:00,126,17,143,2026-08-24,20,613.0,54.0,667.0
2026-08-24 20:30:00,85,13,98,2026-08-24,20,514.0,54.0,568.0
2026-08-24 20:45:00,48,13,61,2026-08-24,20,409.0,55.0,464.0
2026-08-24 21:00:00,18,12,30,2026-08-24,21,277.0,55.0,332.0
2026-08-24 21:15:00,4,15,19,2026-08-24,21,155.0,53.0,208.0
2026-08-24 21:30:00,2,9,11,2026-08-24,21,72.0,49.0,121.0
2026-08-24 21:45:00,0,6,6,2026-08-24,21,24.0,42.0,66.0
2026-08-24 22:00:00,0,6,6,2026-08-24,22,6.0,36.0,42.0
2026-08-24 22:15:00,0,7,7,2026-08-24,22,2.0,28.0,30.0
2026-08-24 22:30:00,0,4,4,2026-08-24,22,0.0,23.0,23.0
2026-08-24 22:45:00,0,4,4,2026-08-24,22,0.0,21.0,21.0
2026-08-24 23:00:00,0,4,4,2026-08-24,23,0.0,19.0,19.0
2026-08-24 23:15:00,0,2,2,2026-08-24,23,0.0,14.0,14.0
2026-08-24 23:30:00,1,3,4,2026-08-24,23,1.0,13.0,14.0
2026-08-24 23:45:00,2,2,4,2026-08-24,23,3.0,11.0,14.0
2026-08-25 03:00:00,41,34,75,2026-08-25,3,41.0,34.0,75.0
2026-08-25 03:15:00,104,44,148,2026-08-25,3,145.0,78.0,223.0
2026-08-25 03:30:00,310,44,354,2026-08-25,3,455.0,122.0,577.0
2026-08-25 03:45:00,497,55,552,2026-08-25,3,952.0,177.0,1129.0
2026-08-25 04:00:00,519,34,553,2026-08-25,4,1430.0,177.0,1607.0
2026-08-25 04:15:00,615,36,651,2026-08-25,4,1941.0,169.0,2110.0
2026-08-25 04:30:00,571,71,642,2026-08-25,4,2202.0,196.0,2398.0
2026-08-25 04:45:00,594,76,670,2026-08-25,4,2299.0,217.0,2516.0
2026-08-25 05:00:00,656,51,707,2026-08-25,5,2436.0,234.0,2670.0
2026-08-25 05:15:00,660,35,695,2026-08-25,5,2481.0,233.0,2714.0
2026-08-25 05:30:00,596,43,639,2026-08-25,5,2506.0,205.0,2711.0
2026-08-25 05:45:00,562,61,623,2026-08-25,5,2474.0,190.0,2664.0
2026-08-25 06:00:00,556,45,601,2026-08-25,6,2374.0,184.0,2558.0
2026-08-25 06:15:00,528,37,565,2026-08-25,6,2242.0,186.0,2428.0
2026-08-25 06:30:00,383,34,417,2026-08-25,6,2029.0,177.0,2206.0
2026-08-25 06:45:00,397,46,443,2026-08-25,6,1864.0,162.0,2026.0
2026-08-25 07:00:00,393,30,423,2026-08-25,7,1701.0,147.0,1848.0
2026-08-25 07:15:00,435,30,465,2026-08-25,7,1608.0,140.0,1748.0
2026-08-25 07:30:00,481,29,510,2026-08-25,7,1706.0,135.0,1841.0
2026-08-25 07:45:00,505,41,546,2026-08-25,7,1814.0,130.0,1944.0
2026-08-25 08:00:00,497,32,529,2026-08-25,8,1918.0,132.0,2050.0
2026-08-25 08:15:00,464,27,491,2026-08-25,8,1947.0,129.0,2076.0
2026-08-25 08:30:00,484,31,515,2026-08-25,8,1950.0,131.0,2081.0
2026-08-25 08:45:00,544,34,578,2026-08-25,8,1989.0,124.0,2113.0
2026-08-25 09:00:00,549,29,578,2026-08-25,9,2041.0,121.0,2162.0
2026-08-25 09:15:00,540,37,577,2026-08-25,9,2117.0,131.0,2248.0
2026-08-25 09:30:00,553,48,601,2026-08-25,9,2186.0,148.0,2334.0
2026-08-25 09:45:00,480,70,550,2026-08-25,9,2122.0,184.0,2306.0
2026-08-25 10:00:00,464,59,523,2026-08-25,10,2037.0,214.0,2251.0
2026-08-25 10:15:00,456,48,504,2026-08-25,10,1953.0,225.0,2178.0
2026-08-25 10:30:00,460,52,512,2026-08-25,10,1860.0,229.0,2089.0
2026-08-25 10:45:00,491,40,531,2026-08-25,10,1871.0,199.0,2070.0
2026-08-25 11:00:00,471,41,512,2026-08-25,11,1878.0,181.0,2059.0
2026-08-25 11:15:00,513,43,556,2026-08-25,11,1935.0,176.0,2111.0
2026-08-25 11:30:00,474,49,523,2026-08-25,11,1949.0,173.0,2122.0
2026-08-25 11:45:00,483,59,542,2026-08-25,11,1941.0,192.0,2133.0
2026-08-25 12:00:00,474,54,528,2026-08-25,12,1944.0,205.0,2149.0
2026-08-25 12:15:00,468,60,528,2026-08-25,12,1899.0,222.0,2121.0
2026-08-25 12:30:00,480,62,542,2026-08-25,12,1905.0,235.0,2140.0
2026-08-25 12:45:00,527,57,584,2026-08-25,12,1949.0,233.0,2182.0
2026-08-25 13:00:00,464,42,506,2026-08-25,13,1939.0,221.0,2160.0
2026-08-25 13:15:00,428,33,461,2026-08-25,13,1899.0,194.0,2093.0
2026-08-25 13:30:00,423,41,464,2026-08-25,13,1842.0,173.0,2015.0
2026-08-25 13:45:00,399,35,434,2026-08-25,13,1714.0,151.0,1865.0
2026-08-25 14:00:00,339,27,366,2026-08-25,14,1589.0,136.0,1725.0
2026-08-25 14:15:00,324,36,360,2026-08-25,14,1485.0,139.0,1624.0
2026-08-25 14:30:00,327,33,360,2026-08-25,14,1389.0,131.0,1520.0
2026-08-25 14:45:00,348,29,377,2026-08-25,14,1338.0,125.0,1463.0
2026-08-25 15:00:00,380,24,404,2026-08-25,15,1379.0,122.0,1501.0
2026-08-25 15:15:00,398,20,418,2026-08-25,15,1453.0,106.0,1559.0
2026-08-25 15:30:00,442,18,460,2026-08-25,15,1568.0,91.0,1659.0
2026-08-25 15:45:00,430,17,447,2026-08-25,15,1650.0,79.0,1729.0
2026-08-25 16:00:00,359,18,377,2026-08-25,16,1629.0,73.0,1702.0
2026-08-25 16:15:00,335,23,358,2026-08-25,16,1566.0,76.0,1642.0
2026-08-25 16:30:00,299,20,319,2026-08-25,16,1423.0,78.0,1501.0
2026-08-25 16:45:00,241,18,259,2026-08-25,16,1234.0,79.0,1313.0
2026-08-25 17:00:00,250,15,265,2026-08-25,17,1125.0,76.0,1201.0
2026-08-25 17:15:00,279,19,298,2026-08-25,17,1069.0,72.0,1141.0
2026-08-25 17:30:00,276,20,296,2026-08-25,17,1046.0,72.0,1118.0
2026-08-25 17:45:00,279,22,301,2026-08-25,17,1084.0,76.0,1160.0
2026-08-25 18:00:00,316,20,336,2026-08-25,18,1150.0,81.0,1231.0
2026-08-25 18:15:00,301,14,315,2026-08-25,18,1172.0,76.0,1248.0
2026-08-25 18:30:00,239,14,253,2026-08-25,18,1135.0,70.0,1205.0
2026-08-25 18:45:00,189,11,200,2026-08-25,18,1045.0,59.0,1104.0
2026-08-25 19:00:00,153,13,166,2026-08-25,19,882.0,52.0,934.0
2026-08-25 19:15:00,140,13,153,2026-08-25,19,721.0,51.0,772.0
2026-08-25 19:30:00,85,15,100,2026-08-25,19,567.0,52.0,619.0
2026-08-25 19:45:00,75,13,88,2026-08-25,19,453.0,54.0,507.0
2026-08-25 20:00:00,81,16,97,2026-08-25,20,381.0,57.0,438.0
2026-08-25 20:15:00,79,25,104,2026-08-25,20,320.0,69.0,389.0
2026-08-25 20:30:00,57,9,66,2026-08-25,20,292.0,63.0,355.0
2026-08-25 20:45:00,42,9,51,2026-08-25,20,259.0,59.0,318.0
2026-08-25 21:00:00,34,19,53,2026-08-25,21,212.0,62.0,274.0
2026-08-25 21:15:00,6,13,19,2026-08-25,21,139.0,50.0,189.0
2026-08-25 21:30:00,2,8,10,2026-08-25,21,84.0,49.0,133.0
2026-08-25 21:45:00,0,6,6,2026-08-25,21,42.0,46.0,88.0
2026-08-25 22:00:00,0,8,8,2026-08-25,22,8.0,35.0,43.0
2026-08-25 22:15:00,0,4,4,2026-08-25,22,2.0,26.0,28.0
2026-08-25 22:30:00,0,8,8,2026-08-25,22,0.0,26.0,26.0
2026-08-25 22:45:00,0,8,8,2026-08-25,22,0.0,28.0,28.0
2026-08-25 23:00:00,0,6,6,2026-08-25,23,0.0,26.0,26.0
2026-08-25 23:15:00,0,7,7,2026-08-25,23,0.0,29.0,29.0
2026-08-25 23:30:00,0,5,5,2026-08-25,23,0.0,26.0,26.0
2026-08-25 23:45:00,0,2,2,2026-08-25,23,0.0,20.0,20.0
2026-08-26 03:00:00,47,46,93,2026-08-26,3,47.0,46.0,93.0
2026-08-26 03:15:00,108,57,165,2026-08-26,3,155.0,103.0,258.0
2026-08-26 03:30:00,307,40,347,2026-08-26,3,462.0,143.0,605.0
2026-08-26 03:45:00,489,59,548,2026-08-26,3,951.0,202.0,1153.0
2026-08-26 04:00:00,669,34,703,2026-08-26,4,1573.0,190.0,1763.0
2026-08-26 04:15:00,727,31,758,2026-08-26,4,2192.0,164.0,2356.0
2026-08-26 04:30:00,719,55,774,2026-08-26,4,2604.0,179.0,2783.0
2026-08-26 04:45:00,608,76,684,2026-08-26,4,2723.0,196.0,2919.0
2026-08-26 05:00:00,631,60,691,2026-08-26,5,2685.0,222.0,2907.0
2026-08-26 05:15:00,549,43,592,2026-08-26,5,2507.0,234.0,2741.0
2026-08-26 05:30:00,454,53,507,2026-08-26,5,2242.0,232.0,2474.0
2026-08-26 05:45:00,447,57,504,2026-08-26,5,2081.0,213.0,2294.0
2026-08-26 06:00:00,377,46,423,2026-08-26,6,1827.0,199.0,2026.0
2026-08-26 06:15:00,378,43,421,2026-08-26,6,1656.0,199.0,1855.0
2026-08-26 06:30:00,401,45,446,2026-08-26,6,1603.0,191.0,1794.0
2026-08-26 06:45:00,431,41,472,2026-08-26,6,1587.0,175.0,1762.0
2026-08-26 07:00:00,434,45,479,2026-08-26,7,1644.0,174.0,1818.0
2026-08-26 07:15:00,398,54,452,2026-08-26,7,1664.0,185.0,1849.0
2026-08-26 07:30:00,448,48,496,2026-08-26,7,1711.0,188.0,1899.0
2026-08-26 07:45:00,473,55,528,2026-08-26,7,1753.0,202.0,1955.0
2026-08-26 08:00:00,478,55,533,2026-08-26,8,1797.0,212.0,2009.0
2026-08-26 08:15:00,510,39,549,2026-08-26,8,1909.0,197.0,2106.0
2026-08-26 08:30:00,500,31,531,2026-08-26,8,1961.0,180.0,2141.0
2026-08-26 08:45:00,480,44,524,2026-08-26,8,1968.0,169.0,2137.0
2026-08-26 09:00:00,509,35,544,2026-08-26,9,1999.0,149.0,2148.0
2026-08-26 09:15:00,537,34,571,2026-08-26,9,2026.0,144.0,2170.0
2026-08-26 09:30:00,528,63,591,2026-08-26,9,2054.0,176.0,2230.0
2026-08-26 09:45:00,516,57,573,2026-08-26,9,2090.0,189.0,2279.0
2026-08-26 10:00:00,514,58,572,2026-08-26,10,2095.0,212.0,2307.0
2026-08-26 10:15:00,523,49,572,2026-08-26,10,2081.0,227.0,2308.0
2026-08-26 10:30:00,625,41,666,2026-08-26,10,2178.0,205.0,2383.0
2026-08-26 10:45:00,567,59,626,2026-08-26,10,2229.0,207.0,2436.0
2026-08-26 11:00:00,504,55,559,2026-08-26,11,2219.0,204.0,2423.0
2026-08-26 11:15:00,546,53,599,2026-08-26,11,2242.0,208.0,2450.0
2026-08-26 11:30:00,572,53,625,2026-08-26,11,2189.0,220.0,2409.0
2026-08-26 11:45:00,503,63,566,2026-08-26,11,2125.0,224.0,2349.0
2026-08-26 12:00:00,472,58,530,2026-08-26,12,2093.0,227.0,2320.0
2026-08-26 12:15:00,474,50,524,2026-08-26,12,2021.0,224.0,2245.0
2026-08-26 12:30:00,455,70,525,2026-08-26,12,1904.0,241.0,2145.0
2026-08-26 12:45:00,466,54,520,2026-08-26,12,1867.0,232.0,2099.0
2026-08-26 13:00:00,478,38,516,2026-08-26,13,1873.0,212.0,2085.0
2026-08-26 13:15:00,461,34,495,2026-08-26,13,1860.0,196.0,2056.0
2026-08-26 13:30:00,430,43,473,2026-08-26,13,1835.0,169.0,2004.0
2026-08-26 13:45:00,382,36,418,2026-08-26,13,1751.0,151.0,1902.0
2026-08-26 14:00:00,361,31,392,2026-08-26,14,1634.0,144.0,1778.0
2026-08-26 14:15:00,340,26,366,2026-08-26,14,1513.0,136.0,1649.0
2026-08-26 14:30:00,370,35,405,2026-08-26,14,1453.0,128.0,1581.0
2026-08-26 14:45:00,432,23,455,2026-08-26,14,1503.0,115.0,1618.0
2026-08-26 15:00:00,366,24,390,2026-08-26,15,1508.0,108.0,1616.0
2026-08-26 15:15:00,394,23,417,2026-08-26,15,1562.0,105.0,1667.0
2026-08-26 15:30:00,412,22,434,2026-08-26,15,1604.0,92.0,1696.0
2026-08-26 15:45:00,389,20,409,2026-08-26,15,1561.0,89.0,1650.0
2026-08-26 16:00:00,310,28,338,2026-08-26,16,1505.0,93.0,1598.0
2026-08-26 16:15:00,294,26,320,2026-08-26,16,1405.0,96.0,1501.0
2026-08-26 16:30:00,264,19,283,2026-08-26,16,1257.0,93.0,1350.0
2026-08-26 16:45:00,328,17,345,2026-08-26,16,1196.0,90.0,1286.0
2026-08-26 17:00:00,352,11,363,2026-08-26,17,1238.0,73.0,1311.0
2026-08-26 17:15:00,365,12,377,2026-08-26,17,1309.0,59.0,1368.0
2026-08-26 17:30:00,348,15,363,2026-08-26,17,1393.0,55.0,1448.0
2026-08-26 17:45:00,320,15,335,2026-08-26,17,1385.0,53.0,1438.0
2026-08-26 18:00:00,314,21,335,2026-08-26,18,1347.0,63.0,1410.0
2026-08-26 18:15:00,227,16,243,2026-08-26,18,1209.0,67.0,1276.0
2026-08-26 18:30:00,180,18,198,2026-08-26,18,1041.0,70.0,1111.0
2026-08-26 18:45:00,163,21,184,2026-08-26,18,884.0,76.0,960.0
2026-08-26 19:00:00,143,10,153,2026-08-26,19,713.0,65.0,778.0
2026-08-26 19:15:00,154,12,166,2026-08-26,19,640.0,61.0,701.0
2026-08-26 19:30:00,149,13,162,2026-08-26,19,609.0,56.0,665.0
2026-08-26 19:45:00,135,16,151,2026-08-26,19,581.0,51.0,632.0
2026-08-26 20:00:00,98,10,108,2026-08-26,20,536.0,51.0,587.0
2026-08-26 20:15:00,49,11,60,2026-08-26,20,431.0,50.0,481.0
2026-08-26 20:30:00,25,8,33,2026-08-26,20,307.0,45.0,352.0
2026-08-26 20:45:00,12,24,36,2026-08-26,20,184.0,53.0,237.0
2026-08-26 21:00:00,7,15,22,2026-08-26,21,93.0,58.0,151.0
2026-08-26 21:15:00,4,13,17,2026-08-26,21,48.0,60.0,108.0
2026-08-26 21:30:00,0,9,9,2026-08-26,21,23.0,61.0,84.0
2026-08-26 21:45:00,0,11,11,2026-08-26,21,11.0,48.0,59.0
2026-08-26 22:00:00,0,10,10,2026-08-26,22,4.0,43.0,47.0
2026-08-26 22:15:00,0,9,9,2026-08-26,22,0.0,39.0,39.0
2026-08-26 22:30:00,0,8,8,2026-08-26,22,0.0,38.0,38.0
2026-08-26 22:45:00,0,4,4,2026-08-26,22,0.0,31.0,31.0
2026-08-26 23:00:00,0,5,5,2026-08-26,23,0.0,26.0,26.0
2026-08-26 23:15:00,0,2,2,2026-08-26,23,0.0,19.0,19.0
2026-08-26 23:30:00,1,4,5,2026-08-26,23,1.0,15.0,16.0
2026-08-26 23:45:00,1,8,9,2026-08-26,23,2.0,19.0,21.0
2026-08-27 03:00:00,46,40,86,2026-08-27,3,46.0,40.0,86.0
2026-08-27 03:15:00,120,62,182,2026-08-27,3,166.0,102.0,268.0
2026-08-27 03:30:00,269,39,308,2026-08-27,3,435.0,141.0,576.0
2026-08-27 03:45:00,510,62,572,2026-08-27,3,945.0,203.0,1148.0
2026-08-27 04:00:00,648,32,680,2026-08-27,4,1547.0,195.0,1742.0
2026-08-27 04:15:00,595,33,628,2026-08-27,4,2022.0,166.0,2188.0
2026-08-27 04:30:00,579,51,630,2026-08-27,4,2332.0,178.0,2510.0
2026-08-27 04:45:00,616,64,680,2026-08-27,4,2438.0,180.0,2618.0
2026-08-27 05:00:00,584,51,635,2026-08-27,5,2374.0,199.0,2573.0
2026-08-27 05:15:00,642,37,679,2026-08-27,5,2421.0,203.0,2624.0
2026-08-27 05:30:00,602,46,648,2026-08-27,5,2444.0,198.0,2642.0
2026-08-27 05:45:00,525,63,588,2026-08-27,5,2353.0,197.0,2550.0
2026-08-27 06:00:00,505,46,551,2026-08-27,6,2274.0,192.0,2466.0
2026-08-27 06:15:00,483,47,530,2026-08-27,6,2115.0,202.0,2317.0
2026-08-27 06:30:00,454,33,487,2026-08-27,6,1967.0,189.0,2156.0
2026-08-27 06:45:00,432,39,471,2026-08-27,6,1874.0,165.0,2039.0
2026-08-27 07:00:00,410,43,453,2026-08-27,7,1779.0,162.0,1941.0
2026-08-27 07:15:00,384,48,432,2026-08-27,7,1680.0,163.0,1843.0
2026-08-27 07:30:00,435,43,478,2026-08-27,7,1661.0,173.0,1834.0
2026-08-27 07:45:00,441,38,479,2026-08-27,7,1670.0,172.0,1842.0
2026-08-27 08:00:00,418,29,447,2026-08-27,8,1678.0,158.0,1836.0
2026-08-27 08:15:00,389,26,415,2026-08-27,8,1683.0,136.0,1819.0
2026-08-27 08:30:00,495,26,521,2026-08-27,8,1743.0,119.0,1862.0
2026-08-27 08:45:00,507,24,531,2026-08-27,8,1809.0,105.0,1914.0
2026-08-27 09:00:00,518,29,547,2026-08-27,9,1909.0,105.0,2014.0
2026-08-27 09:15:00,566,40,606,2026-08-27,9,2086.0,119.0,2205.0
2026-08-27 09:30:00,578,55,633,2026-08-27,9,2169.0,148.0,2317.0
2026-08-27 09:45:00,546,64,610,2026-08-27,9,2208.0,188.0,2396.0
2026-08-27 10:00:00,601,51,652,2026-08-27,10,2291.0,210.0,2501.0
2026-08-27 10:15:00,555,60,615,2026-08-27,10,2280.0,230.0,2510.0
2026-08-27 10:30:00,462,59,521,2026-08-27,10,2164.0,234.0,2398.0
2026-08-27 10:45:00,487,51,538,2026-08-27,10,2105.0,221.0,2326.0
2026-08-27 11:00:00,474,46,520,2026-08-27,11,1978.0,216.0,2194.0
2026-08-27 11:15:00,450,45,495,2026-08-27,11,1873.0,201.0,2074.0
2026-08-27 11:30:00,432,63,495,2026-08-27,11,1843.0,205.0,2048.0
2026-08-27 11:45:00,429,66,495,2026-08-27,11,1785.0,220.0,2005.0
2026-08-27 12:00:00,446,48,494,2026-08-27,12,1757.0,222.0,1979.0
2026-08-27 12:15:00,444,57,501,2026-08-27,12,1751.0,234.0,1985.0
2026-08-27 12:30:00,499,63,562,2026-08-27,12,1818.0,234.0,2052.0
2026-08-27 12:45:00,509,57,566,2026-08-27,12,1898.0,225.0,2123.0
2026-08-27 13:00:00,509,39,548,2026-08-27,13,1961.0,216.0,2177.0
2026-08-27 13:15:00,487,45,532,2026-08-27,13,2004.0,204.0,2208.0
2026-08-27 13:30:00,449,31,480,2026-08-27,13,1954.0,172.0,2126.0
2026-08-27 13:45:00,454,32,486,2026-08-27,13,1899.0,147.0,2046.0
2026-08-27 14:00:00,422,35,457,2026-08-27,14,1812.0,143.0,1955.0
2026-08-27 14:15:00,406,30,436,2026-08-27,14,1731.0,128.0,1859.0
2026-08-27 14:30:00,398,28,426,2026-08-27,14,1680.0,125.0,1805.0
2026-08-27 14:45:00,441,32,473,2026-08-27,14,1667.0,125.0,1792.0
2026-08-27 15:00:00,380,30,410,2026-08-27,15,1625.0,120.0,1745.0
2026-08-27 15:15:00,364,26,390,2026-08-27,15,1583.0,116.0,1699.0
2026-08-27 15:30:00,283,33,316,2026-08-27,15,1468.0,121.0,1589.0
2026-08-27 15:45:00,289,22,311,2026-08-27,15,1316.0,111.0,1427.0
2026-08-27 16:00:00,253,19,272,2026-08-27,16,1189.0,100.0,1289.0
2026-08-27 16:15:00,250,24,274,2026-08-27,16,1075.0,98.0,1173.0
2026-08-27 16:30:00,297,14,311,2026-08-27,16,1089.0,79.0,1168.0
2026-08-27 16:45:00,318,13,331,2026-08-27,16,1118.0,70.0,1188.0
2026-08-27 17:00:00,323,17,340,2026-08-27,17,1188.0,68.0,1256.0
2026-08-27 17:15:00,344,16,360,2026-08-27,17,1282.0,60.0,1342.0
2026-08-27 17:30:00,363,18,381,2026-08-27,17,1348.0,64.0,1412.0
2026-08-27 17:45:00,368,17,385,2026-08-27,17,1398.0,68.0,1466.0
2026-08-27 18:00:00,384,20,404,2026-08-27,18,1459.0,71.0,1530.0
2026-08-27 18:15:00,350,20,370,2026-08-27,18,1465.0,75.0,1540.0
2026-08-27 18:30:00,286,14,300,2026-08-27,18,1388.0,71.0,1459.0
2026-08-27 18:45:00,235,21,256,2026-08-27,18,1255.0,75.0,1330.0
2026-08-27 19:00:00,211,11,222,2026-08-27,19,1082.0,66.0,1148.0
2026-08-27 19:15:00,229,13,242,2026-08-27,19,961.0,59.0,1020.0
2026-08-27 19:30:00,218,14,232,2026-08-27,19,893.0,59.0,952.0
2026-08-27 19:45:00,204,15,219,2026-08-27,19,862.0,53.0,915.0
2026-08-27 20:00:00,169,21,190,2026-08-27,20,820.0,63.0,883.0
2026-08-27 20:15:00,119,23,142,2026-08-27,20,710.0,73.0,783.0
2026-08-27 20:30:00,62,12,74,2026-08-27,20,554.0,71.0,625.0
2026-08-27 20:45:00,48,12,60,2026-08-27,20,398.0,68.0,466.0
2026-08-27 21:00:00,32,17,49,2026-08-27,21,261.0,64.0,325.0
2026-08-27 21:15:00,23,19,42,2026-08-27,21,165.0,60.0,225.0
2026-08-27 21:30:00,6,13,19,2026-08-27,21,109.0,61.0,170.0
2026-08-27 21:45:00,2,8,10,2026-08-27,21,63.0,57.0,120.0
2026-08-27 22:00:00,0,6,6,2026-08-27,22,31.0,46.0,77.0
2026-08-27 22:15:00,0,6,6,2026-08-27,22,8.0,33.0,41.0
2026-08-27 22:30:00,0,7,7,2026-08-27,22,2.0,27.0,29.0
2026-08-27 22:45:00,0,7,7,2026-08-27,22,0.0,26.0,26.0
2026-08-27 23:00:00,0,5,5,2026-08-27,23,0.0,25.0,25.0
2026-08-27 23:15:00,0,4,4,2026-08-27,23,0.0,23.0,23.0
2026-08-27 23:30:00,1,1,2,2026-08-27,23,1.0,17.0,18.0
2026-08-27 23:45:00,2,2,4,2026-08-27,23,3.0,12.0,15.0
2026-08-28 03:00:00,19,45,64,2026-08-28,3,19.0,45.0,64.0
2026-08-28 03:15:00,67,67,134,2026-08-28,3,86.0,112.0,198.0
2026-08-28 03:30:00,240,40,280,2026-08-28,3,326.0,152.0,478.0
2026-08-28 03:45:00,556,66,622,2026-08-28,3,882.0,218.0,1100.0
2026-08-28 04:00:00,692,31,723,2026-08-28,4,1555.0,204.0,1759.0
2026-08-28 04:15:00,798,33,831,2026-08-28,4,2286.0,170.0,2456.0
2026-08-28 04:30:00,770,53,823,2026-08-28,4,2816.0,183.0,2999.0
2026-08-28 04:45:00,736,73,809,2026-08-28,4,2996.0,190.0,3186.0
2026-08-28 05:00:00,740,65,805,2026-08-28,5,3044.0,224.0,3268.0
2026-08-28 05:15:00,675,52,727,2026-08-28,5,2921.0,243.0,3164.0
2026-08-28 05:30:00,467,50,517,2026-08-28,5,2618.0,240.0,2858.0
2026-08-28 05:45:00,322,63,385,2026-08-28,5,2204.0,230.0,2434.0
2026-08-28 06:00:00,354,35,389,2026-08-28,6,1818.0,200.0,2018.0
2026-08-28 06:15:00,424,46,470,2026-08-28,6,1567.0,194.0,1761.0
2026-08-28 06:30:00,565,43,608,2026-08-28,6,1665.0,187.0,1852.0
2026-08-28 06:45:00,509,44,553,2026-08-28,6,1852.0,168.0,2020.0
2026-08-28 07:00:00,479,33,512,2026-08-28,7,1977.0,166.0,2143.0
2026-08-28 07:15:00,504,50,554,2026-08-28,7,2057.0,170.0,2227.0
2026-08-28 07:30:00,512,40,552,2026-08-28,7,2004.0,167.0,2171.0
2026-08-28 07:45:00,497,34,531,2026-08-28,7,1992.0,157.0,2149.0
2026-08-28 08:00:00,395,34,429,2026-08-28,8,1908.0,158.0,2066.0
2026-08-28 08:15:00,444,25,469,2026-08-28,8,1848.0,133.0,1981.0
2026-08-28 08:30:00,419,33,452,2026-08-28,8,1755.0,126.0,1881.0
2026-08-28 08:45:00,396,27,423,2026-08-28,8,1654.0,119.0,1773.0
2026-08-28 09:00:00,429,30,459,2026-08-28,9,1688.0,115.0,1803.0
2026-08-28 09:15:00,425,31,456,2026-08-28,9,1669.0,121.0,1790.0
2026-08-28 09:30:00,399,60,459,2026-08-28,9,1649.0,148.0,1797.0
2026-08-28 09:45:00,388,60,448,2026-08-28,9,1641.0,181.0,1822.0
2026-08-28 10:00:00,380,55,435,2026-08-28,10,1592.0,206.0,1798.0
2026-08-28 10:15:00,379,49,428,2026-08-28,10,1546.0,224.0,1770.0
2026-08-28 10:30:00,383,44,427,2026-08-28,10,1530.0,208.0,1738.0
2026-08-28 10:45:00,370,42,412,2026-08-28,10,1512.0,190.0,1702.0
2026-08-28 11:00:00,428,41,469,2026-08-28,11,1560.0,176.0,1736.0
2026-08-28 11:15:00,531,44,575,2026-08-28,11,1712.0,171.0,1883.0
2026-08-28 11:30:00,521,68,589,2026-08-28,11,1850.0,195.0,2045.0
2026-08-28 11:45:00,581,77,658,2026-08-28,11,2061.0,230.0,2291.0
2026-08-28 12:00:00,636,64,700,2026-08-28,12,2269.0,253.0,2522.0
2026-08-28 12:15:00,641,54,695,2026-08-28,12,2379.0,263.0,2642.0
2026-08-28 12:30:00,618,63,681,2026-08-28,12,2476.0,258.0,2734.0
2026-08-28 12:45:00,636,53,689,2026-08-28,12,2531.0,234.0,2765.0
2026-08-28 13:00:00,538,41,579,2026-08-28,13,2433.0,211.0,2644.0
2026-08-28 13:15:00,511,45,556,2026-08-28,13,2303.0,202.0,2505.0
2026-08-28 13:30:00,514,54,568,2026-08-28,13,2199.0,193.0,2392.0
2026-08-28 13:45:00,438,43,481,2026-08-28,13,2001.0,183.0,2184.0
2026-08-28 14:00:00,348,33,381,2026-08-28,14,1811.0,175.0,1986.0
2026-08-28 14:15:00,290,41,331,2026-08-28,14,1590.0,171.0,1761.0
2026-08-28 14:30:00,249,33,282,2026-08-28,14,1325.0,150.0,1475.0
2026-08-28 14:45:00,295,25,320,2026-08-28,14,1182.0,132.0,1314.0
2026-08-28 15:00:00,358,22,380,2026-08-28,15,1192.0,121.0,1313.0
2026-08-28 15:15:00,441,21,462,2026-08-28,15,1343.0,101.0,1444.0
2026-08-28 15:30:00,417,28,445,2026-08-28,15,1511.0,96.0,1607.0
2026-08-28 15:45:00,469,24,493,2026-08-28,15,1685.0,95.0,1780.0
2026-08-28 16:00:00,473,20,493,2026-08-28,16,1800.0,93.0,1893.0
2026-08-28 16:15:00,507,24,531,2026-08-28,16,1866.0,96.0,1962.0
2026-08-28 16:30:00,509,20,529,2026-08-28,16,1958.0,88.0,2046.0
2026-08-28 16:45:00,465,19,484,2026-08-28,16,1954.0,83.0,2037.0
2026-08-28 17:00:00,424,21,445,2026-08-28,17,1905.0,84.0,1989.0
2026-08-28 17:15:00,369,10,379,2026-08-28,17,1767.0,70.0,1837.0
2026-08-28 17:30:00,386,13,399,2026-08-28,17,1644.0,63.0,1707.0
2026-08-28 17:45:00,383,18,401,2026-08-28,17,1562.0,62.0,1624.0
2026-08-28 18:00:00,364,18,382,2026-08-28,18,1502.0,59.0,1561.0
2026-08-28 18:15:00,333,22,355,2026-08-28,18,1466.0,71.0,1537.0
2026-08-28 18:30:00,299,14,313,2026-08-28,18,1379.0,72.0,1451.0
2026-08-28 18:45:00,240,13,253,2026-08-28,18,1236.0,67.0,1303.0
2026-08-28 19:00:00,213,13,226,2026-08-28,19,1085.0,62.0,1147.0
2026-08-28 19:15:00,193,12,205,2026-08-28,19,945.0,52.0,997.0
2026-08-28 19:30:00,175,11,186,2026-08-28,19,821.0,49.0,870.0
2026-08-28 19:45:00,153,14,167,2026-08-28,19,734.0,50.0,784.0
2026-08-28 20:00:00,118,10,128,2026-08-28,20,639.0,47.0,686.0
2026-08-28 20:15:00,92,18,110,2026-08-28,20,538.0,53.0,591.0
2026-08-28 20:30:00,84,11,95,2026-08-28,20,447.0,53.0,500.0
2026-08-28 20:45:00,76,10,86,2026-08-28,20,370.0,49.0,419.0
2026-08-28 21:00:00,26,16,42,2026-08-28,21,278.0,55.0,333.0
2026-08-28 21:15:00,9,22,31,2026-08-28,21,195.0,59.0,254.0
2026-08-28 21:30:00,6,12,18,2026-08-28,21,117.0,60.0,177.0
2026-08-28 21:45:00,6,11,17,2026-08-28,21,47.0,61.0,108.0
2026-08-28 22:00:00,5,8,13,2026-08-28,22,26.0,53.0,79.0
2026-08-28 22:15:00,4,9,13,2026-08-28,22,21.0,40.0,61.0
2026-08-28 22:30:00,4,4,8,2026-08-28,22,19.0,32.0,51.0
2026-08-28 22:45:00,3,6,9,2026-08-28,22,16.0,27.0,43.0
2026-08-28 23:00:00,2,5,7,2026-08-28,23,13.0,24.0,37.0
2026-08-28 23:15:00,1,4,5,2026-08-28,23,10.0,19.0,29.0
2026-08-28 23:30:00,2,4,6,2026-08-28,23,8.0,19.0,27.0
2026-08-28 23:45:00,2,4,6,2026-08-28,23,7.0,17.0,24.0
2026-08-29 03:00:00,50,40,90,2026-08-29,3,50.0,40.0,90.0
2026-08-29 03:15:00,130,61,191,2026-08-29,3,180.0,101.0,281.0
2026-08-29 03:30:00,280,43,323,2026-08-29,3,460.0,144.0,604.0
2026-08-29 03:45:00,450,60,510,2026-08-29,3,910.0,204.0,1114.0
2026-08-29 04:00:00,638,38,676,2026-08-29,4,1498.0,202.0,1700.0
2026-08-29 04:15:00,674,28,702,2026-08-29,4,2042.0,169.0,2211.0
2026-08-29 04:30:00,709,46,755,2026-08-29,4,2471.0,172.0,2643.0
2026-08-29 04:45:00,660,71,731,2026-08-29,4,2681.0,183.0,2864.0
2026-08-29 05:00:00,647,54,701,2026-08-29,5,2690.0,199.0,2889.0
2026-08-29 05:15:00,590,40,630,2026-08-29,5,2606.0,211.0,2817.0
2026-08-29 05:30:00,508,39,547,2026-08-29,5,2405.0,204.0,2609.0
2026-08-29 05:45:00,472,56,528,2026-08-29,5,2217.0,189.0,2406.0
2026-08-29 06:00:00,398,40,438,2026-08-29,6,1968.0,175.0,2143.0
2026-08-29 06:15:00,465,36,501,2026-08-29,6,1843.0,171.0,2014.0
2026-08-29 06:30:00,482,36,518,2026-08-29,6,1817.0,168.0,1985.0
2026-08-29 06:45:00,521,33,554,2026-08-29,6,1866.0,145.0,2011.0
2026-08-29 07:00:00,562,25,587,2026-08-29,7,2030.0,130.0,2160.0
2026-08-29 07:15:00,542,50,592,2026-08-29,7,2107.0,144.0,2251.0
2026-08-29 07:30:00,504,26,530,2026-08-29,7,2129.0,134.0,2263.0
2026-08-29 07:45:00,427,29,456,2026-08-29,7,2035.0,130.0,2165.0
2026-08-29 08:00:00,362,26,388,2026-08-29,8,1835.0,131.0,1966.0
2026-08-29 08:15:00,405,20,425,2026-08-29,8,1698.0,101.0,1799.0
2026-08-29 08:30:00,465,21,486,2026-08-29,8,1659.0,96.0,1755.0
2026-08-29 08:45:00,564,20,584,2026-08-29,8,1796.0,87.0,1883.0
2026-08-29 09:00:00,580,22,602,2026-08-29,9,2014.0,83.0,2097.0
2026-08-29 09:15:00,609,32,641,2026-08-29,9,2218.0,95.0,2313.0
2026-08-29 09:30:00,572,46,618,2026-08-29,9,2325.0,120.0,2445.0
2026-08-29 09:45:00,523,39,562,2026-08-29,9,2284.0,139.0,2423.0
2026-08-29 10:00:00,580,34,614,2026-08-29,10,2284.0,151.0,2435.0
2026-08-29 10:15:00,574,46,620,2026-08-29,10,2249.0,165.0,2414.0
2026-08-29 10:30:00,532,51,583,2026-08-29,10,2209.0,170.0,2379.0
2026-08-29 10:45:00,611,53,664,2026-08-29,10,2297.0,184.0,2481.0
2026-08-29 11:00:00,613,45,658,2026-08-29,11,2330.0,195.0,2525.0
2026-08-29 11:15:00,639,48,687,2026-08-29,11,2395.0,197.0,2592.0
2026-08-29 11:30:00,578,59,637,2026-08-29,11,2441.0,205.0,2646.0
2026-08-29 11:45:00,553,64,617,2026-08-29,11,2383.0,216.0,2599.0
2026-08-29 12:00:00,550,49,599,2026-08-29,12,2320.0,220.0,2540.0
2026-08-29 12:15:00,490,45,535,2026-08-29,12,2171.0,217.0,2388.0
2026-08-29 12:30:00,445,46,491,2026-08-29,12,2038.0,204.0,2242.0
2026-08-29 12:45:00,460,43,503,2026-08-29,12,1945.0,183.0,2128.0
2026-08-29 13:00:00,410,36,446,2026-08-29,13,1805.0,170.0,1975.0
2026-08-29 13:15:00,363,39,402,2026-08-29,13,1678.0,164.0,1842.0
2026-08-29 13:30:00,337,46,383,2026-08-29,13,1570.0,164.0,1734.0
2026-08-29 13:45:00,371,37,408,2026-08-29,13,1481.0,158.0,1639.0
2026-08-29 14:00:00,350,23,373,2026-08-29,14,1421.0,145.0,1566.0
2026-08-29 14:15:00,307,24,331,2026-08-29,14,1365.0,130.0,1495.0
2026-08-29 14:30:00,309,26,335,2026-08-29,14,1337.0,110.0,1447.0
2026-08-29 14:45:00,319,17,336,2026-08-29,14,1285.0,90.0,1375.0
2026-08-29 15:00:00,344,20,364,2026-08-29,15,1279.0,87.0,1366.0
2026-08-29 15:15:00,339,26,365,2026-08-29,15,1311.0,89.0,1400.0
2026-08-29 15:30:00,400,28,428,2026-08-29,15,1402.0,91.0,1493.0
2026-08-29 15:45:00,386,23,409,2026-08-29,15,1469.0,97.0,1566.0
2026-08-29 16:00:00,377,15,392,2026-08-29,16,1502.0,92.0,1594.0
2026-08-29 16:15:00,332,26,358,2026-08-29,16,1495.0,92.0,1587.0
2026-08-29 16:30:00,282,23,305,2026-08-29,16,1377.0,87.0,1464.0
2026-08-29 16:45:00,252,14,266,2026-08-29,16,1243.0,78.0,1321.0
2026-08-29 17:00:00,227,12,239,2026-08-29,17,1093.0,75.0,1168.0
2026-08-29 17:15:00,230,13,243,2026-08-29,17,991.0,62.0,1053.0
2026-08-29 17:30:00,248,18,266,2026-08-29,17,957.0,57.0,1014.0
2026-08-29 17:45:00,252,16,268,2026-08-29,17,957.0,59.0,1016.0
2026-08-29 18:00:00,203,18,221,2026-08-29,18,933.0,65.0,998.0
2026-08-29 18:15:00,145,14,159,2026-08-29,18,848.0,66.0,914.0
2026-08-29 18:30:00,117,11,128,2026-08-29,18,717.0,59.0,776.0
2026-08-29 18:45:00,101,14,115,2026-08-29,18,566.0,57.0,623.0
2026-08-29 19:00:00,81,14,95,2026-08-29,19,444.0,53.0,497.0
2026-08-29 19:15:00,80,11,91,2026-08-29,19,379.0,50.0,429.0
2026-08-29 19:30:00,80,12,92,2026-08-29,19,342.0,51.0,393.0
2026-08-29 19:45:00,91,11,102,2026-08-29,19,332.0,48.0,380.0
2026-08-29 20:00:00,65,13,78,2026-08-29,20,316.0,47.0,363.0
2026-08-29 20:15:00,50,15,65,2026-08-29,20,286.0,51.0,337.0
2026-08-29 20:30:00,29,10,39,2026-08-29,20,235.0,49.0,284.0
2026-08-29 20:45:00,14,9,23,2026-08-29,20,158.0,47.0,205.0
2026-08-29 21:00:00,7,14,21,2026-08-29,21,100.0,48.0,148.0
2026-08-29 21:15:00,5,12,17,2026-08-29,21,55.0,45.0,100.0
2026-08-29 21:30:00,0,11,11,2026-08-29,21,26.0,46.0,72.0
2026-08-29 21:45:00,0,7,7,2026-08-29,21,12.0,44.0,56.0
2026-08-29 22:00:00,0,7,7,2026-08-29,22,5.0,37.0,42.0
2026-08-29 22:15:00,0,7,7,2026-08-29,22,0.0,32.0,32.0
2026-08-29 22:30:00,0,2,2,2026-08-29,22,0.0,23.0,23.0
2026-08-29 22:45:00,0,2,2,2026-08-29,22,0.0,18.0,18.0
2026-08-29 23:00:00,0,6,6,2026-08-29,23,0.0,17.0,17.0
2026-08-29 23:15:00,0,8,8,2026-08-29,23,0.0,18.0,18.0
2026-08-29 23:30:00,0,5,5,2026-08-29,23,0.0,21.0,21.0
2026-08-29 23:45:00,0,5,5,2026-08-29,23,0.0,24.0,24.0
2026-08-30 03:00:00,103,41,144,2026-08-30,3,103.0,41.0,144.0
2026-08-30 03:15:00,229,54,283,2026-08-30,3,332.0,95.0,427.0
2026-08-30 03:30:00,366,37,403,2026-08-30,3,698.0,132.0,830.0
2026-08-30 03:45:00,526,61,587,2026-08-30,3,1224.0,193.0,1417.0
2026-08-30 04:00:00,609,34,643,2026-08-30,4,1730.0,186.0,1916.0
2026-08-30 04:15:00,624,37,661,2026-08-30,4,2125.0,169.0,2294.0
2026-08-30 04:30:00,600,50,650,2026-08-30,4,2359.0,182.0,2541.0
2026-08-30 04:45:00,607,73,680,2026-08-30,4,2440.0,194.0,2634.0
2026-08-30 05:00:00,502,38,540,2026-08-30,5,2333.0,198.0,2531.0
2026-08-30 05:15:00,542,37,579,2026-08-30,5,2251.0,198.0,2449.0
2026-08-30 05:30:00,454,50,504,2026-08-30,5,2105.0,198.0,2303.0
2026-08-30 05:45:00,411,63,474,2026-08-30,5,1909.0,188.0,2097.0
2026-08-30 06:00:00,398,49,447,2026-08-30,6,1805.0,199.0,2004.0
2026-08-30 06:15:00,438,38,476,2026-08-30,6,1701.0,200.0,1901.0
2026-08-30 06:30:00,388,29,417,2026-08-30,6,1635.0,179.0,1814.0
2026-08-30 06:45:00,356,35,391,2026-08-30,6,1580.0,151.0,1731.0
2026-08-30 07:00:00,341,33,374,2026-08-30,7,1523.0,135.0,1658.0
2026-08-30 07:15:00,398,36,434,2026-08-30,7,1483.0,133.0,1616.0
2026-08-30 07:30:00,410,30,440,2026-08-30,7,1505.0,134.0,1639.0
2026-08-30 07:45:00,405,25,430,2026-08-30,7,1554.0,124.0,1678.0
2026-08-30 08:00:00,400,24,424,2026-08-30,8,1613.0,115.0,1728.0
2026-08-30 08:15:00,458,23,481,2026-08-30,8,1673.0,102.0,1775.0
2026-08-30 08:30:00,494,27,521,2026-08-30,8,1757.0,99.0,1856.0
2026-08-30 08:45:00,533,28,561,2026-08-30,8,1885.0,102.0,1987.0
2026-08-30 09:00:00,633,28,661,2026-08-30,9,2118.0,106.0,2224.0
2026-08-30 09:15:00,625,25,650,2026-08-30,9,2285.0,108.0,2393.0
2026-08-30 09:30:00,609,38,647,2026-08-30,9,2400.0,119.0,2519.0
2026-08-30 09:45:00,553,54,607,2026-08-30,9,2420.0,145.0,2565.0
2026-08-30 10:00:00,554,52,606,2026-08-30,10,2341.0,169.0,2510.0
2026-08-30 10:15:00,676,41,717,2026-08-30,10,2392.0,185.0,2577.0
2026-08-30 10:30:00,629,42,671,2026-08-30,10,2412.0,189.0,2601.0
2026-08-30 10:45:00,660,58,718,2026-08-30,10,2519.0,193.0,2712.0
2026-08-30 11:00:00,603,41,644,2026-08-30,11,2568.0,182.0,2750.0
2026-08-30 11:15:00,617,47,664,2026-08-30,11,2509.0,188.0,2697.0
2026-08-30 11:30:00,630,59,689,2026-08-30,11,2510.0,205.0,2715.0
2026-08-30 11:45:00,571,58,629,2026-08-30,11,2421.0,205.0,2626.0
2026-08-30 12:00:00,584,54,638,2026-08-30,12,2402.0,218.0,2620.0
2026-08-30 12:15:00,512,56,568,2026-08-30,12,2297.0,227.0,2524.0
2026-08-30 12:30:00,454,56,510,2026-08-30,12,2121.0,224.0,2345.0
2026-08-30 12:45:00,427,54,481,2026-08-30,12,1977.0,220.0,2197.0
2026-08-30 13:00:00,421,39,460,2026-08-30,13,1814.0,205.0,2019.0
2026-08-30 13:15:00,384,31,415,2026-08-30,13,1686.0,180.0,1866.0
2026-08-30 13:30:00,395,45,440,2026-08-30,13,1627.0,169.0,1796.0
2026-08-30 13:45:00,392,32,424,2026-08-30,13,1592.0,147.0,1739.0
2026-08-30 14:00:00,349,26,375,2026-08-30,14,1520.0,134.0,1654.0
2026-08-30 14:15:00,388,31,419,2026-08-30,14,1524.0,134.0,1658.0
2026-08-30 14:30:00,406,30,436,2026-08-30,14,1535.0,119.0,1654.0
2026-08-30 14:45:00,421,26,447,2026-08-30,14,1564.0,113.0,1677.0
2026-08-30 15:00:00,416,25,441,2026-08-30,15,1631.0,112.0,1743.0
2026-08-30 15:15:00,414,21,435,2026-08-30,15,1657.0,102.0,1759.0
2026-08-30 15:30:00,446,26,472,2026-08-30,15,1697.0,98.0,1795.0
2026-08-30 15:45:00,443,26,469,2026-08-30,15,1719.0,98.0,1817.0
2026-08-30 16:00:00,401,27,428,2026-08-30,16,1704.0,100.0,1804.0
2026-08-30 16:15:00,346,20,366,2026-08-30,16,1636.0,99.0,1735.0
2026-08-30 16:30:00,279,15,294,2026-08-30,16,1469.0,88.0,1557.0
2026-08-30 16:45:00,268,16,284,2026-08-30,16,1294.0,78.0,1372.0
2026-08-30 17:00:00,298,12,310,2026-08-30,17,1191.0,63.0,1254.0
2026-08-30 17:15:00,266,14,280,2026-08-30,17,1111.0,57.0,1168.0
2026-08-30 17:30:00,328,16,344,2026-08-30,17,1160.0,58.0,1218.0
2026-08-30 17:45:00,304,14,318,2026-08-30,17,1196.0,56.0,1252.0
2026-08-30 18:00:00,365,17,382,2026-08-30,18,1263.0,61.0,1324.0
2026-08-30 18:15:00,406,17,423,2026-08-30,18,1403.0,64.0,1467.0
2026-08-30 18:30:00,373,14,387,2026-08-30,18,1448.0,62.0,1510.0
2026-08-30 18:45:00,386,14,400,2026-08-30,18,1530.0,62.0,1592.0
2026-08-30 19:00:00,278,13,291,2026-08-30,19,1443.0,58.0,1501.0
2026-08-30 19:15:00,257,14,271,2026-08-30,19,1294.0,55.0,1349.0
2026-08-30 19:30:00,192,15,207,2026-08-30,19,1113.0,56.0,1169.0
2026-08-30 19:45:00,147,11,158,2026-08-30,19,874.0,53.0,927.0
2026-08-30 20:00:00,115,10,125,2026-08-30,20,711.0,50.0,761.0
2026-08-30 20:15:00,90,23,113,2026-08-30,20,544.0,59.0,603.0
2026-08-30 20:30:00,53,11,64,2026-08-30,20,405.0,55.0,460.0
2026-08-30 20:45:00,38,8,46,2026-08-30,20,296.0,52.0,348.0
2026-08-30 21:00:00,26,15,41,2026-08-30,21,207.0,57.0,264.0
2026-08-30 21:15:00,18,12,30,2026-08-30,21,135.0,46.0,181.0
2026-08-30 21:30:00,17,9,26,2026-08-30,21,99.0,44.0,143.0
2026-08-30 21:45:00,17,9,26,2026-08-30,21,78.0,45.0,123.0
2026-08-30 22:00:00,26,3,29,2026-08-30,22,78.0,33.0,111.0
2026-08-30 22:15:00,16,6,22,2026-08-30,22,76.0,27.0,103.0
2026-08-30 22:30:00,10,4,14,2026-08-30,22,69.0,22.0,91.0
2026-08-30 22:45:00,9,4,13,2026-08-30,22,61.0,17.0,78.0
2026-08-30 23:00:00,2,4,6,2026-08-30,23,37.0,18.0,55.0
2026-08-30 23:15:00,0,3,3,2026-08-30,23,21.0,15.0,36.0
2026-08-30 23:30:00,0,4,4,2026-08-30,23,11.0,15.0,26.0
2026-08-30 23:45:00,0,1,1,2026-08-30,23,2.0,12.0,14.0
2026-08-31 03:00:00,52,48,100,2026-08-31,3,52.0,48.0,100.0
2026-08-31 03:15:00,156,48,204,2026-08-31,3,208.0,96.0,304.0
2026-08-31 03:30:00,268,39,307,2026-08-31,3,476.0,135.0,611.0
2026-08-31 03:45:00,514,51,565,2026-08-31,3,990.0,186.0,1176.0
2026-08-31 04:00:00,607,35,642,2026-08-31,4,1545.0,173.0,1718.0
2026-08-31 04:15:00,694,36,730,2026-08-31,4,2083.0,161.0,2244.0
2026-08-31 04:30:00,724,53,777,2026-08-31,4,2539.0,175.0,2714.0
2026-08-31 04:45:00,605,75,680,2026-08-31,4,2630.0,199.0,2829.0
2026-08-31 05:00:00,577,52,629,2026-08-31,5,2600.0,216.0,2816.0
2026-08-31 05:15:00,539,43,582,2026-08-31,5,2445.0,223.0,2668.0
2026-08-31 05:30:00,475,42,517,2026-08-31,5,2196.0,212.0,2408.0
2026-08-31 05:45:00,494,53,547,2026-08-31,5,2085.0,190.0,2275.0
2026-08-31 06:00:00,515,43,558,2026-08-31,6,2023.0,181.0,2204.0
2026-08-31 06:15:00,502,45,547,2026-08-31,6,1986.0,183.0,2169.0
2026-08-31 06:30:00,494,42,536,2026-08-31,6,2005.0,183.0,2188.0
2026-08-31 06:45:00,457,46,503,2026-08-31,6,1968.0,176.0,2144.0
2026-08-31 07:00:00,424,31,455,2026-08-31,7,1877.0,164.0,2041.0
2026-08-31 07:15:00,462,33,495,2026-08-31,7,1837.0,152.0,1989.0
2026-08-31 07:30:00,498,28,526,2026-08-31,7,1841.0,138.0,1979.0
2026-08-31 07:45:00,543,41,584,2026-08-31,7,1927.0,133.0,2060.0
2026-08-31 08:00:00,512,40,552,2026-08-31,8,2015.0,142.0,2157.0
2026-08-31 08:15:00,523,22,545,2026-08-31,8,2076.0,131.0,2207.0
2026-08-31 08:30:00,539,34,573,2026-08-31,8,2117.0,137.0,2254.0
2026-08-31 08:45:00,528,23,551,2026-08-31,8,2102.0,119.0,2221.0
2026-08-31 09:00:00,477,32,509,2026-08-31,9,2067.0,111.0,2178.0
2026-08-31 09:15:00,476,37,513,2026-08-31,9,2020.0,126.0,2146.0
2026-08-31 09:30:00,539,56,595,2026-08-31,9,2020.0,148.0,2168.0
2026-08-31 09:45:00,475,52,527,2026-08-31,9,1967.0,177.0,2144.0
2026-08-31 10:00:00,475,58,533,2026-08-31,10,1965.0,203.0,2168.0
2026-08-31 10:15:00,480,49,529,2026-08-31,10,1969.0,215.0,2184.0
2026-08-31 10:30:00,514,35,549,2026-08-31,10,1944.0,194.0,2138.0
2026-08-31 10:45:00,515,45,560,2026-08-31,10,1984.0,187.0,2171.0
2026-08-31 11:00:00,560,38,598,2026-08-31,11,2069.0,167.0,2236.0
2026-08-31 11:15:00,635,46,681,2026-08-31,11,2224.0,164.0,2388.0
2026-08-31 11:30:00,714,62,776,2026-08-31,11,2424.0,191.0,2615.0
2026-08-31 11:45:00,773,60,833,2026-08-31,11,2682.0,206.0,2888.0
2026-08-31 12:00:00,737,61,798,2026-08-31,12,2859.0,229.0,3088.0
2026-08-31 12:15:00,740,57,797,2026-08-31,12,2964.0,240.0,3204.0
2026-08-31 12:30:00,665,64,729,2026-08-31,12,2915.0,242.0,3157.0
2026-08-31 12:45:00,582,58,640,2026-08-31,12,2724.0,240.0,2964.0
2026-08-31 13:00:00,519,46,565,2026-08-31,13,2506.0,225.0,2731.0
2026-08-31 13:15:00,520,46,566,2026-08-31,13,2286.0,214.0,2500.0
2026-08-31 13:30:00,460,43,503,2026-08-31,13,2081.0,193.0,2274.0
2026-08-31 13:45:00,430,32,462,2026-08-31,13,1929.0,167.0,2096.0
2026-08-31 14:00:00,391,27,418,2026-08-31,14,1801.0,148.0,1949.0
2026-08-31 14:15:00,369,37,406,2026-08-31,14,1650.0,139.0,1789.0
2026-08-31 14:30:00,417,36,453,2026-08-31,14,1607.0,132.0,1739.0
2026-08-31 14:45:00,431,29,460,2026-08-31,14,1608.0,129.0,1737.0
2026-08-31 15:00:00,463,24,487,2026-08-31,15,1680.0,126.0,1806.0
2026-08-31 15:15:00,487,35,522,2026-08-31,15,1798.0,124.0,1922.0
2026-08-31 15:30:00,461,32,493,2026-08-31,15,1842.0,120.0,1962.0
2026-08-31 15:45:00,417,21,438,2026-08-31,15,1828.0,112.0,1940.0
2026-08-31 16:00:00,361,23,384,2026-08-31,16,1726.0,111.0,1837.0
2026-08-31 16:15:00,333,20,353,2026-08-31,16,1572.0,96.0,1668.0
2026-08-31 16:30:00,305,16,321,2026-08-31,16,1416.0,80.0,1496.0
2026-08-31 16:45:00,301,20,321,2026-08-31,16,1300.0,79.0,1379.0
2026-08-31 17:00:00,336,19,355,2026-08-31,17,1275.0,75.0,1350.0
2026-08-31 17:15:00,402,23,425,2026-08-31,17,1344.0,78.0,1422.0
2026-08-31 17:30:00,406,20,426,2026-08-31,17,1445.0,82.0,1527.0
2026-08-31 17:45:00,460,18,478,2026-08-31,17,1604.0,80.0,1684.0
2026-08-31 18:00:00,465,20,485,2026-08-31,18,1733.0,81.0,1814.0
2026-08-31 18:15:00,353,14,367,2026-08-31,18,1684.0,72.0,1756.0
2026-08-31 18:30:00,267,19,286,2026-08-31,18,1545.0,71.0,1616.0
2026-08-31 18:45:00,234,16,250,2026-08-31,18,1319.0,69.0,1388.0
2026-08-31 19:00:00,196,10,206,2026-08-31,19,1050.0,59.0,1109.0
2026-08-31 19:15:00,169,15,184,2026-08-31,19,866.0,60.0,926.0
2026-08-31 19:30:00,133,13,146,2026-08-31,19,732.0,54.0,786.0
2026-08-31 19:45:00,101,12,113,2026-08-31,19,599.0,50.0,649.0
2026-08-31 20:00:00,103,12,115,2026-08-31,20,506.0,52.0,558.0
2026-08-31 20:15:00,86,17,103,2026-08-31,20,423.0,54.0,477.0
2026-08-31 20:30:00,53,13,66,2026-08-31,20,343.0,54.0,397.0
2026-08-31 20:45:00,30,13,43,2026-08-31,20,272.0,55.0,327.0
2026-08-31 21:00:00,12,12,24,2026-08-31,21,181.0,55.0,236.0
2026-08-31 21:15:00,2,15,17,2026-08-31,21,97.0,53.0,150.0
2026-08-31 21:30:00,2,9,11,2026-08-31,21,46.0,49.0,95.0
2026-08-31 21:45:00,0,6,6,2026-08-31,21,16.0,42.0,58.0
2026-08-31 22:00:00,0,6,6,2026-08-31,22,4.0,36.0,40.0
2026-08-31 22:15:00,0,7,7,2026-08-31,22,2.0,28.0,30.0
2026-08-31 22:30:00,0,4,4,2026-08-31,22,0.0,23.0,23.0
2026-08-31 22:45:00,0,4,4,2026-08-31,22,0.0,21.0,21.0
2026-08-31 23:00:00,0,4,4,2026-08-31,23,0.0,19.0,19.0
2026-08-31 23:15:00,0,2,2,2026-08-31,23,0.0,14.0,14.0
2026-08-31 23:30:00,1,3,4,2026-08-31,23,1.0,13.0,14.0
2026-08-31 23:45:00,2,2,4,2026-08-31,23,3.0,11.0,14.0
2026-09-01 03:00:00,39,34,73,2026-09-01,3,39.0,34.0,73.0
2026-09-01 03:15:00,96,45,141,2026-09-01,3,135.0,79.0,214.0
2026-09-01 03:30:00,282,45,327,2026-09-01,3,417.0,124.0,541.0
2026-09-01 03:45:00,463,56,519,2026-09-01,3,880.0,180.0,1060.0
2026-09-01 04:00:00,487,35,522,2026-09-01,4,1328.0,181.0,1509.0
2026-09-01 04:15:00,590,37,627,2026-09-01,4,1822.0,173.0,1995.0
2026-09-01 04:30:00,565,72,637,2026-09-01,4,2105.0,200.0,2305.0
2026-09-01 04:45:00,584,77,661,2026-09-01,4,2226.0,221.0,2447.0
2026-09-01 05:00:00,607,52,659,2026-09-01,5,2346.0,238.0,2584.0
2026-09-01 05:15:00,573,35,608,2026-09-01,5,2329.0,236.0,2565.0
2026-09-01 05:30:00,481,44,525,2026-09-01,5,2245.0,208.0,2453.0
2026-09-01 05:45:00,428,62,490,2026-09-01,5,2089.0,193.0,2282.0
2026-09-01 06:00:00,424,45,469,2026-09-01,6,1906.0,186.0,2092.0
2026-09-01 06:15:00,405,37,442,2026-09-01,6,1738.0,188.0,1926.0
2026-09-01 06:30:00,302,35,337,2026-09-01,6,1559.0,179.0,1738.0
2026-09-01 06:45:00,351,46,397,2026-09-01,6,1482.0,163.0,1645.0
2026-09-01 07:00:00,364,30,394,2026-09-01,7,1422.0,148.0,1570.0
2026-09-01 07:15:00,401,30,431,2026-09-01,7,1418.0,141.0,1559.0
2026-09-01 07:30:00,497,29,526,2026-09-01,7,1613.0,135.0,1748.0
2026-09-01 07:45:00,520,41,561,2026-09-01,7,1782.0,130.0,1912.0
2026-09-01 08:00:00,489,33,522,2026-09-01,8,1907.0,133.0,2040.0
2026-09-01 08:15:00,451,28,479,2026-09-01,8,1957.0,131.0,2088.0
2026-09-01 08:30:00,444,31,475,2026-09-01,8,1904.0,133.0,2037.0
2026-09-01 08:45:00,470,34,504,2026-09-01,8,1854.0,126.0,1980.0
2026-09-01 09:00:00,443,29,472,2026-09-01,9,1808.0,122.0,1930.0
2026-09-01 09:15:00,399,38,437,2026-09-01,9,1756.0,132.0,1888.0
2026-09-01 09:30:00,419,49,468,2026-09-01,9,1731.0,150.0,1881.0
2026-09-01 09:45:00,380,71,451,2026-09-01,9,1641.0,187.0,1828.0
2026-09-01 10:00:00,378,60,438,2026-09-01,10,1576.0,218.0,1794.0
2026-09-01 10:15:00,383,48,431,2026-09-01,10,1560.0,228.0,1788.0
2026-09-01 10:30:00,404,52,456,2026-09-01,10,1545.0,231.0,1776.0
2026-09-01 10:45:00,438,41,479,2026-09-01,10,1603.0,201.0,1804.0
2026-09-01 11:00:00,420,42,462,2026-09-01,11,1645.0,183.0,1828.0
2026-09-01 11:15:00,468,44,512,2026-09-01,11,1730.0,179.0,1909.0
2026-09-01 11:30:00,434,50,484,2026-09-01,11,1760.0,177.0,1937.0
2026-09-01 11:45:00,462,60,522,2026-09-01,11,1784.0,196.0,1980.0
2026-09-01 12:00:00,474,55,529,2026-09-01,12,1838.0,209.0,2047.0
2026-09-01 12:15:00,520,61,581,2026-09-01,12,1890.0,226.0,2116.0
2026-09-01 12:30:00,520,63,583,2026-09-01,12,1976.0,239.0,2215.0
2026-09-01 12:45:00,535,58,593,2026-09-01,12,2049.0,237.0,2286.0
2026-09-01 13:00:00,454,43,497,2026-09-01,13,2029.0,225.0,2254.0
2026-09-01 13:15:00,392,34,426,2026-09-01,13,1901.0,198.0,2099.0
2026-09-01 13:30:00,389,42,431,2026-09-01,13,1770.0,177.0,1947.0
2026-09-01 13:45:00,361,35,396,2026-09-01,13,1596.0,154.0,1750.0
2026-09-01 14:00:00,310,28,338,2026-09-01,14,1452.0,139.0,1591.0
2026-09-01 14:15:00,283,37,320,2026-09-01,14,1343.0,142.0,1485.0
2026-09-01 14:30:00,275,34,309,2026-09-01,14,1229.0,134.0,1363.0
2026-09-01 14:45:00,275,29,304,2026-09-01,14,1143.0,128.0,1271.0
2026-09-01 15:00:00,342,25,367,2026-09-01,15,1175.0,125.0,1300.0
2026-09-01 15:15:00,397,20,417,2026-09-01,15,1289.0,108.0,1397.0
2026-09-01 15:30:00,436,19,455,2026-09-01,15,1450.0,93.0,1543.0
2026-09-01 15:45:00,416,18,434,2026-09-01,15,1591.0,82.0,1673.0
2026-09-01 16:00:00,323,18,341,2026-09-01,16,1572.0,75.0,1647.0
2026-09-01 16:15:00,316,24,340,2026-09-01,16,1491.0,79.0,1570.0
2026-09-01 16:30:00,270,21,291,2026-09-01,16,1325.0,81.0,1406.0
2026-09-01 16:45:00,219,18,237,2026-09-01,16,1128.0,81.0,1209.0
2026-09-01 17:00:00,247,15,262,2026-09-01,17,1052.0,78.0,1130.0
2026-09-01 17:15:00,308,19,327,2026-09-01,17,1044.0,73.0,1117.0
2026-09-01 17:30:00,299,21,320,2026-09-01,17,1073.0,73.0,1146.0
2026-09-01 17:45:00,291,23,314,2026-09-01,17,1145.0,78.0,1223.0
2026-09-01 18:00:00,324,21,345,2026-09-01,18,1222.0,84.0,1306.0
2026-09-01 18:15:00,282,14,296,2026-09-01,18,1196.0,79.0,1275.0
2026-09-01 18:30:00,218,14,232,2026-09-01,18,1115.0,72.0,1187.0
2026-09-01 18:45:00,173,12,185,2026-09-01,18,997.0,61.0,1058.0
2026-09-01 19:00:00,109,13,122,2026-09-01,19,782.0,53.0,835.0
2026-09-01 19:15:00,97,14,111,2026-09-01,19,597.0,53.0,650.0
2026-09-01 19:30:00,91,15,106,2026-09-01,19,470.0,54.0,524.0
2026-09-01 19:45:00,92,14,106,2026-09-01,19,389.0,56.0,445.0
2026-09-01 20:00:00,83,17,100,2026-09-01,20,363.0,60.0,423.0
2026-09-01 20:15:00,71,25,96,2026-09-01,20,337.0,71.0,408.0
2026-09-01 20:30:00,40,10,50,2026-09-01,20,286.0,66.0,352.0
2026-09-01 20:45:00,20,9,29,2026-09-01,20,214.0,61.0,275.0
2026-09-01 21:00:00,14,19,33,2026-09-01,21,145.0,63.0,208.0
2026-09-01 21:15:00,2,13,15,2026-09-01,21,76.0,51.0,127.0
2026-09-01 21:30:00,1,8,9,2026-09-01,21,37.0,49.0,86.0
2026-09-01 21:45:00,0,6,6,2026-09-01,21,17.0,46.0,63.0
2026-09-01 22:00:00,0,8,8,2026-09-01,22,3.0,35.0,38.0
2026-09-01 22:15:00,0,4,4,2026-09-01,22,1.0,26.0,27.0
2026-09-01 22:30:00,0,8,8,2026-09-01,22,0.0,26.0,26.0
2026-09-01 22:45:00,0,8,8,2026-09-01,22,0.0,28.0,28.0
2026-09-01 23:00:00,0,6,6,2026-09-01,23,0.0,26.0,26.0
2026-09-01 23:15:00,0,7,7,2026-09-01,23,0.0,29.0,29.0
2026-09-01 23:30:00,0,5,5,2026-09-01,23,0.0,26.0,26.0
2026-09-01 23:45:00,0,2,2,2026-09-01,23,0.0,20.0,20.0
2026-09-02 03:00:00,56,47,103,2026-09-02,3,56.0,47.0,103.0
2026-09-02 03:15:00,102,57,159,2026-09-02,3,158.0,104.0,262.0
2026-09-02 03:30:00,304,41,345,2026-09-02,3,462.0,145.0,607.0
2026-09-02 03:45:00,466,60,526,2026-09-02,3,928.0,205.0,1133.0
2026-09-02 04:00:00,616,35,651,2026-09-02,4,1488.0,193.0,1681.0
2026-09-02 04:15:00,669,32,701,2026-09-02,4,2055.0,168.0,2223.0
2026-09-02 04:30:00,695,56,751,2026-09-02,4,2446.0,183.0,2629.0
2026-09-02 04:45:00,597,77,674,2026-09-02,4,2577.0,200.0,2777.0
2026-09-02 05:00:00,637,60,697,2026-09-02,5,2598.0,225.0,2823.0
2026-09-02 05:15:00,538,43,581,2026-09-02,5,2467.0,236.0,2703.0
2026-09-02 05:30:00,437,54,491,2026-09-02,5,2209.0,234.0,2443.0
2026-09-02 05:45:00,436,58,494,2026-09-02,5,2048.0,215.0,2263.0
2026-09-02 06:00:00,376,47,423,2026-09-02,6,1787.0,202.0,1989.0
2026-09-02 06:15:00,407,43,450,2026-09-02,6,1656.0,202.0,1858.0
2026-09-02 06:30:00,450,46,496,2026-09-02,6,1669.0,194.0,1863.0
2026-09-02 06:45:00,447,41,488,2026-09-02,6,1680.0,177.0,1857.0
2026-09-02 07:00:00,428,45,473,2026-09-02,7,1732.0,175.0,1907.0
2026-09-02 07:15:00,364,54,418,2026-09-02,7,1689.0,186.0,1875.0
2026-09-02 07:30:00,366,49,415,2026-09-02,7,1605.0,189.0,1794.0
2026-09-02 07:45:00,400,56,456,2026-09-02,7,1558.0,204.0,1762.0
2026-09-02 08:00:00,445,56,501,2026-09-02,8,1575.0,215.0,1790.0
2026-09-02 08:15:00,475,39,514,2026-09-02,8,1686.0,200.0,1886.0
2026-09-02 08:30:00,469,31,500,2026-09-02,8,1789.0,182.0,1971.0
2026-09-02 08:45:00,450,45,495,2026-09-02,8,1839.0,171.0,2010.0
2026-09-02 09:00:00,444,35,479,2026-09-02,9,1838.0,150.0,1988.0
2026-09-02 09:15:00,451,35,486,2026-09-02,9,1814.0,146.0,1960.0
2026-09-02 09:30:00,438,63,501,2026-09-02,9,1783.0,178.0,1961.0
2026-09-02 09:45:00,412,57,469,2026-09-02,9,1745.0,190.0,1935.0
2026-09-02 10:00:00,415,58,473,2026-09-02,10,1716.0,213.0,1929.0
2026-09-02 10:15:00,398,49,447,2026-09-02,10,1663.0,227.0,1890.0
2026-09-02 10:30:00,507,42,549,2026-09-02,10,1732.0,206.0,1938.0
2026-09-02 10:45:00,501,59,560,2026-09-02,10,1821.0,208.0,2029.0
2026-09-02 11:00:00,467,55,522,2026-09-02,11,1873.0,205.0,2078.0
2026-09-02 11:15:00,526,54,580,2026-09-02,11,2001.0,210.0,2211.0
2026-09-02 11:30:00,580,53,633,2026-09-02,11,2074.0,221.0,2295.0
2026-09-02 11:45:00,543,64,607,2026-09-02,11,2116.0,226.0,2342.0
2026-09-02 12:00:00,557,58,615,2026-09-02,12,2206.0,229.0,2435.0
2026-09-02 12:15:00,560,51,611,2026-09-02,12,2240.0,226.0,2466.0
2026-09-02 12:30:00,509,71,580,2026-09-02,12,2169.0,244.0,2413.0
2026-09-02 12:45:00,500,54,554,2026-09-02,12,2126.0,234.0,2360.0
2026-09-02 13:00:00,511,39,550,2026-09-02,13,2080.0,215.0,2295.0
2026-09-02 13:15:00,485,35,520,2026-09-02,13,2005.0,199.0,2204.0
2026-09-02 13:30:00,452,43,495,2026-09-02,13,1948.0,171.0,2119.0
2026-09-02 13:45:00,396,37,433,2026-09-02,13,1844.0,154.0,1998.0
2026-09-02 14:00:00,356,31,387,2026-09-02,14,1689.0,146.0,1835.0
2026-09-02 14:15:00,360,27,387,2026-09-02,14,1564.0,138.0,1702.0
2026-09-02 14:30:00,372,36,408,2026-09-02,14,1484.0,131.0,1615.0
2026-09-02 14:45:00,400,23,423,2026-09-02,14,1488.0,117.0,1605.0
2026-09-02 15:00:00,350,24,374,2026-09-02,15,1482.0,110.0,1592.0
2026-09-02 15:15:00,341,23,364,2026-09-02,15,1463.0,106.0,1569.0
2026-09-02 15:30:00,369,22,391,2026-09-02,15,1460.0,92.0,1552.0
2026-09-02 15:45:00,373,20,393,2026-09-02,15,1433.0,89.0,1522.0
2026-09-02 16:00:00,291,28,319,2026-09-02,16,1374.0,93.0,1467.0
2026-09-02 16:15:00,267,27,294,2026-09-02,16,1300.0,97.0,1397.0
2026-09-02 16:30:00,236,20,256,2026-09-02,16,1167.0,95.0,1262.0
2026-09-02 16:45:00,285,17,302,2026-09-02,16,1079.0,92.0,1171.0
2026-09-02 17:00:00,298,11,309,2026-09-02,17,1086.0,75.0,1161.0
2026-09-02 17:15:00,282,12,294,2026-09-02,17,1101.0,60.0,1161.0
2026-09-02 17:30:00,257,15,272,2026-09-02,17,1122.0,55.0,1177.0
2026-09-02 17:45:00,229,15,244,2026-09-02,17,1066.0,53.0,1119.0
2026-09-02 18:00:00,195,21,216,2026-09-02,18,963.0,63.0,1026.0
2026-09-02 18:15:00,161,16,177,2026-09-02,18,842.0,67.0,909.0
2026-09-02 18:30:00,152,18,170,2026-09-02,18,737.0,70.0,807.0
2026-09-02 18:45:00,160,21,181,2026-09-02,18,668.0,76.0,744.0
2026-09-02 19:00:00,150,10,160,2026-09-02,19,623.0,65.0,688.0
2026-09-02 19:15:00,186,12,198,2026-09-02,19,648.0,61.0,709.0
2026-09-02 19:30:00,178,13,191,2026-09-02,19,674.0,56.0,730.0
2026-09-02 19:45:00,160,16,176,2026-09-02,19,674.0,51.0,725.0
2026-09-02 20:00:00,125,10,135,2026-09-02,20,649.0,51.0,700.0
2026-09-02 20:15:00,63,11,74,2026-09-02,20,526.0,50.0,576.0
2026-09-02 20:30:00,30,8,38,2026-09-02,20,378.0,45.0,423.0
2026-09-02 20:45:00,15,24,39,2026-09-02,20,233.0,53.0,286.0
2026-09-02 21:00:00,10,15,25,2026-09-02,21,118.0,58.0,176.0
2026-09-02 21:15:00,6,13,19,2026-09-02,21,61.0,60.0,121.0
2026-09-02 21:30:00,1,9,10,2026-09-02,21,32.0,61.0,93.0
2026-09-02 21:45:00,0,11,11,2026-09-02,21,17.0,48.0,65.0
2026-09-02 22:00:00,0,10,10,2026-09-02,22,7.0,43.0,50.0
2026-09-02 22:15:00,0,9,9,2026-09-02,22,1.0,39.0,40.0
2026-09-02 22:30:00,0,8,8,2026-09-02,22,0.0,38.0,38.0
2026-09-02 22:45:00,0,4,4,2026-09-02,22,0.0,31.0,31.0
2026-09-02 23:00:00,0,5,5,2026-09-02,23,0.0,26.0,26.0
2026-09-02 23:15:00,0,2,2,2026-09-02,23,0.0,19.0,19.0
2026-09-02 23:30:00,1,4,5,2026-09-02,23,1.0,15.0,16.0
2026-09-02 23:45:00,1,8,9,2026-09-02,23,2.0,19.0,21.0
2026-09-03 03:00:00,44,41,85,2026-09-03,3,44.0,41.0,85.0
2026-09-03 03:15:00,95,63,158,2026-09-03,3,139.0,104.0,243.0
2026-09-03 03:30:00,290,39,329,2026-09-03,3,429.0,143.0,572.0
2026-09-03 03:45:00,484,63,547,2026-09-03,3,913.0,206.0,1119.0
2026-09-03 04:00:00,611,33,644,2026-09-03,4,1480.0,198.0,1678.0
2026-09-03 04:15:00,586,34,620,2026-09-03,4,1971.0,169.0,2140.0
2026-09-03 04:30:00,605,52,657,2026-09-03,4,2286.0,182.0,2468.0
2026-09-03 04:45:00,629,65,694,2026-09-03,4,2431.0,184.0,2615.0
2026-09-03 05:00:00,577,52,629,2026-09-03,5,2397.0,203.0,2600.0
2026-09-03 05:15:00,594,38,632,2026-09-03,5,2405.0,207.0,2612.0
2026-09-03 05:30:00,531,46,577,2026-09-03,5,2331.0,201.0,2532.0
2026-09-03 05:45:00,476,64,540,2026-09-03,5,2178.0,200.0,2378.0
2026-09-03 06:00:00,464,46,510,2026-09-03,6,2065.0,194.0,2259.0
2026-09-03 06:15:00,438,48,486,2026-09-03,6,1909.0,204.0,2113.0
2026-09-03 06:30:00,423,34,457,2026-09-03,6,1801.0,192.0,1993.0
2026-09-03 06:45:00,423,40,463,2026-09-03,6,1748.0,168.0,1916.0
2026-09-03 07:00:00,388,44,432,2026-09-03,7,1672.0,166.0,1838.0
2026-09-03 07:15:00,357,49,406,2026-09-03,7,1591.0,167.0,1758.0
2026-09-03 07:30:00,400,43,443,2026-09-03,7,1568.0,176.0,1744.0
2026-09-03 07:45:00,419,39,458,2026-09-03,7,1564.0,175.0,1739.0
2026-09-03 08:00:00,410,29,439,2026-09-03,8,1586.0,160.0,1746.0
2026-09-03 08:15:00,380,26,406,2026-09-03,8,1609.0,137.0,1746.0
2026-09-03 08:30:00,423,27,450,2026-09-03,8,1632.0,121.0,1753.0
2026-09-03 08:45:00,468,25,493,2026-09-03,8,1681.0,107.0,1788.0
2026-09-03 09:00:00,448,30,478,2026-09-03,9,1719.0,108.0,1827.0
2026-09-03 09:15:00,453,40,493,2026-09-03,9,1792.0,122.0,1914.0
2026-09-03 09:30:00,478,56,534,2026-09-03,9,1847.0,151.0,1998.0
2026-09-03 09:45:00,415,65,480,2026-09-03,9,1794.0,191.0,1985.0
2026-09-03 10:00:00,478,52,530,2026-09-03,10,1824.0,213.0,2037.0
2026-09-03 10:15:00,449,61,510,2026-09-03,10,1820.0,234.0,2054.0
2026-09-03 10:30:00,398,60,458,2026-09-03,10,1740.0,238.0,1978.0
2026-09-03 10:45:00,424,52,476,2026-09-03,10,1749.0,225.0,1974.0
2026-09-03 11:00:00,458,47,505,2026-09-03,11,1729.0,220.0,1949.0
2026-09-03 11:15:00,444,46,490,2026-09-03,11,1724.0,205.0,1929.0
2026-09-03 11:30:00,462,64,526,2026-09-03,11,1788.0,209.0,1997.0
2026-09-03 11:45:00,475,67,542,2026-09-03,11,1839.0,224.0,2063.0
2026-09-03 12:00:00,491,49,540,2026-09-03,12,1872.0,226.0,2098.0
2026-09-03 12:15:00,481,58,539,2026-09-03,12,1909.0,238.0,2147.0
2026-09-03 12:30:00,539,64,603,2026-09-03,12,1986.0,238.0,2224.0
2026-09-03 12:45:00,530,58,588,2026-09-03,12,2041.0,229.0,2270.0
2026-09-03 13:00:00,505,40,545,2026-09-03,13,2055.0,220.0,2275.0
2026-09-03 13:15:00,438,46,484,2026-09-03,13,2012.0,208.0,2220.0
2026-09-03 13:30:00,374,31,405,2026-09-03,13,1847.0,175.0,2022.0
2026-09-03 13:45:00,326,32,358,2026-09-03,13,1643.0,149.0,1792.0
2026-09-03 14:00:00,319,36,355,2026-09-03,14,1457.0,145.0,1602.0
2026-09-03 14:15:00,332,31,363,2026-09-03,14,1351.0,130.0,1481.0
2026-09-03 14:30:00,371,29,400,2026-09-03,14,1348.0,128.0,1476.0
2026-09-03 14:45:00,432,33,465,2026-09-03,14,1454.0,129.0,1583.0
2026-09-03 15:00:00,420,30,450,2026-09-03,15,1555.0,123.0,1678.0
2026-09-03 15:15:00,398,27,425,2026-09-03,15,1621.0,119.0,1740.0
2026-09-03 15:30:00,328,34,362,2026-09-03,15,1578.0,124.0,1702.0
2026-09-03 15:45:00,331,23,354,2026-09-03,15,1477.0,114.0,1591.0
2026-09-03 16:00:00,278,20,298,2026-09-03,16,1335.0,104.0,1439.0
2026-09-03 16:15:00,273,24,297,2026-09-03,16,1210.0,101.0,1311.0
2026-09-03 16:30:00,311,15,326,2026-09-03,16,1193.0,82.0,1275.0
2026-09-03 16:45:00,318,14,332,2026-09-03,16,1180.0,73.0,1253.0
2026-09-03 17:00:00,308,18,326,2026-09-03,17,1210.0,71.0,1281.0
2026-09-03 17:15:00,310,16,326,2026-09-03,17,1247.0,63.0,1310.0
2026-09-03 17:30:00,314,18,332,2026-09-03,17,1250.0,66.0,1316.0
2026-09-03 17:45:00,336,18,354,2026-09-03,17,1268.0,70.0,1338.0
2026-09-03 18:00:00,367,21,388,2026-09-03,18,1327.0,73.0,1400.0
2026-09-03 18:15:00,334,20,354,2026-09-03,18,1351.0,77.0,1428.0
2026-09-03 18:30:00,263,14,277,2026-09-03,18,1300.0,73.0,1373.0
2026-09-03 18:45:00,223,21,244,2026-09-03,18,1187.0,76.0,1263.0
2026-09-03 19:00:00,187,12,199,2026-09-03,19,1007.0,67.0,1074.0
2026-09-03 19:15:00,208,13,221,2026-09-03,19,881.0,60.0,941.0
2026-09-03 19:30:00,199,15,214,2026-09-03,19,817.0,61.0,878.0
2026-09-03 19:45:00,188,15,203,2026-09-03,19,782.0,55.0,837.0
2026-09-03 20:00:00,154,21,175,2026-09-03,20,749.0,64.0,813.0
2026-09-03 20:15:00,106,24,130,2026-09-03,20,647.0,75.0,722.0
2026-09-03 20:30:00,60,12,72,2026-09-03,20,508.0,72.0,580.0
2026-09-03 20:45:00,51,12,63,2026-09-03,20,371.0,69.0,440.0
2026-09-03 21:00:00,35,18,53,2026-09-03,21,252.0,66.0,318.0
2026-09-03 21:15:00,26,19,45,2026-09-03,21,172.0,61.0,233.0
2026-09-03 21:30:00,6,13,19,2026-09-03,21,118.0,62.0,180.0
2026-09-03 21:45:00,2,8,10,2026-09-03,21,69.0,58.0,127.0
2026-09-03 22:00:00,0,6,6,2026-09-03,22,34.0,46.0,80.0
2026-09-03 22:15:00,0,7,7,2026-09-03,22,8.0,34.0,42.0
2026-09-03 22:30:00,0,7,7,2026-09-03,22,2.0,28.0,30.0
2026-09-03 22:45:00,0,7,7,2026-09-03,22,0.0,27.0,27.0
2026-09-03 23:00:00,0,5,5,2026-09-03,23,0.0,26.0,26.0
2026-09-03 23:15:00,0,5,5,2026-09-03,23,0.0,24.0,24.0
2026-09-03 23:30:00,1,1,2,2026-09-03,23,1.0,18.0,19.0
2026-09-03 23:45:00,2,2,4,2026-09-03,23,3.0,13.0,16.0
