Forecast DateTime,Pax,Staff,Total,Date,Hour,Rolling Hour Pax,Rolling Hour Staff,Rolling Hour Total
2026-05-13 03:00:00,51,71,122,2026-05-13,3,51.0,71.0,122.0
2026-05-13 03:15:00,102,27,129,2026-05-13,3,153.0,98.0,251.0
2026-05-13 03:30:00,245,28,273,2026-05-13,3,398.0,126.0,524.0
2026-05-13 03:45:00,353,29,382,2026-05-13,3,751.0,155.0,906.0
2026-05-13 04:00:00,460,31,491,2026-05-13,4,1160.0,115.0,1275.0
2026-05-13 04:15:00,502,39,541,2026-05-13,4,1560.0,127.0,1687.0
2026-05-13 04:30:00,560,48,608,2026-05-13,4,1875.0,147.0,2022.0
2026-05-13 04:45:00,545,50,595,2026-05-13,4,2067.0,168.0,2235.0
2026-05-13 05:00:00,511,43,554,2026-05-13,5,2118.0,180.0,2298.0
2026-05-13 05:15:00,502,41,543,2026-05-13,5,2118.0,182.0,2300.0
2026-05-13 05:30:00,444,30,474,2026-05-13,5,2002.0,164.0,2166.0
2026-05-13 05:45:00,422,41,463,2026-05-13,5,1879.0,155.0,2034.0
2026-05-13 06:00:00,392,49,441,2026-05-13,6,1760.0,161.0,1921.0
2026-05-13 06:15:00,337,43,380,2026-05-13,6,1595.0,163.0,1758.0
2026-05-13 06:30:00,359,34,393,2026-05-13,6,1510.0,167.0,1677.0
2026-05-13 06:45:00,444,29,473,2026-05-13,6,1532.0,155.0,1687.0
2026-05-13 07:00:00,472,27,499,2026-05-13,7,1612.0,133.0,1745.0
2026-05-13 07:15:00,481,19,500,2026-05-13,7,1756.0,109.0,1865.0
2026-05-13 07:30:00,446,21,467,2026-05-13,7,1843.0,96.0,1939.0
2026-05-13 07:45:00,405,34,439,2026-05-13,7,1804.0,101.0,1905.0
2026-05-13 08:00:00,344,46,390,2026-05-13,8,1676.0,120.0,1796.0
2026-05-13 08:15:00,349,23,372,2026-05-13,8,1544.0,124.0,1668.0
2026-05-13 08:30:00,406,41,447,2026-05-13,8,1504.0,144.0,1648.0
2026-05-13 08:45:00,435,44,479,2026-05-13,8,1534.0,154.0,1688.0
2026-05-13 09:00:00,455,54,509,2026-05-13,9,1645.0,162.0,1807.0
2026-05-13 09:15:00,405,46,451,2026-05-13,9,1701.0,185.0,1886.0
2026-05-13 09:30:00,362,50,412,2026-05-13,9,1657.0,194.0,1851.0
2026-05-13 09:45:00,312,77,389,2026-05-13,9,1534.0,227.0,1761.0
2026-05-13 10:00:00,297,55,352,2026-05-13,10,1376.0,228.0,1604.0
2026-05-13 10:15:00,280,37,317,2026-05-13,10,1251.0,219.0,1470.0
2026-05-13 10:30:00,314,34,348,2026-05-13,10,1203.0,203.0,1406.0
2026-05-13 10:45:00,399,30,429,2026-05-13,10,1290.0,156.0,1446.0
2026-05-13 11:00:00,415,44,459,2026-05-13,11,1408.0,145.0,1553.0
2026-05-13 11:15:00,463,39,502,2026-05-13,11,1591.0,147.0,1738.0
2026-05-13 11:30:00,466,34,500,2026-05-13,11,1743.0,147.0,1890.0
2026-05-13 11:45:00,476,37,513,2026-05-13,11,1820.0,154.0,1974.0
2026-05-13 12:00:00,498,41,539,2026-05-13,12,1903.0,151.0,2054.0
2026-05-13 12:15:00,424,52,476,2026-05-13,12,1864.0,164.0,2028.0
2026-05-13 12:30:00,422,53,475,2026-05-13,12,1820.0,183.0,2003.0
2026-05-13 12:45:00,443,55,498,2026-05-13,12,1787.0,201.0,1988.0
2026-05-13 13:00:00,419,42,461,2026-05-13,13,1708.0,202.0,1910.0
2026-05-13 13:15:00,379,40,419,2026-05-13,13,1663.0,190.0,1853.0
2026-05-13 13:30:00,323,37,360,2026-05-13,13,1564.0,174.0,1738.0
2026-05-13 13:45:00,310,23,333,2026-05-13,13,1431.0,142.0,1573.0
2026-05-13 14:00:00,249,50,299,2026-05-13,14,1261.0,150.0,1411.0
2026-05-13 14:15:00,269,32,301,2026-05-13,14,1151.0,142.0,1293.0
2026-05-13 14:30:00,274,26,300,2026-05-13,14,1102.0,131.0,1233.0
2026-05-13 14:45:00,317,32,349,2026-05-13,14,1109.0,140.0,1249.0
2026-05-13 15:00:00,361,23,384,2026-05-13,15,1221.0,113.0,1334.0
2026-05-13 15:15:00,429,22,451,2026-05-13,15,1381.0,103.0,1484.0
2026-05-13 15:30:00,425,28,453,2026-05-13,15,1532.0,105.0,1637.0
2026-05-13 15:45:00,359,26,385,2026-05-13,15,1574.0,99.0,1673.0
2026-05-13 16:00:00,316,16,332,2026-05-13,16,1529.0,92.0,1621.0
2026-05-13 16:15:00,276,10,286,2026-05-13,16,1376.0,80.0,1456.0
2026-05-13 16:30:00,250,11,261,2026-05-13,16,1201.0,63.0,1264.0
2026-05-13 16:45:00,240,28,268,2026-05-13,16,1082.0,65.0,1147.0
2026-05-13 17:00:00,249,11,260,2026-05-13,17,1015.0,60.0,1075.0
2026-05-13 17:15:00,257,7,264,2026-05-13,17,996.0,57.0,1053.0
2026-05-13 17:30:00,222,11,233,2026-05-13,17,968.0,57.0,1025.0
2026-05-13 17:45:00,206,17,223,2026-05-13,17,934.0,46.0,980.0
2026-05-13 18:00:00,194,41,235,2026-05-13,18,879.0,76.0,955.0
2026-05-13 18:15:00,176,19,195,2026-05-13,18,798.0,88.0,886.0
2026-05-13 18:30:00,139,34,173,2026-05-13,18,715.0,111.0,826.0
2026-05-13 18:45:00,131,53,184,2026-05-13,18,640.0,147.0,787.0
2026-05-13 19:00:00,121,38,159,2026-05-13,19,567.0,144.0,711.0
2026-05-13 19:15:00,126,41,167,2026-05-13,19,517.0,166.0,683.0
2026-05-13 19:30:00,105,29,134,2026-05-13,19,483.0,161.0,644.0
2026-05-13 19:45:00,93,29,122,2026-05-13,19,445.0,137.0,582.0
2026-05-13 20:00:00,58,45,103,2026-05-13,20,382.0,144.0,526.0
2026-05-13 20:15:00,42,49,91,2026-05-13,20,298.0,152.0,450.0
2026-05-13 20:30:00,11,48,59,2026-05-13,20,204.0,171.0,375.0
2026-05-13 20:45:00,11,44,55,2026-05-13,20,122.0,186.0,308.0
2026-05-13 21:00:00,3,28,31,2026-05-13,21,67.0,169.0,236.0
2026-05-13 21:15:00,2,25,27,2026-05-13,21,27.0,145.0,172.0
2026-05-13 21:30:00,1,26,27,2026-05-13,21,17.0,123.0,140.0
2026-05-13 21:45:00,0,28,28,2026-05-13,21,6.0,107.0,113.0
2026-05-13 22:00:00,0,16,16,2026-05-13,22,3.0,95.0,98.0
2026-05-13 22:15:00,0,26,26,2026-05-13,22,1.0,96.0,97.0
2026-05-13 22:30:00,1,10,11,2026-05-13,22,1.0,80.0,81.0
2026-05-13 22:45:00,1,11,12,2026-05-13,22,2.0,63.0,65.0
2026-05-13 23:00:00,0,1,1,2026-05-13,23,2.0,48.0,50.0
2026-05-13 23:15:00,0,0,0,2026-05-13,23,2.0,22.0,24.0
2026-05-13 23:30:00,0,0,0,2026-05-13,23,1.0,12.0,13.0
2026-05-13 23:45:00,0,0,0,2026-05-13,23,0.0,1.0,1.0
2026-05-14 03:00:00,45,79,124,2026-05-14,3,45.0,79.0,124.0
2026-05-14 03:15:00,98,28,126,2026-05-14,3,143.0,107.0,250.0
2026-05-14 03:30:00,227,38,265,2026-05-14,3,370.0,145.0,515.0
2026-05-14 03:45:00,384,42,426,2026-05-14,3,754.0,187.0,941.0
2026-05-14 04:00:00,495,28,523,2026-05-14,4,1204.0,136.0,1340.0
2026-05-14 04:15:00,599,32,631,2026-05-14,4,1705.0,140.0,1845.0
2026-05-14 04:30:00,618,34,652,2026-05-14,4,2096.0,136.0,2232.0
2026-05-14 04:45:00,604,49,653,2026-05-14,4,2316.0,143.0,2459.0
2026-05-14 05:00:00,539,57,596,2026-05-14,5,2360.0,172.0,2532.0
2026-05-14 05:15:00,528,44,572,2026-05-14,5,2289.0,184.0,2473.0
2026-05-14 05:30:00,487,28,515,2026-05-14,5,2158.0,178.0,2336.0
2026-05-14 05:45:00,413,37,450,2026-05-14,5,1967.0,166.0,2133.0
2026-05-14 06:00:00,361,59,420,2026-05-14,6,1789.0,168.0,1957.0
2026-05-14 06:15:00,334,29,363,2026-05-14,6,1595.0,153.0,1748.0
2026-05-14 06:30:00,418,31,449,2026-05-14,6,1526.0,156.0,1682.0
2026-05-14 06:45:00,427,41,468,2026-05-14,6,1540.0,160.0,1700.0
2026-05-14 07:00:00,410,31,441,2026-05-14,7,1589.0,132.0,1721.0
2026-05-14 07:15:00,436,39,475,2026-05-14,7,1691.0,142.0,1833.0
2026-05-14 07:30:00,407,26,433,2026-05-14,7,1680.0,137.0,1817.0
2026-05-14 07:45:00,430,29,459,2026-05-14,7,1683.0,125.0,1808.0
2026-05-14 08:00:00,415,21,436,2026-05-14,8,1688.0,115.0,1803.0
2026-05-14 08:15:00,399,26,425,2026-05-14,8,1651.0,102.0,1753.0
2026-05-14 08:30:00,410,27,437,2026-05-14,8,1654.0,103.0,1757.0
2026-05-14 08:45:00,417,30,447,2026-05-14,8,1641.0,104.0,1745.0
2026-05-14 09:00:00,427,34,461,2026-05-14,9,1653.0,117.0,1770.0
2026-05-14 09:15:00,428,25,453,2026-05-14,9,1682.0,116.0,1798.0
2026-05-14 09:30:00,421,24,445,2026-05-14,9,1693.0,113.0,1806.0
2026-05-14 09:45:00,400,32,432,2026-05-14,9,1676.0,115.0,1791.0
2026-05-14 10:00:00,332,41,373,2026-05-14,10,1581.0,122.0,1703.0
2026-05-14 10:15:00,377,48,425,2026-05-14,10,1530.0,145.0,1675.0
2026-05-14 10:30:00,379,33,412,2026-05-14,10,1488.0,154.0,1642.0
2026-05-14 10:45:00,398,50,448,2026-05-14,10,1486.0,172.0,1658.0
2026-05-14 11:00:00,429,50,479,2026-05-14,11,1583.0,181.0,1764.0
2026-05-14 11:15:00,446,36,482,2026-05-14,11,1652.0,169.0,1821.0
2026-05-14 11:30:00,466,47,513,2026-05-14,11,1739.0,183.0,1922.0
2026-05-14 11:45:00,419,54,473,2026-05-14,11,1760.0,187.0,1947.0
2026-05-14 12:00:00,387,40,427,2026-05-14,12,1718.0,177.0,1895.0
2026-05-14 12:15:00,426,40,466,2026-05-14,12,1698.0,181.0,1879.0
2026-05-14 12:30:00,388,45,433,2026-05-14,12,1620.0,179.0,1799.0
2026-05-14 12:45:00,395,51,446,2026-05-14,12,1596.0,176.0,1772.0
2026-05-14 13:00:00,398,49,447,2026-05-14,13,1607.0,185.0,1792.0
2026-05-14 13:15:00,405,47,452,2026-05-14,13,1586.0,192.0,1778.0
2026-05-14 13:30:00,433,35,468,2026-05-14,13,1631.0,182.0,1813.0
2026-05-14 13:45:00,389,41,430,2026-05-14,13,1625.0,172.0,1797.0
2026-05-14 14:00:00,365,37,402,2026-05-14,14,1592.0,160.0,1752.0
2026-05-14 14:15:00,408,34,442,2026-05-14,14,1595.0,147.0,1742.0
2026-05-14 14:30:00,329,49,378,2026-05-14,14,1491.0,161.0,1652.0
2026-05-14 14:45:00,374,50,424,2026-05-14,14,1476.0,170.0,1646.0
2026-05-14 15:00:00,472,35,507,2026-05-14,15,1583.0,168.0,1751.0
2026-05-14 15:15:00,460,21,481,2026-05-14,15,1635.0,155.0,1790.0
2026-05-14 15:30:00,406,32,438,2026-05-14,15,1712.0,138.0,1850.0
2026-05-14 15:45:00,404,28,432,2026-05-14,15,1742.0,116.0,1858.0
2026-05-14 16:00:00,385,24,409,2026-05-14,16,1655.0,105.0,1760.0
2026-05-14 16:15:00,400,25,425,2026-05-14,16,1595.0,109.0,1704.0
2026-05-14 16:30:00,356,18,374,2026-05-14,16,1545.0,95.0,1640.0
2026-05-14 16:45:00,375,21,396,2026-05-14,16,1516.0,88.0,1604.0
2026-05-14 17:00:00,416,23,439,2026-05-14,17,1547.0,87.0,1634.0
2026-05-14 17:15:00,369,13,382,2026-05-14,17,1516.0,75.0,1591.0
2026-05-14 17:30:00,353,14,367,2026-05-14,17,1513.0,71.0,1584.0
2026-05-14 17:45:00,312,30,342,2026-05-14,17,1450.0,80.0,1530.0
2026-05-14 18:00:00,262,25,287,2026-05-14,18,1296.0,82.0,1378.0
2026-05-14 18:15:00,203,20,223,2026-05-14,18,1130.0,89.0,1219.0
2026-05-14 18:30:00,168,38,206,2026-05-14,18,945.0,113.0,1058.0
2026-05-14 18:45:00,158,51,209,2026-05-14,18,791.0,134.0,925.0
2026-05-14 19:00:00,146,28,174,2026-05-14,19,675.0,137.0,812.0
2026-05-14 19:15:00,160,37,197,2026-05-14,19,632.0,154.0,786.0
2026-05-14 19:30:00,152,42,194,2026-05-14,19,616.0,158.0,774.0
2026-05-14 19:45:00,150,56,206,2026-05-14,19,608.0,163.0,771.0
2026-05-14 20:00:00,113,30,143,2026-05-14,20,575.0,165.0,740.0
2026-05-14 20:15:00,88,44,132,2026-05-14,20,503.0,172.0,675.0
2026-05-14 20:30:00,54,46,100,2026-05-14,20,405.0,176.0,581.0
2026-05-14 20:45:00,32,46,78,2026-05-14,20,287.0,166.0,453.0
2026-05-14 21:00:00,26,58,84,2026-05-14,21,200.0,194.0,394.0
2026-05-14 21:15:00,5,31,36,2026-05-14,21,117.0,181.0,298.0
2026-05-14 21:30:00,1,46,47,2026-05-14,21,64.0,181.0,245.0
2026-05-14 21:45:00,1,41,42,2026-05-14,21,33.0,176.0,209.0
2026-05-14 22:00:00,1,28,29,2026-05-14,22,8.0,146.0,154.0
2026-05-14 22:15:00,0,23,23,2026-05-14,22,3.0,138.0,141.0
2026-05-14 22:30:00,0,4,4,2026-05-14,22,2.0,96.0,98.0
2026-05-14 22:45:00,0,4,4,2026-05-14,22,1.0,59.0,60.0
2026-05-14 23:00:00,0,24,24,2026-05-14,23,0.0,55.0,55.0
2026-05-14 23:15:00,0,8,8,2026-05-14,23,0.0,40.0,40.0
2026-05-14 23:30:00,0,0,0,2026-05-14,23,0.0,36.0,36.0
2026-05-14 23:45:00,0,0,0,2026-05-14,23,0.0,32.0,32.0
2026-05-15 03:00:00,67,34,101,2026-05-15,3,67.0,34.0,101.0
2026-05-15 03:15:00,113,44,157,2026-05-15,3,180.0,78.0,258.0
2026-05-15 03:30:00,196,58,254,2026-05-15,3,376.0,136.0,512.0
2026-05-15 03:45:00,378,69,447,2026-05-15,3,754.0,205.0,959.0
2026-05-15 04:00:00,591,38,629,2026-05-15,4,1278.0,209.0,1487.0
2026-05-15 04:15:00,773,32,805,2026-05-15,4,1938.0,197.0,2135.0
2026-05-15 04:30:00,711,77,788,2026-05-15,4,2453.0,216.0,2669.0
2026-05-15 04:45:00,694,83,777,2026-05-15,4,2769.0,230.0,2999.0
2026-05-15 05:00:00,662,58,720,2026-05-15,5,2840.0,250.0,3090.0
2026-05-15 05:15:00,551,46,597,2026-05-15,5,2618.0,264.0,2882.0
2026-05-15 05:30:00,376,44,420,2026-05-15,5,2283.0,231.0,2514.0
2026-05-15 05:45:00,336,53,389,2026-05-15,5,1925.0,201.0,2126.0
2026-05-15 06:00:00,396,40,436,2026-05-15,6,1659.0,183.0,1842.0
2026-05-15 06:15:00,425,51,476,2026-05-15,6,1533.0,188.0,1721.0
2026-05-15 06:30:00,420,40,460,2026-05-15,6,1577.0,184.0,1761.0
2026-05-15 06:45:00,505,32,537,2026-05-15,6,1746.0,163.0,1909.0
2026-05-15 07:00:00,497,30,527,2026-05-15,7,1847.0,153.0,2000.0
2026-05-15 07:15:00,451,37,488,2026-05-15,7,1873.0,139.0,2012.0
2026-05-15 07:30:00,448,24,472,2026-05-15,7,1901.0,123.0,2024.0
2026-05-15 07:45:00,417,24,441,2026-05-15,7,1813.0,115.0,1928.0
2026-05-15 08:00:00,472,38,510,2026-05-15,8,1788.0,123.0,1911.0
2026-05-15 08:15:00,464,38,502,2026-05-15,8,1801.0,124.0,1925.0
2026-05-15 08:30:00,396,30,426,2026-05-15,8,1749.0,130.0,1879.0
2026-05-15 08:45:00,341,29,370,2026-05-15,8,1673.0,135.0,1808.0
2026-05-15 09:00:00,375,32,407,2026-05-15,9,1576.0,129.0,1705.0
2026-05-15 09:15:00,361,36,397,2026-05-15,9,1473.0,127.0,1600.0
2026-05-15 09:30:00,383,46,429,2026-05-15,9,1460.0,143.0,1603.0
2026-05-15 09:45:00,367,47,414,2026-05-15,9,1486.0,161.0,1647.0
2026-05-15 10:00:00,374,58,432,2026-05-15,10,1485.0,187.0,1672.0
2026-05-15 10:15:00,388,43,431,2026-05-15,10,1512.0,194.0,1706.0
2026-05-15 10:30:00,374,65,439,2026-05-15,10,1503.0,213.0,1716.0
2026-05-15 10:45:00,360,54,414,2026-05-15,10,1496.0,220.0,1716.0
2026-05-15 11:00:00,400,43,443,2026-05-15,11,1522.0,205.0,1727.0
2026-05-15 11:15:00,471,54,525,2026-05-15,11,1605.0,216.0,1821.0
2026-05-15 11:30:00,522,63,585,2026-05-15,11,1753.0,214.0,1967.0
2026-05-15 11:45:00,580,67,647,2026-05-15,11,1973.0,227.0,2200.0
2026-05-15 12:00:00,601,69,670,2026-05-15,12,2174.0,253.0,2427.0
2026-05-15 12:15:00,627,59,686,2026-05-15,12,2330.0,258.0,2588.0
2026-05-15 12:30:00,571,51,622,2026-05-15,12,2379.0,246.0,2625.0
2026-05-15 12:45:00,528,62,590,2026-05-15,12,2327.0,241.0,2568.0
2026-05-15 13:00:00,448,49,497,2026-05-15,13,2174.0,221.0,2395.0
2026-05-15 13:15:00,416,36,452,2026-05-15,13,1963.0,198.0,2161.0
2026-05-15 13:30:00,352,52,404,2026-05-15,13,1744.0,199.0,1943.0
2026-05-15 13:45:00,294,47,341,2026-05-15,13,1510.0,184.0,1694.0
2026-05-15 14:00:00,310,32,342,2026-05-15,14,1372.0,167.0,1539.0
2026-05-15 14:15:00,309,34,343,2026-05-15,14,1265.0,165.0,1430.0
2026-05-15 14:30:00,284,30,314,2026-05-15,14,1197.0,143.0,1340.0
2026-05-15 14:45:00,316,36,352,2026-05-15,14,1219.0,132.0,1351.0
2026-05-15 15:00:00,358,32,390,2026-05-15,15,1267.0,132.0,1399.0
2026-05-15 15:15:00,404,18,422,2026-05-15,15,1362.0,116.0,1478.0
2026-05-15 15:30:00,464,18,482,2026-05-15,15,1542.0,104.0,1646.0
2026-05-15 15:45:00,513,19,532,2026-05-15,15,1739.0,87.0,1826.0
2026-05-15 16:00:00,445,16,461,2026-05-15,16,1826.0,71.0,1897.0
2026-05-15 16:15:00,448,19,467,2026-05-15,16,1870.0,72.0,1942.0
2026-05-15 16:30:00,403,14,417,2026-05-15,16,1809.0,68.0,1877.0
2026-05-15 16:45:00,383,27,410,2026-05-15,16,1679.0,76.0,1755.0
2026-05-15 17:00:00,404,27,431,2026-05-15,17,1638.0,87.0,1725.0
2026-05-15 17:15:00,417,15,432,2026-05-15,17,1607.0,83.0,1690.0
2026-05-15 17:30:00,344,14,358,2026-05-15,17,1548.0,83.0,1631.0
2026-05-15 17:45:00,323,20,343,2026-05-15,17,1488.0,76.0,1564.0
2026-05-15 18:00:00,239,20,259,2026-05-15,18,1323.0,69.0,1392.0
2026-05-15 18:15:00,199,8,207,2026-05-15,18,1105.0,62.0,1167.0
2026-05-15 18:30:00,148,11,159,2026-05-15,18,909.0,59.0,968.0
2026-05-15 18:45:00,135,11,146,2026-05-15,18,721.0,50.0,771.0
2026-05-15 19:00:00,131,11,142,2026-05-15,19,613.0,41.0,654.0
2026-05-15 19:15:00,105,11,116,2026-05-15,19,519.0,44.0,563.0
2026-05-15 19:30:00,112,13,125,2026-05-15,19,483.0,46.0,529.0
2026-05-15 19:45:00,110,11,121,2026-05-15,19,458.0,46.0,504.0
2026-05-15 20:00:00,105,9,114,2026-05-15,20,432.0,44.0,476.0
2026-05-15 20:15:00,80,11,91,2026-05-15,20,407.0,44.0,451.0
2026-05-15 20:30:00,45,8,53,2026-05-15,20,340.0,39.0,379.0
2026-05-15 20:45:00,32,12,44,2026-05-15,20,262.0,40.0,302.0
2026-05-15 21:00:00,12,7,19,2026-05-15,21,169.0,38.0,207.0
2026-05-15 21:15:00,6,5,11,2026-05-15,21,95.0,32.0,127.0
2026-05-15 21:30:00,8,13,21,2026-05-15,21,58.0,37.0,95.0
2026-05-15 21:45:00,12,12,24,2026-05-15,21,38.0,37.0,75.0
2026-05-15 22:00:00,10,6,16,2026-05-15,22,36.0,36.0,72.0
2026-05-15 22:15:00,9,4,13,2026-05-15,22,39.0,35.0,74.0
2026-05-15 22:30:00,6,3,9,2026-05-15,22,37.0,25.0,62.0
2026-05-15 22:45:00,2,1,3,2026-05-15,22,27.0,14.0,41.0
2026-05-15 23:00:00,1,3,4,2026-05-15,23,18.0,11.0,29.0
2026-05-15 23:15:00,0,3,3,2026-05-15,23,9.0,10.0,19.0
2026-05-15 23:30:00,0,4,4,2026-05-15,23,3.0,11.0,14.0
2026-05-15 23:45:00,0,6,6,2026-05-15,23,1.0,16.0,17.0
2026-05-16 03:00:00,46,40,86,2026-05-16,3,46.0,40.0,86.0
2026-05-16 03:15:00,80,47,127,2026-05-16,3,126.0,87.0,213.0
2026-05-16 03:30:00,240,72,312,2026-05-16,3,366.0,159.0,525.0
2026-05-16 03:45:00,424,66,490,2026-05-16,3,790.0,225.0,1015.0
2026-05-16 04:00:00,558,50,608,2026-05-16,4,1302.0,235.0,1537.0
2026-05-16 04:15:00,747,34,781,2026-05-16,4,1969.0,222.0,2191.0
2026-05-16 04:30:00,744,63,807,2026-05-16,4,2473.0,213.0,2686.0
2026-05-16 04:45:00,706,70,776,2026-05-16,4,2755.0,217.0,2972.0
2026-05-16 05:00:00,564,75,639,2026-05-16,5,2761.0,242.0,3003.0
2026-05-16 05:15:00,518,37,555,2026-05-16,5,2532.0,245.0,2777.0
2026-05-16 05:30:00,466,41,507,2026-05-16,5,2254.0,223.0,2477.0
2026-05-16 05:45:00,461,60,521,2026-05-16,5,2009.0,213.0,2222.0
2026-05-16 06:00:00,437,59,496,2026-05-16,6,1882.0,197.0,2079.0
2026-05-16 06:15:00,447,44,491,2026-05-16,6,1811.0,204.0,2015.0
2026-05-16 06:30:00,424,38,462,2026-05-16,6,1769.0,201.0,1970.0
2026-05-16 06:45:00,471,29,500,2026-05-16,6,1779.0,170.0,1949.0
2026-05-16 07:00:00,499,25,524,2026-05-16,7,1841.0,136.0,1977.0
2026-05-16 07:15:00,499,37,536,2026-05-16,7,1893.0,129.0,2022.0
2026-05-16 07:30:00,497,28,525,2026-05-16,7,1966.0,119.0,2085.0
2026-05-16 07:45:00,423,30,453,2026-05-16,7,1918.0,120.0,2038.0
2026-05-16 08:00:00,338,25,363,2026-05-16,8,1757.0,120.0,1877.0
2026-05-16 08:15:00,331,26,357,2026-05-16,8,1589.0,109.0,1698.0
2026-05-16 08:30:00,349,20,369,2026-05-16,8,1441.0,101.0,1542.0
2026-05-16 08:45:00,422,33,455,2026-05-16,8,1440.0,104.0,1544.0
2026-05-16 09:00:00,459,31,490,2026-05-16,9,1561.0,110.0,1671.0
2026-05-16 09:15:00,418,26,444,2026-05-16,9,1648.0,110.0,1758.0
2026-05-16 09:30:00,354,31,385,2026-05-16,9,1653.0,121.0,1774.0
2026-05-16 09:45:00,330,36,366,2026-05-16,9,1561.0,124.0,1685.0
2026-05-16 10:00:00,319,30,349,2026-05-16,10,1421.0,123.0,1544.0
2026-05-16 10:15:00,324,47,371,2026-05-16,10,1327.0,144.0,1471.0
2026-05-16 10:30:00,333,50,383,2026-05-16,10,1306.0,163.0,1469.0
2026-05-16 10:45:00,380,52,432,2026-05-16,10,1356.0,179.0,1535.0
2026-05-16 11:00:00,418,46,464,2026-05-16,11,1455.0,195.0,1650.0
2026-05-16 11:15:00,482,52,534,2026-05-16,11,1613.0,200.0,1813.0
2026-05-16 11:30:00,447,67,514,2026-05-16,11,1727.0,217.0,1944.0
2026-05-16 11:45:00,473,76,549,2026-05-16,11,1820.0,241.0,2061.0
2026-05-16 12:00:00,425,48,473,2026-05-16,12,1827.0,243.0,2070.0
2026-05-16 12:15:00,395,38,433,2026-05-16,12,1740.0,229.0,1969.0
2026-05-16 12:30:00,377,49,426,2026-05-16,12,1670.0,211.0,1881.0
2026-05-16 12:45:00,367,53,420,2026-05-16,12,1564.0,188.0,1752.0
2026-05-16 13:00:00,356,44,400,2026-05-16,13,1495.0,184.0,1679.0
2026-05-16 13:15:00,306,41,347,2026-05-16,13,1406.0,187.0,1593.0
2026-05-16 13:30:00,335,40,375,2026-05-16,13,1364.0,178.0,1542.0
2026-05-16 13:45:00,311,38,349,2026-05-16,13,1308.0,163.0,1471.0
2026-05-16 14:00:00,289,33,322,2026-05-16,14,1241.0,152.0,1393.0
2026-05-16 14:15:00,294,29,323,2026-05-16,14,1229.0,140.0,1369.0
2026-05-16 14:30:00,247,31,278,2026-05-16,14,1141.0,131.0,1272.0
2026-05-16 14:45:00,288,26,314,2026-05-16,14,1118.0,119.0,1237.0
2026-05-16 15:00:00,347,25,372,2026-05-16,15,1176.0,111.0,1287.0
2026-05-16 15:15:00,369,25,394,2026-05-16,15,1251.0,107.0,1358.0
2026-05-16 15:30:00,341,28,369,2026-05-16,15,1345.0,104.0,1449.0
2026-05-16 15:45:00,346,26,372,2026-05-16,15,1403.0,104.0,1507.0
2026-05-16 16:00:00,341,24,365,2026-05-16,16,1397.0,103.0,1500.0
2026-05-16 16:15:00,324,11,335,2026-05-16,16,1352.0,89.0,1441.0
2026-05-16 16:30:00,283,12,295,2026-05-16,16,1294.0,73.0,1367.0
2026-05-16 16:45:00,251,21,272,2026-05-16,16,1199.0,68.0,1267.0
2026-05-16 17:00:00,219,20,239,2026-05-16,17,1077.0,64.0,1141.0
2026-05-16 17:15:00,168,10,178,2026-05-16,17,921.0,63.0,984.0
2026-05-16 17:30:00,160,8,168,2026-05-16,17,798.0,59.0,857.0
2026-05-16 17:45:00,170,11,181,2026-05-16,17,717.0,49.0,766.0
2026-05-16 18:00:00,172,17,189,2026-05-16,18,670.0,46.0,716.0
2026-05-16 18:15:00,150,12,162,2026-05-16,18,652.0,48.0,700.0
2026-05-16 18:30:00,124,14,138,2026-05-16,18,616.0,54.0,670.0
2026-05-16 18:45:00,103,14,117,2026-05-16,18,549.0,57.0,606.0
2026-05-16 19:00:00,101,11,112,2026-05-16,19,478.0,51.0,529.0
2026-05-16 19:15:00,115,7,122,2026-05-16,19,443.0,46.0,489.0
2026-05-16 19:30:00,132,8,140,2026-05-16,19,451.0,40.0,491.0
2026-05-16 19:45:00,126,12,138,2026-05-16,19,474.0,38.0,512.0
2026-05-16 20:00:00,107,16,123,2026-05-16,20,480.0,43.0,523.0
2026-05-16 20:15:00,75,8,83,2026-05-16,20,440.0,44.0,484.0
2026-05-16 20:30:00,43,12,55,2026-05-16,20,351.0,48.0,399.0
2026-05-16 20:45:00,24,10,34,2026-05-16,20,249.0,46.0,295.0
2026-05-16 21:00:00,6,15,21,2026-05-16,21,148.0,45.0,193.0
2026-05-16 21:15:00,2,5,7,2026-05-16,21,75.0,42.0,117.0
2026-05-16 21:30:00,2,11,13,2026-05-16,21,34.0,41.0,75.0
2026-05-16 21:45:00,1,8,9,2026-05-16,21,11.0,39.0,50.0
2026-05-16 22:00:00,1,7,8,2026-05-16,22,6.0,31.0,37.0
2026-05-16 22:15:00,0,6,6,2026-05-16,22,4.0,32.0,36.0
2026-05-16 22:30:00,0,4,4,2026-05-16,22,2.0,25.0,27.0
2026-05-16 22:45:00,0,6,6,2026-05-16,22,1.0,23.0,24.0
2026-05-16 23:00:00,0,1,1,2026-05-16,23,0.0,17.0,17.0
2026-05-16 23:15:00,0,0,0,2026-05-16,23,0.0,11.0,11.0
2026-05-16 23:30:00,0,0,0,2026-05-16,23,0.0,7.0,7.0
2026-05-16 23:45:00,1,0,1,2026-05-16,23,1.0,1.0,2.0
2026-05-17 03:00:00,49,82,131,2026-05-17,3,49.0,82.0,131.0
2026-05-17 03:15:00,107,35,142,2026-05-17,3,156.0,117.0,273.0
2026-05-17 03:30:00,214,27,241,2026-05-17,3,370.0,144.0,514.0
2026-05-17 03:45:00,358,28,386,2026-05-17,3,728.0,172.0,900.0
2026-05-17 04:00:00,466,26,492,2026-05-17,4,1145.0,116.0,1261.0
2026-05-17 04:15:00,506,26,532,2026-05-17,4,1544.0,107.0,1651.0
2026-05-17 04:30:00,601,34,635,2026-05-17,4,1931.0,114.0,2045.0
2026-05-17 04:45:00,645,41,686,2026-05-17,4,2218.0,127.0,2345.0
2026-05-17 05:00:00,639,55,694,2026-05-17,5,2391.0,156.0,2547.0
2026-05-17 05:15:00,581,30,611,2026-05-17,5,2466.0,160.0,2626.0
2026-05-17 05:30:00,561,26,587,2026-05-17,5,2426.0,152.0,2578.0
2026-05-17 05:45:00,435,32,467,2026-05-17,5,2216.0,143.0,2359.0
2026-05-17 06:00:00,438,37,475,2026-05-17,6,2015.0,125.0,2140.0
2026-05-17 06:15:00,436,40,476,2026-05-17,6,1870.0,135.0,2005.0
2026-05-17 06:30:00,437,19,456,2026-05-17,6,1746.0,128.0,1874.0
2026-05-17 06:45:00,340,16,356,2026-05-17,6,1651.0,112.0,1763.0
2026-05-17 07:00:00,329,32,361,2026-05-17,7,1542.0,107.0,1649.0
2026-05-17 07:15:00,372,33,405,2026-05-17,7,1478.0,100.0,1578.0
2026-05-17 07:30:00,362,21,383,2026-05-17,7,1403.0,102.0,1505.0
2026-05-17 07:45:00,401,24,425,2026-05-17,7,1464.0,110.0,1574.0
2026-05-17 08:00:00,451,26,477,2026-05-17,8,1586.0,104.0,1690.0
2026-05-17 08:15:00,461,36,497,2026-05-17,8,1675.0,107.0,1782.0
2026-05-17 08:30:00,466,16,482,2026-05-17,8,1779.0,102.0,1881.0
2026-05-17 08:45:00,444,37,481,2026-05-17,8,1822.0,115.0,1937.0
2026-05-17 09:00:00,486,42,528,2026-05-17,9,1857.0,131.0,1988.0
2026-05-17 09:15:00,483,50,533,2026-05-17,9,1879.0,145.0,2024.0
2026-05-17 09:30:00,528,34,562,2026-05-17,9,1941.0,163.0,2104.0
2026-05-17 09:45:00,461,34,495,2026-05-17,9,1958.0,160.0,2118.0
2026-05-17 10:00:00,478,44,522,2026-05-17,10,1950.0,162.0,2112.0
2026-05-17 10:15:00,442,43,485,2026-05-17,10,1909.0,155.0,2064.0
2026-05-17 10:30:00,395,37,432,2026-05-17,10,1776.0,158.0,1934.0
2026-05-17 10:45:00,429,39,468,2026-05-17,10,1744.0,163.0,1907.0
2026-05-17 11:00:00,519,27,546,2026-05-17,11,1785.0,146.0,1931.0
2026-05-17 11:15:00,542,30,572,2026-05-17,11,1885.0,133.0,2018.0
2026-05-17 11:30:00,555,44,599,2026-05-17,11,2045.0,140.0,2185.0
2026-05-17 11:45:00,530,50,580,2026-05-17,11,2146.0,151.0,2297.0
2026-05-17 12:00:00,518,33,551,2026-05-17,12,2145.0,157.0,2302.0
2026-05-17 12:15:00,524,31,555,2026-05-17,12,2127.0,158.0,2285.0
2026-05-17 12:30:00,508,29,537,2026-05-17,12,2080.0,143.0,2223.0
2026-05-17 12:45:00,403,37,440,2026-05-17,12,1953.0,130.0,2083.0
2026-05-17 13:00:00,368,49,417,2026-05-17,13,1803.0,146.0,1949.0
2026-05-17 13:15:00,318,36,354,2026-05-17,13,1597.0,151.0,1748.0
2026-05-17 13:30:00,306,42,348,2026-05-17,13,1395.0,164.0,1559.0
2026-05-17 13:45:00,309,35,344,2026-05-17,13,1301.0,162.0,1463.0
2026-05-17 14:00:00,323,37,360,2026-05-17,14,1256.0,150.0,1406.0
2026-05-17 14:15:00,316,28,344,2026-05-17,14,1254.0,142.0,1396.0
2026-05-17 14:30:00,333,12,345,2026-05-17,14,1281.0,112.0,1393.0
2026-05-17 14:45:00,410,13,423,2026-05-17,14,1382.0,90.0,1472.0
2026-05-17 15:00:00,514,21,535,2026-05-17,15,1573.0,74.0,1647.0
2026-05-17 15:15:00,526,22,548,2026-05-17,15,1783.0,68.0,1851.0
2026-05-17 15:30:00,513,21,534,2026-05-17,15,1963.0,77.0,2040.0
2026-05-17 15:45:00,526,19,545,2026-05-17,15,2079.0,83.0,2162.0
2026-05-17 16:00:00,464,14,478,2026-05-17,16,2029.0,76.0,2105.0
2026-05-17 16:15:00,395,20,415,2026-05-17,16,1898.0,74.0,1972.0
2026-05-17 16:30:00,327,19,346,2026-05-17,16,1712.0,72.0,1784.0
2026-05-17 16:45:00,329,15,344,2026-05-17,16,1515.0,68.0,1583.0
2026-05-17 17:00:00,391,19,410,2026-05-17,17,1442.0,73.0,1515.0
2026-05-17 17:15:00,428,17,445,2026-05-17,17,1475.0,70.0,1545.0
2026-05-17 17:30:00,398,22,420,2026-05-17,17,1546.0,73.0,1619.0
2026-05-17 17:45:00,449,24,473,2026-05-17,17,1666.0,82.0,1748.0
2026-05-17 18:00:00,509,21,530,2026-05-17,18,1784.0,84.0,1868.0
2026-05-17 18:15:00,486,13,499,2026-05-17,18,1842.0,80.0,1922.0
2026-05-17 18:30:00,476,10,486,2026-05-17,18,1920.0,68.0,1988.0
2026-05-17 18:45:00,404,9,413,2026-05-17,18,1875.0,53.0,1928.0
2026-05-17 19:00:00,319,17,336,2026-05-17,19,1685.0,49.0,1734.0
2026-05-17 19:15:00,263,10,273,2026-05-17,19,1462.0,46.0,1508.0
2026-05-17 19:30:00,204,21,225,2026-05-17,19,1190.0,57.0,1247.0
2026-05-17 19:45:00,150,40,190,2026-05-17,19,936.0,88.0,1024.0
2026-05-17 20:00:00,105,41,146,2026-05-17,20,722.0,112.0,834.0
2026-05-17 20:15:00,79,38,117,2026-05-17,20,538.0,140.0,678.0
2026-05-17 20:30:00,44,58,102,2026-05-17,20,378.0,177.0,555.0
2026-05-17 20:45:00,21,53,74,2026-05-17,20,249.0,190.0,439.0
2026-05-17 21:00:00,17,48,65,2026-05-17,21,161.0,197.0,358.0
2026-05-17 21:15:00,15,39,54,2026-05-17,21,97.0,198.0,295.0
2026-05-17 21:30:00,29,52,81,2026-05-17,21,82.0,192.0,274.0
2026-05-17 21:45:00,25,55,80,2026-05-17,21,86.0,194.0,280.0
2026-05-17 22:00:00,18,24,42,2026-05-17,22,87.0,170.0,257.0
2026-05-17 22:15:00,11,18,29,2026-05-17,22,83.0,149.0,232.0
2026-05-17 22:30:00,12,19,31,2026-05-17,22,66.0,116.0,182.0
2026-05-17 22:45:00,4,11,15,2026-05-17,22,45.0,72.0,117.0
2026-05-17 23:00:00,1,6,7,2026-05-17,23,28.0,54.0,82.0
2026-05-17 23:15:00,0,8,8,2026-05-17,23,17.0,44.0,61.0
2026-05-17 23:30:00,0,5,5,2026-05-17,23,5.0,30.0,35.0
2026-05-17 23:45:00,0,3,3,2026-05-17,23,1.0,22.0,23.0
2026-05-18 03:00:00,51,119,170,2026-05-18,3,51.0,119.0,170.0
2026-05-18 03:15:00,99,115,214,2026-05-18,3,150.0,234.0,384.0
2026-05-18 03:30:00,240,30,270,2026-05-18,3,390.0,264.0,654.0
2026-05-18 03:45:00,389,33,422,2026-05-18,3,779.0,297.0,1076.0
2026-05-18 04:00:00,498,26,524,2026-05-18,4,1226.0,204.0,1430.0
2026-05-18 04:15:00,585,37,622,2026-05-18,4,1712.0,126.0,1838.0
2026-05-18 04:30:00,657,57,714,2026-05-18,4,2129.0,153.0,2282.0
2026-05-18 04:45:00,674,53,727,2026-05-18,4,2414.0,173.0,2587.0
2026-05-18 05:00:00,627,59,686,2026-05-18,5,2543.0,206.0,2749.0
2026-05-18 05:15:00,557,44,601,2026-05-18,5,2515.0,213.0,2728.0
2026-05-18 05:30:00,480,29,509,2026-05-18,5,2338.0,185.0,2523.0
2026-05-18 05:45:00,509,57,566,2026-05-18,5,2173.0,189.0,2362.0
2026-05-18 06:00:00,507,53,560,2026-05-18,6,2053.0,183.0,2236.0
2026-05-18 06:15:00,455,56,511,2026-05-18,6,1951.0,195.0,2146.0
2026-05-18 06:30:00,392,22,414,2026-05-18,6,1863.0,188.0,2051.0
2026-05-18 06:45:00,405,32,437,2026-05-18,6,1759.0,163.0,1922.0
2026-05-18 07:00:00,398,21,419,2026-05-18,7,1650.0,131.0,1781.0
2026-05-18 07:15:00,418,30,448,2026-05-18,7,1613.0,105.0,1718.0
2026-05-18 07:30:00,436,22,458,2026-05-18,7,1657.0,105.0,1762.0
2026-05-18 07:45:00,468,21,489,2026-05-18,7,1720.0,94.0,1814.0
2026-05-18 08:00:00,563,30,593,2026-05-18,8,1885.0,103.0,1988.0
2026-05-18 08:15:00,583,37,620,2026-05-18,8,2050.0,110.0,2160.0
2026-05-18 08:30:00,571,23,594,2026-05-18,8,2185.0,111.0,2296.0
2026-05-18 08:45:00,569,34,603,2026-05-18,8,2286.0,124.0,2410.0
2026-05-18 09:00:00,503,29,532,2026-05-18,9,2226.0,123.0,2349.0
2026-05-18 09:15:00,483,41,524,2026-05-18,9,2126.0,127.0,2253.0
2026-05-18 09:30:00,488,44,532,2026-05-18,9,2043.0,148.0,2191.0
2026-05-18 09:45:00,469,37,506,2026-05-18,9,1943.0,151.0,2094.0
2026-05-18 10:00:00,449,41,490,2026-05-18,10,1889.0,163.0,2052.0
2026-05-18 10:15:00,429,58,487,2026-05-18,10,1835.0,180.0,2015.0
2026-05-18 10:30:00,424,40,464,2026-05-18,10,1771.0,176.0,1947.0
2026-05-18 10:45:00,435,45,480,2026-05-18,10,1737.0,184.0,1921.0
2026-05-18 11:00:00,500,42,542,2026-05-18,11,1788.0,185.0,1973.0
2026-05-18 11:15:00,574,39,613,2026-05-18,11,1933.0,166.0,2099.0
2026-05-18 11:30:00,595,48,643,2026-05-18,11,2104.0,174.0,2278.0
2026-05-18 11:45:00,614,50,664,2026-05-18,11,2283.0,179.0,2462.0
2026-05-18 12:00:00,617,50,667,2026-05-18,12,2400.0,187.0,2587.0
2026-05-18 12:15:00,547,39,586,2026-05-18,12,2373.0,187.0,2560.0
2026-05-18 12:30:00,447,50,497,2026-05-18,12,2225.0,189.0,2414.0
2026-05-18 12:45:00,389,42,431,2026-05-18,12,2000.0,181.0,2181.0
2026-05-18 13:00:00,406,30,436,2026-05-18,13,1789.0,161.0,1950.0
2026-05-18 13:15:00,415,27,442,2026-05-18,13,1657.0,149.0,1806.0
2026-05-18 13:30:00,396,36,432,2026-05-18,13,1606.0,135.0,1741.0
2026-05-18 13:45:00,373,39,412,2026-05-18,13,1590.0,132.0,1722.0
2026-05-18 14:00:00,394,22,416,2026-05-18,14,1578.0,124.0,1702.0
2026-05-18 14:15:00,399,37,436,2026-05-18,14,1562.0,134.0,1696.0
2026-05-18 14:30:00,361,35,396,2026-05-18,14,1527.0,133.0,1660.0
2026-05-18 14:45:00,392,29,421,2026-05-18,14,1546.0,123.0,1669.0
2026-05-18 15:00:00,442,34,476,2026-05-18,15,1594.0,135.0,1729.0
2026-05-18 15:15:00,492,29,521,2026-05-18,15,1687.0,127.0,1814.0
2026-05-18 15:30:00,480,33,513,2026-05-18,15,1806.0,125.0,1931.0
2026-05-18 15:45:00,391,31,422,2026-05-18,15,1805.0,127.0,1932.0
2026-05-18 16:00:00,296,18,314,2026-05-18,16,1659.0,111.0,1770.0
2026-05-18 16:15:00,336,19,355,2026-05-18,16,1503.0,101.0,1604.0
2026-05-18 16:30:00,330,19,349,2026-05-18,16,1353.0,87.0,1440.0
2026-05-18 16:45:00,329,14,343,2026-05-18,16,1291.0,70.0,1361.0
2026-05-18 17:00:00,354,20,374,2026-05-18,17,1349.0,72.0,1421.0
2026-05-18 17:15:00,413,17,430,2026-05-18,17,1426.0,70.0,1496.0
2026-05-18 17:30:00,432,9,441,2026-05-18,17,1528.0,60.0,1588.0
2026-05-18 17:45:00,424,12,436,2026-05-18,17,1623.0,58.0,1681.0
2026-05-18 18:00:00,342,39,381,2026-05-18,18,1611.0,77.0,1688.0
2026-05-18 18:15:00,283,18,301,2026-05-18,18,1481.0,78.0,1559.0
2026-05-18 18:30:00,226,19,245,2026-05-18,18,1275.0,88.0,1363.0
2026-05-18 18:45:00,183,40,223,2026-05-18,18,1034.0,116.0,1150.0
2026-05-18 19:00:00,151,47,198,2026-05-18,19,843.0,124.0,967.0
2026-05-18 19:15:00,151,36,187,2026-05-18,19,711.0,142.0,853.0
2026-05-18 19:30:00,122,35,157,2026-05-18,19,607.0,158.0,765.0
2026-05-18 19:45:00,97,43,140,2026-05-18,19,521.0,161.0,682.0
2026-05-18 20:00:00,67,47,114,2026-05-18,20,437.0,161.0,598.0
2026-05-18 20:15:00,53,31,84,2026-05-18,20,339.0,156.0,495.0
2026-05-18 20:30:00,29,51,80,2026-05-18,20,246.0,172.0,418.0
2026-05-18 20:45:00,14,42,56,2026-05-18,20,163.0,171.0,334.0
2026-05-18 21:00:00,11,48,59,2026-05-18,21,107.0,172.0,279.0
2026-05-18 21:15:00,2,29,31,2026-05-18,21,56.0,170.0,226.0
2026-05-18 21:30:00,1,31,32,2026-05-18,21,28.0,150.0,178.0
2026-05-18 21:45:00,1,28,29,2026-05-18,21,15.0,136.0,151.0
2026-05-18 22:00:00,0,10,10,2026-05-18,22,4.0,98.0,102.0
2026-05-18 22:15:00,0,9,9,2026-05-18,22,2.0,78.0,80.0
2026-05-18 22:30:00,0,6,6,2026-05-18,22,1.0,53.0,54.0
2026-05-18 22:45:00,1,6,7,2026-05-18,22,1.0,31.0,32.0
2026-05-18 23:00:00,0,13,13,2026-05-18,23,1.0,34.0,35.0
2026-05-18 23:15:00,1,8,9,2026-05-18,23,2.0,33.0,35.0
2026-05-18 23:30:00,0,3,3,2026-05-18,23,2.0,30.0,32.0
2026-05-18 23:45:00,1,3,4,2026-05-18,23,2.0,27.0,29.0
2026-05-19 03:00:00,84,79,163,2026-05-19,3,84.0,79.0,163.0
2026-05-19 03:15:00,150,29,179,2026-05-19,3,234.0,108.0,342.0
2026-05-19 03:30:00,277,35,312,2026-05-19,3,511.0,143.0,654.0
2026-05-19 03:45:00,445,31,476,2026-05-19,3,956.0,174.0,1130.0
2026-05-19 04:00:00,559,28,587,2026-05-19,4,1431.0,123.0,1554.0
2026-05-19 04:15:00,677,31,708,2026-05-19,4,1958.0,125.0,2083.0
2026-05-19 04:30:00,719,34,753,2026-05-19,4,2400.0,124.0,2524.0
2026-05-19 04:45:00,677,46,723,2026-05-19,4,2632.0,139.0,2771.0
2026-05-19 05:00:00,627,56,683,2026-05-19,5,2700.0,167.0,2867.0
2026-05-19 05:15:00,462,33,495,2026-05-19,5,2485.0,169.0,2654.0
2026-05-19 05:30:00,402,33,435,2026-05-19,5,2168.0,168.0,2336.0
2026-05-19 05:45:00,385,49,434,2026-05-19,5,1876.0,171.0,2047.0
2026-05-19 06:00:00,331,60,391,2026-05-19,6,1580.0,175.0,1755.0
2026-05-19 06:15:00,305,41,346,2026-05-19,6,1423.0,183.0,1606.0
2026-05-19 06:30:00,304,33,337,2026-05-19,6,1325.0,183.0,1508.0
2026-05-19 06:45:00,361,29,390,2026-05-19,6,1301.0,163.0,1464.0
2026-05-19 07:00:00,350,28,378,2026-05-19,7,1320.0,131.0,1451.0
2026-05-19 07:15:00,367,39,406,2026-05-19,7,1382.0,129.0,1511.0
2026-05-19 07:30:00,426,31,457,2026-05-19,7,1504.0,127.0,1631.0
2026-05-19 07:45:00,429,23,452,2026-05-19,7,1572.0,121.0,1693.0
2026-05-19 08:00:00,380,31,411,2026-05-19,8,1602.0,124.0,1726.0
2026-05-19 08:15:00,365,34,399,2026-05-19,8,1600.0,119.0,1719.0
2026-05-19 08:30:00,367,30,397,2026-05-19,8,1541.0,118.0,1659.0
2026-05-19 08:45:00,337,18,355,2026-05-19,8,1449.0,113.0,1562.0
2026-05-19 09:00:00,319,34,353,2026-05-19,9,1388.0,116.0,1504.0
2026-05-19 09:15:00,316,26,342,2026-05-19,9,1339.0,108.0,1447.0
2026-05-19 09:30:00,326,38,364,2026-05-19,9,1298.0,116.0,1414.0
2026-05-19 09:45:00,298,21,319,2026-05-19,9,1259.0,119.0,1378.0
2026-05-19 10:00:00,275,33,308,2026-05-19,10,1215.0,118.0,1333.0
2026-05-19 10:15:00,309,43,352,2026-05-19,10,1208.0,135.0,1343.0
2026-05-19 10:30:00,384,32,416,2026-05-19,10,1266.0,129.0,1395.0
2026-05-19 10:45:00,436,55,491,2026-05-19,10,1404.0,163.0,1567.0
2026-05-19 11:00:00,466,31,497,2026-05-19,11,1595.0,161.0,1756.0
2026-05-19 11:15:00,472,39,511,2026-05-19,11,1758.0,157.0,1915.0
2026-05-19 11:30:00,481,44,525,2026-05-19,11,1855.0,169.0,2024.0
2026-05-19 11:45:00,500,41,541,2026-05-19,11,1919.0,155.0,2074.0
2026-05-19 12:00:00,484,33,517,2026-05-19,12,1937.0,157.0,2094.0
2026-05-19 12:15:00,430,47,477,2026-05-19,12,1895.0,165.0,2060.0
2026-05-19 12:30:00,432,46,478,2026-05-19,12,1846.0,167.0,2013.0
2026-05-19 12:45:00,389,28,417,2026-05-19,12,1735.0,154.0,1889.0
2026-05-19 13:00:00,363,36,399,2026-05-19,13,1614.0,157.0,1771.0
2026-05-19 13:15:00,368,31,399,2026-05-19,13,1552.0,141.0,1693.0
2026-05-19 13:30:00,385,27,412,2026-05-19,13,1505.0,122.0,1627.0
2026-05-19 13:45:00,314,36,350,2026-05-19,13,1430.0,130.0,1560.0
2026-05-19 14:00:00,299,34,333,2026-05-19,14,1366.0,128.0,1494.0
2026-05-19 14:15:00,270,30,300,2026-05-19,14,1268.0,127.0,1395.0
2026-05-19 14:30:00,293,27,320,2026-05-19,14,1176.0,127.0,1303.0
2026-05-19 14:45:00,331,28,359,2026-05-19,14,1193.0,119.0,1312.0
2026-05-19 15:00:00,386,23,409,2026-05-19,15,1280.0,108.0,1388.0
2026-05-19 15:15:00,411,23,434,2026-05-19,15,1421.0,101.0,1522.0
2026-05-19 15:30:00,452,30,482,2026-05-19,15,1580.0,104.0,1684.0
2026-05-19 15:45:00,425,26,451,2026-05-19,15,1674.0,102.0,1776.0
2026-05-19 16:00:00,415,28,443,2026-05-19,16,1703.0,107.0,1810.0
2026-05-19 16:15:00,317,23,340,2026-05-19,16,1609.0,107.0,1716.0
2026-05-19 16:30:00,249,29,278,2026-05-19,16,1406.0,106.0,1512.0
2026-05-19 16:45:00,228,22,250,2026-05-19,16,1209.0,102.0,1311.0
2026-05-19 17:00:00,198,8,206,2026-05-19,17,992.0,82.0,1074.0
2026-05-19 17:15:00,200,7,207,2026-05-19,17,875.0,66.0,941.0
2026-05-19 17:30:00,182,15,197,2026-05-19,17,808.0,52.0,860.0
2026-05-19 17:45:00,198,12,210,2026-05-19,17,778.0,42.0,820.0
2026-05-19 18:00:00,214,26,240,2026-05-19,18,794.0,60.0,854.0
2026-05-19 18:15:00,151,25,176,2026-05-19,18,745.0,78.0,823.0
2026-05-19 18:30:00,130,29,159,2026-05-19,18,693.0,92.0,785.0
2026-05-19 18:45:00,110,42,152,2026-05-19,18,605.0,122.0,727.0
2026-05-19 19:00:00,72,63,135,2026-05-19,19,463.0,159.0,622.0
2026-05-19 19:15:00,84,47,131,2026-05-19,19,396.0,181.0,577.0
2026-05-19 19:30:00,75,28,103,2026-05-19,19,341.0,180.0,521.0
2026-05-19 19:45:00,78,40,118,2026-05-19,19,309.0,178.0,487.0
2026-05-19 20:00:00,66,36,102,2026-05-19,20,303.0,151.0,454.0
2026-05-19 20:15:00,57,36,93,2026-05-19,20,276.0,140.0,416.0
2026-05-19 20:30:00,40,33,73,2026-05-19,20,241.0,145.0,386.0
2026-05-19 20:45:00,30,37,67,2026-05-19,20,193.0,142.0,335.0
2026-05-19 21:00:00,13,38,51,2026-05-19,21,140.0,144.0,284.0
2026-05-19 21:15:00,5,26,31,2026-05-19,21,88.0,134.0,222.0
2026-05-19 21:30:00,2,40,42,2026-05-19,21,50.0,141.0,191.0
2026-05-19 21:45:00,1,38,39,2026-05-19,21,21.0,142.0,163.0
2026-05-19 22:00:00,0,22,22,2026-05-19,22,8.0,126.0,134.0
2026-05-19 22:15:00,0,13,13,2026-05-19,22,3.0,113.0,116.0
2026-05-19 22:30:00,1,7,8,2026-05-19,22,2.0,80.0,82.0
2026-05-19 22:45:00,0,9,9,2026-05-19,22,1.0,51.0,52.0
2026-05-19 23:00:00,0,2,2,2026-05-19,23,1.0,31.0,32.0
2026-05-19 23:15:00,0,5,5,2026-05-19,23,1.0,23.0,24.0
2026-05-19 23:30:00,0,2,2,2026-05-19,23,0.0,18.0,18.0
2026-05-19 23:45:00,0,1,1,2026-05-19,23,0.0,10.0,10.0
2026-05-20 03:00:00,52,75,127,2026-05-20,3,52.0,75.0,127.0
2026-05-20 03:15:00,107,28,135,2026-05-20,3,159.0,103.0,262.0
2026-05-20 03:30:00,263,29,292,2026-05-20,3,422.0,132.0,554.0
2026-05-20 03:45:00,388,31,419,2026-05-20,3,810.0,163.0,973.0
2026-05-20 04:00:00,496,32,528,2026-05-20,4,1254.0,120.0,1374.0
2026-05-20 04:15:00,534,41,575,2026-05-20,4,1681.0,133.0,1814.0
2026-05-20 04:30:00,584,50,634,2026-05-20,4,2002.0,154.0,2156.0
2026-05-20 04:45:00,554,52,606,2026-05-20,4,2168.0,175.0,2343.0
2026-05-20 05:00:00,515,45,560,2026-05-20,5,2187.0,188.0,2375.0
2026-05-20 05:15:00,508,43,551,2026-05-20,5,2161.0,190.0,2351.0
2026-05-20 05:30:00,445,31,476,2026-05-20,5,2022.0,171.0,2193.0
2026-05-20 05:45:00,434,43,477,2026-05-20,5,1902.0,162.0,2064.0
2026-05-20 06:00:00,411,51,462,2026-05-20,6,1798.0,168.0,1966.0
2026-05-20 06:15:00,349,46,395,2026-05-20,6,1639.0,171.0,1810.0
2026-05-20 06:30:00,372,35,407,2026-05-20,6,1566.0,175.0,1741.0
2026-05-20 06:45:00,469,30,499,2026-05-20,6,1601.0,162.0,1763.0
2026-05-20 07:00:00,501,28,529,2026-05-20,7,1691.0,139.0,1830.0
2026-05-20 07:15:00,516,20,536,2026-05-20,7,1858.0,113.0,1971.0
2026-05-20 07:30:00,484,22,506,2026-05-20,7,1970.0,100.0,2070.0
2026-05-20 07:45:00,441,36,477,2026-05-20,7,1942.0,106.0,2048.0
2026-05-20 08:00:00,376,48,424,2026-05-20,8,1817.0,126.0,1943.0
2026-05-20 08:15:00,389,24,413,2026-05-20,8,1690.0,130.0,1820.0
2026-05-20 08:30:00,457,43,500,2026-05-20,8,1663.0,151.0,1814.0
2026-05-20 08:45:00,490,46,536,2026-05-20,8,1712.0,161.0,1873.0
2026-05-20 09:00:00,508,57,565,2026-05-20,9,1844.0,170.0,2014.0
2026-05-20 09:15:00,465,48,513,2026-05-20,9,1920.0,194.0,2114.0
2026-05-20 09:30:00,418,53,471,2026-05-20,9,1881.0,204.0,2085.0
2026-05-20 09:45:00,364,81,445,2026-05-20,9,1755.0,239.0,1994.0
2026-05-20 10:00:00,341,58,399,2026-05-20,10,1588.0,240.0,1828.0
2026-05-20 10:15:00,323,38,361,2026-05-20,10,1446.0,230.0,1676.0
2026-05-20 10:30:00,355,36,391,2026-05-20,10,1383.0,213.0,1596.0
2026-05-20 10:45:00,446,31,477,2026-05-20,10,1465.0,163.0,1628.0
2026-05-20 11:00:00,465,46,511,2026-05-20,11,1589.0,151.0,1740.0
2026-05-20 11:15:00,500,41,541,2026-05-20,11,1766.0,154.0,1920.0
2026-05-20 11:30:00,498,36,534,2026-05-20,11,1909.0,154.0,2063.0
2026-05-20 11:45:00,502,39,541,2026-05-20,11,1965.0,162.0,2127.0
2026-05-20 12:00:00,520,43,563,2026-05-20,12,2020.0,159.0,2179.0
2026-05-20 12:15:00,449,55,504,2026-05-20,12,1969.0,173.0,2142.0
2026-05-20 12:30:00,457,55,512,2026-05-20,12,1928.0,192.0,2120.0
2026-05-20 12:45:00,471,57,528,2026-05-20,12,1897.0,210.0,2107.0
2026-05-20 13:00:00,451,44,495,2026-05-20,13,1828.0,211.0,2039.0
2026-05-20 13:15:00,409,42,451,2026-05-20,13,1788.0,198.0,1986.0
2026-05-20 13:30:00,351,38,389,2026-05-20,13,1682.0,181.0,1863.0
2026-05-20 13:45:00,331,24,355,2026-05-20,13,1542.0,148.0,1690.0
2026-05-20 14:00:00,265,52,317,2026-05-20,14,1356.0,156.0,1512.0
2026-05-20 14:15:00,269,33,302,2026-05-20,14,1216.0,147.0,1363.0
2026-05-20 14:30:00,278,27,305,2026-05-20,14,1143.0,136.0,1279.0
2026-05-20 14:45:00,326,33,359,2026-05-20,14,1138.0,145.0,1283.0
2026-05-20 15:00:00,362,25,387,2026-05-20,15,1235.0,118.0,1353.0
2026-05-20 15:15:00,443,23,466,2026-05-20,15,1409.0,108.0,1517.0
2026-05-20 15:30:00,445,30,475,2026-05-20,15,1576.0,111.0,1687.0
2026-05-20 15:45:00,369,27,396,2026-05-20,15,1619.0,105.0,1724.0
2026-05-20 16:00:00,320,16,336,2026-05-20,16,1577.0,96.0,1673.0
2026-05-20 16:15:00,277,10,287,2026-05-20,16,1411.0,83.0,1494.0
2026-05-20 16:30:00,244,11,255,2026-05-20,16,1210.0,64.0,1274.0
2026-05-20 16:45:00,232,30,262,2026-05-20,16,1073.0,67.0,1140.0
2026-05-20 17:00:00,242,11,253,2026-05-20,17,995.0,62.0,1057.0
2026-05-20 17:15:00,250,7,257,2026-05-20,17,968.0,59.0,1027.0
2026-05-20 17:30:00,214,11,225,2026-05-20,17,938.0,59.0,997.0
2026-05-20 17:45:00,197,18,215,2026-05-20,17,903.0,47.0,950.0
2026-05-20 18:00:00,184,43,227,2026-05-20,18,845.0,79.0,924.0
2026-05-20 18:15:00,166,19,185,2026-05-20,18,761.0,91.0,852.0
2026-05-20 18:30:00,131,36,167,2026-05-20,18,678.0,116.0,794.0
2026-05-20 18:45:00,128,55,183,2026-05-20,18,609.0,153.0,762.0
2026-05-20 19:00:00,120,40,160,2026-05-20,19,545.0,150.0,695.0
2026-05-20 19:15:00,123,43,166,2026-05-20,19,502.0,174.0,676.0
2026-05-20 19:30:00,106,31,137,2026-05-20,19,477.0,169.0,646.0
2026-05-20 19:45:00,93,31,124,2026-05-20,19,442.0,145.0,587.0
2026-05-20 20:00:00,58,47,105,2026-05-20,20,380.0,152.0,532.0
2026-05-20 20:15:00,43,52,95,2026-05-20,20,300.0,161.0,461.0
2026-05-20 20:30:00,13,50,63,2026-05-20,20,207.0,180.0,387.0
2026-05-20 20:45:00,13,46,59,2026-05-20,20,127.0,195.0,322.0
2026-05-20 21:00:00,4,29,33,2026-05-20,21,73.0,177.0,250.0
2026-05-20 21:15:00,2,26,28,2026-05-20,21,32.0,151.0,183.0
2026-05-20 21:30:00,1,27,28,2026-05-20,21,20.0,128.0,148.0
2026-05-20 21:45:00,0,30,30,2026-05-20,21,7.0,112.0,119.0
2026-05-20 22:00:00,0,17,17,2026-05-20,22,3.0,100.0,103.0
2026-05-20 22:15:00,0,28,28,2026-05-20,22,1.0,102.0,103.0
2026-05-20 22:30:00,1,10,11,2026-05-20,22,1.0,85.0,86.0
2026-05-20 22:45:00,1,12,13,2026-05-20,22,2.0,67.0,69.0
2026-05-20 23:00:00,0,1,1,2026-05-20,23,2.0,51.0,53.0
2026-05-20 23:15:00,0,0,0,2026-05-20,23,2.0,23.0,25.0
2026-05-20 23:30:00,0,0,0,2026-05-20,23,1.0,13.0,14.0
2026-05-20 23:45:00,0,0,0,2026-05-20,23,0.0,1.0,1.0
2026-05-21 03:00:00,47,79,126,2026-05-21,3,47.0,79.0,126.0
2026-05-21 03:15:00,101,28,129,2026-05-21,3,148.0,107.0,255.0
2026-05-21 03:30:00,242,37,279,2026-05-21,3,390.0,144.0,534.0
2026-05-21 03:45:00,416,41,457,2026-05-21,3,806.0,185.0,991.0
2026-05-21 04:00:00,530,28,558,2026-05-21,4,1289.0,134.0,1423.0
2026-05-21 04:15:00,634,32,666,2026-05-21,4,1822.0,138.0,1960.0
2026-05-21 04:30:00,650,34,684,2026-05-21,4,2230.0,135.0,2365.0
2026-05-21 04:45:00,652,49,701,2026-05-21,4,2466.0,143.0,2609.0
2026-05-21 05:00:00,597,57,654,2026-05-21,5,2533.0,172.0,2705.0
2026-05-21 05:15:00,602,44,646,2026-05-21,5,2501.0,184.0,2685.0
2026-05-21 05:30:00,555,27,582,2026-05-21,5,2406.0,177.0,2583.0
2026-05-21 05:45:00,456,37,493,2026-05-21,5,2210.0,165.0,2375.0
2026-05-21 06:00:00,414,59,473,2026-05-21,6,2027.0,167.0,2194.0
2026-05-21 06:15:00,389,29,418,2026-05-21,6,1814.0,152.0,1966.0
2026-05-21 06:30:00,454,30,484,2026-05-21,6,1713.0,155.0,1868.0
2026-05-21 06:45:00,440,40,480,2026-05-21,6,1697.0,158.0,1855.0
2026-05-21 07:00:00,384,31,415,2026-05-21,7,1667.0,130.0,1797.0
2026-05-21 07:15:00,398,38,436,2026-05-21,7,1676.0,139.0,1815.0
2026-05-21 07:30:00,387,25,412,2026-05-21,7,1609.0,134.0,1743.0
2026-05-21 07:45:00,396,28,424,2026-05-21,7,1565.0,122.0,1687.0
2026-05-21 08:00:00,406,21,427,2026-05-21,8,1587.0,112.0,1699.0
2026-05-21 08:15:00,408,26,434,2026-05-21,8,1597.0,100.0,1697.0
2026-05-21 08:30:00,424,27,451,2026-05-21,8,1634.0,102.0,1736.0
2026-05-21 08:45:00,433,30,463,2026-05-21,8,1671.0,104.0,1775.0
2026-05-21 09:00:00,445,34,479,2026-05-21,9,1710.0,117.0,1827.0
2026-05-21 09:15:00,442,24,466,2026-05-21,9,1744.0,115.0,1859.0
2026-05-21 09:30:00,434,24,458,2026-05-21,9,1754.0,112.0,1866.0
2026-05-21 09:45:00,408,32,440,2026-05-21,9,1729.0,114.0,1843.0
2026-05-21 10:00:00,342,41,383,2026-05-21,10,1626.0,121.0,1747.0
2026-05-21 10:15:00,388,47,435,2026-05-21,10,1572.0,144.0,1716.0
2026-05-21 10:30:00,393,33,426,2026-05-21,10,1531.0,153.0,1684.0
2026-05-21 10:45:00,426,50,476,2026-05-21,10,1549.0,171.0,1720.0
2026-05-21 11:00:00,477,50,527,2026-05-21,11,1684.0,180.0,1864.0
2026-05-21 11:15:00,501,36,537,2026-05-21,11,1797.0,169.0,1966.0
2026-05-21 11:30:00,503,47,550,2026-05-21,11,1907.0,183.0,2090.0
2026-05-21 11:45:00,471,53,524,2026-05-21,11,1952.0,186.0,2138.0
2026-05-21 12:00:00,418,40,458,2026-05-21,12,1893.0,176.0,2069.0
2026-05-21 12:15:00,464,40,504,2026-05-21,12,1856.0,180.0,2036.0
2026-05-21 12:30:00,438,44,482,2026-05-21,12,1791.0,177.0,1968.0
2026-05-21 12:45:00,463,51,514,2026-05-21,12,1783.0,175.0,1958.0
2026-05-21 13:00:00,464,49,513,2026-05-21,13,1829.0,184.0,2013.0
2026-05-21 13:15:00,472,47,519,2026-05-21,13,1837.0,191.0,2028.0
2026-05-21 13:30:00,487,35,522,2026-05-21,13,1886.0,182.0,2068.0
2026-05-21 13:45:00,437,40,477,2026-05-21,13,1860.0,171.0,2031.0
2026-05-21 14:00:00,401,36,437,2026-05-21,14,1797.0,158.0,1955.0
2026-05-21 14:15:00,427,34,461,2026-05-21,14,1752.0,145.0,1897.0
2026-05-21 14:30:00,344,49,393,2026-05-21,14,1609.0,159.0,1768.0
2026-05-21 14:45:00,396,50,446,2026-05-21,14,1568.0,169.0,1737.0
2026-05-21 15:00:00,481,35,516,2026-05-21,15,1648.0,168.0,1816.0
2026-05-21 15:15:00,453,21,474,2026-05-21,15,1674.0,155.0,1829.0
2026-05-21 15:30:00,399,32,431,2026-05-21,15,1729.0,138.0,1867.0
2026-05-21 15:45:00,410,28,438,2026-05-21,15,1743.0,116.0,1859.0
2026-05-21 16:00:00,396,24,420,2026-05-21,16,1658.0,105.0,1763.0
2026-05-21 16:15:00,396,25,421,2026-05-21,16,1601.0,109.0,1710.0
2026-05-21 16:30:00,335,18,353,2026-05-21,16,1537.0,95.0,1632.0
2026-05-21 16:45:00,329,21,350,2026-05-21,16,1456.0,88.0,1544.0
2026-05-21 17:00:00,348,23,371,2026-05-21,17,1408.0,87.0,1495.0
2026-05-21 17:15:00,312,13,325,2026-05-21,17,1324.0,75.0,1399.0
2026-05-21 17:30:00,305,14,319,2026-05-21,17,1294.0,71.0,1365.0
2026-05-21 17:45:00,282,30,312,2026-05-21,17,1247.0,80.0,1327.0
2026-05-21 18:00:00,281,25,306,2026-05-21,18,1180.0,82.0,1262.0
2026-05-21 18:15:00,225,19,244,2026-05-21,18,1093.0,88.0,1181.0
2026-05-21 18:30:00,194,38,232,2026-05-21,18,982.0,112.0,1094.0
2026-05-21 18:45:00,177,50,227,2026-05-21,18,877.0,132.0,1009.0
2026-05-21 19:00:00,154,28,182,2026-05-21,19,750.0,135.0,885.0
2026-05-21 19:15:00,163,36,199,2026-05-21,19,688.0,152.0,840.0
2026-05-21 19:30:00,153,41,194,2026-05-21,19,647.0,155.0,802.0
2026-05-21 19:45:00,150,56,206,2026-05-21,19,620.0,161.0,781.0
2026-05-21 20:00:00,119,29,148,2026-05-21,20,585.0,162.0,747.0
2026-05-21 20:15:00,94,44,138,2026-05-21,20,516.0,170.0,686.0
2026-05-21 20:30:00,60,46,106,2026-05-21,20,423.0,175.0,598.0
2026-05-21 20:45:00,36,45,81,2026-05-21,20,309.0,164.0,473.0
2026-05-21 21:00:00,30,58,88,2026-05-21,21,220.0,193.0,413.0
2026-05-21 21:15:00,5,31,36,2026-05-21,21,131.0,180.0,311.0
2026-05-21 21:30:00,1,45,46,2026-05-21,21,72.0,179.0,251.0
2026-05-21 21:45:00,1,41,42,2026-05-21,21,37.0,175.0,212.0
2026-05-21 22:00:00,1,28,29,2026-05-21,22,8.0,145.0,153.0
2026-05-21 22:15:00,0,23,23,2026-05-21,22,3.0,137.0,140.0
2026-05-21 22:30:00,0,4,4,2026-05-21,22,2.0,96.0,98.0
2026-05-21 22:45:00,0,4,4,2026-05-21,22,1.0,59.0,60.0
2026-05-21 23:00:00,0,24,24,2026-05-21,23,0.0,55.0,55.0
2026-05-21 23:15:00,0,8,8,2026-05-21,23,0.0,40.0,40.0
2026-05-21 23:30:00,0,0,0,2026-05-21,23,0.0,36.0,36.0
2026-05-21 23:45:00,0,0,0,2026-05-21,23,0.0,32.0,32.0
2026-05-22 03:00:00,84,36,120,2026-05-22,3,84.0,36.0,120.0
2026-05-22 03:15:00,143,46,189,2026-05-22,3,227.0,82.0,309.0
2026-05-22 03:30:00,230,61,291,2026-05-22,3,457.0,143.0,600.0
2026-05-22 03:45:00,405,73,478,2026-05-22,3,862.0,216.0,1078.0
2026-05-22 04:00:00,628,40,668,2026-05-22,4,1406.0,220.0,1626.0
2026-05-22 04:15:00,810,34,844,2026-05-22,4,2073.0,208.0,2281.0
2026-05-22 04:30:00,730,81,811,2026-05-22,4,2573.0,228.0,2801.0
2026-05-22 04:45:00,697,88,785,2026-05-22,4,2865.0,243.0,3108.0
2026-05-22 05:00:00,658,62,720,2026-05-22,5,2895.0,265.0,3160.0
2026-05-22 05:15:00,541,49,590,2026-05-22,5,2626.0,280.0,2906.0
2026-05-22 05:30:00,365,47,412,2026-05-22,5,2261.0,246.0,2507.0
2026-05-22 05:45:00,308,56,364,2026-05-22,5,1872.0,214.0,2086.0
2026-05-22 06:00:00,357,42,399,2026-05-22,6,1571.0,194.0,1765.0
2026-05-22 06:15:00,390,54,444,2026-05-22,6,1420.0,199.0,1619.0
2026-05-22 06:30:00,395,43,438,2026-05-22,6,1450.0,195.0,1645.0
2026-05-22 06:45:00,467,34,501,2026-05-22,6,1609.0,173.0,1782.0
2026-05-22 07:00:00,466,32,498,2026-05-22,7,1718.0,163.0,1881.0
2026-05-22 07:15:00,446,39,485,2026-05-22,7,1774.0,148.0,1922.0
2026-05-22 07:30:00,446,25,471,2026-05-22,7,1825.0,130.0,1955.0
2026-05-22 07:45:00,437,25,462,2026-05-22,7,1795.0,121.0,1916.0
2026-05-22 08:00:00,484,40,524,2026-05-22,8,1813.0,129.0,1942.0
2026-05-22 08:15:00,487,40,527,2026-05-22,8,1854.0,130.0,1984.0
2026-05-22 08:30:00,429,32,461,2026-05-22,8,1837.0,137.0,1974.0
2026-05-22 08:45:00,354,31,385,2026-05-22,8,1754.0,143.0,1897.0
2026-05-22 09:00:00,373,34,407,2026-05-22,9,1643.0,137.0,1780.0
2026-05-22 09:15:00,353,38,391,2026-05-22,9,1509.0,135.0,1644.0
2026-05-22 09:30:00,383,49,432,2026-05-22,9,1463.0,152.0,1615.0
2026-05-22 09:45:00,374,50,424,2026-05-22,9,1483.0,171.0,1654.0
2026-05-22 10:00:00,382,61,443,2026-05-22,10,1492.0,198.0,1690.0
2026-05-22 10:15:00,402,46,448,2026-05-22,10,1541.0,206.0,1747.0
2026-05-22 10:30:00,403,68,471,2026-05-22,10,1561.0,225.0,1786.0
2026-05-22 10:45:00,429,57,486,2026-05-22,10,1616.0,232.0,1848.0
2026-05-22 11:00:00,442,45,487,2026-05-22,11,1676.0,216.0,1892.0
2026-05-22 11:15:00,521,58,579,2026-05-22,11,1795.0,228.0,2023.0
2026-05-22 11:30:00,566,67,633,2026-05-22,11,1958.0,227.0,2185.0
2026-05-22 11:45:00,626,71,697,2026-05-22,11,2155.0,241.0,2396.0
2026-05-22 12:00:00,656,73,729,2026-05-22,12,2369.0,269.0,2638.0
2026-05-22 12:15:00,668,63,731,2026-05-22,12,2516.0,274.0,2790.0
2026-05-22 12:30:00,622,54,676,2026-05-22,12,2572.0,261.0,2833.0
2026-05-22 12:45:00,582,65,647,2026-05-22,12,2528.0,255.0,2783.0
2026-05-22 13:00:00,490,52,542,2026-05-22,13,2362.0,234.0,2596.0
2026-05-22 13:15:00,462,38,500,2026-05-22,13,2156.0,209.0,2365.0
2026-05-22 13:30:00,387,55,442,2026-05-22,13,1921.0,210.0,2131.0
2026-05-22 13:45:00,329,50,379,2026-05-22,13,1668.0,195.0,1863.0
2026-05-22 14:00:00,343,34,377,2026-05-22,14,1521.0,177.0,1698.0
2026-05-22 14:15:00,334,36,370,2026-05-22,14,1393.0,175.0,1568.0
2026-05-22 14:30:00,310,32,342,2026-05-22,14,1316.0,152.0,1468.0
2026-05-22 14:45:00,354,38,392,2026-05-22,14,1341.0,140.0,1481.0
2026-05-22 15:00:00,401,34,435,2026-05-22,15,1399.0,140.0,1539.0
2026-05-22 15:15:00,447,20,467,2026-05-22,15,1512.0,124.0,1636.0
2026-05-22 15:30:00,505,19,524,2026-05-22,15,1707.0,111.0,1818.0
2026-05-22 15:45:00,557,20,577,2026-05-22,15,1910.0,93.0,2003.0
2026-05-22 16:00:00,458,17,475,2026-05-22,16,1967.0,76.0,2043.0
2026-05-22 16:15:00,450,20,470,2026-05-22,16,1970.0,76.0,2046.0
2026-05-22 16:30:00,398,15,413,2026-05-22,16,1863.0,72.0,1935.0
2026-05-22 16:45:00,385,29,414,2026-05-22,16,1691.0,81.0,1772.0
2026-05-22 17:00:00,406,28,434,2026-05-22,17,1639.0,92.0,1731.0
2026-05-22 17:15:00,421,15,436,2026-05-22,17,1610.0,87.0,1697.0
2026-05-22 17:30:00,369,14,383,2026-05-22,17,1581.0,86.0,1667.0
2026-05-22 17:45:00,350,21,371,2026-05-22,17,1546.0,78.0,1624.0
2026-05-22 18:00:00,258,22,280,2026-05-22,18,1398.0,72.0,1470.0
2026-05-22 18:15:00,206,9,215,2026-05-22,18,1183.0,66.0,1249.0
2026-05-22 18:30:00,153,11,164,2026-05-22,18,967.0,63.0,1030.0
2026-05-22 18:45:00,144,12,156,2026-05-22,18,761.0,54.0,815.0
2026-05-22 19:00:00,147,12,159,2026-05-22,19,650.0,44.0,694.0
2026-05-22 19:15:00,128,12,140,2026-05-22,19,572.0,47.0,619.0
2026-05-22 19:30:00,150,14,164,2026-05-22,19,569.0,50.0,619.0
2026-05-22 19:45:00,167,11,178,2026-05-22,19,592.0,49.0,641.0
2026-05-22 20:00:00,175,10,185,2026-05-22,20,620.0,47.0,667.0
2026-05-22 20:15:00,142,12,154,2026-05-22,20,634.0,47.0,681.0
2026-05-22 20:30:00,88,8,96,2026-05-22,20,572.0,41.0,613.0
2026-05-22 20:45:00,58,13,71,2026-05-22,20,463.0,43.0,506.0
2026-05-22 21:00:00,24,8,32,2026-05-22,21,312.0,41.0,353.0
2026-05-22 21:15:00,10,5,15,2026-05-22,21,180.0,34.0,214.0
2026-05-22 21:30:00,12,13,25,2026-05-22,21,104.0,39.0,143.0
2026-05-22 21:45:00,18,13,31,2026-05-22,21,64.0,39.0,103.0
2026-05-22 22:00:00,15,7,22,2026-05-22,22,55.0,38.0,93.0
2026-05-22 22:15:00,13,4,17,2026-05-22,22,58.0,37.0,95.0
2026-05-22 22:30:00,8,3,11,2026-05-22,22,54.0,27.0,81.0
2026-05-22 22:45:00,3,1,4,2026-05-22,22,39.0,15.0,54.0
2026-05-22 23:00:00,1,3,4,2026-05-22,23,25.0,11.0,36.0
2026-05-22 23:15:00,0,3,3,2026-05-22,23,12.0,10.0,22.0
2026-05-22 23:30:00,0,4,4,2026-05-22,23,4.0,11.0,15.0
2026-05-22 23:45:00,0,6,6,2026-05-22,23,1.0,16.0,17.0
2026-05-23 03:00:00,48,40,88,2026-05-23,3,48.0,40.0,88.0
2026-05-23 03:15:00,84,47,131,2026-05-23,3,132.0,87.0,219.0
2026-05-23 03:30:00,251,72,323,2026-05-23,3,383.0,159.0,542.0
2026-05-23 03:45:00,438,66,504,2026-05-23,3,821.0,225.0,1046.0
2026-05-23 04:00:00,571,50,621,2026-05-23,4,1344.0,235.0,1579.0
2026-05-23 04:15:00,765,34,799,2026-05-23,4,2025.0,222.0,2247.0
2026-05-23 04:30:00,759,63,822,2026-05-23,4,2533.0,213.0,2746.0
2026-05-23 04:45:00,727,70,797,2026-05-23,4,2822.0,217.0,3039.0
2026-05-23 05:00:00,586,75,661,2026-05-23,5,2837.0,242.0,3079.0
2026-05-23 05:15:00,545,37,582,2026-05-23,5,2617.0,245.0,2862.0
2026-05-23 05:30:00,490,41,531,2026-05-23,5,2348.0,223.0,2571.0
2026-05-23 05:45:00,481,60,541,2026-05-23,5,2102.0,213.0,2315.0
2026-05-23 06:00:00,454,59,513,2026-05-23,6,1970.0,197.0,2167.0
2026-05-23 06:15:00,449,44,493,2026-05-23,6,1874.0,204.0,2078.0
2026-05-23 06:30:00,425,38,463,2026-05-23,6,1809.0,201.0,2010.0
2026-05-23 06:45:00,471,29,500,2026-05-23,6,1799.0,170.0,1969.0
2026-05-23 07:00:00,485,25,510,2026-05-23,7,1830.0,136.0,1966.0
2026-05-23 07:15:00,461,37,498,2026-05-23,7,1842.0,129.0,1971.0
2026-05-23 07:30:00,457,28,485,2026-05-23,7,1874.0,119.0,1993.0
2026-05-23 07:45:00,386,30,416,2026-05-23,7,1789.0,120.0,1909.0
2026-05-23 08:00:00,319,25,344,2026-05-23,8,1623.0,120.0,1743.0
2026-05-23 08:15:00,350,26,376,2026-05-23,8,1512.0,109.0,1621.0
2026-05-23 08:30:00,398,20,418,2026-05-23,8,1453.0,101.0,1554.0
2026-05-23 08:45:00,496,33,529,2026-05-23,8,1563.0,104.0,1667.0
2026-05-23 09:00:00,540,31,571,2026-05-23,9,1784.0,110.0,1894.0
2026-05-23 09:15:00,504,26,530,2026-05-23,9,1938.0,110.0,2048.0
2026-05-23 09:30:00,438,31,469,2026-05-23,9,1978.0,121.0,2099.0
2026-05-23 09:45:00,415,36,451,2026-05-23,9,1897.0,124.0,2021.0
2026-05-23 10:00:00,414,30,444,2026-05-23,10,1771.0,123.0,1894.0
2026-05-23 10:15:00,429,47,476,2026-05-23,10,1696.0,144.0,1840.0
2026-05-23 10:30:00,414,50,464,2026-05-23,10,1672.0,163.0,1835.0
2026-05-23 10:45:00,453,52,505,2026-05-23,10,1710.0,179.0,1889.0
2026-05-23 11:00:00,474,46,520,2026-05-23,11,1770.0,195.0,1965.0
2026-05-23 11:15:00,536,52,588,2026-05-23,11,1877.0,200.0,2077.0
2026-05-23 11:30:00,500,67,567,2026-05-23,11,1963.0,217.0,2180.0
2026-05-23 11:45:00,526,75,601,2026-05-23,11,2036.0,240.0,2276.0
2026-05-23 12:00:00,483,48,531,2026-05-23,12,2045.0,242.0,2287.0
2026-05-23 12:15:00,462,38,500,2026-05-23,12,1971.0,228.0,2199.0
2026-05-23 12:30:00,427,49,476,2026-05-23,12,1898.0,210.0,2108.0
2026-05-23 12:45:00,402,53,455,2026-05-23,12,1774.0,188.0,1962.0
2026-05-23 13:00:00,386,44,430,2026-05-23,13,1677.0,184.0,1861.0
2026-05-23 13:15:00,335,41,376,2026-05-23,13,1550.0,187.0,1737.0
2026-05-23 13:30:00,368,40,408,2026-05-23,13,1491.0,178.0,1669.0
2026-05-23 13:45:00,322,38,360,2026-05-23,13,1411.0,163.0,1574.0
2026-05-23 14:00:00,291,33,324,2026-05-23,14,1316.0,152.0,1468.0
2026-05-23 14:15:00,302,29,331,2026-05-23,14,1283.0,140.0,1423.0
2026-05-23 14:30:00,257,31,288,2026-05-23,14,1172.0,131.0,1303.0
2026-05-23 14:45:00,318,26,344,2026-05-23,14,1168.0,119.0,1287.0
2026-05-23 15:00:00,398,25,423,2026-05-23,15,1275.0,111.0,1386.0
2026-05-23 15:15:00,425,25,450,2026-05-23,15,1398.0,107.0,1505.0
2026-05-23 15:30:00,389,28,417,2026-05-23,15,1530.0,104.0,1634.0
2026-05-23 15:45:00,384,26,410,2026-05-23,15,1596.0,104.0,1700.0
2026-05-23 16:00:00,366,24,390,2026-05-23,16,1564.0,103.0,1667.0
2026-05-23 16:15:00,344,11,355,2026-05-23,16,1483.0,89.0,1572.0
2026-05-23 16:30:00,304,12,316,2026-05-23,16,1398.0,73.0,1471.0
2026-05-23 16:45:00,272,21,293,2026-05-23,16,1286.0,68.0,1354.0
2026-05-23 17:00:00,243,20,263,2026-05-23,17,1163.0,64.0,1227.0
2026-05-23 17:15:00,187,10,197,2026-05-23,17,1006.0,63.0,1069.0
2026-05-23 17:30:00,174,8,182,2026-05-23,17,876.0,59.0,935.0
2026-05-23 17:45:00,185,11,196,2026-05-23,17,789.0,49.0,838.0
2026-05-23 18:00:00,186,17,203,2026-05-23,18,732.0,46.0,778.0
2026-05-23 18:15:00,161,12,173,2026-05-23,18,706.0,48.0,754.0
2026-05-23 18:30:00,127,14,141,2026-05-23,18,659.0,54.0,713.0
2026-05-23 18:45:00,101,14,115,2026-05-23,18,575.0,57.0,632.0
2026-05-23 19:00:00,90,11,101,2026-05-23,19,479.0,51.0,530.0
2026-05-23 19:15:00,92,7,99,2026-05-23,19,410.0,46.0,456.0
2026-05-23 19:30:00,112,8,120,2026-05-23,19,395.0,40.0,435.0
2026-05-23 19:45:00,105,12,117,2026-05-23,19,399.0,38.0,437.0
2026-05-23 20:00:00,97,16,113,2026-05-23,20,406.0,43.0,449.0
2026-05-23 20:15:00,69,8,77,2026-05-23,20,383.0,44.0,427.0
2026-05-23 20:30:00,45,12,57,2026-05-23,20,316.0,48.0,364.0
2026-05-23 20:45:00,26,10,36,2026-05-23,20,237.0,46.0,283.0
2026-05-23 21:00:00,7,15,22,2026-05-23,21,147.0,45.0,192.0
2026-05-23 21:15:00,2,5,7,2026-05-23,21,80.0,42.0,122.0
2026-05-23 21:30:00,2,11,13,2026-05-23,21,37.0,41.0,78.0
2026-05-23 21:45:00,1,8,9,2026-05-23,21,12.0,39.0,51.0
2026-05-23 22:00:00,1,7,8,2026-05-23,22,6.0,31.0,37.0
2026-05-23 22:15:00,0,6,6,2026-05-23,22,4.0,32.0,36.0
2026-05-23 22:30:00,0,4,4,2026-05-23,22,2.0,25.0,27.0
2026-05-23 22:45:00,0,6,6,2026-05-23,22,1.0,23.0,24.0
2026-05-23 23:00:00,0,1,1,2026-05-23,23,0.0,17.0,17.0
2026-05-23 23:15:00,0,0,0,2026-05-23,23,0.0,11.0,11.0
2026-05-23 23:30:00,0,0,0,2026-05-23,23,0.0,7.0,7.0
2026-05-23 23:45:00,1,0,1,2026-05-23,23,1.0,1.0,2.0
2026-05-24 03:00:00,50,85,135,2026-05-24,3,50.0,85.0,135.0
2026-05-24 03:15:00,105,36,141,2026-05-24,3,155.0,121.0,276.0
2026-05-24 03:30:00,214,28,242,2026-05-24,3,369.0,149.0,518.0
2026-05-24 03:45:00,363,29,392,2026-05-24,3,732.0,178.0,910.0
2026-05-24 04:00:00,473,27,500,2026-05-24,4,1155.0,120.0,1275.0
2026-05-24 04:15:00,513,27,540,2026-05-24,4,1563.0,111.0,1674.0
2026-05-24 04:30:00,614,35,649,2026-05-24,4,1963.0,118.0,2081.0
2026-05-24 04:45:00,660,43,703,2026-05-24,4,2260.0,132.0,2392.0
2026-05-24 05:00:00,668,57,725,2026-05-24,5,2455.0,162.0,2617.0
2026-05-24 05:15:00,624,31,655,2026-05-24,5,2566.0,166.0,2732.0
2026-05-24 05:30:00,605,27,632,2026-05-24,5,2557.0,158.0,2715.0
2026-05-24 05:45:00,470,33,503,2026-05-24,5,2367.0,148.0,2515.0
2026-05-24 06:00:00,465,38,503,2026-05-24,6,2164.0,129.0,2293.0
2026-05-24 06:15:00,446,42,488,2026-05-24,6,1986.0,140.0,2126.0
2026-05-24 06:30:00,440,20,460,2026-05-24,6,1821.0,133.0,1954.0
2026-05-24 06:45:00,340,17,357,2026-05-24,6,1691.0,117.0,1808.0
2026-05-24 07:00:00,320,33,353,2026-05-24,7,1546.0,112.0,1658.0
2026-05-24 07:15:00,336,34,370,2026-05-24,7,1436.0,104.0,1540.0
2026-05-24 07:30:00,335,21,356,2026-05-24,7,1331.0,105.0,1436.0
2026-05-24 07:45:00,384,25,409,2026-05-24,7,1375.0,113.0,1488.0
2026-05-24 08:00:00,453,27,480,2026-05-24,8,1508.0,107.0,1615.0
2026-05-24 08:15:00,466,37,503,2026-05-24,8,1638.0,110.0,1748.0
2026-05-24 08:30:00,469,16,485,2026-05-24,8,1772.0,105.0,1877.0
2026-05-24 08:45:00,440,38,478,2026-05-24,8,1828.0,118.0,1946.0
2026-05-24 09:00:00,488,44,532,2026-05-24,9,1863.0,135.0,1998.0
2026-05-24 09:15:00,489,52,541,2026-05-24,9,1886.0,150.0,2036.0
2026-05-24 09:30:00,533,35,568,2026-05-24,9,1950.0,169.0,2119.0
2026-05-24 09:45:00,465,35,500,2026-05-24,9,1975.0,166.0,2141.0
2026-05-24 10:00:00,487,46,533,2026-05-24,10,1974.0,168.0,2142.0
2026-05-24 10:15:00,440,45,485,2026-05-24,10,1925.0,161.0,2086.0
2026-05-24 10:30:00,405,38,443,2026-05-24,10,1797.0,164.0,1961.0
2026-05-24 10:45:00,437,41,478,2026-05-24,10,1769.0,170.0,1939.0
2026-05-24 11:00:00,513,28,541,2026-05-24,11,1795.0,152.0,1947.0
2026-05-24 11:15:00,558,31,589,2026-05-24,11,1913.0,138.0,2051.0
2026-05-24 11:30:00,564,45,609,2026-05-24,11,2072.0,145.0,2217.0
2026-05-24 11:45:00,556,52,608,2026-05-24,11,2191.0,156.0,2347.0
2026-05-24 12:00:00,573,34,607,2026-05-24,12,2251.0,162.0,2413.0
2026-05-24 12:15:00,570,32,602,2026-05-24,12,2263.0,163.0,2426.0
2026-05-24 12:30:00,556,30,586,2026-05-24,12,2255.0,148.0,2403.0
2026-05-24 12:45:00,423,38,461,2026-05-24,12,2122.0,134.0,2256.0
2026-05-24 13:00:00,384,51,435,2026-05-24,13,1933.0,151.0,2084.0
2026-05-24 13:15:00,325,37,362,2026-05-24,13,1688.0,156.0,1844.0
2026-05-24 13:30:00,301,43,344,2026-05-24,13,1433.0,169.0,1602.0
2026-05-24 13:45:00,298,36,334,2026-05-24,13,1308.0,167.0,1475.0
2026-05-24 14:00:00,308,38,346,2026-05-24,14,1232.0,154.0,1386.0
2026-05-24 14:15:00,300,29,329,2026-05-24,14,1207.0,146.0,1353.0
2026-05-24 14:30:00,316,12,328,2026-05-24,14,1222.0,115.0,1337.0
2026-05-24 14:45:00,396,14,410,2026-05-24,14,1320.0,93.0,1413.0
2026-05-24 15:00:00,493,22,515,2026-05-24,15,1505.0,77.0,1582.0
2026-05-24 15:15:00,501,23,524,2026-05-24,15,1706.0,71.0,1777.0
2026-05-24 15:30:00,478,21,499,2026-05-24,15,1868.0,80.0,1948.0
2026-05-24 15:45:00,490,20,510,2026-05-24,15,1962.0,86.0,2048.0
2026-05-24 16:00:00,426,15,441,2026-05-24,16,1895.0,79.0,1974.0
2026-05-24 16:15:00,363,20,383,2026-05-24,16,1757.0,76.0,1833.0
2026-05-24 16:30:00,301,19,320,2026-05-24,16,1580.0,74.0,1654.0
2026-05-24 16:45:00,304,16,320,2026-05-24,16,1394.0,70.0,1464.0
2026-05-24 17:00:00,368,20,388,2026-05-24,17,1336.0,75.0,1411.0
2026-05-24 17:15:00,392,18,410,2026-05-24,17,1365.0,73.0,1438.0
2026-05-24 17:30:00,374,22,396,2026-05-24,17,1438.0,76.0,1514.0
2026-05-24 17:45:00,400,24,424,2026-05-24,17,1534.0,84.0,1618.0
2026-05-24 18:00:00,463,22,485,2026-05-24,18,1629.0,86.0,1715.0
2026-05-24 18:15:00,424,14,438,2026-05-24,18,1661.0,82.0,1743.0
2026-05-24 18:30:00,424,11,435,2026-05-24,18,1711.0,71.0,1782.0
2026-05-24 18:45:00,385,9,394,2026-05-24,18,1696.0,56.0,1752.0
2026-05-24 19:00:00,304,17,321,2026-05-24,19,1537.0,51.0,1588.0
2026-05-24 19:15:00,253,11,264,2026-05-24,19,1366.0,48.0,1414.0
2026-05-24 19:30:00,187,22,209,2026-05-24,19,1129.0,59.0,1188.0
2026-05-24 19:45:00,137,41,178,2026-05-24,19,881.0,91.0,972.0
2026-05-24 20:00:00,99,42,141,2026-05-24,20,676.0,116.0,792.0
2026-05-24 20:15:00,72,39,111,2026-05-24,20,495.0,144.0,639.0
2026-05-24 20:30:00,40,60,100,2026-05-24,20,348.0,182.0,530.0
2026-05-24 20:45:00,22,55,77,2026-05-24,20,233.0,196.0,429.0
2026-05-24 21:00:00,19,50,69,2026-05-24,21,153.0,204.0,357.0
2026-05-24 21:15:00,16,40,56,2026-05-24,21,97.0,205.0,302.0
2026-05-24 21:30:00,29,54,83,2026-05-24,21,86.0,199.0,285.0
2026-05-24 21:45:00,25,57,82,2026-05-24,21,89.0,201.0,290.0
2026-05-24 22:00:00,18,25,43,2026-05-24,22,88.0,176.0,264.0
2026-05-24 22:15:00,11,19,30,2026-05-24,22,83.0,155.0,238.0
2026-05-24 22:30:00,12,20,32,2026-05-24,22,66.0,121.0,187.0
2026-05-24 22:45:00,4,11,15,2026-05-24,22,45.0,75.0,120.0
2026-05-24 23:00:00,1,6,7,2026-05-24,23,28.0,56.0,84.0
2026-05-24 23:15:00,0,8,8,2026-05-24,23,17.0,45.0,62.0
2026-05-24 23:30:00,0,5,5,2026-05-24,23,5.0,30.0,35.0
2026-05-24 23:45:00,0,3,3,2026-05-24,23,1.0,22.0,23.0
2026-05-25 03:00:00,64,121,185,2026-05-25,3,64.0,121.0,185.0
2026-05-25 03:15:00,113,117,230,2026-05-25,3,177.0,238.0,415.0
2026-05-25 03:30:00,250,30,280,2026-05-25,3,427.0,268.0,695.0
2026-05-25 03:45:00,425,34,459,2026-05-25,3,852.0,302.0,1154.0
2026-05-25 04:00:00,528,26,554,2026-05-25,4,1316.0,207.0,1523.0
2026-05-25 04:15:00,608,38,646,2026-05-25,4,1811.0,128.0,1939.0
2026-05-25 04:30:00,665,58,723,2026-05-25,4,2226.0,156.0,2382.0
2026-05-25 04:45:00,667,53,720,2026-05-25,4,2468.0,175.0,2643.0
2026-05-25 05:00:00,607,60,667,2026-05-25,5,2547.0,209.0,2756.0
2026-05-25 05:15:00,504,45,549,2026-05-25,5,2443.0,216.0,2659.0
2026-05-25 05:30:00,447,30,477,2026-05-25,5,2225.0,188.0,2413.0
2026-05-25 05:45:00,470,57,527,2026-05-25,5,2028.0,192.0,2220.0
2026-05-25 06:00:00,484,54,538,2026-05-25,6,1905.0,186.0,2091.0
2026-05-25 06:15:00,440,57,497,2026-05-25,6,1841.0,198.0,2039.0
2026-05-25 06:30:00,400,22,422,2026-05-25,6,1794.0,190.0,1984.0
2026-05-25 06:45:00,415,33,448,2026-05-25,6,1739.0,166.0,1905.0
2026-05-25 07:00:00,394,21,415,2026-05-25,7,1649.0,133.0,1782.0
2026-05-25 07:15:00,406,30,436,2026-05-25,7,1615.0,106.0,1721.0
2026-05-25 07:30:00,417,23,440,2026-05-25,7,1632.0,107.0,1739.0
2026-05-25 07:45:00,444,22,466,2026-05-25,7,1661.0,96.0,1757.0
2026-05-25 08:00:00,549,30,579,2026-05-25,8,1816.0,105.0,1921.0
2026-05-25 08:15:00,565,38,603,2026-05-25,8,1975.0,113.0,2088.0
2026-05-25 08:30:00,560,24,584,2026-05-25,8,2118.0,114.0,2232.0
2026-05-25 08:45:00,574,35,609,2026-05-25,8,2248.0,127.0,2375.0
2026-05-25 09:00:00,526,29,555,2026-05-25,9,2225.0,126.0,2351.0
2026-05-25 09:15:00,523,42,565,2026-05-25,9,2183.0,130.0,2313.0
2026-05-25 09:30:00,537,45,582,2026-05-25,9,2160.0,151.0,2311.0
2026-05-25 09:45:00,525,38,563,2026-05-25,9,2111.0,154.0,2265.0
2026-05-25 10:00:00,489,42,531,2026-05-25,10,2074.0,167.0,2241.0
2026-05-25 10:15:00,459,59,518,2026-05-25,10,2010.0,184.0,2194.0
2026-05-25 10:30:00,428,41,469,2026-05-25,10,1901.0,180.0,2081.0
2026-05-25 10:45:00,417,45,462,2026-05-25,10,1793.0,187.0,1980.0
2026-05-25 11:00:00,456,43,499,2026-05-25,11,1760.0,188.0,1948.0
2026-05-25 11:15:00,534,39,573,2026-05-25,11,1835.0,168.0,2003.0
2026-05-25 11:30:00,583,49,632,2026-05-25,11,1990.0,176.0,2166.0
2026-05-25 11:45:00,611,50,661,2026-05-25,11,2184.0,181.0,2365.0
2026-05-25 12:00:00,636,51,687,2026-05-25,12,2364.0,189.0,2553.0
2026-05-25 12:15:00,576,39,615,2026-05-25,12,2406.0,189.0,2595.0
2026-05-25 12:30:00,474,51,525,2026-05-25,12,2297.0,191.0,2488.0
2026-05-25 12:45:00,442,43,485,2026-05-25,12,2128.0,184.0,2312.0
2026-05-25 13:00:00,423,30,453,2026-05-25,13,1915.0,163.0,2078.0
2026-05-25 13:15:00,439,27,466,2026-05-25,13,1778.0,151.0,1929.0
2026-05-25 13:30:00,410,37,447,2026-05-25,13,1714.0,137.0,1851.0
2026-05-25 13:45:00,393,40,433,2026-05-25,13,1665.0,134.0,1799.0
2026-05-25 14:00:00,424,23,447,2026-05-25,14,1666.0,127.0,1793.0
2026-05-25 14:15:00,425,37,462,2026-05-25,14,1652.0,137.0,1789.0
2026-05-25 14:30:00,392,35,427,2026-05-25,14,1634.0,135.0,1769.0
2026-05-25 14:45:00,416,30,446,2026-05-25,14,1657.0,125.0,1782.0
2026-05-25 15:00:00,462,34,496,2026-05-25,15,1695.0,136.0,1831.0
2026-05-25 15:15:00,530,29,559,2026-05-25,15,1800.0,128.0,1928.0
2026-05-25 15:30:00,525,33,558,2026-05-25,15,1933.0,126.0,2059.0
2026-05-25 15:45:00,438,32,470,2026-05-25,15,1955.0,128.0,2083.0
2026-05-25 16:00:00,342,18,360,2026-05-25,16,1835.0,112.0,1947.0
2026-05-25 16:15:00,362,19,381,2026-05-25,16,1667.0,102.0,1769.0
2026-05-25 16:30:00,342,20,362,2026-05-25,16,1484.0,89.0,1573.0
2026-05-25 16:45:00,335,14,349,2026-05-25,16,1381.0,71.0,1452.0
2026-05-25 17:00:00,359,21,380,2026-05-25,17,1398.0,74.0,1472.0
2026-05-25 17:15:00,421,18,439,2026-05-25,17,1457.0,73.0,1530.0
2026-05-25 17:30:00,438,9,447,2026-05-25,17,1553.0,62.0,1615.0
2026-05-25 17:45:00,436,13,449,2026-05-25,17,1654.0,61.0,1715.0
2026-05-25 18:00:00,362,40,402,2026-05-25,18,1657.0,80.0,1737.0
2026-05-25 18:15:00,297,18,315,2026-05-25,18,1533.0,80.0,1613.0
2026-05-25 18:30:00,240,20,260,2026-05-25,18,1335.0,91.0,1426.0
2026-05-25 18:45:00,197,41,238,2026-05-25,18,1096.0,119.0,1215.0
2026-05-25 19:00:00,159,48,207,2026-05-25,19,893.0,127.0,1020.0
2026-05-25 19:15:00,159,36,195,2026-05-25,19,755.0,145.0,900.0
2026-05-25 19:30:00,128,36,164,2026-05-25,19,643.0,161.0,804.0
2026-05-25 19:45:00,107,44,151,2026-05-25,19,553.0,164.0,717.0
2026-05-25 20:00:00,75,48,123,2026-05-25,20,469.0,164.0,633.0
2026-05-25 20:15:00,58,31,89,2026-05-25,20,368.0,159.0,527.0
2026-05-25 20:30:00,32,51,83,2026-05-25,20,272.0,174.0,446.0
2026-05-25 20:45:00,16,43,59,2026-05-25,20,181.0,173.0,354.0
2026-05-25 21:00:00,13,48,61,2026-05-25,21,119.0,173.0,292.0
2026-05-25 21:15:00,3,30,33,2026-05-25,21,64.0,172.0,236.0
2026-05-25 21:30:00,1,31,32,2026-05-25,21,33.0,152.0,185.0
2026-05-25 21:45:00,2,28,30,2026-05-25,21,19.0,137.0,156.0
2026-05-25 22:00:00,0,10,10,2026-05-25,22,6.0,99.0,105.0
2026-05-25 22:15:00,0,9,9,2026-05-25,22,3.0,78.0,81.0
2026-05-25 22:30:00,0,7,7,2026-05-25,22,2.0,54.0,56.0
2026-05-25 22:45:00,1,6,7,2026-05-25,22,1.0,32.0,33.0
2026-05-25 23:00:00,0,13,13,2026-05-25,23,1.0,35.0,36.0
2026-05-25 23:15:00,1,8,9,2026-05-25,23,2.0,34.0,36.0
2026-05-25 23:30:00,0,3,3,2026-05-25,23,2.0,30.0,32.0
2026-05-25 23:45:00,1,3,4,2026-05-25,23,2.0,27.0,29.0
2026-05-26 03:00:00,84,85,169,2026-05-26,3,84.0,85.0,169.0
2026-05-26 03:15:00,153,32,185,2026-05-26,3,237.0,117.0,354.0
2026-05-26 03:30:00,277,38,315,2026-05-26,3,514.0,155.0,669.0
2026-05-26 03:45:00,448,33,481,2026-05-26,3,962.0,188.0,1150.0
2026-05-26 04:00:00,562,30,592,2026-05-26,4,1440.0,133.0,1573.0
2026-05-26 04:15:00,682,33,715,2026-05-26,4,1969.0,134.0,2103.0
2026-05-26 04:30:00,719,37,756,2026-05-26,4,2411.0,133.0,2544.0
2026-05-26 04:45:00,671,49,720,2026-05-26,4,2634.0,149.0,2783.0
2026-05-26 05:00:00,619,60,679,2026-05-26,5,2691.0,179.0,2870.0
2026-05-26 05:15:00,456,35,491,2026-05-26,5,2465.0,181.0,2646.0
2026-05-26 05:30:00,403,35,438,2026-05-26,5,2149.0,179.0,2328.0
2026-05-26 05:45:00,384,52,436,2026-05-26,5,1862.0,182.0,2044.0
2026-05-26 06:00:00,331,65,396,2026-05-26,6,1574.0,187.0,1761.0
2026-05-26 06:15:00,303,44,347,2026-05-26,6,1421.0,196.0,1617.0
2026-05-26 06:30:00,298,35,333,2026-05-26,6,1316.0,196.0,1512.0
2026-05-26 06:45:00,344,31,375,2026-05-26,6,1276.0,175.0,1451.0
2026-05-26 07:00:00,323,31,354,2026-05-26,7,1268.0,141.0,1409.0
2026-05-26 07:15:00,329,42,371,2026-05-26,7,1294.0,139.0,1433.0
2026-05-26 07:30:00,388,33,421,2026-05-26,7,1384.0,137.0,1521.0
2026-05-26 07:45:00,393,24,417,2026-05-26,7,1433.0,130.0,1563.0
2026-05-26 08:00:00,370,33,403,2026-05-26,8,1480.0,132.0,1612.0
2026-05-26 08:15:00,380,37,417,2026-05-26,8,1531.0,127.0,1658.0
2026-05-26 08:30:00,393,32,425,2026-05-26,8,1536.0,126.0,1662.0
2026-05-26 08:45:00,379,20,399,2026-05-26,8,1522.0,122.0,1644.0
2026-05-26 09:00:00,372,36,408,2026-05-26,9,1524.0,125.0,1649.0
2026-05-26 09:15:00,373,28,401,2026-05-26,9,1517.0,116.0,1633.0
2026-05-26 09:30:00,391,41,432,2026-05-26,9,1515.0,125.0,1640.0
2026-05-26 09:45:00,352,23,375,2026-05-26,9,1488.0,128.0,1616.0
2026-05-26 10:00:00,325,36,361,2026-05-26,10,1441.0,128.0,1569.0
2026-05-26 10:15:00,338,47,385,2026-05-26,10,1406.0,147.0,1553.0
2026-05-26 10:30:00,393,34,427,2026-05-26,10,1408.0,140.0,1548.0
2026-05-26 10:45:00,442,59,501,2026-05-26,10,1498.0,176.0,1674.0
2026-05-26 11:00:00,484,34,518,2026-05-26,11,1657.0,174.0,1831.0
2026-05-26 11:15:00,492,42,534,2026-05-26,11,1811.0,169.0,1980.0
2026-05-26 11:30:00,509,47,556,2026-05-26,11,1927.0,182.0,2109.0
2026-05-26 11:45:00,522,44,566,2026-05-26,11,2007.0,167.0,2174.0
2026-05-26 12:00:00,504,36,540,2026-05-26,12,2027.0,169.0,2196.0
2026-05-26 12:15:00,440,50,490,2026-05-26,12,1975.0,177.0,2152.0
2026-05-26 12:30:00,439,50,489,2026-05-26,12,1905.0,180.0,2085.0
2026-05-26 12:45:00,399,30,429,2026-05-26,12,1782.0,166.0,1948.0
2026-05-26 13:00:00,362,39,401,2026-05-26,13,1640.0,169.0,1809.0
2026-05-26 13:15:00,369,33,402,2026-05-26,13,1569.0,152.0,1721.0
2026-05-26 13:30:00,395,29,424,2026-05-26,13,1525.0,131.0,1656.0
2026-05-26 13:45:00,336,39,375,2026-05-26,13,1462.0,140.0,1602.0
2026-05-26 14:00:00,332,37,369,2026-05-26,14,1432.0,138.0,1570.0
2026-05-26 14:15:00,292,33,325,2026-05-26,14,1355.0,138.0,1493.0
2026-05-26 14:30:00,307,29,336,2026-05-26,14,1267.0,138.0,1405.0
2026-05-26 14:45:00,330,30,360,2026-05-26,14,1261.0,129.0,1390.0
2026-05-26 15:00:00,384,25,409,2026-05-26,15,1313.0,117.0,1430.0
2026-05-26 15:15:00,411,24,435,2026-05-26,15,1432.0,108.0,1540.0
2026-05-26 15:30:00,442,32,474,2026-05-26,15,1567.0,111.0,1678.0
2026-05-26 15:45:00,400,28,428,2026-05-26,15,1637.0,109.0,1746.0
2026-05-26 16:00:00,387,30,417,2026-05-26,16,1640.0,114.0,1754.0
2026-05-26 16:15:00,280,24,304,2026-05-26,16,1509.0,114.0,1623.0
2026-05-26 16:30:00,225,31,256,2026-05-26,16,1292.0,113.0,1405.0
2026-05-26 16:45:00,218,23,241,2026-05-26,16,1110.0,108.0,1218.0
2026-05-26 17:00:00,211,8,219,2026-05-26,17,934.0,86.0,1020.0
2026-05-26 17:15:00,217,8,225,2026-05-26,17,871.0,70.0,941.0
2026-05-26 17:30:00,200,16,216,2026-05-26,17,846.0,55.0,901.0
2026-05-26 17:45:00,215,13,228,2026-05-26,17,843.0,45.0,888.0
2026-05-26 18:00:00,229,28,257,2026-05-26,18,861.0,65.0,926.0
2026-05-26 18:15:00,165,26,191,2026-05-26,18,809.0,83.0,892.0
2026-05-26 18:30:00,151,31,182,2026-05-26,18,760.0,98.0,858.0
2026-05-26 18:45:00,127,46,173,2026-05-26,18,672.0,131.0,803.0
2026-05-26 19:00:00,81,68,149,2026-05-26,19,524.0,171.0,695.0
2026-05-26 19:15:00,104,50,154,2026-05-26,19,463.0,195.0,658.0
2026-05-26 19:30:00,86,30,116,2026-05-26,19,398.0,194.0,592.0
2026-05-26 19:45:00,87,44,131,2026-05-26,19,358.0,192.0,550.0
2026-05-26 20:00:00,79,39,118,2026-05-26,20,356.0,163.0,519.0
2026-05-26 20:15:00,68,39,107,2026-05-26,20,320.0,152.0,472.0
2026-05-26 20:30:00,53,36,89,2026-05-26,20,287.0,158.0,445.0
2026-05-26 20:45:00,41,40,81,2026-05-26,20,241.0,154.0,395.0
2026-05-26 21:00:00,21,41,62,2026-05-26,21,183.0,156.0,339.0
2026-05-26 21:15:00,7,28,35,2026-05-26,21,122.0,145.0,267.0
2026-05-26 21:30:00,4,43,47,2026-05-26,21,73.0,152.0,225.0
2026-05-26 21:45:00,1,41,42,2026-05-26,21,33.0,153.0,186.0
2026-05-26 22:00:00,0,23,23,2026-05-26,22,12.0,135.0,147.0
2026-05-26 22:15:00,0,14,14,2026-05-26,22,5.0,121.0,126.0
2026-05-26 22:30:00,1,7,8,2026-05-26,22,2.0,85.0,87.0
2026-05-26 22:45:00,0,10,10,2026-05-26,22,1.0,54.0,55.0
2026-05-26 23:00:00,0,2,2,2026-05-26,23,1.0,33.0,34.0
2026-05-26 23:15:00,0,5,5,2026-05-26,23,1.0,24.0,25.0
2026-05-26 23:30:00,0,3,3,2026-05-26,23,0.0,20.0,20.0
2026-05-26 23:45:00,0,1,1,2026-05-26,23,0.0,11.0,11.0
2026-05-27 03:00:00,51,73,124,2026-05-27,3,51.0,73.0,124.0
2026-05-27 03:15:00,107,28,135,2026-05-27,3,158.0,101.0,259.0
2026-05-27 03:30:00,261,29,290,2026-05-27,3,419.0,130.0,549.0
2026-05-27 03:45:00,379,30,409,2026-05-27,3,798.0,160.0,958.0
2026-05-27 04:00:00,492,31,523,2026-05-27,4,1239.0,118.0,1357.0
2026-05-27 04:15:00,542,40,582,2026-05-27,4,1674.0,130.0,1804.0
2026-05-27 04:30:00,607,49,656,2026-05-27,4,2020.0,150.0,2170.0
2026-05-27 04:45:00,592,51,643,2026-05-27,4,2233.0,171.0,2404.0
2026-05-27 05:00:00,551,44,595,2026-05-27,5,2292.0,184.0,2476.0
2026-05-27 05:15:00,531,42,573,2026-05-27,5,2281.0,186.0,2467.0
2026-05-27 05:30:00,462,31,493,2026-05-27,5,2136.0,168.0,2304.0
2026-05-27 05:45:00,437,42,479,2026-05-27,5,1981.0,159.0,2140.0
2026-05-27 06:00:00,423,50,473,2026-05-27,6,1853.0,165.0,2018.0
2026-05-27 06:15:00,370,45,415,2026-05-27,6,1692.0,168.0,1860.0
2026-05-27 06:30:00,395,35,430,2026-05-27,6,1625.0,172.0,1797.0
2026-05-27 06:45:00,484,29,513,2026-05-27,6,1672.0,159.0,1831.0
2026-05-27 07:00:00,501,27,528,2026-05-27,7,1750.0,136.0,1886.0
2026-05-27 07:15:00,497,19,516,2026-05-27,7,1877.0,110.0,1987.0
2026-05-27 07:30:00,455,22,477,2026-05-27,7,1937.0,97.0,2034.0
2026-05-27 07:45:00,407,35,442,2026-05-27,7,1860.0,103.0,1963.0
2026-05-27 08:00:00,345,47,392,2026-05-27,8,1704.0,123.0,1827.0
2026-05-27 08:15:00,361,23,384,2026-05-27,8,1568.0,127.0,1695.0
2026-05-27 08:30:00,433,42,475,2026-05-27,8,1546.0,147.0,1693.0
2026-05-27 08:45:00,471,45,516,2026-05-27,8,1610.0,157.0,1767.0
2026-05-27 09:00:00,488,56,544,2026-05-27,9,1753.0,166.0,1919.0
2026-05-27 09:15:00,447,47,494,2026-05-27,9,1839.0,190.0,2029.0
2026-05-27 09:30:00,404,52,456,2026-05-27,9,1810.0,200.0,2010.0
2026-05-27 09:45:00,342,79,421,2026-05-27,9,1681.0,234.0,1915.0
2026-05-27 10:00:00,316,56,372,2026-05-27,10,1509.0,234.0,1743.0
2026-05-27 10:15:00,311,37,348,2026-05-27,10,1373.0,224.0,1597.0
2026-05-27 10:30:00,349,35,384,2026-05-27,10,1318.0,207.0,1525.0
2026-05-27 10:45:00,447,30,477,2026-05-27,10,1423.0,158.0,1581.0
2026-05-27 11:00:00,473,45,518,2026-05-27,11,1580.0,147.0,1727.0
2026-05-27 11:15:00,507,40,547,2026-05-27,11,1776.0,150.0,1926.0
2026-05-27 11:30:00,514,35,549,2026-05-27,11,1941.0,150.0,2091.0
2026-05-27 11:45:00,525,38,563,2026-05-27,11,2019.0,158.0,2177.0
2026-05-27 12:00:00,539,42,581,2026-05-27,12,2085.0,155.0,2240.0
2026-05-27 12:15:00,483,54,537,2026-05-27,12,2061.0,169.0,2230.0
2026-05-27 12:30:00,454,54,508,2026-05-27,12,2001.0,188.0,2189.0
2026-05-27 12:45:00,471,56,527,2026-05-27,12,1947.0,206.0,2153.0
2026-05-27 13:00:00,458,43,501,2026-05-27,13,1866.0,207.0,2073.0
2026-05-27 13:15:00,404,41,445,2026-05-27,13,1787.0,194.0,1981.0
2026-05-27 13:30:00,356,37,393,2026-05-27,13,1689.0,177.0,1866.0
2026-05-27 13:45:00,348,23,371,2026-05-27,13,1566.0,144.0,1710.0
2026-05-27 14:00:00,286,51,337,2026-05-27,14,1394.0,152.0,1546.0
2026-05-27 14:15:00,296,32,328,2026-05-27,14,1286.0,143.0,1429.0
2026-05-27 14:30:00,294,27,321,2026-05-27,14,1224.0,133.0,1357.0
2026-05-27 14:45:00,333,32,365,2026-05-27,14,1209.0,142.0,1351.0
2026-05-27 15:00:00,371,24,395,2026-05-27,15,1294.0,115.0,1409.0
2026-05-27 15:15:00,432,23,455,2026-05-27,15,1430.0,106.0,1536.0
2026-05-27 15:30:00,428,29,457,2026-05-27,15,1564.0,108.0,1672.0
2026-05-27 15:45:00,357,26,383,2026-05-27,15,1588.0,102.0,1690.0
2026-05-27 16:00:00,318,16,334,2026-05-27,16,1535.0,94.0,1629.0
2026-05-27 16:15:00,282,10,292,2026-05-27,16,1385.0,81.0,1466.0
2026-05-27 16:30:00,254,11,265,2026-05-27,16,1211.0,63.0,1274.0
2026-05-27 16:45:00,248,29,277,2026-05-27,16,1102.0,66.0,1168.0
2026-05-27 17:00:00,261,11,272,2026-05-27,17,1045.0,61.0,1106.0
2026-05-27 17:15:00,267,7,274,2026-05-27,17,1030.0,58.0,1088.0
2026-05-27 17:30:00,231,11,242,2026-05-27,17,1007.0,58.0,1065.0
2026-05-27 17:45:00,214,18,232,2026-05-27,17,973.0,47.0,1020.0
2026-05-27 18:00:00,201,42,243,2026-05-27,18,913.0,78.0,991.0
2026-05-27 18:15:00,177,19,196,2026-05-27,18,823.0,90.0,913.0
2026-05-27 18:30:00,154,35,189,2026-05-27,18,746.0,114.0,860.0
2026-05-27 18:45:00,145,54,199,2026-05-27,18,677.0,150.0,827.0
2026-05-27 19:00:00,136,39,175,2026-05-27,19,612.0,147.0,759.0
2026-05-27 19:15:00,142,42,184,2026-05-27,19,577.0,170.0,747.0
2026-05-27 19:30:00,118,30,148,2026-05-27,19,541.0,165.0,706.0
2026-05-27 19:45:00,107,30,137,2026-05-27,19,503.0,141.0,644.0
2026-05-27 20:00:00,67,46,113,2026-05-27,20,434.0,148.0,582.0
2026-05-27 20:15:00,51,51,102,2026-05-27,20,343.0,157.0,500.0
2026-05-27 20:30:00,15,49,64,2026-05-27,20,240.0,176.0,416.0
2026-05-27 20:45:00,16,45,61,2026-05-27,20,149.0,191.0,340.0
2026-05-27 21:00:00,5,28,33,2026-05-27,21,87.0,173.0,260.0
2026-05-27 21:15:00,2,26,28,2026-05-27,21,38.0,148.0,186.0
2026-05-27 21:30:00,1,27,28,2026-05-27,21,24.0,126.0,150.0
2026-05-27 21:45:00,0,29,29,2026-05-27,21,8.0,110.0,118.0
2026-05-27 22:00:00,0,17,17,2026-05-27,22,3.0,99.0,102.0
2026-05-27 22:15:00,0,27,27,2026-05-27,22,1.0,100.0,101.0
2026-05-27 22:30:00,1,10,11,2026-05-27,22,1.0,83.0,84.0
2026-05-27 22:45:00,1,12,13,2026-05-27,22,2.0,66.0,68.0
2026-05-27 23:00:00,0,1,1,2026-05-27,23,2.0,50.0,52.0
2026-05-27 23:15:00,0,0,0,2026-05-27,23,2.0,23.0,25.0
2026-05-27 23:30:00,0,0,0,2026-05-27,23,1.0,13.0,14.0
2026-05-27 23:45:00,0,0,0,2026-05-27,23,0.0,1.0,1.0
2026-05-28 03:00:00,46,75,121,2026-05-28,3,46.0,75.0,121.0
2026-05-28 03:15:00,100,27,127,2026-05-28,3,146.0,102.0,248.0
2026-05-28 03:30:00,236,36,272,2026-05-28,3,382.0,138.0,520.0
2026-05-28 03:45:00,394,39,433,2026-05-28,3,776.0,177.0,953.0
2026-05-28 04:00:00,505,26,531,2026-05-28,4,1235.0,128.0,1363.0
2026-05-28 04:15:00,613,30,643,2026-05-28,4,1748.0,131.0,1879.0
2026-05-28 04:30:00,639,32,671,2026-05-28,4,2151.0,127.0,2278.0
2026-05-28 04:45:00,653,46,699,2026-05-28,4,2410.0,134.0,2544.0
2026-05-28 05:00:00,605,54,659,2026-05-28,5,2510.0,162.0,2672.0
2026-05-28 05:15:00,605,42,647,2026-05-28,5,2502.0,174.0,2676.0
2026-05-28 05:30:00,548,26,574,2026-05-28,5,2411.0,168.0,2579.0
2026-05-28 05:45:00,444,35,479,2026-05-28,5,2202.0,157.0,2359.0
2026-05-28 06:00:00,375,56,431,2026-05-28,6,1972.0,159.0,2131.0
2026-05-28 06:15:00,347,27,374,2026-05-28,6,1714.0,144.0,1858.0
2026-05-28 06:30:00,427,29,456,2026-05-28,6,1593.0,147.0,1740.0
2026-05-28 06:45:00,428,38,466,2026-05-28,6,1577.0,150.0,1727.0
2026-05-28 07:00:00,373,29,402,2026-05-28,7,1575.0,123.0,1698.0
2026-05-28 07:15:00,384,37,421,2026-05-28,7,1612.0,133.0,1745.0
2026-05-28 07:30:00,360,24,384,2026-05-28,7,1545.0,128.0,1673.0
2026-05-28 07:45:00,373,27,400,2026-05-28,7,1490.0,117.0,1607.0
2026-05-28 08:00:00,391,20,411,2026-05-28,8,1508.0,108.0,1616.0
2026-05-28 08:15:00,402,25,427,2026-05-28,8,1526.0,96.0,1622.0
2026-05-28 08:30:00,425,25,450,2026-05-28,8,1591.0,97.0,1688.0
2026-05-28 08:45:00,453,29,482,2026-05-28,8,1671.0,99.0,1770.0
2026-05-28 09:00:00,461,32,493,2026-05-28,9,1741.0,111.0,1852.0
2026-05-28 09:15:00,469,23,492,2026-05-28,9,1808.0,109.0,1917.0
2026-05-28 09:30:00,454,23,477,2026-05-28,9,1837.0,107.0,1944.0
2026-05-28 09:45:00,426,30,456,2026-05-28,9,1810.0,108.0,1918.0
2026-05-28 10:00:00,364,39,403,2026-05-28,10,1713.0,115.0,1828.0
2026-05-28 10:15:00,409,45,454,2026-05-28,10,1653.0,137.0,1790.0
2026-05-28 10:30:00,395,31,426,2026-05-28,10,1594.0,145.0,1739.0
2026-05-28 10:45:00,402,47,449,2026-05-28,10,1570.0,162.0,1732.0
2026-05-28 11:00:00,438,47,485,2026-05-28,11,1644.0,170.0,1814.0
2026-05-28 11:15:00,491,34,525,2026-05-28,11,1726.0,159.0,1885.0
2026-05-28 11:30:00,489,44,533,2026-05-28,11,1820.0,172.0,1992.0
2026-05-28 11:45:00,455,51,506,2026-05-28,11,1873.0,176.0,2049.0
2026-05-28 12:00:00,389,38,427,2026-05-28,12,1824.0,167.0,1991.0
2026-05-28 12:15:00,439,38,477,2026-05-28,12,1772.0,171.0,1943.0
2026-05-28 12:30:00,420,42,462,2026-05-28,12,1703.0,169.0,1872.0
2026-05-28 12:45:00,437,48,485,2026-05-28,12,1685.0,166.0,1851.0
2026-05-28 13:00:00,441,47,488,2026-05-28,13,1737.0,175.0,1912.0
2026-05-28 13:15:00,452,44,496,2026-05-28,13,1750.0,181.0,1931.0
2026-05-28 13:30:00,488,33,521,2026-05-28,13,1818.0,172.0,1990.0
2026-05-28 13:45:00,430,38,468,2026-05-28,13,1811.0,162.0,1973.0
2026-05-28 14:00:00,402,35,437,2026-05-28,14,1772.0,150.0,1922.0
2026-05-28 14:15:00,424,32,456,2026-05-28,14,1744.0,138.0,1882.0
2026-05-28 14:30:00,332,47,379,2026-05-28,14,1588.0,152.0,1740.0
2026-05-28 14:45:00,375,47,422,2026-05-28,14,1533.0,161.0,1694.0
2026-05-28 15:00:00,472,33,505,2026-05-28,15,1603.0,159.0,1762.0
2026-05-28 15:15:00,464,20,484,2026-05-28,15,1643.0,147.0,1790.0
2026-05-28 15:30:00,402,30,432,2026-05-28,15,1713.0,130.0,1843.0
2026-05-28 15:45:00,396,27,423,2026-05-28,15,1734.0,110.0,1844.0
2026-05-28 16:00:00,383,23,406,2026-05-28,16,1645.0,100.0,1745.0
2026-05-28 16:15:00,387,24,411,2026-05-28,16,1568.0,104.0,1672.0
2026-05-28 16:30:00,330,17,347,2026-05-28,16,1496.0,91.0,1587.0
2026-05-28 16:45:00,335,20,355,2026-05-28,16,1435.0,84.0,1519.0
2026-05-28 17:00:00,356,22,378,2026-05-28,17,1408.0,83.0,1491.0
2026-05-28 17:15:00,317,13,330,2026-05-28,17,1338.0,72.0,1410.0
2026-05-28 17:30:00,318,13,331,2026-05-28,17,1326.0,68.0,1394.0
2026-05-28 17:45:00,286,28,314,2026-05-28,17,1277.0,76.0,1353.0
2026-05-28 18:00:00,290,24,314,2026-05-28,18,1211.0,78.0,1289.0
2026-05-28 18:15:00,243,18,261,2026-05-28,18,1137.0,83.0,1220.0
2026-05-28 18:30:00,211,36,247,2026-05-28,18,1030.0,106.0,1136.0
2026-05-28 18:45:00,203,48,251,2026-05-28,18,947.0,126.0,1073.0
2026-05-28 19:00:00,180,26,206,2026-05-28,19,837.0,128.0,965.0
2026-05-28 19:15:00,194,35,229,2026-05-28,19,788.0,145.0,933.0
2026-05-28 19:30:00,173,39,212,2026-05-28,19,750.0,148.0,898.0
2026-05-28 19:45:00,152,53,205,2026-05-28,19,699.0,153.0,852.0
2026-05-28 20:00:00,119,28,147,2026-05-28,20,638.0,155.0,793.0
2026-05-28 20:15:00,91,42,133,2026-05-28,20,535.0,162.0,697.0
2026-05-28 20:30:00,58,44,102,2026-05-28,20,420.0,167.0,587.0
2026-05-28 20:45:00,34,43,77,2026-05-28,20,302.0,157.0,459.0
2026-05-28 21:00:00,35,55,90,2026-05-28,21,218.0,184.0,402.0
2026-05-28 21:15:00,6,29,35,2026-05-28,21,133.0,171.0,304.0
2026-05-28 21:30:00,1,43,44,2026-05-28,21,76.0,170.0,246.0
2026-05-28 21:45:00,1,39,40,2026-05-28,21,43.0,166.0,209.0
2026-05-28 22:00:00,1,27,28,2026-05-28,22,9.0,138.0,147.0
2026-05-28 22:15:00,0,21,21,2026-05-28,22,3.0,130.0,133.0
2026-05-28 22:30:00,0,4,4,2026-05-28,22,2.0,91.0,93.0
2026-05-28 22:45:00,0,4,4,2026-05-28,22,1.0,56.0,57.0
2026-05-28 23:00:00,0,23,23,2026-05-28,23,0.0,52.0,52.0
2026-05-28 23:15:00,0,8,8,2026-05-28,23,0.0,39.0,39.0
2026-05-28 23:30:00,0,0,0,2026-05-28,23,0.0,35.0,35.0
2026-05-28 23:45:00,0,0,0,2026-05-28,23,0.0,31.0,31.0
2026-05-29 03:00:00,113,34,147,2026-05-29,3,113.0,34.0,147.0
2026-05-29 03:15:00,154,44,198,2026-05-29,3,267.0,78.0,345.0
2026-05-29 03:30:00,229,58,287,2026-05-29,3,496.0,136.0,632.0
2026-05-29 03:45:00,385,69,454,2026-05-29,3,881.0,205.0,1086.0
2026-05-29 04:00:00,593,38,631,2026-05-29,4,1361.0,209.0,1570.0
2026-05-29 04:15:00,783,32,815,2026-05-29,4,1990.0,197.0,2187.0
2026-05-29 04:30:00,727,77,804,2026-05-29,4,2488.0,216.0,2704.0
2026-05-29 04:45:00,720,83,803,2026-05-29,4,2823.0,230.0,3053.0
2026-05-29 05:00:00,709,58,767,2026-05-29,5,2939.0,250.0,3189.0
2026-05-29 05:15:00,578,46,624,2026-05-29,5,2734.0,264.0,2998.0
2026-05-29 05:30:00,381,44,425,2026-05-29,5,2388.0,231.0,2619.0
2026-05-29 05:45:00,317,53,370,2026-05-29,5,1985.0,201.0,2186.0
2026-05-29 06:00:00,354,40,394,2026-05-29,6,1630.0,183.0,1813.0
2026-05-29 06:15:00,387,51,438,2026-05-29,6,1439.0,188.0,1627.0
2026-05-29 06:30:00,402,40,442,2026-05-29,6,1460.0,184.0,1644.0
2026-05-29 06:45:00,482,32,514,2026-05-29,6,1625.0,163.0,1788.0
2026-05-29 07:00:00,497,30,527,2026-05-29,7,1768.0,153.0,1921.0
2026-05-29 07:15:00,471,37,508,2026-05-29,7,1852.0,139.0,1991.0
2026-05-29 07:30:00,466,24,490,2026-05-29,7,1916.0,123.0,2039.0
2026-05-29 07:45:00,456,24,480,2026-05-29,7,1890.0,115.0,2005.0
2026-05-29 08:00:00,497,38,535,2026-05-29,8,1890.0,123.0,2013.0
2026-05-29 08:15:00,505,38,543,2026-05-29,8,1924.0,124.0,2048.0
2026-05-29 08:30:00,451,30,481,2026-05-29,8,1909.0,130.0,2039.0
2026-05-29 08:45:00,383,29,412,2026-05-29,8,1836.0,135.0,1971.0
2026-05-29 09:00:00,417,32,449,2026-05-29,9,1756.0,129.0,1885.0
2026-05-29 09:15:00,409,36,445,2026-05-29,9,1660.0,127.0,1787.0
2026-05-29 09:30:00,440,46,486,2026-05-29,9,1649.0,143.0,1792.0
2026-05-29 09:45:00,417,47,464,2026-05-29,9,1683.0,161.0,1844.0
2026-05-29 10:00:00,418,58,476,2026-05-29,10,1684.0,187.0,1871.0
2026-05-29 10:15:00,423,43,466,2026-05-29,10,1698.0,194.0,1892.0
2026-05-29 10:30:00,404,65,469,2026-05-29,10,1662.0,213.0,1875.0
2026-05-29 10:45:00,407,54,461,2026-05-29,10,1652.0,220.0,1872.0
2026-05-29 11:00:00,436,42,478,2026-05-29,11,1670.0,204.0,1874.0
2026-05-29 11:15:00,517,54,571,2026-05-29,11,1764.0,215.0,1979.0
2026-05-29 11:30:00,562,63,625,2026-05-29,11,1922.0,213.0,2135.0
2026-05-29 11:45:00,626,67,693,2026-05-29,11,2141.0,226.0,2367.0
2026-05-29 12:00:00,661,69,730,2026-05-29,12,2366.0,253.0,2619.0
2026-05-29 12:15:00,666,59,725,2026-05-29,12,2515.0,258.0,2773.0
2026-05-29 12:30:00,618,51,669,2026-05-29,12,2571.0,246.0,2817.0
2026-05-29 12:45:00,580,61,641,2026-05-29,12,2525.0,240.0,2765.0
2026-05-29 13:00:00,487,49,536,2026-05-29,13,2351.0,220.0,2571.0
2026-05-29 13:15:00,459,36,495,2026-05-29,13,2144.0,197.0,2341.0
2026-05-29 13:30:00,386,52,438,2026-05-29,13,1912.0,198.0,2110.0
2026-05-29 13:45:00,326,47,373,2026-05-29,13,1658.0,184.0,1842.0
2026-05-29 14:00:00,342,32,374,2026-05-29,14,1513.0,167.0,1680.0
2026-05-29 14:15:00,334,34,368,2026-05-29,14,1388.0,165.0,1553.0
2026-05-29 14:30:00,315,30,345,2026-05-29,14,1317.0,143.0,1460.0
2026-05-29 14:45:00,359,36,395,2026-05-29,14,1350.0,132.0,1482.0
2026-05-29 15:00:00,405,32,437,2026-05-29,15,1413.0,132.0,1545.0
2026-05-29 15:15:00,448,18,466,2026-05-29,15,1527.0,116.0,1643.0
2026-05-29 15:30:00,496,18,514,2026-05-29,15,1708.0,104.0,1812.0
2026-05-29 15:45:00,502,19,521,2026-05-29,15,1851.0,87.0,1938.0
2026-05-29 16:00:00,418,16,434,2026-05-29,16,1864.0,71.0,1935.0
2026-05-29 16:15:00,406,19,425,2026-05-29,16,1822.0,72.0,1894.0
2026-05-29 16:30:00,374,14,388,2026-05-29,16,1700.0,68.0,1768.0
2026-05-29 16:45:00,369,27,396,2026-05-29,16,1567.0,76.0,1643.0
2026-05-29 17:00:00,393,27,420,2026-05-29,17,1542.0,87.0,1629.0
2026-05-29 17:15:00,421,15,436,2026-05-29,17,1557.0,83.0,1640.0
2026-05-29 17:30:00,382,14,396,2026-05-29,17,1565.0,83.0,1648.0
2026-05-29 17:45:00,372,20,392,2026-05-29,17,1568.0,76.0,1644.0
2026-05-29 18:00:00,281,20,301,2026-05-29,18,1456.0,69.0,1525.0
2026-05-29 18:15:00,229,8,237,2026-05-29,18,1264.0,62.0,1326.0
2026-05-29 18:30:00,164,11,175,2026-05-29,18,1046.0,59.0,1105.0
2026-05-29 18:45:00,147,11,158,2026-05-29,18,821.0,50.0,871.0
2026-05-29 19:00:00,149,11,160,2026-05-29,19,689.0,41.0,730.0
2026-05-29 19:15:00,129,11,140,2026-05-29,19,589.0,44.0,633.0
2026-05-29 19:30:00,147,13,160,2026-05-29,19,572.0,46.0,618.0
2026-05-29 19:45:00,158,11,169,2026-05-29,19,583.0,46.0,629.0
2026-05-29 20:00:00,164,9,173,2026-05-29,20,598.0,44.0,642.0
2026-05-29 20:15:00,133,11,144,2026-05-29,20,602.0,44.0,646.0
2026-05-29 20:30:00,81,8,89,2026-05-29,20,536.0,39.0,575.0
2026-05-29 20:45:00,52,12,64,2026-05-29,20,430.0,40.0,470.0
2026-05-29 21:00:00,20,7,27,2026-05-29,21,286.0,38.0,324.0
2026-05-29 21:15:00,7,5,12,2026-05-29,21,160.0,32.0,192.0
2026-05-29 21:30:00,5,13,18,2026-05-29,21,84.0,37.0,121.0
2026-05-29 21:45:00,7,12,19,2026-05-29,21,39.0,37.0,76.0
2026-05-29 22:00:00,6,6,12,2026-05-29,22,25.0,36.0,61.0
2026-05-29 22:15:00,5,4,9,2026-05-29,22,23.0,35.0,58.0
2026-05-29 22:30:00,4,3,7,2026-05-29,22,22.0,25.0,47.0
2026-05-29 22:45:00,1,1,2,2026-05-29,22,16.0,14.0,30.0
2026-05-29 23:00:00,1,3,4,2026-05-29,23,11.0,11.0,22.0
2026-05-29 23:15:00,0,3,3,2026-05-29,23,6.0,10.0,16.0
2026-05-29 23:30:00,0,4,4,2026-05-29,23,2.0,11.0,13.0
2026-05-29 23:45:00,0,6,6,2026-05-29,23,1.0,16.0,17.0
2026-05-30 03:00:00,48,40,88,2026-05-30,3,48.0,40.0,88.0
2026-05-30 03:15:00,84,47,131,2026-05-30,3,132.0,87.0,219.0
2026-05-30 03:30:00,251,72,323,2026-05-30,3,383.0,159.0,542.0
2026-05-30 03:45:00,442,66,508,2026-05-30,3,825.0,225.0,1050.0
2026-05-30 04:00:00,580,50,630,2026-05-30,4,1357.0,235.0,1592.0
2026-05-30 04:15:00,774,34,808,2026-05-30,4,2047.0,222.0,2269.0
2026-05-30 04:30:00,770,63,833,2026-05-30,4,2566.0,213.0,2779.0
2026-05-30 04:45:00,735,70,805,2026-05-30,4,2859.0,217.0,3076.0
2026-05-30 05:00:00,594,75,669,2026-05-30,5,2873.0,242.0,3115.0
2026-05-30 05:15:00,550,37,587,2026-05-30,5,2649.0,245.0,2894.0
2026-05-30 05:30:00,509,41,550,2026-05-30,5,2388.0,223.0,2611.0
2026-05-30 05:45:00,511,60,571,2026-05-30,5,2164.0,213.0,2377.0
2026-05-30 06:00:00,483,59,542,2026-05-30,6,2053.0,197.0,2250.0
2026-05-30 06:15:00,491,44,535,2026-05-30,6,1994.0,204.0,2198.0
2026-05-30 06:30:00,466,38,504,2026-05-30,6,1951.0,201.0,2152.0
2026-05-30 06:45:00,502,29,531,2026-05-30,6,1942.0,170.0,2112.0
2026-05-30 07:00:00,518,25,543,2026-05-30,7,1977.0,136.0,2113.0
2026-05-30 07:15:00,510,37,547,2026-05-30,7,1996.0,129.0,2125.0
2026-05-30 07:30:00,493,28,521,2026-05-30,7,2023.0,119.0,2142.0
2026-05-30 07:45:00,416,31,447,2026-05-30,7,1937.0,121.0,2058.0
2026-05-30 08:00:00,347,25,372,2026-05-30,8,1766.0,121.0,1887.0
2026-05-30 08:15:00,378,26,404,2026-05-30,8,1634.0,110.0,1744.0
2026-05-30 08:30:00,415,20,435,2026-05-30,8,1556.0,102.0,1658.0
2026-05-30 08:45:00,518,33,551,2026-05-30,8,1658.0,104.0,1762.0
2026-05-30 09:00:00,568,31,599,2026-05-30,9,1879.0,110.0,1989.0
2026-05-30 09:15:00,550,26,576,2026-05-30,9,2051.0,110.0,2161.0
2026-05-30 09:30:00,485,32,517,2026-05-30,9,2121.0,122.0,2243.0
2026-05-30 09:45:00,448,36,484,2026-05-30,9,2051.0,125.0,2176.0
2026-05-30 10:00:00,449,30,479,2026-05-30,10,1932.0,124.0,2056.0
2026-05-30 10:15:00,437,47,484,2026-05-30,10,1819.0,145.0,1964.0
2026-05-30 10:30:00,421,50,471,2026-05-30,10,1755.0,163.0,1918.0
2026-05-30 10:45:00,452,52,504,2026-05-30,10,1759.0,179.0,1938.0
2026-05-30 11:00:00,477,46,523,2026-05-30,11,1787.0,195.0,1982.0
2026-05-30 11:15:00,532,52,584,2026-05-30,11,1882.0,200.0,2082.0
2026-05-30 11:30:00,491,68,559,2026-05-30,11,1952.0,218.0,2170.0
2026-05-30 11:45:00,519,76,595,2026-05-30,11,2019.0,242.0,2261.0
2026-05-30 12:00:00,475,48,523,2026-05-30,12,2017.0,244.0,2261.0
2026-05-30 12:15:00,455,38,493,2026-05-30,12,1940.0,230.0,2170.0
2026-05-30 12:30:00,421,49,470,2026-05-30,12,1870.0,211.0,2081.0
2026-05-30 12:45:00,401,53,454,2026-05-30,12,1752.0,188.0,1940.0
2026-05-30 13:00:00,389,44,433,2026-05-30,13,1666.0,184.0,1850.0
2026-05-30 13:15:00,335,41,376,2026-05-30,13,1546.0,187.0,1733.0
2026-05-30 13:30:00,364,40,404,2026-05-30,13,1489.0,178.0,1667.0
2026-05-30 13:45:00,328,38,366,2026-05-30,13,1416.0,163.0,1579.0
2026-05-30 14:00:00,300,33,333,2026-05-30,14,1327.0,152.0,1479.0
2026-05-30 14:15:00,310,29,339,2026-05-30,14,1302.0,140.0,1442.0
2026-05-30 14:30:00,258,31,289,2026-05-30,14,1196.0,131.0,1327.0
2026-05-30 14:45:00,304,26,330,2026-05-30,14,1172.0,119.0,1291.0
2026-05-30 15:00:00,366,25,391,2026-05-30,15,1238.0,111.0,1349.0
2026-05-30 15:15:00,387,25,412,2026-05-30,15,1315.0,107.0,1422.0
2026-05-30 15:30:00,355,28,383,2026-05-30,15,1412.0,104.0,1516.0
2026-05-30 15:45:00,354,26,380,2026-05-30,15,1462.0,104.0,1566.0
2026-05-30 16:00:00,347,24,371,2026-05-30,16,1443.0,103.0,1546.0
2026-05-30 16:15:00,332,11,343,2026-05-30,16,1388.0,89.0,1477.0
2026-05-30 16:30:00,292,12,304,2026-05-30,16,1325.0,73.0,1398.0
2026-05-30 16:45:00,264,22,286,2026-05-30,16,1235.0,69.0,1304.0
2026-05-30 17:00:00,236,21,257,2026-05-30,17,1124.0,66.0,1190.0
2026-05-30 17:15:00,183,10,193,2026-05-30,17,975.0,65.0,1040.0
2026-05-30 17:30:00,170,9,179,2026-05-30,17,853.0,62.0,915.0
2026-05-30 17:45:00,186,11,197,2026-05-30,17,775.0,51.0,826.0
2026-05-30 18:00:00,190,17,207,2026-05-30,18,729.0,47.0,776.0
2026-05-30 18:15:00,165,12,177,2026-05-30,18,711.0,49.0,760.0
2026-05-30 18:30:00,135,14,149,2026-05-30,18,676.0,54.0,730.0
2026-05-30 18:45:00,110,14,124,2026-05-30,18,600.0,57.0,657.0
2026-05-30 19:00:00,102,11,113,2026-05-30,19,512.0,51.0,563.0
2026-05-30 19:15:00,110,7,117,2026-05-30,19,457.0,46.0,503.0
2026-05-30 19:30:00,121,8,129,2026-05-30,19,443.0,40.0,483.0
2026-05-30 19:45:00,109,12,121,2026-05-30,19,442.0,38.0,480.0
2026-05-30 20:00:00,98,16,114,2026-05-30,20,438.0,43.0,481.0
2026-05-30 20:15:00,69,8,77,2026-05-30,20,397.0,44.0,441.0
2026-05-30 20:30:00,45,12,57,2026-05-30,20,321.0,48.0,369.0
2026-05-30 20:45:00,26,10,36,2026-05-30,20,238.0,46.0,284.0
2026-05-30 21:00:00,7,15,22,2026-05-30,21,147.0,45.0,192.0
2026-05-30 21:15:00,2,5,7,2026-05-30,21,80.0,42.0,122.0
2026-05-30 21:30:00,2,11,13,2026-05-30,21,37.0,41.0,78.0
2026-05-30 21:45:00,1,8,9,2026-05-30,21,12.0,39.0,51.0
2026-05-30 22:00:00,1,7,8,2026-05-30,22,6.0,31.0,37.0
2026-05-30 22:15:00,0,6,6,2026-05-30,22,4.0,32.0,36.0
2026-05-30 22:30:00,0,4,4,2026-05-30,22,2.0,25.0,27.0
2026-05-30 22:45:00,0,6,6,2026-05-30,22,1.0,23.0,24.0
2026-05-30 23:00:00,0,1,1,2026-05-30,23,0.0,17.0,17.0
2026-05-30 23:15:00,0,0,0,2026-05-30,23,0.0,11.0,11.0
2026-05-30 23:30:00,0,0,0,2026-05-30,23,0.0,7.0,7.0
2026-05-30 23:45:00,1,0,1,2026-05-30,23,1.0,1.0,2.0
2026-05-31 03:00:00,50,86,136,2026-05-31,3,50.0,86.0,136.0
2026-05-31 03:15:00,111,37,148,2026-05-31,3,161.0,123.0,284.0
2026-05-31 03:30:00,220,28,248,2026-05-31,3,381.0,151.0,532.0
2026-05-31 03:45:00,366,29,395,2026-05-31,3,747.0,180.0,927.0
2026-05-31 04:00:00,476,27,503,2026-05-31,4,1173.0,121.0,1294.0
2026-05-31 04:15:00,518,27,545,2026-05-31,4,1580.0,111.0,1691.0
2026-05-31 04:30:00,609,35,644,2026-05-31,4,1969.0,118.0,2087.0
2026-05-31 04:45:00,654,43,697,2026-05-31,4,2257.0,132.0,2389.0
2026-05-31 05:00:00,657,58,715,2026-05-31,5,2438.0,163.0,2601.0
2026-05-31 05:15:00,603,31,634,2026-05-31,5,2523.0,167.0,2690.0
2026-05-31 05:30:00,584,27,611,2026-05-31,5,2498.0,159.0,2657.0
2026-05-31 05:45:00,453,34,487,2026-05-31,5,2297.0,150.0,2447.0
2026-05-31 06:00:00,453,39,492,2026-05-31,6,2093.0,131.0,2224.0
2026-05-31 06:15:00,447,42,489,2026-05-31,6,1937.0,142.0,2079.0
2026-05-31 06:30:00,451,20,471,2026-05-31,6,1804.0,135.0,1939.0
2026-05-31 06:45:00,358,17,375,2026-05-31,6,1709.0,118.0,1827.0
2026-05-31 07:00:00,343,33,376,2026-05-31,7,1599.0,112.0,1711.0
2026-05-31 07:15:00,367,34,401,2026-05-31,7,1519.0,104.0,1623.0
2026-05-31 07:30:00,358,21,379,2026-05-31,7,1426.0,105.0,1531.0
2026-05-31 07:45:00,406,25,431,2026-05-31,7,1474.0,113.0,1587.0
2026-05-31 08:00:00,471,27,498,2026-05-31,8,1602.0,107.0,1709.0
2026-05-31 08:15:00,479,37,516,2026-05-31,8,1714.0,110.0,1824.0
2026-05-31 08:30:00,478,16,494,2026-05-31,8,1834.0,105.0,1939.0
2026-05-31 08:45:00,446,38,484,2026-05-31,8,1874.0,118.0,1992.0
2026-05-31 09:00:00,497,44,541,2026-05-31,9,1900.0,135.0,2035.0
2026-05-31 09:15:00,493,52,545,2026-05-31,9,1914.0,150.0,2064.0
2026-05-31 09:30:00,543,35,578,2026-05-31,9,1979.0,169.0,2148.0
2026-05-31 09:45:00,481,36,517,2026-05-31,9,2014.0,167.0,2181.0
2026-05-31 10:00:00,493,46,539,2026-05-31,10,2010.0,169.0,2179.0
2026-05-31 10:15:00,438,45,483,2026-05-31,10,1955.0,162.0,2117.0
2026-05-31 10:30:00,403,39,442,2026-05-31,10,1815.0,166.0,1981.0
2026-05-31 10:45:00,433,41,474,2026-05-31,10,1767.0,171.0,1938.0
2026-05-31 11:00:00,515,28,543,2026-05-31,11,1789.0,153.0,1942.0
2026-05-31 11:15:00,564,31,595,2026-05-31,11,1915.0,139.0,2054.0
2026-05-31 11:30:00,573,46,619,2026-05-31,11,2085.0,146.0,2231.0
2026-05-31 11:45:00,565,52,617,2026-05-31,11,2217.0,157.0,2374.0
2026-05-31 12:00:00,575,34,609,2026-05-31,12,2277.0,163.0,2440.0
2026-05-31 12:15:00,568,33,601,2026-05-31,12,2281.0,165.0,2446.0
2026-05-31 12:30:00,551,30,581,2026-05-31,12,2259.0,149.0,2408.0
2026-05-31 12:45:00,426,38,464,2026-05-31,12,2120.0,135.0,2255.0
2026-05-31 13:00:00,394,51,445,2026-05-31,13,1939.0,152.0,2091.0
2026-05-31 13:15:00,345,37,382,2026-05-31,13,1716.0,156.0,1872.0
2026-05-31 13:30:00,329,43,372,2026-05-31,13,1494.0,169.0,1663.0
2026-05-31 13:45:00,324,36,360,2026-05-31,13,1392.0,167.0,1559.0
2026-05-31 14:00:00,334,39,373,2026-05-31,14,1332.0,155.0,1487.0
2026-05-31 14:15:00,324,29,353,2026-05-31,14,1311.0,147.0,1458.0
2026-05-31 14:30:00,334,12,346,2026-05-31,14,1316.0,116.0,1432.0
2026-05-31 14:45:00,410,14,424,2026-05-31,14,1402.0,94.0,1496.0
2026-05-31 15:00:00,508,22,530,2026-05-31,15,1576.0,77.0,1653.0
2026-05-31 15:15:00,519,23,542,2026-05-31,15,1771.0,71.0,1842.0
2026-05-31 15:30:00,506,21,527,2026-05-31,15,1943.0,80.0,2023.0
2026-05-31 15:45:00,526,20,546,2026-05-31,15,2059.0,86.0,2145.0
2026-05-31 16:00:00,460,15,475,2026-05-31,16,2011.0,79.0,2090.0
2026-05-31 16:15:00,396,20,416,2026-05-31,16,1888.0,76.0,1964.0
2026-05-31 16:30:00,321,19,340,2026-05-31,16,1703.0,74.0,1777.0
2026-05-31 16:45:00,330,16,346,2026-05-31,16,1507.0,70.0,1577.0
2026-05-31 17:00:00,390,20,410,2026-05-31,17,1437.0,75.0,1512.0
2026-05-31 17:15:00,393,18,411,2026-05-31,17,1434.0,73.0,1507.0
2026-05-31 17:30:00,397,23,420,2026-05-31,17,1510.0,77.0,1587.0
2026-05-31 17:45:00,428,24,452,2026-05-31,17,1608.0,85.0,1693.0
2026-05-31 18:00:00,486,22,508,2026-05-31,18,1704.0,87.0,1791.0
2026-05-31 18:15:00,461,14,475,2026-05-31,18,1772.0,83.0,1855.0
2026-05-31 18:30:00,450,11,461,2026-05-31,18,1825.0,71.0,1896.0
2026-05-31 18:45:00,397,9,406,2026-05-31,18,1794.0,56.0,1850.0
2026-05-31 19:00:00,312,17,329,2026-05-31,19,1620.0,51.0,1671.0
2026-05-31 19:15:00,273,11,284,2026-05-31,19,1432.0,48.0,1480.0
2026-05-31 19:30:00,212,22,234,2026-05-31,19,1194.0,59.0,1253.0
2026-05-31 19:45:00,164,41,205,2026-05-31,19,961.0,91.0,1052.0
2026-05-31 20:00:00,113,42,155,2026-05-31,20,762.0,116.0,878.0
2026-05-31 20:15:00,90,39,129,2026-05-31,20,579.0,144.0,723.0
2026-05-31 20:30:00,55,60,115,2026-05-31,20,422.0,182.0,604.0
2026-05-31 20:45:00,25,55,80,2026-05-31,20,283.0,196.0,479.0
2026-05-31 21:00:00,19,50,69,2026-05-31,21,189.0,204.0,393.0
2026-05-31 21:15:00,16,41,57,2026-05-31,21,115.0,206.0,321.0
2026-05-31 21:30:00,28,54,82,2026-05-31,21,88.0,200.0,288.0
2026-05-31 21:45:00,25,57,82,2026-05-31,21,88.0,202.0,290.0
2026-05-31 22:00:00,17,25,42,2026-05-31,22,86.0,177.0,263.0
2026-05-31 22:15:00,11,19,30,2026-05-31,22,81.0,155.0,236.0
2026-05-31 22:30:00,12,20,32,2026-05-31,22,65.0,121.0,186.0
2026-05-31 22:45:00,4,12,16,2026-05-31,22,44.0,76.0,120.0
2026-05-31 23:00:00,1,6,7,2026-05-31,23,28.0,57.0,85.0
2026-05-31 23:15:00,0,9,9,2026-05-31,23,17.0,47.0,64.0
2026-05-31 23:30:00,0,5,5,2026-05-31,23,5.0,32.0,37.0
2026-05-31 23:45:00,0,3,3,2026-05-31,23,1.0,23.0,24.0
2026-06-01 03:00:00,63,114,177,2026-06-01,3,63.0,114.0,177.0
2026-06-01 03:15:00,112,111,223,2026-06-01,3,175.0,225.0,400.0
2026-06-01 03:30:00,255,29,284,2026-06-01,3,430.0,254.0,684.0
2026-06-01 03:45:00,429,32,461,2026-06-01,3,859.0,286.0,1145.0
2026-06-01 04:00:00,539,25,564,2026-06-01,4,1335.0,197.0,1532.0
2026-06-01 04:15:00,630,36,666,2026-06-01,4,1853.0,122.0,1975.0
2026-06-01 04:30:00,711,55,766,2026-06-01,4,2309.0,148.0,2457.0
2026-06-01 04:45:00,715,50,765,2026-06-01,4,2595.0,166.0,2761.0
2026-06-01 05:00:00,661,57,718,2026-06-01,5,2717.0,198.0,2915.0
2026-06-01 05:15:00,562,42,604,2026-06-01,5,2649.0,204.0,2853.0
2026-06-01 05:30:00,465,28,493,2026-06-01,5,2403.0,177.0,2580.0
2026-06-01 05:45:00,490,54,544,2026-06-01,5,2178.0,181.0,2359.0
2026-06-01 06:00:00,489,51,540,2026-06-01,6,2006.0,175.0,2181.0
2026-06-01 06:15:00,450,54,504,2026-06-01,6,1894.0,187.0,2081.0
2026-06-01 06:30:00,390,21,411,2026-06-01,6,1819.0,180.0,1999.0
2026-06-01 06:45:00,403,31,434,2026-06-01,6,1732.0,157.0,1889.0
2026-06-01 07:00:00,402,20,422,2026-06-01,7,1645.0,126.0,1771.0
2026-06-01 07:15:00,422,29,451,2026-06-01,7,1617.0,101.0,1718.0
2026-06-01 07:30:00,438,21,459,2026-06-01,7,1665.0,101.0,1766.0
2026-06-01 07:45:00,457,20,477,2026-06-01,7,1719.0,90.0,1809.0
2026-06-01 08:00:00,549,29,578,2026-06-01,8,1866.0,99.0,1965.0
2026-06-01 08:15:00,537,36,573,2026-06-01,8,1981.0,106.0,2087.0
2026-06-01 08:30:00,545,22,567,2026-06-01,8,2088.0,107.0,2195.0
2026-06-01 08:45:00,562,33,595,2026-06-01,8,2193.0,120.0,2313.0
2026-06-01 09:00:00,524,28,552,2026-06-01,9,2168.0,119.0,2287.0
2026-06-01 09:15:00,514,40,554,2026-06-01,9,2145.0,123.0,2268.0
2026-06-01 09:30:00,514,43,557,2026-06-01,9,2114.0,144.0,2258.0
2026-06-01 09:45:00,489,36,525,2026-06-01,9,2041.0,147.0,2188.0
2026-06-01 10:00:00,454,39,493,2026-06-01,10,1971.0,158.0,2129.0
2026-06-01 10:15:00,420,56,476,2026-06-01,10,1877.0,174.0,2051.0
2026-06-01 10:30:00,418,39,457,2026-06-01,10,1781.0,170.0,1951.0
2026-06-01 10:45:00,434,43,477,2026-06-01,10,1726.0,177.0,1903.0
2026-06-01 11:00:00,505,40,545,2026-06-01,11,1777.0,178.0,1955.0
2026-06-01 11:15:00,586,37,623,2026-06-01,11,1943.0,159.0,2102.0
2026-06-01 11:30:00,646,46,692,2026-06-01,11,2171.0,166.0,2337.0
2026-06-01 11:45:00,663,48,711,2026-06-01,11,2400.0,171.0,2571.0
2026-06-01 12:00:00,694,48,742,2026-06-01,12,2589.0,179.0,2768.0
2026-06-01 12:15:00,611,37,648,2026-06-01,12,2614.0,179.0,2793.0
2026-06-01 12:30:00,507,48,555,2026-06-01,12,2475.0,181.0,2656.0
2026-06-01 12:45:00,441,41,482,2026-06-01,12,2253.0,174.0,2427.0
2026-06-01 13:00:00,429,28,457,2026-06-01,13,1988.0,154.0,2142.0
2026-06-01 13:15:00,434,26,460,2026-06-01,13,1811.0,143.0,1954.0
2026-06-01 13:30:00,401,35,436,2026-06-01,13,1705.0,130.0,1835.0
2026-06-01 13:45:00,373,38,411,2026-06-01,13,1637.0,127.0,1764.0
2026-06-01 14:00:00,409,21,430,2026-06-01,14,1617.0,120.0,1737.0
2026-06-01 14:15:00,428,35,463,2026-06-01,14,1611.0,129.0,1740.0
2026-06-01 14:30:00,399,33,432,2026-06-01,14,1609.0,127.0,1736.0
2026-06-01 14:45:00,442,28,470,2026-06-01,14,1678.0,117.0,1795.0
2026-06-01 15:00:00,493,32,525,2026-06-01,15,1762.0,128.0,1890.0
2026-06-01 15:15:00,568,27,595,2026-06-01,15,1902.0,120.0,2022.0
2026-06-01 15:30:00,546,32,578,2026-06-01,15,2049.0,119.0,2168.0
2026-06-01 15:45:00,440,30,470,2026-06-01,15,2047.0,121.0,2168.0
2026-06-01 16:00:00,338,17,355,2026-06-01,16,1892.0,106.0,1998.0
2026-06-01 16:15:00,358,18,376,2026-06-01,16,1682.0,97.0,1779.0
2026-06-01 16:30:00,347,19,366,2026-06-01,16,1483.0,84.0,1567.0
2026-06-01 16:45:00,339,13,352,2026-06-01,16,1382.0,67.0,1449.0
2026-06-01 17:00:00,373,20,393,2026-06-01,17,1417.0,70.0,1487.0
2026-06-01 17:15:00,439,17,456,2026-06-01,17,1498.0,69.0,1567.0
2026-06-01 17:30:00,457,9,466,2026-06-01,17,1608.0,59.0,1667.0
2026-06-01 17:45:00,446,12,458,2026-06-01,17,1715.0,58.0,1773.0
2026-06-01 18:00:00,361,37,398,2026-06-01,18,1703.0,75.0,1778.0
2026-06-01 18:15:00,297,17,314,2026-06-01,18,1561.0,75.0,1636.0
2026-06-01 18:30:00,232,19,251,2026-06-01,18,1336.0,85.0,1421.0
2026-06-01 18:45:00,185,38,223,2026-06-01,18,1075.0,111.0,1186.0
2026-06-01 19:00:00,156,45,201,2026-06-01,19,870.0,119.0,989.0
2026-06-01 19:15:00,166,34,200,2026-06-01,19,739.0,136.0,875.0
2026-06-01 19:30:00,144,34,178,2026-06-01,19,651.0,151.0,802.0
2026-06-01 19:45:00,133,41,174,2026-06-01,19,599.0,154.0,753.0
2026-06-01 20:00:00,103,45,148,2026-06-01,20,546.0,154.0,700.0
2026-06-01 20:15:00,80,29,109,2026-06-01,20,460.0,149.0,609.0
2026-06-01 20:30:00,53,49,102,2026-06-01,20,369.0,164.0,533.0
2026-06-01 20:45:00,31,41,72,2026-06-01,20,267.0,164.0,431.0
2026-06-01 21:00:00,22,46,68,2026-06-01,21,186.0,165.0,351.0
2026-06-01 21:15:00,5,28,33,2026-06-01,21,111.0,164.0,275.0
2026-06-01 21:30:00,2,30,32,2026-06-01,21,60.0,145.0,205.0
2026-06-01 21:45:00,2,27,29,2026-06-01,21,31.0,131.0,162.0
2026-06-01 22:00:00,1,9,10,2026-06-01,22,10.0,94.0,104.0
2026-06-01 22:15:00,0,8,8,2026-06-01,22,5.0,74.0,79.0
2026-06-01 22:30:00,0,6,6,2026-06-01,22,3.0,50.0,53.0
2026-06-01 22:45:00,1,6,7,2026-06-01,22,2.0,29.0,31.0
2026-06-01 23:00:00,0,12,12,2026-06-01,23,1.0,32.0,33.0
2026-06-01 23:15:00,1,8,9,2026-06-01,23,2.0,32.0,34.0
2026-06-01 23:30:00,0,2,2,2026-06-01,23,2.0,28.0,30.0
2026-06-01 23:45:00,1,2,3,2026-06-01,23,2.0,24.0,26.0
2026-06-02 03:00:00,85,83,168,2026-06-02,3,85.0,83.0,168.0
2026-06-02 03:15:00,153,31,184,2026-06-02,3,238.0,114.0,352.0
2026-06-02 03:30:00,274,38,312,2026-06-02,3,512.0,152.0,664.0
2026-06-02 03:45:00,440,33,473,2026-06-02,3,952.0,185.0,1137.0
2026-06-02 04:00:00,557,29,586,2026-06-02,4,1424.0,131.0,1555.0
2026-06-02 04:15:00,685,33,718,2026-06-02,4,1956.0,133.0,2089.0
2026-06-02 04:30:00,735,36,771,2026-06-02,4,2417.0,131.0,2548.0
2026-06-02 04:45:00,706,49,755,2026-06-02,4,2683.0,147.0,2830.0
2026-06-02 05:00:00,656,59,715,2026-06-02,5,2782.0,177.0,2959.0
2026-06-02 05:15:00,486,35,521,2026-06-02,5,2583.0,179.0,2762.0
2026-06-02 05:30:00,401,34,435,2026-06-02,5,2249.0,177.0,2426.0
2026-06-02 05:45:00,360,51,411,2026-06-02,5,1903.0,179.0,2082.0
2026-06-02 06:00:00,305,64,369,2026-06-02,6,1552.0,184.0,1736.0
2026-06-02 06:15:00,303,44,347,2026-06-02,6,1369.0,193.0,1562.0
2026-06-02 06:30:00,303,35,338,2026-06-02,6,1271.0,194.0,1465.0
2026-06-02 06:45:00,346,31,377,2026-06-02,6,1257.0,174.0,1431.0
2026-06-02 07:00:00,334,30,364,2026-06-02,7,1286.0,140.0,1426.0
2026-06-02 07:15:00,352,42,394,2026-06-02,7,1335.0,138.0,1473.0
2026-06-02 07:30:00,410,33,443,2026-06-02,7,1442.0,136.0,1578.0
2026-06-02 07:45:00,422,24,446,2026-06-02,7,1518.0,129.0,1647.0
2026-06-02 08:00:00,388,33,421,2026-06-02,8,1572.0,132.0,1704.0
2026-06-02 08:15:00,403,36,439,2026-06-02,8,1623.0,126.0,1749.0
2026-06-02 08:30:00,411,32,443,2026-06-02,8,1624.0,125.0,1749.0
2026-06-02 08:45:00,395,19,414,2026-06-02,8,1597.0,120.0,1717.0
2026-06-02 09:00:00,399,36,435,2026-06-02,9,1608.0,123.0,1731.0
2026-06-02 09:15:00,401,28,429,2026-06-02,9,1606.0,115.0,1721.0
2026-06-02 09:30:00,402,40,442,2026-06-02,9,1597.0,123.0,1720.0
2026-06-02 09:45:00,341,22,363,2026-06-02,9,1543.0,126.0,1669.0
2026-06-02 10:00:00,293,35,328,2026-06-02,10,1437.0,125.0,1562.0
2026-06-02 10:15:00,313,46,359,2026-06-02,10,1349.0,143.0,1492.0
2026-06-02 10:30:00,378,34,412,2026-06-02,10,1325.0,137.0,1462.0
2026-06-02 10:45:00,432,58,490,2026-06-02,10,1416.0,173.0,1589.0
2026-06-02 11:00:00,471,33,504,2026-06-02,11,1594.0,171.0,1765.0
2026-06-02 11:15:00,480,42,522,2026-06-02,11,1761.0,167.0,1928.0
2026-06-02 11:30:00,500,47,547,2026-06-02,11,1883.0,180.0,2063.0
2026-06-02 11:45:00,528,44,572,2026-06-02,11,1979.0,166.0,2145.0
2026-06-02 12:00:00,514,35,549,2026-06-02,12,2022.0,168.0,2190.0
2026-06-02 12:15:00,457,50,507,2026-06-02,12,1999.0,176.0,2175.0
2026-06-02 12:30:00,459,49,508,2026-06-02,12,1958.0,178.0,2136.0
2026-06-02 12:45:00,430,29,459,2026-06-02,12,1860.0,163.0,2023.0
2026-06-02 13:00:00,381,38,419,2026-06-02,13,1727.0,166.0,1893.0
2026-06-02 13:15:00,386,33,419,2026-06-02,13,1656.0,149.0,1805.0
2026-06-02 13:30:00,410,29,439,2026-06-02,13,1607.0,129.0,1736.0
2026-06-02 13:45:00,347,38,385,2026-06-02,13,1524.0,138.0,1662.0
2026-06-02 14:00:00,338,36,374,2026-06-02,14,1481.0,136.0,1617.0
2026-06-02 14:15:00,294,32,326,2026-06-02,14,1389.0,135.0,1524.0
2026-06-02 14:30:00,328,29,357,2026-06-02,14,1307.0,135.0,1442.0
2026-06-02 14:45:00,353,29,382,2026-06-02,14,1313.0,126.0,1439.0
2026-06-02 15:00:00,424,24,448,2026-06-02,15,1399.0,114.0,1513.0
2026-06-02 15:15:00,440,24,464,2026-06-02,15,1545.0,106.0,1651.0
2026-06-02 15:30:00,493,32,525,2026-06-02,15,1710.0,109.0,1819.0
2026-06-02 15:45:00,445,28,473,2026-06-02,15,1802.0,108.0,1910.0
2026-06-02 16:00:00,420,30,450,2026-06-02,16,1798.0,114.0,1912.0
2026-06-02 16:15:00,317,24,341,2026-06-02,16,1675.0,114.0,1789.0
2026-06-02 16:30:00,245,31,276,2026-06-02,16,1427.0,113.0,1540.0
2026-06-02 16:45:00,235,23,258,2026-06-02,16,1217.0,108.0,1325.0
2026-06-02 17:00:00,210,8,218,2026-06-02,17,1007.0,86.0,1093.0
2026-06-02 17:15:00,226,8,234,2026-06-02,17,916.0,70.0,986.0
2026-06-02 17:30:00,229,16,245,2026-06-02,17,900.0,55.0,955.0
2026-06-02 17:45:00,234,12,246,2026-06-02,17,899.0,44.0,943.0
2026-06-02 18:00:00,262,28,290,2026-06-02,18,951.0,64.0,1015.0
2026-06-02 18:15:00,184,26,210,2026-06-02,18,909.0,82.0,991.0
2026-06-02 18:30:00,151,31,182,2026-06-02,18,831.0,97.0,928.0
2026-06-02 18:45:00,140,45,185,2026-06-02,18,737.0,130.0,867.0
2026-06-02 19:00:00,97,67,164,2026-06-02,19,572.0,169.0,741.0
2026-06-02 19:15:00,109,50,159,2026-06-02,19,497.0,193.0,690.0
2026-06-02 19:30:00,90,29,119,2026-06-02,19,436.0,191.0,627.0
2026-06-02 19:45:00,76,43,119,2026-06-02,19,372.0,189.0,561.0
2026-06-02 20:00:00,62,39,101,2026-06-02,20,337.0,161.0,498.0
2026-06-02 20:15:00,51,39,90,2026-06-02,20,279.0,150.0,429.0
2026-06-02 20:30:00,37,35,72,2026-06-02,20,226.0,156.0,382.0
2026-06-02 20:45:00,27,39,66,2026-06-02,20,177.0,152.0,329.0
2026-06-02 21:00:00,12,40,52,2026-06-02,21,127.0,153.0,280.0
2026-06-02 21:15:00,5,27,32,2026-06-02,21,81.0,141.0,222.0
2026-06-02 21:30:00,2,43,45,2026-06-02,21,46.0,149.0,195.0
2026-06-02 21:45:00,1,41,42,2026-06-02,21,20.0,151.0,171.0
2026-06-02 22:00:00,0,23,23,2026-06-02,22,8.0,134.0,142.0
2026-06-02 22:15:00,0,14,14,2026-06-02,22,3.0,121.0,124.0
2026-06-02 22:30:00,1,7,8,2026-06-02,22,2.0,85.0,87.0
2026-06-02 22:45:00,0,10,10,2026-06-02,22,1.0,54.0,55.0
2026-06-02 23:00:00,0,2,2,2026-06-02,23,1.0,33.0,34.0
2026-06-02 23:15:00,0,5,5,2026-06-02,23,1.0,24.0,25.0
2026-06-02 23:30:00,0,2,2,2026-06-02,23,0.0,19.0,19.0
2026-06-02 23:45:00,0,1,1,2026-06-02,23,0.0,10.0,10.0
2026-06-03 03:00:00,54,70,124,2026-06-03,3,54.0,70.0,124.0
2026-06-03 03:15:00,104,26,130,2026-06-03,3,158.0,96.0,254.0
2026-06-03 03:30:00,261,27,288,2026-06-03,3,419.0,123.0,542.0
2026-06-03 03:45:00,382,28,410,2026-06-03,3,801.0,151.0,952.0
2026-06-03 04:00:00,503,30,533,2026-06-03,4,1250.0,111.0,1361.0
2026-06-03 04:15:00,574,38,612,2026-06-03,4,1720.0,123.0,1843.0
2026-06-03 04:30:00,626,47,673,2026-06-03,4,2085.0,143.0,2228.0
2026-06-03 04:45:00,586,49,635,2026-06-03,4,2289.0,164.0,2453.0
2026-06-03 05:00:00,551,42,593,2026-06-03,5,2337.0,176.0,2513.0
2026-06-03 05:15:00,519,39,558,2026-06-03,5,2282.0,177.0,2459.0
2026-06-03 05:30:00,460,29,489,2026-06-03,5,2116.0,159.0,2275.0
2026-06-03 05:45:00,440,40,480,2026-06-03,5,1970.0,150.0,2120.0
2026-06-03 06:00:00,418,47,465,2026-06-03,6,1837.0,155.0,1992.0
2026-06-03 06:15:00,371,42,413,2026-06-03,6,1689.0,158.0,1847.0
2026-06-03 06:30:00,409,33,442,2026-06-03,6,1638.0,162.0,1800.0
2026-06-03 06:45:00,489,28,517,2026-06-03,6,1687.0,150.0,1837.0
2026-06-03 07:00:00,497,26,523,2026-06-03,7,1766.0,129.0,1895.0
2026-06-03 07:15:00,481,18,499,2026-06-03,7,1876.0,105.0,1981.0
2026-06-03 07:30:00,424,21,445,2026-06-03,7,1891.0,93.0,1984.0
2026-06-03 07:45:00,388,33,421,2026-06-03,7,1790.0,98.0,1888.0
2026-06-03 08:00:00,335,44,379,2026-06-03,8,1628.0,116.0,1744.0
2026-06-03 08:15:00,365,22,387,2026-06-03,8,1512.0,120.0,1632.0
2026-06-03 08:30:00,439,40,479,2026-06-03,8,1527.0,139.0,1666.0
2026-06-03 08:45:00,471,43,514,2026-06-03,8,1610.0,149.0,1759.0
2026-06-03 09:00:00,475,53,528,2026-06-03,9,1750.0,158.0,1908.0
2026-06-03 09:15:00,425,45,470,2026-06-03,9,1810.0,181.0,1991.0
2026-06-03 09:30:00,402,49,451,2026-06-03,9,1773.0,190.0,1963.0
2026-06-03 09:45:00,367,75,442,2026-06-03,9,1669.0,222.0,1891.0
2026-06-03 10:00:00,338,53,391,2026-06-03,10,1532.0,222.0,1754.0
2026-06-03 10:15:00,314,36,350,2026-06-03,10,1421.0,213.0,1634.0
2026-06-03 10:30:00,335,33,368,2026-06-03,10,1354.0,197.0,1551.0
2026-06-03 10:45:00,397,29,426,2026-06-03,10,1384.0,151.0,1535.0
2026-06-03 11:00:00,401,42,443,2026-06-03,11,1447.0,140.0,1587.0
2026-06-03 11:15:00,444,38,482,2026-06-03,11,1577.0,142.0,1719.0
2026-06-03 11:30:00,457,33,490,2026-06-03,11,1699.0,142.0,1841.0
2026-06-03 11:45:00,467,36,503,2026-06-03,11,1769.0,149.0,1918.0
2026-06-03 12:00:00,498,40,538,2026-06-03,12,1866.0,147.0,2013.0
2026-06-03 12:15:00,459,51,510,2026-06-03,12,1881.0,160.0,2041.0
2026-06-03 12:30:00,431,51,482,2026-06-03,12,1855.0,178.0,2033.0
2026-06-03 12:45:00,455,53,508,2026-06-03,12,1843.0,195.0,2038.0
2026-06-03 13:00:00,436,41,477,2026-06-03,13,1781.0,196.0,1977.0
2026-06-03 13:15:00,418,39,457,2026-06-03,13,1740.0,184.0,1924.0
2026-06-03 13:30:00,396,36,432,2026-06-03,13,1705.0,169.0,1874.0
2026-06-03 13:45:00,366,22,388,2026-06-03,13,1616.0,138.0,1754.0
2026-06-03 14:00:00,302,48,350,2026-06-03,14,1482.0,145.0,1627.0
2026-06-03 14:15:00,319,31,350,2026-06-03,14,1383.0,137.0,1520.0
2026-06-03 14:30:00,305,25,330,2026-06-03,14,1292.0,126.0,1418.0
2026-06-03 14:45:00,341,31,372,2026-06-03,14,1267.0,135.0,1402.0
2026-06-03 15:00:00,380,23,403,2026-06-03,15,1345.0,110.0,1455.0
2026-06-03 15:15:00,446,22,468,2026-06-03,15,1472.0,101.0,1573.0
2026-06-03 15:30:00,444,27,471,2026-06-03,15,1611.0,103.0,1714.0
2026-06-03 15:45:00,373,25,398,2026-06-03,15,1643.0,97.0,1740.0
2026-06-03 16:00:00,333,15,348,2026-06-03,16,1596.0,89.0,1685.0
2026-06-03 16:15:00,310,9,319,2026-06-03,16,1460.0,76.0,1536.0
2026-06-03 16:30:00,289,11,300,2026-06-03,16,1305.0,60.0,1365.0
2026-06-03 16:45:00,288,28,316,2026-06-03,16,1220.0,63.0,1283.0
2026-06-03 17:00:00,310,10,320,2026-06-03,17,1197.0,58.0,1255.0
2026-06-03 17:15:00,324,7,331,2026-06-03,17,1211.0,56.0,1267.0
2026-06-03 17:30:00,273,10,283,2026-06-03,17,1195.0,55.0,1250.0
2026-06-03 17:45:00,236,17,253,2026-06-03,17,1143.0,44.0,1187.0
2026-06-03 18:00:00,220,40,260,2026-06-03,18,1053.0,74.0,1127.0
2026-06-03 18:15:00,198,18,216,2026-06-03,18,927.0,85.0,1012.0
2026-06-03 18:30:00,163,33,196,2026-06-03,18,817.0,108.0,925.0
2026-06-03 18:45:00,154,51,205,2026-06-03,18,735.0,142.0,877.0
2026-06-03 19:00:00,147,37,184,2026-06-03,19,662.0,139.0,801.0
2026-06-03 19:15:00,147,40,187,2026-06-03,19,611.0,161.0,772.0
2026-06-03 19:30:00,144,28,172,2026-06-03,19,592.0,156.0,748.0
2026-06-03 19:45:00,147,28,175,2026-06-03,19,585.0,133.0,718.0
2026-06-03 20:00:00,101,44,145,2026-06-03,20,539.0,140.0,679.0
2026-06-03 20:15:00,62,48,110,2026-06-03,20,454.0,148.0,602.0
2026-06-03 20:30:00,31,47,78,2026-06-03,20,341.0,167.0,508.0
2026-06-03 20:45:00,21,43,64,2026-06-03,20,215.0,182.0,397.0
2026-06-03 21:00:00,9,27,36,2026-06-03,21,123.0,165.0,288.0
2026-06-03 21:15:00,3,24,27,2026-06-03,21,64.0,141.0,205.0
2026-06-03 21:30:00,1,25,26,2026-06-03,21,34.0,119.0,153.0
2026-06-03 21:45:00,1,28,29,2026-06-03,21,14.0,104.0,118.0
2026-06-03 22:00:00,0,16,16,2026-06-03,22,5.0,93.0,98.0
2026-06-03 22:15:00,0,26,26,2026-06-03,22,2.0,95.0,97.0
2026-06-03 22:30:00,1,10,11,2026-06-03,22,2.0,80.0,82.0
2026-06-03 22:45:00,1,11,12,2026-06-03,22,2.0,63.0,65.0
2026-06-03 23:00:00,0,1,1,2026-06-03,23,2.0,48.0,50.0
2026-06-03 23:15:00,0,0,0,2026-06-03,23,2.0,22.0,24.0
2026-06-03 23:30:00,0,0,0,2026-06-03,23,1.0,12.0,13.0
2026-06-03 23:45:00,0,0,0,2026-06-03,23,0.0,1.0,1.0
2026-06-04 03:00:00,46,82,128,2026-06-04,3,46.0,82.0,128.0
2026-06-04 03:15:00,100,29,129,2026-06-04,3,146.0,111.0,257.0
2026-06-04 03:30:00,234,39,273,2026-06-04,3,380.0,150.0,530.0
2026-06-04 03:45:00,394,43,437,2026-06-04,3,774.0,193.0,967.0
2026-06-04 04:00:00,501,29,530,2026-06-04,4,1229.0,140.0,1369.0
2026-06-04 04:15:00,602,33,635,2026-06-04,4,1731.0,144.0,1875.0
2026-06-04 04:30:00,625,35,660,2026-06-04,4,2122.0,140.0,2262.0
2026-06-04 04:45:00,635,50,685,2026-06-04,4,2363.0,147.0,2510.0
2026-06-04 05:00:00,605,59,664,2026-06-04,5,2467.0,177.0,2644.0
2026-06-04 05:15:00,620,45,665,2026-06-04,5,2485.0,189.0,2674.0
2026-06-04 05:30:00,579,28,607,2026-06-04,5,2439.0,182.0,2621.0
2026-06-04 05:45:00,499,38,537,2026-06-04,5,2303.0,170.0,2473.0
2026-06-04 06:00:00,475,61,536,2026-06-04,6,2173.0,172.0,2345.0
2026-06-04 06:15:00,465,30,495,2026-06-04,6,2018.0,157.0,2175.0
2026-06-04 06:30:00,518,31,549,2026-06-04,6,1957.0,160.0,2117.0
2026-06-04 06:45:00,484,42,526,2026-06-04,6,1942.0,164.0,2106.0
2026-06-04 07:00:00,404,32,436,2026-06-04,7,1871.0,135.0,2006.0
2026-06-04 07:15:00,415,40,455,2026-06-04,7,1821.0,145.0,1966.0
2026-06-04 07:30:00,393,26,419,2026-06-04,7,1696.0,140.0,1836.0
2026-06-04 07:45:00,374,29,403,2026-06-04,7,1586.0,127.0,1713.0
2026-06-04 08:00:00,380,21,401,2026-06-04,8,1562.0,116.0,1678.0
2026-06-04 08:15:00,384,27,411,2026-06-04,8,1531.0,103.0,1634.0
2026-06-04 08:30:00,408,27,435,2026-06-04,8,1546.0,104.0,1650.0
2026-06-04 08:45:00,430,31,461,2026-06-04,8,1602.0,106.0,1708.0
2026-06-04 09:00:00,457,35,492,2026-06-04,9,1679.0,120.0,1799.0
2026-06-04 09:15:00,473,25,498,2026-06-04,9,1768.0,118.0,1886.0
2026-06-04 09:30:00,464,25,489,2026-06-04,9,1824.0,116.0,1940.0
2026-06-04 09:45:00,448,33,481,2026-06-04,9,1842.0,118.0,1960.0
2026-06-04 10:00:00,397,42,439,2026-06-04,10,1782.0,125.0,1907.0
2026-06-04 10:15:00,442,49,491,2026-06-04,10,1751.0,149.0,1900.0
2026-06-04 10:30:00,426,34,460,2026-06-04,10,1713.0,158.0,1871.0
2026-06-04 10:45:00,428,52,480,2026-06-04,10,1693.0,177.0,1870.0
2026-06-04 11:00:00,454,51,505,2026-06-04,11,1750.0,186.0,1936.0
2026-06-04 11:15:00,503,37,540,2026-06-04,11,1811.0,174.0,1985.0
2026-06-04 11:30:00,502,48,550,2026-06-04,11,1887.0,188.0,2075.0
2026-06-04 11:45:00,463,55,518,2026-06-04,11,1922.0,191.0,2113.0
2026-06-04 12:00:00,417,42,459,2026-06-04,12,1885.0,182.0,2067.0
2026-06-04 12:15:00,455,41,496,2026-06-04,12,1837.0,186.0,2023.0
2026-06-04 12:30:00,420,46,466,2026-06-04,12,1755.0,184.0,1939.0
2026-06-04 12:45:00,412,53,465,2026-06-04,12,1704.0,182.0,1886.0
2026-06-04 13:00:00,415,51,466,2026-06-04,13,1702.0,191.0,1893.0
2026-06-04 13:15:00,418,48,466,2026-06-04,13,1665.0,198.0,1863.0
2026-06-04 13:30:00,438,36,474,2026-06-04,13,1683.0,188.0,1871.0
2026-06-04 13:45:00,393,42,435,2026-06-04,13,1664.0,177.0,1841.0
2026-06-04 14:00:00,382,38,420,2026-06-04,14,1631.0,164.0,1795.0
2026-06-04 14:15:00,413,35,448,2026-06-04,14,1626.0,151.0,1777.0
2026-06-04 14:30:00,333,51,384,2026-06-04,14,1521.0,166.0,1687.0
2026-06-04 14:45:00,375,52,427,2026-06-04,14,1503.0,176.0,1679.0
2026-06-04 15:00:00,466,36,502,2026-06-04,15,1587.0,174.0,1761.0
2026-06-04 15:15:00,458,22,480,2026-06-04,15,1632.0,161.0,1793.0
2026-06-04 15:30:00,390,33,423,2026-06-04,15,1689.0,143.0,1832.0
2026-06-04 15:45:00,377,29,406,2026-06-04,15,1691.0,120.0,1811.0
2026-06-04 16:00:00,362,25,387,2026-06-04,16,1587.0,109.0,1696.0
2026-06-04 16:15:00,368,26,394,2026-06-04,16,1497.0,113.0,1610.0
2026-06-04 16:30:00,326,19,345,2026-06-04,16,1433.0,99.0,1532.0
2026-06-04 16:45:00,347,21,368,2026-06-04,16,1403.0,91.0,1494.0
2026-06-04 17:00:00,374,24,398,2026-06-04,17,1415.0,90.0,1505.0
2026-06-04 17:15:00,375,14,389,2026-06-04,17,1422.0,78.0,1500.0
2026-06-04 17:30:00,364,15,379,2026-06-04,17,1460.0,74.0,1534.0
2026-06-04 17:45:00,317,31,348,2026-06-04,17,1430.0,84.0,1514.0
2026-06-04 18:00:00,280,26,306,2026-06-04,18,1336.0,86.0,1422.0
2026-06-04 18:15:00,229,20,249,2026-06-04,18,1190.0,92.0,1282.0
2026-06-04 18:30:00,185,39,224,2026-06-04,18,1011.0,116.0,1127.0
2026-06-04 18:45:00,179,52,231,2026-06-04,18,873.0,137.0,1010.0
2026-06-04 19:00:00,159,29,188,2026-06-04,19,752.0,140.0,892.0
2026-06-04 19:15:00,173,38,211,2026-06-04,19,696.0,158.0,854.0
2026-06-04 19:30:00,155,43,198,2026-06-04,19,666.0,162.0,828.0
2026-06-04 19:45:00,143,58,201,2026-06-04,19,630.0,168.0,798.0
2026-06-04 20:00:00,109,30,139,2026-06-04,20,580.0,169.0,749.0
2026-06-04 20:15:00,83,45,128,2026-06-04,20,490.0,176.0,666.0
2026-06-04 20:30:00,52,48,100,2026-06-04,20,387.0,181.0,568.0
2026-06-04 20:45:00,29,47,76,2026-06-04,20,273.0,170.0,443.0
2026-06-04 21:00:00,26,60,86,2026-06-04,21,190.0,200.0,390.0
2026-06-04 21:15:00,5,32,37,2026-06-04,21,112.0,187.0,299.0
2026-06-04 21:30:00,1,47,48,2026-06-04,21,61.0,186.0,247.0
2026-06-04 21:45:00,1,42,43,2026-06-04,21,33.0,181.0,214.0
2026-06-04 22:00:00,1,29,30,2026-06-04,22,8.0,150.0,158.0
2026-06-04 22:15:00,0,23,23,2026-06-04,22,3.0,141.0,144.0
2026-06-04 22:30:00,0,5,5,2026-06-04,22,2.0,99.0,101.0
2026-06-04 22:45:00,0,5,5,2026-06-04,22,1.0,62.0,63.0
2026-06-04 23:00:00,0,25,25,2026-06-04,23,0.0,58.0,58.0
2026-06-04 23:15:00,0,9,9,2026-06-04,23,0.0,44.0,44.0
2026-06-04 23:30:00,0,0,0,2026-06-04,23,0.0,39.0,39.0
2026-06-04 23:45:00,0,0,0,2026-06-04,23,0.0,34.0,34.0
2026-06-05 03:00:00,81,36,117,2026-06-05,3,81.0,36.0,117.0
2026-06-05 03:15:00,139,46,185,2026-06-05,3,220.0,82.0,302.0
2026-06-05 03:30:00,226,61,287,2026-06-05,3,446.0,143.0,589.0
2026-06-05 03:45:00,413,73,486,2026-06-05,3,859.0,216.0,1075.0
2026-06-05 04:00:00,642,40,682,2026-06-05,4,1420.0,220.0,1640.0
2026-06-05 04:15:00,821,34,855,2026-06-05,4,2102.0,208.0,2310.0
2026-06-05 04:30:00,750,81,831,2026-06-05,4,2626.0,228.0,2854.0
2026-06-05 04:45:00,720,88,808,2026-06-05,4,2933.0,243.0,3176.0
2026-06-05 05:00:00,669,61,730,2026-06-05,5,2960.0,264.0,3224.0
2026-06-05 05:15:00,541,49,590,2026-06-05,5,2680.0,279.0,2959.0
2026-06-05 05:30:00,356,46,402,2026-06-05,5,2286.0,244.0,2530.0
2026-06-05 05:45:00,291,56,347,2026-06-05,5,1857.0,212.0,2069.0
2026-06-05 06:00:00,349,42,391,2026-06-05,6,1537.0,193.0,1730.0
2026-06-05 06:15:00,377,53,430,2026-06-05,6,1373.0,197.0,1570.0
2026-06-05 06:30:00,395,43,438,2026-06-05,6,1412.0,194.0,1606.0
2026-06-05 06:45:00,487,34,521,2026-06-05,6,1608.0,172.0,1780.0
2026-06-05 07:00:00,518,32,550,2026-06-05,7,1777.0,162.0,1939.0
2026-06-05 07:15:00,494,39,533,2026-06-05,7,1894.0,148.0,2042.0
2026-06-05 07:30:00,487,25,512,2026-06-05,7,1986.0,130.0,2116.0
2026-06-05 07:45:00,481,25,506,2026-06-05,7,1980.0,121.0,2101.0
2026-06-05 08:00:00,512,40,552,2026-06-05,8,1974.0,129.0,2103.0
2026-06-05 08:15:00,507,40,547,2026-06-05,8,1987.0,130.0,2117.0
2026-06-05 08:30:00,440,32,472,2026-06-05,8,1940.0,137.0,2077.0
2026-06-05 08:45:00,355,31,386,2026-06-05,8,1814.0,143.0,1957.0
2026-06-05 09:00:00,376,34,410,2026-06-05,9,1678.0,137.0,1815.0
2026-06-05 09:15:00,345,38,383,2026-06-05,9,1516.0,135.0,1651.0
2026-06-05 09:30:00,378,48,426,2026-06-05,9,1454.0,151.0,1605.0
2026-06-05 09:45:00,353,50,403,2026-06-05,9,1452.0,170.0,1622.0
2026-06-05 10:00:00,369,61,430,2026-06-05,10,1445.0,197.0,1642.0
2026-06-05 10:15:00,394,46,440,2026-06-05,10,1494.0,205.0,1699.0
2026-06-05 10:30:00,385,68,453,2026-06-05,10,1501.0,225.0,1726.0
2026-06-05 10:45:00,394,57,451,2026-06-05,10,1542.0,232.0,1774.0
2026-06-05 11:00:00,438,45,483,2026-06-05,11,1611.0,216.0,1827.0
2026-06-05 11:15:00,532,57,589,2026-06-05,11,1749.0,227.0,1976.0
2026-06-05 11:30:00,583,67,650,2026-06-05,11,1947.0,226.0,2173.0
2026-06-05 11:45:00,641,71,712,2026-06-05,11,2194.0,240.0,2434.0
2026-06-05 12:00:00,668,73,741,2026-06-05,12,2424.0,268.0,2692.0
2026-06-05 12:15:00,665,62,727,2026-06-05,12,2557.0,273.0,2830.0
2026-06-05 12:30:00,603,54,657,2026-06-05,12,2577.0,260.0,2837.0
2026-06-05 12:45:00,553,65,618,2026-06-05,12,2489.0,254.0,2743.0
2026-06-05 13:00:00,467,52,519,2026-06-05,13,2288.0,233.0,2521.0
2026-06-05 13:15:00,444,38,482,2026-06-05,13,2067.0,209.0,2276.0
2026-06-05 13:30:00,380,55,435,2026-06-05,13,1844.0,210.0,2054.0
2026-06-05 13:45:00,332,50,382,2026-06-05,13,1623.0,195.0,1818.0
2026-06-05 14:00:00,360,34,394,2026-06-05,14,1516.0,177.0,1693.0
2026-06-05 14:15:00,343,35,378,2026-06-05,14,1415.0,174.0,1589.0
2026-06-05 14:30:00,296,31,327,2026-06-05,14,1331.0,150.0,1481.0
2026-06-05 14:45:00,334,38,372,2026-06-05,14,1333.0,138.0,1471.0
2026-06-05 15:00:00,374,34,408,2026-06-05,15,1347.0,138.0,1485.0
2026-06-05 15:15:00,407,19,426,2026-06-05,15,1411.0,122.0,1533.0
2026-06-05 15:30:00,470,19,489,2026-06-05,15,1585.0,110.0,1695.0
2026-06-05 15:45:00,502,20,522,2026-06-05,15,1753.0,92.0,1845.0
2026-06-05 16:00:00,429,17,446,2026-06-05,16,1808.0,75.0,1883.0
2026-06-05 16:15:00,415,20,435,2026-06-05,16,1816.0,76.0,1892.0
2026-06-05 16:30:00,376,15,391,2026-06-05,16,1722.0,72.0,1794.0
2026-06-05 16:45:00,362,29,391,2026-06-05,16,1582.0,81.0,1663.0
2026-06-05 17:00:00,375,28,403,2026-06-05,17,1528.0,92.0,1620.0
2026-06-05 17:15:00,392,15,407,2026-06-05,17,1505.0,87.0,1592.0
2026-06-05 17:30:00,353,14,367,2026-06-05,17,1482.0,86.0,1568.0
2026-06-05 17:45:00,346,21,367,2026-06-05,17,1466.0,78.0,1544.0
2026-06-05 18:00:00,269,22,291,2026-06-05,18,1360.0,72.0,1432.0
2026-06-05 18:15:00,222,9,231,2026-06-05,18,1190.0,66.0,1256.0
2026-06-05 18:30:00,164,11,175,2026-06-05,18,1001.0,63.0,1064.0
2026-06-05 18:45:00,151,12,163,2026-06-05,18,806.0,54.0,860.0
2026-06-05 19:00:00,151,12,163,2026-06-05,19,688.0,44.0,732.0
2026-06-05 19:15:00,127,12,139,2026-06-05,19,593.0,47.0,640.0
2026-06-05 19:30:00,138,14,152,2026-06-05,19,567.0,50.0,617.0
2026-06-05 19:45:00,149,11,160,2026-06-05,19,565.0,49.0,614.0
2026-06-05 20:00:00,152,10,162,2026-06-05,20,566.0,47.0,613.0
2026-06-05 20:15:00,121,12,133,2026-06-05,20,560.0,47.0,607.0
2026-06-05 20:30:00,75,8,83,2026-06-05,20,497.0,41.0,538.0
2026-06-05 20:45:00,50,13,63,2026-06-05,20,398.0,43.0,441.0
2026-06-05 21:00:00,19,8,27,2026-06-05,21,265.0,41.0,306.0
2026-06-05 21:15:00,7,5,12,2026-06-05,21,151.0,34.0,185.0
2026-06-05 21:30:00,7,13,20,2026-06-05,21,83.0,39.0,122.0
2026-06-05 21:45:00,10,13,23,2026-06-05,21,43.0,39.0,82.0
2026-06-05 22:00:00,8,7,15,2026-06-05,22,32.0,38.0,70.0
2026-06-05 22:15:00,7,4,11,2026-06-05,22,32.0,37.0,69.0
2026-06-05 22:30:00,5,3,8,2026-06-05,22,30.0,27.0,57.0
2026-06-05 22:45:00,2,1,3,2026-06-05,22,22.0,15.0,37.0
2026-06-05 23:00:00,1,3,4,2026-06-05,23,15.0,11.0,26.0
2026-06-05 23:15:00,0,3,3,2026-06-05,23,8.0,10.0,18.0
2026-06-05 23:30:00,0,4,4,2026-06-05,23,3.0,11.0,14.0
2026-06-05 23:45:00,0,6,6,2026-06-05,23,1.0,16.0,17.0
2026-06-06 03:00:00,48,40,88,2026-06-06,3,48.0,40.0,88.0
2026-06-06 03:15:00,82,46,128,2026-06-06,3,130.0,86.0,216.0
2026-06-06 03:30:00,244,71,315,2026-06-06,3,374.0,157.0,531.0
2026-06-06 03:45:00,425,65,490,2026-06-06,3,799.0,222.0,1021.0
2026-06-06 04:00:00,553,49,602,2026-06-06,4,1304.0,231.0,1535.0
2026-06-06 04:15:00,751,34,785,2026-06-06,4,1973.0,219.0,2192.0
2026-06-06 04:30:00,745,62,807,2026-06-06,4,2474.0,210.0,2684.0
2026-06-06 04:45:00,725,69,794,2026-06-06,4,2774.0,214.0,2988.0
2026-06-06 05:00:00,588,74,662,2026-06-06,5,2809.0,239.0,3048.0
2026-06-06 05:15:00,569,36,605,2026-06-06,5,2627.0,241.0,2868.0
2026-06-06 05:30:00,512,40,552,2026-06-06,5,2394.0,219.0,2613.0
2026-06-06 05:45:00,494,59,553,2026-06-06,5,2163.0,209.0,2372.0
2026-06-06 06:00:00,462,58,520,2026-06-06,6,2037.0,193.0,2230.0
2026-06-06 06:15:00,463,44,507,2026-06-06,6,1931.0,201.0,2132.0
2026-06-06 06:30:00,445,38,483,2026-06-06,6,1864.0,199.0,2063.0
2026-06-06 06:45:00,483,29,512,2026-06-06,6,1853.0,169.0,2022.0
2026-06-06 07:00:00,516,25,541,2026-06-06,7,1907.0,136.0,2043.0
2026-06-06 07:15:00,513,36,549,2026-06-06,7,1957.0,128.0,2085.0
2026-06-06 07:30:00,506,28,534,2026-06-06,7,2018.0,118.0,2136.0
2026-06-06 07:45:00,439,30,469,2026-06-06,7,1974.0,119.0,2093.0
2026-06-06 08:00:00,379,24,403,2026-06-06,8,1837.0,118.0,1955.0
2026-06-06 08:15:00,394,26,420,2026-06-06,8,1718.0,108.0,1826.0
2026-06-06 08:30:00,443,19,462,2026-06-06,8,1655.0,99.0,1754.0
2026-06-06 08:45:00,568,32,600,2026-06-06,8,1784.0,101.0,1885.0
2026-06-06 09:00:00,623,31,654,2026-06-06,9,2028.0,108.0,2136.0
2026-06-06 09:15:00,597,26,623,2026-06-06,9,2231.0,108.0,2339.0
2026-06-06 09:30:00,523,31,554,2026-06-06,9,2311.0,120.0,2431.0
2026-06-06 09:45:00,460,35,495,2026-06-06,9,2203.0,123.0,2326.0
2026-06-06 10:00:00,436,29,465,2026-06-06,10,2016.0,121.0,2137.0
2026-06-06 10:15:00,430,47,477,2026-06-06,10,1849.0,142.0,1991.0
2026-06-06 10:30:00,424,49,473,2026-06-06,10,1750.0,160.0,1910.0
2026-06-06 10:45:00,473,51,524,2026-06-06,10,1763.0,176.0,1939.0
2026-06-06 11:00:00,508,45,553,2026-06-06,11,1835.0,192.0,2027.0
2026-06-06 11:15:00,535,51,586,2026-06-06,11,1940.0,196.0,2136.0
2026-06-06 11:30:00,481,66,547,2026-06-06,11,1997.0,213.0,2210.0
2026-06-06 11:45:00,494,74,568,2026-06-06,11,2018.0,236.0,2254.0
2026-06-06 12:00:00,460,47,507,2026-06-06,12,1970.0,238.0,2208.0
2026-06-06 12:15:00,449,38,487,2026-06-06,12,1884.0,225.0,2109.0
2026-06-06 12:30:00,434,48,482,2026-06-06,12,1837.0,207.0,2044.0
2026-06-06 12:45:00,424,52,476,2026-06-06,12,1767.0,185.0,1952.0
2026-06-06 13:00:00,416,44,460,2026-06-06,13,1723.0,182.0,1905.0
2026-06-06 13:15:00,358,40,398,2026-06-06,13,1632.0,184.0,1816.0
2026-06-06 13:30:00,375,40,415,2026-06-06,13,1573.0,176.0,1749.0
2026-06-06 13:45:00,336,37,373,2026-06-06,13,1485.0,161.0,1646.0
2026-06-06 14:00:00,312,32,344,2026-06-06,14,1381.0,149.0,1530.0
2026-06-06 14:15:00,324,28,352,2026-06-06,14,1347.0,137.0,1484.0
2026-06-06 14:30:00,268,30,298,2026-06-06,14,1240.0,127.0,1367.0
2026-06-06 14:45:00,314,25,339,2026-06-06,14,1218.0,115.0,1333.0
2026-06-06 15:00:00,377,24,401,2026-06-06,15,1283.0,107.0,1390.0
2026-06-06 15:15:00,397,24,421,2026-06-06,15,1356.0,103.0,1459.0
2026-06-06 15:30:00,378,27,405,2026-06-06,15,1466.0,100.0,1566.0
2026-06-06 15:45:00,383,25,408,2026-06-06,15,1535.0,100.0,1635.0
2026-06-06 16:00:00,372,24,396,2026-06-06,16,1530.0,100.0,1630.0
2026-06-06 16:15:00,345,11,356,2026-06-06,16,1478.0,87.0,1565.0
2026-06-06 16:30:00,303,12,315,2026-06-06,16,1403.0,72.0,1475.0
2026-06-06 16:45:00,249,21,270,2026-06-06,16,1269.0,68.0,1337.0
2026-06-06 17:00:00,205,20,225,2026-06-06,17,1102.0,64.0,1166.0
2026-06-06 17:15:00,159,10,169,2026-06-06,17,916.0,63.0,979.0
2026-06-06 17:30:00,157,8,165,2026-06-06,17,770.0,59.0,829.0
2026-06-06 17:45:00,168,11,179,2026-06-06,17,689.0,49.0,738.0
2026-06-06 18:00:00,170,17,187,2026-06-06,18,654.0,46.0,700.0
2026-06-06 18:15:00,150,12,162,2026-06-06,18,645.0,48.0,693.0
2026-06-06 18:30:00,120,14,134,2026-06-06,18,608.0,54.0,662.0
2026-06-06 18:45:00,98,14,112,2026-06-06,18,538.0,57.0,595.0
2026-06-06 19:00:00,91,11,102,2026-06-06,19,459.0,51.0,510.0
2026-06-06 19:15:00,96,7,103,2026-06-06,19,405.0,46.0,451.0
2026-06-06 19:30:00,115,7,122,2026-06-06,19,400.0,39.0,439.0
2026-06-06 19:45:00,106,12,118,2026-06-06,19,408.0,37.0,445.0
2026-06-06 20:00:00,97,15,112,2026-06-06,20,414.0,41.0,455.0
2026-06-06 20:15:00,70,8,78,2026-06-06,20,388.0,42.0,430.0
2026-06-06 20:30:00,46,12,58,2026-06-06,20,319.0,47.0,366.0
2026-06-06 20:45:00,26,10,36,2026-06-06,20,239.0,45.0,284.0
2026-06-06 21:00:00,7,15,22,2026-06-06,21,149.0,45.0,194.0
2026-06-06 21:15:00,2,5,7,2026-06-06,21,81.0,42.0,123.0
2026-06-06 21:30:00,2,11,13,2026-06-06,21,37.0,41.0,78.0
2026-06-06 21:45:00,1,8,9,2026-06-06,21,12.0,39.0,51.0
2026-06-06 22:00:00,1,7,8,2026-06-06,22,6.0,31.0,37.0
2026-06-06 22:15:00,0,5,5,2026-06-06,22,4.0,31.0,35.0
2026-06-06 22:30:00,0,4,4,2026-06-06,22,2.0,24.0,26.0
2026-06-06 22:45:00,0,6,6,2026-06-06,22,1.0,22.0,23.0
2026-06-06 23:00:00,0,1,1,2026-06-06,23,0.0,16.0,16.0
2026-06-06 23:15:00,0,0,0,2026-06-06,23,0.0,11.0,11.0
2026-06-06 23:30:00,0,0,0,2026-06-06,23,0.0,7.0,7.0
2026-06-06 23:45:00,1,0,1,2026-06-06,23,1.0,1.0,2.0
2026-06-07 03:00:00,51,89,140,2026-06-07,3,51.0,89.0,140.0
2026-06-07 03:15:00,111,38,149,2026-06-07,3,162.0,127.0,289.0
2026-06-07 03:30:00,210,29,239,2026-06-07,3,372.0,156.0,528.0
2026-06-07 03:45:00,345,30,375,2026-06-07,3,717.0,186.0,903.0
2026-06-07 04:00:00,451,28,479,2026-06-07,4,1117.0,125.0,1242.0
2026-06-07 04:15:00,531,28,559,2026-06-07,4,1537.0,115.0,1652.0
2026-06-07 04:30:00,598,36,634,2026-06-07,4,1925.0,122.0,2047.0
2026-06-07 04:45:00,641,44,685,2026-06-07,4,2221.0,136.0,2357.0
2026-06-07 05:00:00,667,60,727,2026-06-07,5,2437.0,168.0,2605.0
2026-06-07 05:15:00,639,32,671,2026-06-07,5,2545.0,172.0,2717.0
2026-06-07 05:30:00,611,28,639,2026-06-07,5,2558.0,164.0,2722.0
2026-06-07 05:45:00,458,35,493,2026-06-07,5,2375.0,155.0,2530.0
2026-06-07 06:00:00,443,40,483,2026-06-07,6,2151.0,135.0,2286.0
2026-06-07 06:15:00,440,43,483,2026-06-07,6,1952.0,146.0,2098.0
2026-06-07 06:30:00,456,21,477,2026-06-07,6,1797.0,139.0,1936.0
2026-06-07 06:45:00,382,18,400,2026-06-07,6,1721.0,122.0,1843.0
2026-06-07 07:00:00,370,34,404,2026-06-07,7,1648.0,116.0,1764.0
2026-06-07 07:15:00,374,35,409,2026-06-07,7,1582.0,108.0,1690.0
2026-06-07 07:30:00,348,22,370,2026-06-07,7,1474.0,109.0,1583.0
2026-06-07 07:45:00,392,26,418,2026-06-07,7,1484.0,117.0,1601.0
2026-06-07 08:00:00,444,28,472,2026-06-07,8,1558.0,111.0,1669.0
2026-06-07 08:15:00,449,39,488,2026-06-07,8,1633.0,115.0,1748.0
2026-06-07 08:30:00,460,17,477,2026-06-07,8,1745.0,110.0,1855.0
2026-06-07 08:45:00,450,40,490,2026-06-07,8,1803.0,124.0,1927.0
2026-06-07 09:00:00,503,45,548,2026-06-07,9,1862.0,141.0,2003.0
2026-06-07 09:15:00,495,54,549,2026-06-07,9,1908.0,156.0,2064.0
2026-06-07 09:30:00,537,36,573,2026-06-07,9,1985.0,175.0,2160.0
2026-06-07 09:45:00,457,37,494,2026-06-07,9,1992.0,172.0,2164.0
2026-06-07 10:00:00,459,48,507,2026-06-07,10,1948.0,175.0,2123.0
2026-06-07 10:15:00,404,46,450,2026-06-07,10,1857.0,167.0,2024.0
2026-06-07 10:30:00,377,40,417,2026-06-07,10,1697.0,171.0,1868.0
2026-06-07 10:45:00,409,42,451,2026-06-07,10,1649.0,176.0,1825.0
2026-06-07 11:00:00,495,29,524,2026-06-07,11,1685.0,157.0,1842.0
2026-06-07 11:15:00,532,32,564,2026-06-07,11,1813.0,143.0,1956.0
2026-06-07 11:30:00,557,47,604,2026-06-07,11,1993.0,150.0,2143.0
2026-06-07 11:45:00,560,54,614,2026-06-07,11,2144.0,162.0,2306.0
2026-06-07 12:00:00,570,35,605,2026-06-07,12,2219.0,168.0,2387.0
2026-06-07 12:15:00,577,34,611,2026-06-07,12,2264.0,170.0,2434.0
2026-06-07 12:30:00,555,31,586,2026-06-07,12,2262.0,154.0,2416.0
2026-06-07 12:45:00,414,40,454,2026-06-07,12,2116.0,140.0,2256.0
2026-06-07 13:00:00,380,53,433,2026-06-07,13,1926.0,158.0,2084.0
2026-06-07 13:15:00,321,38,359,2026-06-07,13,1670.0,162.0,1832.0
2026-06-07 13:30:00,300,45,345,2026-06-07,13,1415.0,176.0,1591.0
2026-06-07 13:45:00,291,37,328,2026-06-07,13,1292.0,173.0,1465.0
2026-06-07 14:00:00,309,40,349,2026-06-07,14,1221.0,160.0,1381.0
2026-06-07 14:15:00,299,30,329,2026-06-07,14,1199.0,152.0,1351.0
2026-06-07 14:30:00,314,12,326,2026-06-07,14,1213.0,119.0,1332.0
2026-06-07 14:45:00,386,14,400,2026-06-07,14,1308.0,96.0,1404.0
2026-06-07 15:00:00,482,22,504,2026-06-07,15,1481.0,78.0,1559.0
2026-06-07 15:15:00,498,24,522,2026-06-07,15,1680.0,72.0,1752.0
2026-06-07 15:30:00,472,22,494,2026-06-07,15,1838.0,82.0,1920.0
2026-06-07 15:45:00,492,20,512,2026-06-07,15,1944.0,88.0,2032.0
2026-06-07 16:00:00,440,15,455,2026-06-07,16,1902.0,81.0,1983.0
2026-06-07 16:15:00,378,21,399,2026-06-07,16,1782.0,78.0,1860.0
2026-06-07 16:30:00,315,20,335,2026-06-07,16,1625.0,76.0,1701.0
2026-06-07 16:45:00,328,17,345,2026-06-07,16,1461.0,73.0,1534.0
2026-06-07 17:00:00,375,21,396,2026-06-07,17,1396.0,79.0,1475.0
2026-06-07 17:15:00,389,19,408,2026-06-07,17,1407.0,77.0,1484.0
2026-06-07 17:30:00,355,23,378,2026-06-07,17,1447.0,80.0,1527.0
2026-06-07 17:45:00,381,25,406,2026-06-07,17,1500.0,88.0,1588.0
2026-06-07 18:00:00,427,23,450,2026-06-07,18,1552.0,90.0,1642.0
2026-06-07 18:15:00,408,14,422,2026-06-07,18,1571.0,85.0,1656.0
2026-06-07 18:30:00,412,11,423,2026-06-07,18,1628.0,73.0,1701.0
2026-06-07 18:45:00,363,9,372,2026-06-07,18,1610.0,57.0,1667.0
2026-06-07 19:00:00,293,18,311,2026-06-07,19,1476.0,52.0,1528.0
2026-06-07 19:15:00,253,11,264,2026-06-07,19,1321.0,49.0,1370.0
2026-06-07 19:30:00,202,23,225,2026-06-07,19,1111.0,61.0,1172.0
2026-06-07 19:45:00,156,43,199,2026-06-07,19,904.0,95.0,999.0
2026-06-07 20:00:00,109,44,153,2026-06-07,20,720.0,121.0,841.0
2026-06-07 20:15:00,86,41,127,2026-06-07,20,553.0,151.0,704.0
2026-06-07 20:30:00,52,62,114,2026-06-07,20,403.0,190.0,593.0
2026-06-07 20:45:00,25,57,82,2026-06-07,20,272.0,204.0,476.0
2026-06-07 21:00:00,20,52,72,2026-06-07,21,183.0,212.0,395.0
2026-06-07 21:15:00,16,42,58,2026-06-07,21,113.0,213.0,326.0
2026-06-07 21:30:00,28,56,84,2026-06-07,21,89.0,207.0,296.0
2026-06-07 21:45:00,25,59,84,2026-06-07,21,89.0,209.0,298.0
2026-06-07 22:00:00,17,26,43,2026-06-07,22,86.0,183.0,269.0
2026-06-07 22:15:00,11,19,30,2026-06-07,22,81.0,160.0,241.0
2026-06-07 22:30:00,12,21,33,2026-06-07,22,65.0,125.0,190.0
2026-06-07 22:45:00,4,12,16,2026-06-07,22,44.0,78.0,122.0
2026-06-07 23:00:00,1,6,7,2026-06-07,23,28.0,58.0,86.0
2026-06-07 23:15:00,0,9,9,2026-06-07,23,17.0,48.0,65.0
2026-06-07 23:30:00,0,5,5,2026-06-07,23,5.0,32.0,37.0
2026-06-07 23:45:00,0,3,3,2026-06-07,23,1.0,23.0,24.0
2026-06-08 03:00:00,63,117,180,2026-06-08,3,63.0,117.0,180.0
2026-06-08 03:15:00,112,114,226,2026-06-08,3,175.0,231.0,406.0
2026-06-08 03:30:00,254,29,283,2026-06-08,3,429.0,260.0,689.0
2026-06-08 03:45:00,430,32,462,2026-06-08,3,859.0,292.0,1151.0
2026-06-08 04:00:00,540,25,565,2026-06-08,4,1336.0,200.0,1536.0
2026-06-08 04:15:00,631,36,667,2026-06-08,4,1855.0,122.0,1977.0
2026-06-08 04:30:00,708,57,765,2026-06-08,4,2309.0,150.0,2459.0
2026-06-08 04:45:00,711,52,763,2026-06-08,4,2590.0,170.0,2760.0
2026-06-08 05:00:00,661,58,719,2026-06-08,5,2711.0,203.0,2914.0
2026-06-08 05:15:00,567,43,610,2026-06-08,5,2647.0,210.0,2857.0
2026-06-08 05:30:00,475,29,504,2026-06-08,5,2414.0,182.0,2596.0
2026-06-08 05:45:00,509,56,565,2026-06-08,5,2212.0,186.0,2398.0
2026-06-08 06:00:00,533,52,585,2026-06-08,6,2084.0,180.0,2264.0
2026-06-08 06:15:00,497,55,552,2026-06-08,6,2014.0,192.0,2206.0
2026-06-08 06:30:00,456,21,477,2026-06-08,6,1995.0,184.0,2179.0
2026-06-08 06:45:00,474,32,506,2026-06-08,6,1960.0,160.0,2120.0
2026-06-08 07:00:00,462,21,483,2026-06-08,7,1889.0,129.0,2018.0
2026-06-08 07:15:00,468,29,497,2026-06-08,7,1860.0,103.0,1963.0
2026-06-08 07:30:00,473,22,495,2026-06-08,7,1877.0,104.0,1981.0
2026-06-08 07:45:00,488,21,509,2026-06-08,7,1891.0,93.0,1984.0
2026-06-08 08:00:00,572,29,601,2026-06-08,8,2001.0,101.0,2102.0
2026-06-08 08:15:00,559,36,595,2026-06-08,8,2092.0,108.0,2200.0
2026-06-08 08:30:00,556,23,579,2026-06-08,8,2175.0,109.0,2284.0
2026-06-08 08:45:00,555,34,589,2026-06-08,8,2242.0,122.0,2364.0
2026-06-08 09:00:00,497,28,525,2026-06-08,9,2167.0,121.0,2288.0
2026-06-08 09:15:00,485,41,526,2026-06-08,9,2093.0,126.0,2219.0
2026-06-08 09:30:00,485,43,528,2026-06-08,9,2022.0,146.0,2168.0
2026-06-08 09:45:00,463,37,500,2026-06-08,9,1930.0,149.0,2079.0
2026-06-08 10:00:00,438,40,478,2026-06-08,10,1871.0,161.0,2032.0
2026-06-08 10:15:00,410,57,467,2026-06-08,10,1796.0,177.0,1973.0
2026-06-08 10:30:00,406,40,446,2026-06-08,10,1717.0,174.0,1891.0
2026-06-08 10:45:00,421,44,465,2026-06-08,10,1675.0,181.0,1856.0
2026-06-08 11:00:00,498,41,539,2026-06-08,11,1735.0,182.0,1917.0
2026-06-08 11:15:00,582,38,620,2026-06-08,11,1907.0,163.0,2070.0
2026-06-08 11:30:00,645,47,692,2026-06-08,11,2146.0,170.0,2316.0
2026-06-08 11:45:00,661,49,710,2026-06-08,11,2386.0,175.0,2561.0
2026-06-08 12:00:00,690,49,739,2026-06-08,12,2578.0,183.0,2761.0
2026-06-08 12:15:00,601,38,639,2026-06-08,12,2597.0,183.0,2780.0
2026-06-08 12:30:00,495,49,544,2026-06-08,12,2447.0,185.0,2632.0
2026-06-08 12:45:00,430,42,472,2026-06-08,12,2216.0,178.0,2394.0
2026-06-08 13:00:00,418,29,447,2026-06-08,13,1944.0,158.0,2102.0
2026-06-08 13:15:00,422,26,448,2026-06-08,13,1765.0,146.0,1911.0
2026-06-08 13:30:00,394,35,429,2026-06-08,13,1664.0,132.0,1796.0
2026-06-08 13:45:00,368,39,407,2026-06-08,13,1602.0,129.0,1731.0
2026-06-08 14:00:00,405,22,427,2026-06-08,14,1589.0,122.0,1711.0
2026-06-08 14:15:00,424,36,460,2026-06-08,14,1591.0,132.0,1723.0
2026-06-08 14:30:00,396,34,430,2026-06-08,14,1593.0,131.0,1724.0
2026-06-08 14:45:00,437,29,466,2026-06-08,14,1662.0,121.0,1783.0
2026-06-08 15:00:00,490,33,523,2026-06-08,15,1747.0,132.0,1879.0
2026-06-08 15:15:00,559,28,587,2026-06-08,15,1882.0,124.0,2006.0
2026-06-08 15:30:00,532,32,564,2026-06-08,15,2018.0,122.0,2140.0
2026-06-08 15:45:00,425,31,456,2026-06-08,15,2006.0,124.0,2130.0
2026-06-08 16:00:00,325,17,342,2026-06-08,16,1841.0,108.0,1949.0
2026-06-08 16:15:00,343,19,362,2026-06-08,16,1625.0,99.0,1724.0
2026-06-08 16:30:00,332,19,351,2026-06-08,16,1425.0,86.0,1511.0
2026-06-08 16:45:00,321,14,335,2026-06-08,16,1321.0,69.0,1390.0
2026-06-08 17:00:00,349,20,369,2026-06-08,17,1345.0,72.0,1417.0
2026-06-08 17:15:00,405,17,422,2026-06-08,17,1407.0,70.0,1477.0
2026-06-08 17:30:00,422,9,431,2026-06-08,17,1497.0,60.0,1557.0
2026-06-08 17:45:00,411,12,423,2026-06-08,17,1587.0,58.0,1645.0
2026-06-08 18:00:00,333,38,371,2026-06-08,18,1571.0,76.0,1647.0
2026-06-08 18:15:00,281,17,298,2026-06-08,18,1447.0,76.0,1523.0
2026-06-08 18:30:00,223,19,242,2026-06-08,18,1248.0,86.0,1334.0
2026-06-08 18:45:00,183,39,222,2026-06-08,18,1020.0,113.0,1133.0
2026-06-08 19:00:00,158,46,204,2026-06-08,19,845.0,121.0,966.0
2026-06-08 19:15:00,172,35,207,2026-06-08,19,736.0,139.0,875.0
2026-06-08 19:30:00,148,35,183,2026-06-08,19,661.0,155.0,816.0
2026-06-08 19:45:00,139,42,181,2026-06-08,19,617.0,158.0,775.0
2026-06-08 20:00:00,104,46,150,2026-06-08,20,563.0,158.0,721.0
2026-06-08 20:15:00,80,30,110,2026-06-08,20,471.0,153.0,624.0
2026-06-08 20:30:00,52,50,102,2026-06-08,20,375.0,168.0,543.0
2026-06-08 20:45:00,31,42,73,2026-06-08,20,267.0,168.0,435.0
2026-06-08 21:00:00,20,47,67,2026-06-08,21,183.0,169.0,352.0
2026-06-08 21:15:00,5,29,34,2026-06-08,21,108.0,168.0,276.0
2026-06-08 21:30:00,2,30,32,2026-06-08,21,58.0,148.0,206.0
2026-06-08 21:45:00,2,27,29,2026-06-08,21,29.0,133.0,162.0
2026-06-08 22:00:00,1,10,11,2026-06-08,22,10.0,96.0,106.0
2026-06-08 22:15:00,0,9,9,2026-06-08,22,5.0,76.0,81.0
2026-06-08 22:30:00,0,6,6,2026-06-08,22,3.0,52.0,55.0
2026-06-08 22:45:00,1,6,7,2026-06-08,22,2.0,31.0,33.0
2026-06-08 23:00:00,0,13,13,2026-06-08,23,1.0,34.0,35.0
2026-06-08 23:15:00,1,8,9,2026-06-08,23,2.0,33.0,35.0
2026-06-08 23:30:00,0,3,3,2026-06-08,23,2.0,30.0,32.0
2026-06-08 23:45:00,1,3,4,2026-06-08,23,2.0,27.0,29.0
2026-06-09 03:00:00,85,83,168,2026-06-09,3,85.0,83.0,168.0
2026-06-09 03:15:00,149,31,180,2026-06-09,3,234.0,114.0,348.0
2026-06-09 03:30:00,264,38,302,2026-06-09,3,498.0,152.0,650.0
2026-06-09 03:45:00,421,33,454,2026-06-09,3,919.0,185.0,1104.0
2026-06-09 04:00:00,529,29,558,2026-06-09,4,1363.0,131.0,1494.0
2026-06-09 04:15:00,658,33,691,2026-06-09,4,1872.0,133.0,2005.0
2026-06-09 04:30:00,706,37,743,2026-06-09,4,2314.0,132.0,2446.0
2026-06-09 04:45:00,682,49,731,2026-06-09,4,2575.0,148.0,2723.0
2026-06-09 05:00:00,641,59,700,2026-06-09,5,2687.0,178.0,2865.0
2026-06-09 05:15:00,480,35,515,2026-06-09,5,2509.0,180.0,2689.0
2026-06-09 05:30:00,405,35,440,2026-06-09,5,2208.0,178.0,2386.0
2026-06-09 05:45:00,369,51,420,2026-06-09,5,1895.0,180.0,2075.0
2026-06-09 06:00:00,321,64,385,2026-06-09,6,1575.0,185.0,1760.0
2026-06-09 06:15:00,324,44,368,2026-06-09,6,1419.0,194.0,1613.0
2026-06-09 06:30:00,319,35,354,2026-06-09,6,1333.0,194.0,1527.0
2026-06-09 06:45:00,375,31,406,2026-06-09,6,1339.0,174.0,1513.0
2026-06-09 07:00:00,356,30,386,2026-06-09,7,1374.0,140.0,1514.0
2026-06-09 07:15:00,369,42,411,2026-06-09,7,1419.0,138.0,1557.0
2026-06-09 07:30:00,435,33,468,2026-06-09,7,1535.0,136.0,1671.0
2026-06-09 07:45:00,455,24,479,2026-06-09,7,1615.0,129.0,1744.0
2026-06-09 08:00:00,426,33,459,2026-06-09,8,1685.0,132.0,1817.0
2026-06-09 08:15:00,445,37,482,2026-06-09,8,1761.0,127.0,1888.0
2026-06-09 08:30:00,481,32,513,2026-06-09,8,1807.0,126.0,1933.0
2026-06-09 08:45:00,461,19,480,2026-06-09,8,1813.0,121.0,1934.0
2026-06-09 09:00:00,450,36,486,2026-06-09,9,1837.0,124.0,1961.0
2026-06-09 09:15:00,431,28,459,2026-06-09,9,1823.0,115.0,1938.0
2026-06-09 09:30:00,422,40,462,2026-06-09,9,1764.0,123.0,1887.0
2026-06-09 09:45:00,361,22,383,2026-06-09,9,1664.0,126.0,1790.0
2026-06-09 10:00:00,326,35,361,2026-06-09,10,1540.0,125.0,1665.0
2026-06-09 10:15:00,338,46,384,2026-06-09,10,1447.0,143.0,1590.0
2026-06-09 10:30:00,395,34,429,2026-06-09,10,1420.0,137.0,1557.0
2026-06-09 10:45:00,436,58,494,2026-06-09,10,1495.0,173.0,1668.0
2026-06-09 11:00:00,475,33,508,2026-06-09,11,1644.0,171.0,1815.0
2026-06-09 11:15:00,487,42,529,2026-06-09,11,1793.0,167.0,1960.0
2026-06-09 11:30:00,508,47,555,2026-06-09,11,1906.0,180.0,2086.0
2026-06-09 11:45:00,536,44,580,2026-06-09,11,2006.0,166.0,2172.0
2026-06-09 12:00:00,519,35,554,2026-06-09,12,2050.0,168.0,2218.0
2026-06-09 12:15:00,452,50,502,2026-06-09,12,2015.0,176.0,2191.0
2026-06-09 12:30:00,451,49,500,2026-06-09,12,1958.0,178.0,2136.0
2026-06-09 12:45:00,424,29,453,2026-06-09,12,1846.0,163.0,2009.0
2026-06-09 13:00:00,381,38,419,2026-06-09,13,1708.0,166.0,1874.0
2026-06-09 13:15:00,392,33,425,2026-06-09,13,1648.0,149.0,1797.0
2026-06-09 13:30:00,423,29,452,2026-06-09,13,1620.0,129.0,1749.0
2026-06-09 13:45:00,360,38,398,2026-06-09,13,1556.0,138.0,1694.0
2026-06-09 14:00:00,356,37,393,2026-06-09,14,1531.0,137.0,1668.0
2026-06-09 14:15:00,316,32,348,2026-06-09,14,1455.0,136.0,1591.0
2026-06-09 14:30:00,336,29,365,2026-06-09,14,1368.0,136.0,1504.0
2026-06-09 14:45:00,354,29,383,2026-06-09,14,1362.0,127.0,1489.0
2026-06-09 15:00:00,427,24,451,2026-06-09,15,1433.0,114.0,1547.0
2026-06-09 15:15:00,434,24,458,2026-06-09,15,1551.0,106.0,1657.0
2026-06-09 15:30:00,483,32,515,2026-06-09,15,1698.0,109.0,1807.0
2026-06-09 15:45:00,449,28,477,2026-06-09,15,1793.0,108.0,1901.0
2026-06-09 16:00:00,420,30,450,2026-06-09,16,1786.0,114.0,1900.0
2026-06-09 16:15:00,323,24,347,2026-06-09,16,1675.0,114.0,1789.0
2026-06-09 16:30:00,255,31,286,2026-06-09,16,1447.0,113.0,1560.0
2026-06-09 16:45:00,239,23,262,2026-06-09,16,1237.0,108.0,1345.0
2026-06-09 17:00:00,214,8,222,2026-06-09,17,1031.0,86.0,1117.0
2026-06-09 17:15:00,232,8,240,2026-06-09,17,940.0,70.0,1010.0
2026-06-09 17:30:00,235,16,251,2026-06-09,17,920.0,55.0,975.0
2026-06-09 17:45:00,245,12,257,2026-06-09,17,926.0,44.0,970.0
2026-06-09 18:00:00,269,28,297,2026-06-09,18,981.0,64.0,1045.0
2026-06-09 18:15:00,192,26,218,2026-06-09,18,941.0,82.0,1023.0
2026-06-09 18:30:00,163,31,194,2026-06-09,18,869.0,97.0,966.0
2026-06-09 18:45:00,155,45,200,2026-06-09,18,779.0,130.0,909.0
2026-06-09 19:00:00,110,67,177,2026-06-09,19,620.0,169.0,789.0
2026-06-09 19:15:00,131,50,181,2026-06-09,19,559.0,193.0,752.0
2026-06-09 19:30:00,105,29,134,2026-06-09,19,501.0,191.0,692.0
2026-06-09 19:45:00,90,43,133,2026-06-09,19,436.0,189.0,625.0
2026-06-09 20:00:00,71,39,110,2026-06-09,20,397.0,161.0,558.0
2026-06-09 20:15:00,57,39,96,2026-06-09,20,323.0,150.0,473.0
2026-06-09 20:30:00,38,35,73,2026-06-09,20,256.0,156.0,412.0
2026-06-09 20:45:00,28,39,67,2026-06-09,20,194.0,152.0,346.0
2026-06-09 21:00:00,11,40,51,2026-06-09,21,134.0,153.0,287.0
2026-06-09 21:15:00,5,27,32,2026-06-09,21,82.0,141.0,223.0
2026-06-09 21:30:00,2,43,45,2026-06-09,21,46.0,149.0,195.0
2026-06-09 21:45:00,1,41,42,2026-06-09,21,19.0,151.0,170.0
2026-06-09 22:00:00,0,23,23,2026-06-09,22,8.0,134.0,142.0
2026-06-09 22:15:00,0,14,14,2026-06-09,22,3.0,121.0,124.0
2026-06-09 22:30:00,1,7,8,2026-06-09,22,2.0,85.0,87.0
2026-06-09 22:45:00,0,10,10,2026-06-09,22,1.0,54.0,55.0
2026-06-09 23:00:00,0,2,2,2026-06-09,23,1.0,33.0,34.0
2026-06-09 23:15:00,0,5,5,2026-06-09,23,1.0,24.0,25.0
2026-06-09 23:30:00,0,2,2,2026-06-09,23,0.0,19.0,19.0
2026-06-09 23:45:00,0,1,1,2026-06-09,23,0.0,10.0,10.0
2026-06-10 03:00:00,55,75,130,2026-06-10,3,55.0,75.0,130.0
2026-06-10 03:15:00,110,28,138,2026-06-10,3,165.0,103.0,268.0
2026-06-10 03:30:00,274,29,303,2026-06-10,3,439.0,132.0,571.0
2026-06-10 03:45:00,396,31,427,2026-06-10,3,835.0,163.0,998.0
2026-06-10 04:00:00,524,32,556,2026-06-10,4,1304.0,120.0,1424.0
2026-06-10 04:15:00,596,41,637,2026-06-10,4,1790.0,133.0,1923.0
2026-06-10 04:30:00,649,50,699,2026-06-10,4,2165.0,154.0,2319.0
2026-06-10 04:45:00,603,52,655,2026-06-10,4,2372.0,175.0,2547.0
2026-06-10 05:00:00,562,45,607,2026-06-10,5,2410.0,188.0,2598.0
2026-06-10 05:15:00,556,43,599,2026-06-10,5,2370.0,190.0,2560.0
2026-06-10 05:30:00,498,31,529,2026-06-10,5,2219.0,171.0,2390.0
2026-06-10 05:45:00,483,43,526,2026-06-10,5,2099.0,162.0,2261.0
2026-06-10 06:00:00,452,51,503,2026-06-10,6,1989.0,168.0,2157.0
2026-06-10 06:15:00,418,45,463,2026-06-10,6,1851.0,170.0,2021.0
2026-06-10 06:30:00,461,35,496,2026-06-10,6,1814.0,174.0,1988.0
2026-06-10 06:45:00,543,30,573,2026-06-10,6,1874.0,161.0,2035.0
2026-06-10 07:00:00,567,28,595,2026-06-10,7,1989.0,138.0,2127.0
2026-06-10 07:15:00,548,20,568,2026-06-10,7,2119.0,113.0,2232.0
2026-06-10 07:30:00,482,22,504,2026-06-10,7,2140.0,100.0,2240.0
2026-06-10 07:45:00,436,36,472,2026-06-10,7,2033.0,106.0,2139.0
2026-06-10 08:00:00,376,48,424,2026-06-10,8,1842.0,126.0,1968.0
2026-06-10 08:15:00,399,24,423,2026-06-10,8,1693.0,130.0,1823.0
2026-06-10 08:30:00,454,43,497,2026-06-10,8,1665.0,151.0,1816.0
2026-06-10 08:45:00,497,46,543,2026-06-10,8,1726.0,161.0,1887.0
2026-06-10 09:00:00,509,57,566,2026-06-10,9,1859.0,170.0,2029.0
2026-06-10 09:15:00,460,48,508,2026-06-10,9,1920.0,194.0,2114.0
2026-06-10 09:30:00,413,53,466,2026-06-10,9,1879.0,204.0,2083.0
2026-06-10 09:45:00,371,81,452,2026-06-10,9,1753.0,239.0,1992.0
2026-06-10 10:00:00,340,58,398,2026-06-10,10,1584.0,240.0,1824.0
2026-06-10 10:15:00,327,38,365,2026-06-10,10,1451.0,230.0,1681.0
2026-06-10 10:30:00,355,36,391,2026-06-10,10,1393.0,213.0,1606.0
2026-06-10 10:45:00,418,31,449,2026-06-10,10,1440.0,163.0,1603.0
2026-06-10 11:00:00,425,46,471,2026-06-10,11,1525.0,151.0,1676.0
2026-06-10 11:15:00,468,41,509,2026-06-10,11,1666.0,154.0,1820.0
2026-06-10 11:30:00,478,36,514,2026-06-10,11,1789.0,154.0,1943.0
2026-06-10 11:45:00,499,39,538,2026-06-10,11,1870.0,162.0,2032.0
2026-06-10 12:00:00,512,43,555,2026-06-10,12,1957.0,159.0,2116.0
2026-06-10 12:15:00,453,55,508,2026-06-10,12,1942.0,173.0,2115.0
2026-06-10 12:30:00,440,55,495,2026-06-10,12,1904.0,192.0,2096.0
2026-06-10 12:45:00,466,57,523,2026-06-10,12,1871.0,210.0,2081.0
2026-06-10 13:00:00,449,44,493,2026-06-10,13,1808.0,211.0,2019.0
2026-06-10 13:15:00,420,42,462,2026-06-10,13,1775.0,198.0,1973.0
2026-06-10 13:30:00,403,38,441,2026-06-10,13,1738.0,181.0,1919.0
2026-06-10 13:45:00,383,24,407,2026-06-10,13,1655.0,148.0,1803.0
2026-06-10 14:00:00,318,52,370,2026-06-10,14,1524.0,156.0,1680.0
2026-06-10 14:15:00,337,33,370,2026-06-10,14,1441.0,147.0,1588.0
2026-06-10 14:30:00,323,27,350,2026-06-10,14,1361.0,136.0,1497.0
2026-06-10 14:45:00,357,33,390,2026-06-10,14,1335.0,145.0,1480.0
2026-06-10 15:00:00,394,25,419,2026-06-10,15,1411.0,118.0,1529.0
2026-06-10 15:15:00,452,23,475,2026-06-10,15,1526.0,108.0,1634.0
2026-06-10 15:30:00,449,29,478,2026-06-10,15,1652.0,110.0,1762.0
2026-06-10 15:45:00,375,27,402,2026-06-10,15,1670.0,104.0,1774.0
2026-06-10 16:00:00,330,16,346,2026-06-10,16,1606.0,95.0,1701.0
2026-06-10 16:15:00,312,10,322,2026-06-10,16,1466.0,82.0,1548.0
2026-06-10 16:30:00,291,11,302,2026-06-10,16,1308.0,64.0,1372.0
2026-06-10 16:45:00,287,30,317,2026-06-10,16,1220.0,67.0,1287.0
2026-06-10 17:00:00,310,11,321,2026-06-10,17,1200.0,62.0,1262.0
2026-06-10 17:15:00,324,7,331,2026-06-10,17,1212.0,59.0,1271.0
2026-06-10 17:30:00,274,11,285,2026-06-10,17,1195.0,59.0,1254.0
2026-06-10 17:45:00,240,18,258,2026-06-10,17,1148.0,47.0,1195.0
2026-06-10 18:00:00,230,43,273,2026-06-10,18,1068.0,79.0,1147.0
2026-06-10 18:15:00,218,19,237,2026-06-10,18,962.0,91.0,1053.0
2026-06-10 18:30:00,172,36,208,2026-06-10,18,860.0,116.0,976.0
2026-06-10 18:45:00,159,55,214,2026-06-10,18,779.0,153.0,932.0
2026-06-10 19:00:00,144,40,184,2026-06-10,19,693.0,150.0,843.0
2026-06-10 19:15:00,141,43,184,2026-06-10,19,616.0,174.0,790.0
2026-06-10 19:30:00,128,31,159,2026-06-10,19,572.0,169.0,741.0
2026-06-10 19:45:00,130,31,161,2026-06-10,19,543.0,145.0,688.0
2026-06-10 20:00:00,91,47,138,2026-06-10,20,490.0,152.0,642.0
2026-06-10 20:15:00,61,52,113,2026-06-10,20,410.0,161.0,571.0
2026-06-10 20:30:00,29,50,79,2026-06-10,20,311.0,180.0,491.0
2026-06-10 20:45:00,22,46,68,2026-06-10,20,203.0,195.0,398.0
2026-06-10 21:00:00,9,29,38,2026-06-10,21,121.0,177.0,298.0
2026-06-10 21:15:00,3,26,29,2026-06-10,21,63.0,151.0,214.0
2026-06-10 21:30:00,1,27,28,2026-06-10,21,35.0,128.0,163.0
2026-06-10 21:45:00,1,30,31,2026-06-10,21,14.0,112.0,126.0
2026-06-10 22:00:00,0,17,17,2026-06-10,22,5.0,100.0,105.0
2026-06-10 22:15:00,0,27,27,2026-06-10,22,2.0,101.0,103.0
2026-06-10 22:30:00,1,10,11,2026-06-10,22,2.0,84.0,86.0
2026-06-10 22:45:00,1,12,13,2026-06-10,22,2.0,66.0,68.0
2026-06-10 23:00:00,0,1,1,2026-06-10,23,2.0,50.0,52.0
2026-06-10 23:15:00,0,0,0,2026-06-10,23,2.0,23.0,25.0
2026-06-10 23:30:00,0,0,0,2026-06-10,23,1.0,13.0,14.0
2026-06-10 23:45:00,0,0,0,2026-06-10,23,0.0,1.0,1.0
2026-06-11 03:00:00,47,78,125,2026-06-11,3,47.0,78.0,125.0
2026-06-11 03:15:00,101,28,129,2026-06-11,3,148.0,106.0,254.0
2026-06-11 03:30:00,240,37,277,2026-06-11,3,388.0,143.0,531.0
2026-06-11 03:45:00,406,41,447,2026-06-11,3,794.0,184.0,978.0
2026-06-11 04:00:00,514,28,542,2026-06-11,4,1261.0,134.0,1395.0
2026-06-11 04:15:00,618,31,649,2026-06-11,4,1778.0,137.0,1915.0
2026-06-11 04:30:00,647,34,681,2026-06-11,4,2185.0,134.0,2319.0
2026-06-11 04:45:00,662,48,710,2026-06-11,4,2441.0,141.0,2582.0
2026-06-11 05:00:00,631,57,688,2026-06-11,5,2558.0,170.0,2728.0
2026-06-11 05:15:00,644,44,688,2026-06-11,5,2584.0,183.0,2767.0
2026-06-11 05:30:00,606,27,633,2026-06-11,5,2543.0,176.0,2719.0
2026-06-11 05:45:00,523,37,560,2026-06-11,5,2404.0,165.0,2569.0
2026-06-11 06:00:00,499,58,557,2026-06-11,6,2272.0,166.0,2438.0
2026-06-11 06:15:00,513,29,542,2026-06-11,6,2141.0,151.0,2292.0
2026-06-11 06:30:00,575,30,605,2026-06-11,6,2110.0,154.0,2264.0
2026-06-11 06:45:00,560,40,600,2026-06-11,6,2147.0,157.0,2304.0
2026-06-11 07:00:00,472,31,503,2026-06-11,7,2120.0,130.0,2250.0
2026-06-11 07:15:00,483,38,521,2026-06-11,7,2090.0,139.0,2229.0
2026-06-11 07:30:00,432,25,457,2026-06-11,7,1947.0,134.0,2081.0
2026-06-11 07:45:00,385,28,413,2026-06-11,7,1772.0,122.0,1894.0
2026-06-11 08:00:00,395,21,416,2026-06-11,8,1695.0,112.0,1807.0
2026-06-11 08:15:00,397,26,423,2026-06-11,8,1609.0,100.0,1709.0
2026-06-11 08:30:00,445,26,471,2026-06-11,8,1622.0,101.0,1723.0
2026-06-11 08:45:00,479,30,509,2026-06-11,8,1716.0,103.0,1819.0
2026-06-11 09:00:00,514,34,548,2026-06-11,9,1835.0,116.0,1951.0
2026-06-11 09:15:00,536,24,560,2026-06-11,9,1974.0,114.0,2088.0
2026-06-11 09:30:00,548,24,572,2026-06-11,9,2077.0,112.0,2189.0
2026-06-11 09:45:00,509,32,541,2026-06-11,9,2107.0,114.0,2221.0
2026-06-11 10:00:00,444,40,484,2026-06-11,10,2037.0,120.0,2157.0
2026-06-11 10:15:00,478,47,525,2026-06-11,10,1979.0,143.0,2122.0
2026-06-11 10:30:00,453,33,486,2026-06-11,10,1884.0,152.0,2036.0
2026-06-11 10:45:00,461,50,511,2026-06-11,10,1836.0,170.0,2006.0
2026-06-11 11:00:00,484,49,533,2026-06-11,11,1876.0,179.0,2055.0
2026-06-11 11:15:00,537,36,573,2026-06-11,11,1935.0,168.0,2103.0
2026-06-11 11:30:00,538,46,584,2026-06-11,11,2020.0,181.0,2201.0
2026-06-11 11:45:00,498,53,551,2026-06-11,11,2057.0,184.0,2241.0
2026-06-11 12:00:00,438,40,478,2026-06-11,12,2011.0,175.0,2186.0
2026-06-11 12:15:00,466,40,506,2026-06-11,12,1940.0,179.0,2119.0
2026-06-11 12:30:00,438,44,482,2026-06-11,12,1840.0,177.0,2017.0
2026-06-11 12:45:00,432,51,483,2026-06-11,12,1774.0,175.0,1949.0
2026-06-11 13:00:00,431,49,480,2026-06-11,13,1767.0,184.0,1951.0
2026-06-11 13:15:00,434,46,480,2026-06-11,13,1735.0,190.0,1925.0
2026-06-11 13:30:00,457,35,492,2026-06-11,13,1754.0,181.0,1935.0
2026-06-11 13:45:00,402,40,442,2026-06-11,13,1724.0,170.0,1894.0
2026-06-11 14:00:00,390,36,426,2026-06-11,14,1683.0,157.0,1840.0
2026-06-11 14:15:00,417,34,451,2026-06-11,14,1666.0,145.0,1811.0
2026-06-11 14:30:00,338,49,387,2026-06-11,14,1547.0,159.0,1706.0
2026-06-11 14:45:00,375,50,425,2026-06-11,14,1520.0,169.0,1689.0
2026-06-11 15:00:00,468,34,502,2026-06-11,15,1598.0,167.0,1765.0
2026-06-11 15:15:00,452,21,473,2026-06-11,15,1633.0,154.0,1787.0
2026-06-11 15:30:00,389,32,421,2026-06-11,15,1684.0,137.0,1821.0
2026-06-11 15:45:00,382,28,410,2026-06-11,15,1691.0,115.0,1806.0
2026-06-11 16:00:00,366,24,390,2026-06-11,16,1589.0,105.0,1694.0
2026-06-11 16:15:00,378,25,403,2026-06-11,16,1515.0,109.0,1624.0
2026-06-11 16:30:00,336,18,354,2026-06-11,16,1462.0,95.0,1557.0
2026-06-11 16:45:00,361,21,382,2026-06-11,16,1441.0,88.0,1529.0
2026-06-11 17:00:00,394,23,417,2026-06-11,17,1469.0,87.0,1556.0
2026-06-11 17:15:00,392,13,405,2026-06-11,17,1483.0,75.0,1558.0
2026-06-11 17:30:00,380,14,394,2026-06-11,17,1527.0,71.0,1598.0
2026-06-11 17:45:00,332,30,362,2026-06-11,17,1498.0,80.0,1578.0
2026-06-11 18:00:00,290,25,315,2026-06-11,18,1394.0,82.0,1476.0
2026-06-11 18:15:00,232,19,251,2026-06-11,18,1234.0,88.0,1322.0
2026-06-11 18:30:00,195,37,232,2026-06-11,18,1049.0,111.0,1160.0
2026-06-11 18:45:00,176,50,226,2026-06-11,18,893.0,131.0,1024.0
2026-06-11 19:00:00,158,27,185,2026-06-11,19,761.0,133.0,894.0
2026-06-11 19:15:00,171,36,207,2026-06-11,19,700.0,150.0,850.0
2026-06-11 19:30:00,152,41,193,2026-06-11,19,657.0,154.0,811.0
2026-06-11 19:45:00,137,56,193,2026-06-11,19,618.0,160.0,778.0
2026-06-11 20:00:00,106,29,135,2026-06-11,20,566.0,162.0,728.0
2026-06-11 20:15:00,81,44,125,2026-06-11,20,476.0,170.0,646.0
2026-06-11 20:30:00,52,46,98,2026-06-11,20,376.0,175.0,551.0
2026-06-11 20:45:00,30,45,75,2026-06-11,20,269.0,164.0,433.0
2026-06-11 21:00:00,30,57,87,2026-06-11,21,193.0,192.0,385.0
2026-06-11 21:15:00,5,31,36,2026-06-11,21,117.0,179.0,296.0
2026-06-11 21:30:00,1,45,46,2026-06-11,21,66.0,178.0,244.0
2026-06-11 21:45:00,1,41,42,2026-06-11,21,37.0,174.0,211.0
2026-06-11 22:00:00,1,28,29,2026-06-11,22,8.0,145.0,153.0
2026-06-11 22:15:00,0,22,22,2026-06-11,22,3.0,136.0,139.0
2026-06-11 22:30:00,0,4,4,2026-06-11,22,2.0,95.0,97.0
2026-06-11 22:45:00,0,4,4,2026-06-11,22,1.0,58.0,59.0
2026-06-11 23:00:00,0,24,24,2026-06-11,23,0.0,54.0,54.0
2026-06-11 23:15:00,0,8,8,2026-06-11,23,0.0,40.0,40.0
2026-06-11 23:30:00,0,0,0,2026-06-11,23,0.0,36.0,36.0
2026-06-11 23:45:00,0,0,0,2026-06-11,23,0.0,32.0,32.0
2026-06-12 03:00:00,80,34,114,2026-06-12,3,80.0,34.0,114.0
2026-06-12 03:15:00,137,44,181,2026-06-12,3,217.0,78.0,295.0
2026-06-12 03:30:00,225,58,283,2026-06-12,3,442.0,136.0,578.0
2026-06-12 03:45:00,420,69,489,2026-06-12,3,862.0,205.0,1067.0
2026-06-12 04:00:00,652,38,690,2026-06-12,4,1434.0,209.0,1643.0
2026-06-12 04:15:00,838,32,870,2026-06-12,4,2135.0,197.0,2332.0
2026-06-12 04:30:00,760,77,837,2026-06-12,4,2670.0,216.0,2886.0
2026-06-12 04:45:00,725,83,808,2026-06-12,4,2975.0,230.0,3205.0
2026-06-12 05:00:00,671,58,729,2026-06-12,5,2994.0,250.0,3244.0
2026-06-12 05:15:00,552,46,598,2026-06-12,5,2708.0,264.0,2972.0
2026-06-12 05:30:00,365,44,409,2026-06-12,5,2313.0,231.0,2544.0
2026-06-12 05:45:00,314,53,367,2026-06-12,5,1902.0,201.0,2103.0
2026-06-12 06:00:00,387,40,427,2026-06-12,6,1618.0,183.0,1801.0
2026-06-12 06:15:00,428,51,479,2026-06-12,6,1494.0,188.0,1682.0
2026-06-12 06:30:00,444,41,485,2026-06-12,6,1573.0,185.0,1758.0
2026-06-12 06:45:00,555,32,587,2026-06-12,6,1814.0,164.0,1978.0
2026-06-12 07:00:00,585,30,615,2026-06-12,7,2012.0,154.0,2166.0
2026-06-12 07:15:00,548,37,585,2026-06-12,7,2132.0,140.0,2272.0
2026-06-12 07:30:00,538,24,562,2026-06-12,7,2226.0,123.0,2349.0
2026-06-12 07:45:00,521,24,545,2026-06-12,7,2192.0,115.0,2307.0
2026-06-12 08:00:00,549,38,587,2026-06-12,8,2156.0,123.0,2279.0
2026-06-12 08:15:00,549,38,587,2026-06-12,8,2157.0,124.0,2281.0
2026-06-12 08:30:00,467,30,497,2026-06-12,8,2086.0,130.0,2216.0
2026-06-12 08:45:00,387,29,416,2026-06-12,8,1952.0,135.0,2087.0
2026-06-12 09:00:00,410,32,442,2026-06-12,9,1813.0,129.0,1942.0
2026-06-12 09:15:00,388,36,424,2026-06-12,9,1652.0,127.0,1779.0
2026-06-12 09:30:00,408,46,454,2026-06-12,9,1593.0,143.0,1736.0
2026-06-12 09:45:00,392,47,439,2026-06-12,9,1598.0,161.0,1759.0
2026-06-12 10:00:00,399,58,457,2026-06-12,10,1587.0,187.0,1774.0
2026-06-12 10:15:00,412,43,455,2026-06-12,10,1611.0,194.0,1805.0
2026-06-12 10:30:00,407,65,472,2026-06-12,10,1610.0,213.0,1823.0
2026-06-12 10:45:00,414,54,468,2026-06-12,10,1632.0,220.0,1852.0
2026-06-12 11:00:00,450,43,493,2026-06-12,11,1683.0,205.0,1888.0
2026-06-12 11:15:00,524,55,579,2026-06-12,11,1795.0,217.0,2012.0
2026-06-12 11:30:00,583,64,647,2026-06-12,11,1971.0,216.0,2187.0
2026-06-12 11:45:00,646,67,713,2026-06-12,11,2203.0,229.0,2432.0
2026-06-12 12:00:00,678,69,747,2026-06-12,12,2431.0,255.0,2686.0
2026-06-12 12:15:00,684,59,743,2026-06-12,12,2591.0,259.0,2850.0
2026-06-12 12:30:00,615,51,666,2026-06-12,12,2623.0,246.0,2869.0
2026-06-12 12:45:00,548,62,610,2026-06-12,12,2525.0,241.0,2766.0
2026-06-12 13:00:00,454,49,503,2026-06-12,13,2301.0,221.0,2522.0
2026-06-12 13:15:00,424,36,460,2026-06-12,13,2041.0,198.0,2239.0
2026-06-12 13:30:00,364,52,416,2026-06-12,13,1790.0,199.0,1989.0
2026-06-12 13:45:00,318,47,365,2026-06-12,13,1560.0,184.0,1744.0
2026-06-12 14:00:00,341,32,373,2026-06-12,14,1447.0,167.0,1614.0
2026-06-12 14:15:00,319,34,353,2026-06-12,14,1342.0,165.0,1507.0
2026-06-12 14:30:00,293,30,323,2026-06-12,14,1271.0,143.0,1414.0
2026-06-12 14:45:00,340,36,376,2026-06-12,14,1293.0,132.0,1425.0
2026-06-12 15:00:00,391,32,423,2026-06-12,15,1343.0,132.0,1475.0
2026-06-12 15:15:00,417,18,435,2026-06-12,15,1441.0,116.0,1557.0
2026-06-12 15:30:00,477,18,495,2026-06-12,15,1625.0,104.0,1729.0
2026-06-12 15:45:00,503,19,522,2026-06-12,15,1788.0,87.0,1875.0
2026-06-12 16:00:00,426,16,442,2026-06-12,16,1823.0,71.0,1894.0
2026-06-12 16:15:00,413,19,432,2026-06-12,16,1819.0,72.0,1891.0
2026-06-12 16:30:00,374,14,388,2026-06-12,16,1716.0,68.0,1784.0
2026-06-12 16:45:00,365,27,392,2026-06-12,16,1578.0,76.0,1654.0
2026-06-12 17:00:00,389,27,416,2026-06-12,17,1541.0,87.0,1628.0
2026-06-12 17:15:00,421,15,436,2026-06-12,17,1549.0,83.0,1632.0
2026-06-12 17:30:00,388,14,402,2026-06-12,17,1563.0,83.0,1646.0
2026-06-12 17:45:00,375,20,395,2026-06-12,17,1573.0,76.0,1649.0
2026-06-12 18:00:00,292,20,312,2026-06-12,18,1476.0,69.0,1545.0
2026-06-12 18:15:00,245,8,253,2026-06-12,18,1300.0,62.0,1362.0
2026-06-12 18:30:00,169,11,180,2026-06-12,18,1081.0,59.0,1140.0
2026-06-12 18:45:00,143,11,154,2026-06-12,18,849.0,50.0,899.0
2026-06-12 19:00:00,142,11,153,2026-06-12,19,699.0,41.0,740.0
2026-06-12 19:15:00,121,11,132,2026-06-12,19,575.0,44.0,619.0
2026-06-12 19:30:00,136,13,149,2026-06-12,19,542.0,46.0,588.0
2026-06-12 19:45:00,145,11,156,2026-06-12,19,544.0,46.0,590.0
2026-06-12 20:00:00,149,9,158,2026-06-12,20,551.0,44.0,595.0
2026-06-12 20:15:00,118,11,129,2026-06-12,20,548.0,44.0,592.0
2026-06-12 20:30:00,74,8,82,2026-06-12,20,486.0,39.0,525.0
2026-06-12 20:45:00,48,12,60,2026-06-12,20,389.0,40.0,429.0
2026-06-12 21:00:00,18,7,25,2026-06-12,21,258.0,38.0,296.0
2026-06-12 21:15:00,7,5,12,2026-06-12,21,147.0,32.0,179.0
2026-06-12 21:30:00,5,13,18,2026-06-12,21,78.0,37.0,115.0
2026-06-12 21:45:00,7,12,19,2026-06-12,21,37.0,37.0,74.0
2026-06-12 22:00:00,6,6,12,2026-06-12,22,25.0,36.0,61.0
2026-06-12 22:15:00,5,4,9,2026-06-12,22,23.0,35.0,58.0
2026-06-12 22:30:00,3,3,6,2026-06-12,22,21.0,25.0,46.0
2026-06-12 22:45:00,1,1,2,2026-06-12,22,15.0,14.0,29.0
2026-06-12 23:00:00,1,3,4,2026-06-12,23,10.0,11.0,21.0
2026-06-12 23:15:00,0,3,3,2026-06-12,23,5.0,10.0,15.0
2026-06-12 23:30:00,0,4,4,2026-06-12,23,2.0,11.0,13.0
2026-06-12 23:45:00,0,6,6,2026-06-12,23,1.0,16.0,17.0
2026-06-13 03:00:00,48,41,89,2026-06-13,3,48.0,41.0,89.0
2026-06-13 03:15:00,83,48,131,2026-06-13,3,131.0,89.0,220.0
2026-06-13 03:30:00,245,74,319,2026-06-13,3,376.0,163.0,539.0
2026-06-13 03:45:00,426,68,494,2026-06-13,3,802.0,231.0,1033.0
2026-06-13 04:00:00,555,51,606,2026-06-13,4,1309.0,241.0,1550.0
2026-06-13 04:15:00,750,35,785,2026-06-13,4,1976.0,228.0,2204.0
2026-06-13 04:30:00,746,64,810,2026-06-13,4,2477.0,218.0,2695.0
2026-06-13 04:45:00,725,72,797,2026-06-13,4,2776.0,222.0,2998.0
2026-06-13 05:00:00,593,77,670,2026-06-13,5,2814.0,248.0,3062.0
2026-06-13 05:15:00,573,38,611,2026-06-13,5,2637.0,251.0,2888.0
2026-06-13 05:30:00,513,42,555,2026-06-13,5,2404.0,229.0,2633.0
2026-06-13 05:45:00,479,62,541,2026-06-13,5,2158.0,219.0,2377.0
2026-06-13 06:00:00,445,61,506,2026-06-13,6,2010.0,203.0,2213.0
2026-06-13 06:15:00,445,46,491,2026-06-13,6,1882.0,211.0,2093.0
2026-06-13 06:30:00,428,39,467,2026-06-13,6,1797.0,208.0,2005.0
2026-06-13 06:45:00,475,30,505,2026-06-13,6,1793.0,176.0,1969.0
2026-06-13 07:00:00,507,26,533,2026-06-13,7,1855.0,141.0,1996.0
2026-06-13 07:15:00,505,38,543,2026-06-13,7,1915.0,133.0,2048.0
2026-06-13 07:30:00,499,29,528,2026-06-13,7,1986.0,123.0,2109.0
2026-06-13 07:45:00,439,31,470,2026-06-13,7,1950.0,124.0,2074.0
2026-06-13 08:00:00,377,25,402,2026-06-13,8,1820.0,123.0,1943.0
2026-06-13 08:15:00,391,27,418,2026-06-13,8,1706.0,112.0,1818.0
2026-06-13 08:30:00,439,20,459,2026-06-13,8,1646.0,103.0,1749.0
2026-06-13 08:45:00,563,34,597,2026-06-13,8,1770.0,106.0,1876.0
2026-06-13 09:00:00,616,32,648,2026-06-13,9,2009.0,113.0,2122.0
2026-06-13 09:15:00,590,27,617,2026-06-13,9,2208.0,113.0,2321.0
2026-06-13 09:30:00,514,32,546,2026-06-13,9,2283.0,125.0,2408.0
2026-06-13 09:45:00,450,37,487,2026-06-13,9,2170.0,128.0,2298.0
2026-06-13 10:00:00,431,31,462,2026-06-13,10,1985.0,127.0,2112.0
2026-06-13 10:15:00,430,49,479,2026-06-13,10,1825.0,149.0,1974.0
2026-06-13 10:30:00,414,51,465,2026-06-13,10,1725.0,168.0,1893.0
2026-06-13 10:45:00,441,53,494,2026-06-13,10,1716.0,184.0,1900.0
2026-06-13 11:00:00,481,47,528,2026-06-13,11,1766.0,200.0,1966.0
2026-06-13 11:15:00,519,54,573,2026-06-13,11,1855.0,205.0,2060.0
2026-06-13 11:30:00,462,69,531,2026-06-13,11,1903.0,223.0,2126.0
2026-06-13 11:45:00,469,78,547,2026-06-13,11,1931.0,248.0,2179.0
2026-06-13 12:00:00,445,49,494,2026-06-13,12,1895.0,250.0,2145.0
2026-06-13 12:15:00,451,39,490,2026-06-13,12,1827.0,235.0,2062.0
2026-06-13 12:30:00,414,50,464,2026-06-13,12,1779.0,216.0,1995.0
2026-06-13 12:45:00,393,55,448,2026-06-13,12,1703.0,193.0,1896.0
2026-06-13 13:00:00,374,45,419,2026-06-13,13,1632.0,189.0,1821.0
2026-06-13 13:15:00,323,42,365,2026-06-13,13,1504.0,192.0,1696.0
2026-06-13 13:30:00,349,41,390,2026-06-13,13,1439.0,183.0,1622.0
2026-06-13 13:45:00,314,39,353,2026-06-13,13,1360.0,167.0,1527.0
2026-06-13 14:00:00,291,34,325,2026-06-13,14,1277.0,156.0,1433.0
2026-06-13 14:15:00,298,30,328,2026-06-13,14,1252.0,144.0,1396.0
2026-06-13 14:30:00,250,32,282,2026-06-13,14,1153.0,135.0,1288.0
2026-06-13 14:45:00,301,26,327,2026-06-13,14,1140.0,122.0,1262.0
2026-06-13 15:00:00,365,25,390,2026-06-13,15,1214.0,113.0,1327.0
2026-06-13 15:15:00,387,26,413,2026-06-13,15,1303.0,109.0,1412.0
2026-06-13 15:30:00,378,29,407,2026-06-13,15,1431.0,106.0,1537.0
2026-06-13 15:45:00,398,26,424,2026-06-13,15,1528.0,106.0,1634.0
2026-06-13 16:00:00,385,25,410,2026-06-13,16,1548.0,106.0,1654.0
2026-06-13 16:15:00,366,11,377,2026-06-13,16,1527.0,91.0,1618.0
2026-06-13 16:30:00,320,13,333,2026-06-13,16,1469.0,75.0,1544.0
2026-06-13 16:45:00,259,22,281,2026-06-13,16,1330.0,71.0,1401.0
2026-06-13 17:00:00,218,21,239,2026-06-13,17,1163.0,67.0,1230.0
2026-06-13 17:15:00,174,11,185,2026-06-13,17,971.0,67.0,1038.0
2026-06-13 17:30:00,168,9,177,2026-06-13,17,819.0,63.0,882.0
2026-06-13 17:45:00,172,11,183,2026-06-13,17,732.0,52.0,784.0
2026-06-13 18:00:00,168,18,186,2026-06-13,18,682.0,49.0,731.0
2026-06-13 18:15:00,153,13,166,2026-06-13,18,661.0,51.0,712.0
2026-06-13 18:30:00,125,15,140,2026-06-13,18,618.0,57.0,675.0
2026-06-13 18:45:00,102,15,117,2026-06-13,18,548.0,61.0,609.0
2026-06-13 19:00:00,97,12,109,2026-06-13,19,477.0,55.0,532.0
2026-06-13 19:15:00,103,7,110,2026-06-13,19,427.0,49.0,476.0
2026-06-13 19:30:00,119,8,127,2026-06-13,19,421.0,42.0,463.0
2026-06-13 19:45:00,109,12,121,2026-06-13,19,428.0,39.0,467.0
2026-06-13 20:00:00,99,16,115,2026-06-13,20,430.0,43.0,473.0
2026-06-13 20:15:00,70,8,78,2026-06-13,20,397.0,44.0,441.0
2026-06-13 20:30:00,45,12,57,2026-06-13,20,323.0,48.0,371.0
2026-06-13 20:45:00,26,10,36,2026-06-13,20,240.0,46.0,286.0
2026-06-13 21:00:00,7,16,23,2026-06-13,21,148.0,46.0,194.0
2026-06-13 21:15:00,2,5,7,2026-06-13,21,80.0,43.0,123.0
2026-06-13 21:30:00,2,11,13,2026-06-13,21,37.0,42.0,79.0
2026-06-13 21:45:00,1,9,10,2026-06-13,21,12.0,41.0,53.0
2026-06-13 22:00:00,1,8,9,2026-06-13,22,6.0,33.0,39.0
2026-06-13 22:15:00,0,6,6,2026-06-13,22,4.0,34.0,38.0
2026-06-13 22:30:00,0,4,4,2026-06-13,22,2.0,27.0,29.0
2026-06-13 22:45:00,0,6,6,2026-06-13,22,1.0,24.0,25.0
2026-06-13 23:00:00,0,1,1,2026-06-13,23,0.0,17.0,17.0
2026-06-13 23:15:00,0,0,0,2026-06-13,23,0.0,11.0,11.0
2026-06-13 23:30:00,0,0,0,2026-06-13,23,0.0,7.0,7.0
2026-06-13 23:45:00,1,0,1,2026-06-13,23,1.0,1.0,2.0
2026-06-14 03:00:00,55,88,143,2026-06-14,3,55.0,88.0,143.0
2026-06-14 03:15:00,120,38,158,2026-06-14,3,175.0,126.0,301.0
2026-06-14 03:30:00,227,29,256,2026-06-14,3,402.0,155.0,557.0
2026-06-14 03:45:00,369,30,399,2026-06-14,3,771.0,185.0,956.0
2026-06-14 04:00:00,476,28,504,2026-06-14,4,1192.0,125.0,1317.0
2026-06-14 04:15:00,558,28,586,2026-06-14,4,1630.0,115.0,1745.0
2026-06-14 04:30:00,610,36,646,2026-06-14,4,2013.0,122.0,2135.0
2026-06-14 04:45:00,640,44,684,2026-06-14,4,2284.0,136.0,2420.0
2026-06-14 05:00:00,652,59,711,2026-06-14,5,2460.0,167.0,2627.0
2026-06-14 05:15:00,625,32,657,2026-06-14,5,2527.0,171.0,2698.0
2026-06-14 05:30:00,590,27,617,2026-06-14,5,2507.0,162.0,2669.0
2026-06-14 05:45:00,442,35,477,2026-06-14,5,2309.0,153.0,2462.0
2026-06-14 06:00:00,433,40,473,2026-06-14,6,2090.0,134.0,2224.0
2026-06-14 06:15:00,446,43,489,2026-06-14,6,1911.0,145.0,2056.0
2026-06-14 06:30:00,449,21,470,2026-06-14,6,1770.0,139.0,1909.0
2026-06-14 06:45:00,373,17,390,2026-06-14,6,1701.0,121.0,1822.0
2026-06-14 07:00:00,366,34,400,2026-06-14,7,1634.0,115.0,1749.0
2026-06-14 07:15:00,398,35,433,2026-06-14,7,1586.0,107.0,1693.0
2026-06-14 07:30:00,383,22,405,2026-06-14,7,1520.0,108.0,1628.0
2026-06-14 07:45:00,416,26,442,2026-06-14,7,1563.0,117.0,1680.0
2026-06-14 08:00:00,461,28,489,2026-06-14,8,1658.0,111.0,1769.0
2026-06-14 08:15:00,461,38,499,2026-06-14,8,1721.0,114.0,1835.0
2026-06-14 08:30:00,467,17,484,2026-06-14,8,1805.0,109.0,1914.0
2026-06-14 08:45:00,453,39,492,2026-06-14,8,1842.0,122.0,1964.0
2026-06-14 09:00:00,504,45,549,2026-06-14,9,1885.0,139.0,2024.0
2026-06-14 09:15:00,508,54,562,2026-06-14,9,1932.0,155.0,2087.0
2026-06-14 09:30:00,558,36,594,2026-06-14,9,2023.0,174.0,2197.0
2026-06-14 09:45:00,488,37,525,2026-06-14,9,2058.0,172.0,2230.0
2026-06-14 10:00:00,491,48,539,2026-06-14,10,2045.0,175.0,2220.0
2026-06-14 10:15:00,427,46,473,2026-06-14,10,1964.0,167.0,2131.0
2026-06-14 10:30:00,396,40,436,2026-06-14,10,1802.0,171.0,1973.0
2026-06-14 10:45:00,437,42,479,2026-06-14,10,1751.0,176.0,1927.0
2026-06-14 11:00:00,528,29,557,2026-06-14,11,1788.0,157.0,1945.0
2026-06-14 11:15:00,576,32,608,2026-06-14,11,1937.0,143.0,2080.0
2026-06-14 11:30:00,602,47,649,2026-06-14,11,2143.0,150.0,2293.0
2026-06-14 11:45:00,601,54,655,2026-06-14,11,2307.0,162.0,2469.0
2026-06-14 12:00:00,599,35,634,2026-06-14,12,2378.0,168.0,2546.0
2026-06-14 12:15:00,594,34,628,2026-06-14,12,2396.0,170.0,2566.0
2026-06-14 12:30:00,562,31,593,2026-06-14,12,2356.0,154.0,2510.0
2026-06-14 12:45:00,427,39,466,2026-06-14,12,2182.0,139.0,2321.0
2026-06-14 13:00:00,391,53,444,2026-06-14,13,1974.0,157.0,2131.0
2026-06-14 13:15:00,337,38,375,2026-06-14,13,1717.0,161.0,1878.0
2026-06-14 13:30:00,319,45,364,2026-06-14,13,1474.0,175.0,1649.0
2026-06-14 13:45:00,313,37,350,2026-06-14,13,1360.0,173.0,1533.0
2026-06-14 14:00:00,329,40,369,2026-06-14,14,1298.0,160.0,1458.0
2026-06-14 14:15:00,319,30,349,2026-06-14,14,1280.0,152.0,1432.0
2026-06-14 14:30:00,331,12,343,2026-06-14,14,1292.0,119.0,1411.0
2026-06-14 14:45:00,411,14,425,2026-06-14,14,1390.0,96.0,1486.0
2026-06-14 15:00:00,508,22,530,2026-06-14,15,1569.0,78.0,1647.0
2026-06-14 15:15:00,510,24,534,2026-06-14,15,1760.0,72.0,1832.0
2026-06-14 15:30:00,487,22,509,2026-06-14,15,1916.0,82.0,1998.0
2026-06-14 15:45:00,514,20,534,2026-06-14,15,2019.0,88.0,2107.0
2026-06-14 16:00:00,476,15,491,2026-06-14,16,1987.0,81.0,2068.0
2026-06-14 16:15:00,408,21,429,2026-06-14,16,1885.0,78.0,1963.0
2026-06-14 16:30:00,346,20,366,2026-06-14,16,1744.0,76.0,1820.0
2026-06-14 16:45:00,348,17,365,2026-06-14,16,1578.0,73.0,1651.0
2026-06-14 17:00:00,395,21,416,2026-06-14,17,1497.0,79.0,1576.0
2026-06-14 17:15:00,421,18,439,2026-06-14,17,1510.0,76.0,1586.0
2026-06-14 17:30:00,384,23,407,2026-06-14,17,1548.0,79.0,1627.0
2026-06-14 17:45:00,420,25,445,2026-06-14,17,1620.0,87.0,1707.0
2026-06-14 18:00:00,466,23,489,2026-06-14,18,1691.0,89.0,1780.0
2026-06-14 18:15:00,439,14,453,2026-06-14,18,1709.0,85.0,1794.0
2026-06-14 18:30:00,423,11,434,2026-06-14,18,1748.0,73.0,1821.0
2026-06-14 18:45:00,364,9,373,2026-06-14,18,1692.0,57.0,1749.0
2026-06-14 19:00:00,288,18,306,2026-06-14,19,1514.0,52.0,1566.0
2026-06-14 19:15:00,249,11,260,2026-06-14,19,1324.0,49.0,1373.0
2026-06-14 19:30:00,200,23,223,2026-06-14,19,1101.0,61.0,1162.0
2026-06-14 19:45:00,150,43,193,2026-06-14,19,887.0,95.0,982.0
2026-06-14 20:00:00,101,43,144,2026-06-14,20,700.0,120.0,820.0
2026-06-14 20:15:00,78,40,118,2026-06-14,20,529.0,149.0,678.0
2026-06-14 20:30:00,46,62,108,2026-06-14,20,375.0,188.0,563.0
2026-06-14 20:45:00,21,57,78,2026-06-14,20,246.0,202.0,448.0
2026-06-14 21:00:00,18,52,70,2026-06-14,21,163.0,211.0,374.0
2026-06-14 21:15:00,16,42,58,2026-06-14,21,101.0,213.0,314.0
2026-06-14 21:30:00,32,56,88,2026-06-14,21,87.0,207.0,294.0
2026-06-14 21:45:00,28,59,87,2026-06-14,21,94.0,209.0,303.0
2026-06-14 22:00:00,20,26,46,2026-06-14,22,96.0,183.0,279.0
2026-06-14 22:15:00,13,19,32,2026-06-14,22,93.0,160.0,253.0
2026-06-14 22:30:00,13,21,34,2026-06-14,22,74.0,125.0,199.0
2026-06-14 22:45:00,4,12,16,2026-06-14,22,50.0,78.0,128.0
2026-06-14 23:00:00,1,6,7,2026-06-14,23,31.0,58.0,89.0
2026-06-14 23:15:00,0,9,9,2026-06-14,23,18.0,48.0,66.0
2026-06-14 23:30:00,0,5,5,2026-06-14,23,5.0,32.0,37.0
2026-06-14 23:45:00,0,3,3,2026-06-14,23,1.0,23.0,24.0
2026-06-15 03:00:00,62,118,180,2026-06-15,3,62.0,118.0,180.0
2026-06-15 03:15:00,112,114,226,2026-06-15,3,174.0,232.0,406.0
2026-06-15 03:30:00,254,30,284,2026-06-15,3,428.0,262.0,690.0
2026-06-15 03:45:00,431,33,464,2026-06-15,3,859.0,295.0,1154.0
2026-06-15 04:00:00,545,26,571,2026-06-15,4,1342.0,203.0,1545.0
2026-06-15 04:15:00,637,37,674,2026-06-15,4,1867.0,126.0,1993.0
2026-06-15 04:30:00,715,57,772,2026-06-15,4,2328.0,153.0,2481.0
2026-06-15 04:45:00,712,52,764,2026-06-15,4,2609.0,172.0,2781.0
2026-06-15 05:00:00,659,59,718,2026-06-15,5,2723.0,205.0,2928.0
2026-06-15 05:15:00,562,44,606,2026-06-15,5,2648.0,212.0,2860.0
2026-06-15 05:30:00,466,29,495,2026-06-15,5,2399.0,184.0,2583.0
2026-06-15 05:45:00,511,56,567,2026-06-15,5,2198.0,188.0,2386.0
2026-06-15 06:00:00,513,52,565,2026-06-15,6,2052.0,181.0,2233.0
2026-06-15 06:15:00,470,56,526,2026-06-15,6,1960.0,193.0,2153.0
2026-06-15 06:30:00,418,21,439,2026-06-15,6,1912.0,185.0,2097.0
2026-06-15 06:45:00,438,32,470,2026-06-15,6,1839.0,161.0,2000.0
2026-06-15 07:00:00,426,21,447,2026-06-15,7,1752.0,130.0,1882.0
2026-06-15 07:15:00,426,30,456,2026-06-15,7,1708.0,104.0,1812.0
2026-06-15 07:30:00,448,22,470,2026-06-15,7,1738.0,105.0,1843.0
2026-06-15 07:45:00,471,21,492,2026-06-15,7,1771.0,94.0,1865.0
2026-06-15 08:00:00,556,29,585,2026-06-15,8,1901.0,102.0,2003.0
2026-06-15 08:15:00,548,37,585,2026-06-15,8,2023.0,109.0,2132.0
2026-06-15 08:30:00,533,23,556,2026-06-15,8,2108.0,110.0,2218.0
2026-06-15 08:45:00,526,34,560,2026-06-15,8,2163.0,123.0,2286.0
2026-06-15 09:00:00,460,28,488,2026-06-15,9,2067.0,122.0,2189.0
2026-06-15 09:15:00,441,41,482,2026-06-15,9,1960.0,126.0,2086.0
2026-06-15 09:30:00,443,44,487,2026-06-15,9,1870.0,147.0,2017.0
2026-06-15 09:45:00,440,37,477,2026-06-15,9,1784.0,150.0,1934.0
2026-06-15 10:00:00,410,41,451,2026-06-15,10,1734.0,163.0,1897.0
2026-06-15 10:15:00,397,58,455,2026-06-15,10,1690.0,180.0,1870.0
2026-06-15 10:30:00,425,40,465,2026-06-15,10,1672.0,176.0,1848.0
2026-06-15 10:45:00,468,44,512,2026-06-15,10,1700.0,183.0,1883.0
2026-06-15 11:00:00,553,42,595,2026-06-15,11,1843.0,184.0,2027.0
2026-06-15 11:15:00,591,38,629,2026-06-15,11,2037.0,164.0,2201.0
2026-06-15 11:30:00,614,48,662,2026-06-15,11,2226.0,172.0,2398.0
2026-06-15 11:45:00,589,49,638,2026-06-15,11,2347.0,177.0,2524.0
2026-06-15 12:00:00,596,49,645,2026-06-15,12,2390.0,184.0,2574.0
2026-06-15 12:15:00,538,38,576,2026-06-15,12,2337.0,184.0,2521.0
2026-06-15 12:30:00,473,49,522,2026-06-15,12,2196.0,185.0,2381.0
2026-06-15 12:45:00,426,42,468,2026-06-15,12,2033.0,178.0,2211.0
2026-06-15 13:00:00,453,29,482,2026-06-15,13,1890.0,158.0,2048.0
2026-06-15 13:15:00,481,26,507,2026-06-15,13,1833.0,146.0,1979.0
2026-06-15 13:30:00,462,36,498,2026-06-15,13,1822.0,133.0,1955.0
2026-06-15 13:45:00,444,39,483,2026-06-15,13,1840.0,130.0,1970.0
2026-06-15 14:00:00,467,22,489,2026-06-15,14,1854.0,123.0,1977.0
2026-06-15 14:15:00,463,36,499,2026-06-15,14,1836.0,133.0,1969.0
2026-06-15 14:30:00,399,34,433,2026-06-15,14,1773.0,131.0,1904.0
2026-06-15 14:45:00,408,29,437,2026-06-15,14,1737.0,121.0,1858.0
2026-06-15 15:00:00,432,33,465,2026-06-15,15,1702.0,132.0,1834.0
2026-06-15 15:15:00,500,28,528,2026-06-15,15,1739.0,124.0,1863.0
2026-06-15 15:30:00,495,33,528,2026-06-15,15,1835.0,123.0,1958.0
2026-06-15 15:45:00,412,31,443,2026-06-15,15,1839.0,125.0,1964.0
2026-06-15 16:00:00,340,17,357,2026-06-15,16,1747.0,109.0,1856.0
2026-06-15 16:15:00,366,19,385,2026-06-15,16,1613.0,100.0,1713.0
2026-06-15 16:30:00,357,19,376,2026-06-15,16,1475.0,86.0,1561.0
2026-06-15 16:45:00,352,14,366,2026-06-15,16,1415.0,69.0,1484.0
2026-06-15 17:00:00,365,20,385,2026-06-15,17,1440.0,72.0,1512.0
2026-06-15 17:15:00,422,17,439,2026-06-15,17,1496.0,70.0,1566.0
2026-06-15 17:30:00,452,9,461,2026-06-15,17,1591.0,60.0,1651.0
2026-06-15 17:45:00,450,12,462,2026-06-15,17,1689.0,58.0,1747.0
2026-06-15 18:00:00,383,39,422,2026-06-15,18,1707.0,77.0,1784.0
2026-06-15 18:15:00,316,17,333,2026-06-15,18,1601.0,77.0,1678.0
2026-06-15 18:30:00,245,19,264,2026-06-15,18,1394.0,87.0,1481.0
2026-06-15 18:45:00,186,40,226,2026-06-15,18,1130.0,115.0,1245.0
2026-06-15 19:00:00,151,47,198,2026-06-15,19,898.0,123.0,1021.0
2026-06-15 19:15:00,150,35,185,2026-06-15,19,732.0,141.0,873.0
2026-06-15 19:30:00,131,35,166,2026-06-15,19,618.0,157.0,775.0
2026-06-15 19:45:00,116,43,159,2026-06-15,19,548.0,160.0,708.0
2026-06-15 20:00:00,91,47,138,2026-06-15,20,488.0,160.0,648.0
2026-06-15 20:15:00,73,30,103,2026-06-15,20,411.0,155.0,566.0
2026-06-15 20:30:00,47,50,97,2026-06-15,20,327.0,170.0,497.0
2026-06-15 20:45:00,27,42,69,2026-06-15,20,238.0,169.0,407.0
2026-06-15 21:00:00,19,47,66,2026-06-15,21,166.0,169.0,335.0
2026-06-15 21:15:00,4,29,33,2026-06-15,21,97.0,168.0,265.0
2026-06-15 21:30:00,1,31,32,2026-06-15,21,51.0,149.0,200.0
2026-06-15 21:45:00,2,28,30,2026-06-15,21,26.0,135.0,161.0
2026-06-15 22:00:00,1,10,11,2026-06-15,22,8.0,98.0,106.0
2026-06-15 22:15:00,0,9,9,2026-06-15,22,4.0,78.0,82.0
2026-06-15 22:30:00,0,6,6,2026-06-15,22,3.0,53.0,56.0
2026-06-15 22:45:00,1,6,7,2026-06-15,22,2.0,31.0,33.0
2026-06-15 23:00:00,0,13,13,2026-06-15,23,1.0,34.0,35.0
2026-06-15 23:15:00,1,8,9,2026-06-15,23,2.0,33.0,35.0
2026-06-15 23:30:00,0,3,3,2026-06-15,23,2.0,30.0,32.0
2026-06-15 23:45:00,1,3,4,2026-06-15,23,2.0,27.0,29.0
2026-06-16 03:00:00,77,85,162,2026-06-16,3,77.0,85.0,162.0
2026-06-16 03:15:00,141,32,173,2026-06-16,3,218.0,117.0,335.0
2026-06-16 03:30:00,261,38,299,2026-06-16,3,479.0,155.0,634.0
2026-06-16 03:45:00,420,33,453,2026-06-16,3,899.0,188.0,1087.0
2026-06-16 04:00:00,528,30,558,2026-06-16,4,1350.0,133.0,1483.0
2026-06-16 04:15:00,661,33,694,2026-06-16,4,1870.0,134.0,2004.0
2026-06-16 04:30:00,711,37,748,2026-06-16,4,2320.0,133.0,2453.0
2026-06-16 04:45:00,682,49,731,2026-06-16,4,2582.0,149.0,2731.0
2026-06-16 05:00:00,639,60,699,2026-06-16,5,2693.0,179.0,2872.0
2026-06-16 05:15:00,465,35,500,2026-06-16,5,2497.0,181.0,2678.0
2026-06-16 05:30:00,398,35,433,2026-06-16,5,2184.0,179.0,2363.0
2026-06-16 05:45:00,356,52,408,2026-06-16,5,1858.0,182.0,2040.0
2026-06-16 06:00:00,282,65,347,2026-06-16,6,1501.0,187.0,1688.0
2026-06-16 06:15:00,245,45,290,2026-06-16,6,1281.0,197.0,1478.0
2026-06-16 06:30:00,260,35,295,2026-06-16,6,1143.0,197.0,1340.0
2026-06-16 06:45:00,323,32,355,2026-06-16,6,1110.0,177.0,1287.0
2026-06-16 07:00:00,332,31,363,2026-06-16,7,1160.0,143.0,1303.0
2026-06-16 07:15:00,362,43,405,2026-06-16,7,1277.0,141.0,1418.0
2026-06-16 07:30:00,429,33,462,2026-06-16,7,1446.0,139.0,1585.0
2026-06-16 07:45:00,434,24,458,2026-06-16,7,1557.0,131.0,1688.0
2026-06-16 08:00:00,412,33,445,2026-06-16,8,1637.0,133.0,1770.0
2026-06-16 08:15:00,423,37,460,2026-06-16,8,1698.0,127.0,1825.0
2026-06-16 08:30:00,437,32,469,2026-06-16,8,1706.0,126.0,1832.0
2026-06-16 08:45:00,420,20,440,2026-06-16,8,1692.0,122.0,1814.0
2026-06-16 09:00:00,412,37,449,2026-06-16,9,1692.0,126.0,1818.0
2026-06-16 09:15:00,402,28,430,2026-06-16,9,1671.0,117.0,1788.0
2026-06-16 09:30:00,402,41,443,2026-06-16,9,1636.0,126.0,1762.0
2026-06-16 09:45:00,338,23,361,2026-06-16,9,1554.0,129.0,1683.0
2026-06-16 10:00:00,296,36,332,2026-06-16,10,1438.0,128.0,1566.0
2026-06-16 10:15:00,305,47,352,2026-06-16,10,1341.0,147.0,1488.0
2026-06-16 10:30:00,363,34,397,2026-06-16,10,1302.0,140.0,1442.0
2026-06-16 10:45:00,409,59,468,2026-06-16,10,1373.0,176.0,1549.0
2026-06-16 11:00:00,440,34,474,2026-06-16,11,1517.0,174.0,1691.0
2026-06-16 11:15:00,446,42,488,2026-06-16,11,1658.0,169.0,1827.0
2026-06-16 11:30:00,469,48,517,2026-06-16,11,1764.0,183.0,1947.0
2026-06-16 11:45:00,502,44,546,2026-06-16,11,1857.0,168.0,2025.0
2026-06-16 12:00:00,487,36,523,2026-06-16,12,1904.0,170.0,2074.0
2026-06-16 12:15:00,442,50,492,2026-06-16,12,1900.0,178.0,2078.0
2026-06-16 12:30:00,438,50,488,2026-06-16,12,1869.0,180.0,2049.0
2026-06-16 12:45:00,414,30,444,2026-06-16,12,1781.0,166.0,1947.0
2026-06-16 13:00:00,370,39,409,2026-06-16,13,1664.0,169.0,1833.0
2026-06-16 13:15:00,383,33,416,2026-06-16,13,1605.0,152.0,1757.0
2026-06-16 13:30:00,413,29,442,2026-06-16,13,1580.0,131.0,1711.0
2026-06-16 13:45:00,358,39,397,2026-06-16,13,1524.0,140.0,1664.0
2026-06-16 14:00:00,360,37,397,2026-06-16,14,1514.0,138.0,1652.0
2026-06-16 14:15:00,319,33,352,2026-06-16,14,1450.0,138.0,1588.0
2026-06-16 14:30:00,340,29,369,2026-06-16,14,1377.0,138.0,1515.0
2026-06-16 14:45:00,356,30,386,2026-06-16,14,1375.0,129.0,1504.0
2026-06-16 15:00:00,464,25,489,2026-06-16,15,1479.0,117.0,1596.0
2026-06-16 15:15:00,478,24,502,2026-06-16,15,1638.0,108.0,1746.0
2026-06-16 15:30:00,528,32,560,2026-06-16,15,1826.0,111.0,1937.0
2026-06-16 15:45:00,484,28,512,2026-06-16,15,1954.0,109.0,2063.0
2026-06-16 16:00:00,436,30,466,2026-06-16,16,1926.0,114.0,2040.0
2026-06-16 16:15:00,323,24,347,2026-06-16,16,1771.0,114.0,1885.0
2026-06-16 16:30:00,251,32,283,2026-06-16,16,1494.0,114.0,1608.0
2026-06-16 16:45:00,232,23,255,2026-06-16,16,1242.0,109.0,1351.0
2026-06-16 17:00:00,206,8,214,2026-06-16,17,1012.0,87.0,1099.0
2026-06-16 17:15:00,221,8,229,2026-06-16,17,910.0,71.0,981.0
2026-06-16 17:30:00,223,16,239,2026-06-16,17,882.0,55.0,937.0
2026-06-16 17:45:00,240,13,253,2026-06-16,17,890.0,45.0,935.0
2026-06-16 18:00:00,260,28,288,2026-06-16,18,944.0,65.0,1009.0
2026-06-16 18:15:00,182,26,208,2026-06-16,18,905.0,83.0,988.0
2026-06-16 18:30:00,155,31,186,2026-06-16,18,837.0,98.0,935.0
2026-06-16 18:45:00,148,46,194,2026-06-16,18,745.0,131.0,876.0
2026-06-16 19:00:00,108,68,176,2026-06-16,19,593.0,171.0,764.0
2026-06-16 19:15:00,137,51,188,2026-06-16,19,548.0,196.0,744.0
2026-06-16 19:30:00,109,30,139,2026-06-16,19,502.0,195.0,697.0
2026-06-16 19:45:00,94,44,138,2026-06-16,19,448.0,193.0,641.0
2026-06-16 20:00:00,75,39,114,2026-06-16,20,415.0,164.0,579.0
2026-06-16 20:15:00,58,39,97,2026-06-16,20,336.0,152.0,488.0
2026-06-16 20:30:00,38,36,74,2026-06-16,20,265.0,158.0,423.0
2026-06-16 20:45:00,29,40,69,2026-06-16,20,200.0,154.0,354.0
2026-06-16 21:00:00,12,41,53,2026-06-16,21,137.0,156.0,293.0
2026-06-16 21:15:00,5,28,33,2026-06-16,21,84.0,145.0,229.0
2026-06-16 21:30:00,2,43,45,2026-06-16,21,48.0,152.0,200.0
2026-06-16 21:45:00,1,41,42,2026-06-16,21,20.0,153.0,173.0
2026-06-16 22:00:00,0,23,23,2026-06-16,22,8.0,135.0,143.0
2026-06-16 22:15:00,0,14,14,2026-06-16,22,3.0,121.0,124.0
2026-06-16 22:30:00,1,7,8,2026-06-16,22,2.0,85.0,87.0
2026-06-16 22:45:00,0,10,10,2026-06-16,22,1.0,54.0,55.0
2026-06-16 23:00:00,0,2,2,2026-06-16,23,1.0,33.0,34.0
2026-06-16 23:15:00,0,5,5,2026-06-16,23,1.0,24.0,25.0
2026-06-16 23:30:00,0,3,3,2026-06-16,23,0.0,20.0,20.0
2026-06-16 23:45:00,0,1,1,2026-06-16,23,0.0,11.0,11.0
2026-06-17 03:00:00,54,73,127,2026-06-17,3,54.0,73.0,127.0
2026-06-17 03:15:00,109,27,136,2026-06-17,3,163.0,100.0,263.0
2026-06-17 03:30:00,266,28,294,2026-06-17,3,429.0,128.0,557.0
2026-06-17 03:45:00,388,30,418,2026-06-17,3,817.0,158.0,975.0
2026-06-17 04:00:00,512,31,543,2026-06-17,4,1275.0,116.0,1391.0
2026-06-17 04:15:00,588,40,628,2026-06-17,4,1754.0,129.0,1883.0
2026-06-17 04:30:00,644,49,693,2026-06-17,4,2132.0,150.0,2282.0
2026-06-17 04:45:00,608,51,659,2026-06-17,4,2352.0,171.0,2523.0
2026-06-17 05:00:00,560,44,604,2026-06-17,5,2400.0,184.0,2584.0
2026-06-17 05:15:00,530,41,571,2026-06-17,5,2342.0,185.0,2527.0
2026-06-17 05:30:00,462,30,492,2026-06-17,5,2160.0,166.0,2326.0
2026-06-17 05:45:00,439,42,481,2026-06-17,5,1991.0,157.0,2148.0
2026-06-17 06:00:00,409,49,458,2026-06-17,6,1840.0,162.0,2002.0
2026-06-17 06:15:00,380,44,424,2026-06-17,6,1690.0,165.0,1855.0
2026-06-17 06:30:00,417,34,451,2026-06-17,6,1645.0,169.0,1814.0
2026-06-17 06:45:00,489,29,518,2026-06-17,6,1695.0,156.0,1851.0
2026-06-17 07:00:00,502,27,529,2026-06-17,7,1788.0,134.0,1922.0
2026-06-17 07:15:00,498,19,517,2026-06-17,7,1906.0,109.0,2015.0
2026-06-17 07:30:00,444,21,465,2026-06-17,7,1933.0,96.0,2029.0
2026-06-17 07:45:00,398,35,433,2026-06-17,7,1842.0,102.0,1944.0
2026-06-17 08:00:00,337,46,383,2026-06-17,8,1677.0,121.0,1798.0
2026-06-17 08:15:00,358,23,381,2026-06-17,8,1537.0,125.0,1662.0
2026-06-17 08:30:00,423,42,465,2026-06-17,8,1516.0,146.0,1662.0
2026-06-17 08:45:00,460,45,505,2026-06-17,8,1578.0,156.0,1734.0
2026-06-17 09:00:00,472,55,527,2026-06-17,9,1713.0,165.0,1878.0
2026-06-17 09:15:00,418,47,465,2026-06-17,9,1773.0,189.0,1962.0
2026-06-17 09:30:00,372,51,423,2026-06-17,9,1722.0,198.0,1920.0
2026-06-17 09:45:00,332,78,410,2026-06-17,9,1594.0,231.0,1825.0
2026-06-17 10:00:00,325,56,381,2026-06-17,10,1447.0,232.0,1679.0
2026-06-17 10:15:00,340,37,377,2026-06-17,10,1369.0,222.0,1591.0
2026-06-17 10:30:00,367,35,402,2026-06-17,10,1364.0,206.0,1570.0
2026-06-17 10:45:00,435,30,465,2026-06-17,10,1467.0,158.0,1625.0
2026-06-17 11:00:00,450,44,494,2026-06-17,11,1592.0,146.0,1738.0
2026-06-17 11:15:00,476,40,516,2026-06-17,11,1728.0,149.0,1877.0
2026-06-17 11:30:00,482,35,517,2026-06-17,11,1843.0,149.0,1992.0
2026-06-17 11:45:00,499,38,537,2026-06-17,11,1907.0,157.0,2064.0
2026-06-17 12:00:00,524,42,566,2026-06-17,12,1981.0,155.0,2136.0
2026-06-17 12:15:00,464,53,517,2026-06-17,12,1969.0,168.0,2137.0
2026-06-17 12:30:00,448,54,502,2026-06-17,12,1935.0,187.0,2122.0
2026-06-17 12:45:00,478,56,534,2026-06-17,12,1914.0,205.0,2119.0
2026-06-17 13:00:00,465,43,508,2026-06-17,13,1855.0,206.0,2061.0
2026-06-17 13:15:00,434,41,475,2026-06-17,13,1825.0,194.0,2019.0
2026-06-17 13:30:00,422,37,459,2026-06-17,13,1799.0,177.0,1976.0
2026-06-17 13:45:00,400,23,423,2026-06-17,13,1721.0,144.0,1865.0
2026-06-17 14:00:00,335,51,386,2026-06-17,14,1591.0,152.0,1743.0
2026-06-17 14:15:00,354,32,386,2026-06-17,14,1511.0,143.0,1654.0
2026-06-17 14:30:00,340,27,367,2026-06-17,14,1429.0,133.0,1562.0
2026-06-17 14:45:00,367,32,399,2026-06-17,14,1396.0,142.0,1538.0
2026-06-17 15:00:00,401,24,425,2026-06-17,15,1462.0,115.0,1577.0
2026-06-17 15:15:00,467,23,490,2026-06-17,15,1575.0,106.0,1681.0
2026-06-17 15:30:00,451,29,480,2026-06-17,15,1686.0,108.0,1794.0
2026-06-17 15:45:00,366,26,392,2026-06-17,15,1685.0,102.0,1787.0
2026-06-17 16:00:00,305,16,321,2026-06-17,16,1589.0,94.0,1683.0
2026-06-17 16:15:00,277,10,287,2026-06-17,16,1399.0,81.0,1480.0
2026-06-17 16:30:00,261,11,272,2026-06-17,16,1209.0,63.0,1272.0
2026-06-17 16:45:00,267,29,296,2026-06-17,16,1110.0,66.0,1176.0
2026-06-17 17:00:00,302,11,313,2026-06-17,17,1107.0,61.0,1168.0
2026-06-17 17:15:00,314,7,321,2026-06-17,17,1144.0,58.0,1202.0
2026-06-17 17:30:00,271,11,282,2026-06-17,17,1154.0,58.0,1212.0
2026-06-17 17:45:00,241,18,259,2026-06-17,17,1128.0,47.0,1175.0
2026-06-17 18:00:00,230,42,272,2026-06-17,18,1056.0,78.0,1134.0
2026-06-17 18:15:00,219,19,238,2026-06-17,18,961.0,90.0,1051.0
2026-06-17 18:30:00,175,35,210,2026-06-17,18,865.0,114.0,979.0
2026-06-17 18:45:00,175,54,229,2026-06-17,18,799.0,150.0,949.0
2026-06-17 19:00:00,158,39,197,2026-06-17,19,727.0,147.0,874.0
2026-06-17 19:15:00,154,42,196,2026-06-17,19,662.0,170.0,832.0
2026-06-17 19:30:00,142,30,172,2026-06-17,19,629.0,165.0,794.0
2026-06-17 19:45:00,140,30,170,2026-06-17,19,594.0,141.0,735.0
2026-06-17 20:00:00,98,46,144,2026-06-17,20,534.0,148.0,682.0
2026-06-17 20:15:00,65,50,115,2026-06-17,20,445.0,156.0,601.0
2026-06-17 20:30:00,30,49,79,2026-06-17,20,333.0,175.0,508.0
2026-06-17 20:45:00,23,45,68,2026-06-17,20,216.0,190.0,406.0
2026-06-17 21:00:00,9,28,37,2026-06-17,21,127.0,172.0,299.0
2026-06-17 21:15:00,3,25,28,2026-06-17,21,65.0,147.0,212.0
2026-06-17 21:30:00,1,27,28,2026-06-17,21,36.0,125.0,161.0
2026-06-17 21:45:00,1,29,30,2026-06-17,21,14.0,109.0,123.0
2026-06-17 22:00:00,0,16,16,2026-06-17,22,5.0,97.0,102.0
2026-06-17 22:15:00,0,27,27,2026-06-17,22,2.0,99.0,101.0
2026-06-17 22:30:00,1,10,11,2026-06-17,22,2.0,82.0,84.0
2026-06-17 22:45:00,1,12,13,2026-06-17,22,2.0,65.0,67.0
2026-06-17 23:00:00,0,1,1,2026-06-17,23,2.0,50.0,52.0
2026-06-17 23:15:00,0,0,0,2026-06-17,23,2.0,23.0,25.0
2026-06-17 23:30:00,0,0,0,2026-06-17,23,1.0,13.0,14.0
2026-06-17 23:45:00,0,0,0,2026-06-17,23,0.0,1.0,1.0
2026-06-18 03:00:00,48,81,129,2026-06-18,3,48.0,81.0,129.0
2026-06-18 03:15:00,103,29,132,2026-06-18,3,151.0,110.0,261.0
2026-06-18 03:30:00,241,38,279,2026-06-18,3,392.0,148.0,540.0
2026-06-18 03:45:00,411,43,454,2026-06-18,3,803.0,191.0,994.0
2026-06-18 04:00:00,528,28,556,2026-06-18,4,1283.0,138.0,1421.0
2026-06-18 04:15:00,640,32,672,2026-06-18,4,1820.0,141.0,1961.0
2026-06-18 04:30:00,664,35,699,2026-06-18,4,2243.0,138.0,2381.0
2026-06-18 04:45:00,680,50,730,2026-06-18,4,2512.0,145.0,2657.0
2026-06-18 05:00:00,644,58,702,2026-06-18,5,2628.0,175.0,2803.0
2026-06-18 05:15:00,665,45,710,2026-06-18,5,2653.0,188.0,2841.0
2026-06-18 05:30:00,628,28,656,2026-06-18,5,2617.0,181.0,2798.0
2026-06-18 05:45:00,557,38,595,2026-06-18,5,2494.0,169.0,2663.0
2026-06-18 06:00:00,528,60,588,2026-06-18,6,2378.0,171.0,2549.0
2026-06-18 06:15:00,509,29,538,2026-06-18,6,2222.0,155.0,2377.0
2026-06-18 06:30:00,559,31,590,2026-06-18,6,2153.0,158.0,2311.0
2026-06-18 06:45:00,560,41,601,2026-06-18,6,2156.0,161.0,2317.0
2026-06-18 07:00:00,484,32,516,2026-06-18,7,2112.0,133.0,2245.0
2026-06-18 07:15:00,497,39,536,2026-06-18,7,2100.0,143.0,2243.0
2026-06-18 07:30:00,452,26,478,2026-06-18,7,1993.0,138.0,2131.0
2026-06-18 07:45:00,390,29,419,2026-06-18,7,1823.0,126.0,1949.0
2026-06-18 08:00:00,381,21,402,2026-06-18,8,1720.0,115.0,1835.0
2026-06-18 08:15:00,372,27,399,2026-06-18,8,1595.0,103.0,1698.0
2026-06-18 08:30:00,412,27,439,2026-06-18,8,1555.0,104.0,1659.0
2026-06-18 08:45:00,447,31,478,2026-06-18,8,1612.0,106.0,1718.0
2026-06-18 09:00:00,472,35,507,2026-06-18,9,1703.0,120.0,1823.0
2026-06-18 09:15:00,503,25,528,2026-06-18,9,1834.0,118.0,1952.0
2026-06-18 09:30:00,508,25,533,2026-06-18,9,1930.0,116.0,2046.0
2026-06-18 09:45:00,478,33,511,2026-06-18,9,1961.0,118.0,2079.0
2026-06-18 10:00:00,427,42,469,2026-06-18,10,1916.0,125.0,2041.0
2026-06-18 10:15:00,464,49,513,2026-06-18,10,1877.0,149.0,2026.0
2026-06-18 10:30:00,435,34,469,2026-06-18,10,1804.0,158.0,1962.0
2026-06-18 10:45:00,442,51,493,2026-06-18,10,1768.0,176.0,1944.0
2026-06-18 11:00:00,477,51,528,2026-06-18,11,1818.0,185.0,2003.0
2026-06-18 11:15:00,522,37,559,2026-06-18,11,1876.0,173.0,2049.0
2026-06-18 11:30:00,523,48,571,2026-06-18,11,1964.0,187.0,2151.0
2026-06-18 11:45:00,523,55,578,2026-06-18,11,2045.0,191.0,2236.0
2026-06-18 12:00:00,445,41,486,2026-06-18,12,2013.0,181.0,2194.0
2026-06-18 12:15:00,474,41,515,2026-06-18,12,1965.0,185.0,2150.0
2026-06-18 12:30:00,450,46,496,2026-06-18,12,1892.0,183.0,2075.0
2026-06-18 12:45:00,431,52,483,2026-06-18,12,1800.0,180.0,1980.0
2026-06-18 13:00:00,423,50,473,2026-06-18,13,1778.0,189.0,1967.0
2026-06-18 13:15:00,438,48,486,2026-06-18,13,1742.0,196.0,1938.0
2026-06-18 13:30:00,461,36,497,2026-06-18,13,1753.0,186.0,1939.0
2026-06-18 13:45:00,411,41,452,2026-06-18,13,1733.0,175.0,1908.0
2026-06-18 14:00:00,402,37,439,2026-06-18,14,1712.0,162.0,1874.0
2026-06-18 14:15:00,422,35,457,2026-06-18,14,1696.0,149.0,1845.0
2026-06-18 14:30:00,339,50,389,2026-06-18,14,1574.0,163.0,1737.0
2026-06-18 14:45:00,366,51,417,2026-06-18,14,1529.0,173.0,1702.0
2026-06-18 15:00:00,450,35,485,2026-06-18,15,1577.0,171.0,1748.0
2026-06-18 15:15:00,446,22,468,2026-06-18,15,1601.0,158.0,1759.0
2026-06-18 15:30:00,388,33,421,2026-06-18,15,1650.0,141.0,1791.0
2026-06-18 15:45:00,384,29,413,2026-06-18,15,1668.0,119.0,1787.0
2026-06-18 16:00:00,369,25,394,2026-06-18,16,1587.0,109.0,1696.0
2026-06-18 16:15:00,383,26,409,2026-06-18,16,1524.0,113.0,1637.0
2026-06-18 16:30:00,343,19,362,2026-06-18,16,1479.0,99.0,1578.0
2026-06-18 16:45:00,357,21,378,2026-06-18,16,1452.0,91.0,1543.0
2026-06-18 17:00:00,395,24,419,2026-06-18,17,1478.0,90.0,1568.0
2026-06-18 17:15:00,394,13,407,2026-06-18,17,1489.0,77.0,1566.0
2026-06-18 17:30:00,394,14,408,2026-06-18,17,1540.0,72.0,1612.0
2026-06-18 17:45:00,344,30,374,2026-06-18,17,1527.0,81.0,1608.0
2026-06-18 18:00:00,306,26,332,2026-06-18,18,1438.0,83.0,1521.0
2026-06-18 18:15:00,234,20,254,2026-06-18,18,1278.0,90.0,1368.0
2026-06-18 18:30:00,189,39,228,2026-06-18,18,1073.0,115.0,1188.0
2026-06-18 18:45:00,153,52,205,2026-06-18,18,882.0,137.0,1019.0
2026-06-18 19:00:00,146,28,174,2026-06-18,19,722.0,139.0,861.0
2026-06-18 19:15:00,168,37,205,2026-06-18,19,656.0,156.0,812.0
2026-06-18 19:30:00,163,42,205,2026-06-18,19,630.0,159.0,789.0
2026-06-18 19:45:00,158,57,215,2026-06-18,19,635.0,164.0,799.0
2026-06-18 20:00:00,136,30,166,2026-06-18,20,625.0,166.0,791.0
2026-06-18 20:15:00,110,45,155,2026-06-18,20,567.0,174.0,741.0
2026-06-18 20:30:00,75,47,122,2026-06-18,20,479.0,179.0,658.0
2026-06-18 20:45:00,42,46,88,2026-06-18,20,363.0,168.0,531.0
2026-06-18 21:00:00,40,59,99,2026-06-18,21,267.0,197.0,464.0
2026-06-18 21:15:00,7,32,39,2026-06-18,21,164.0,184.0,348.0
2026-06-18 21:30:00,1,46,47,2026-06-18,21,90.0,183.0,273.0
2026-06-18 21:45:00,1,42,43,2026-06-18,21,49.0,179.0,228.0
2026-06-18 22:00:00,1,29,30,2026-06-18,22,10.0,149.0,159.0
2026-06-18 22:15:00,0,23,23,2026-06-18,22,3.0,140.0,143.0
2026-06-18 22:30:00,0,4,4,2026-06-18,22,2.0,98.0,100.0
2026-06-18 22:45:00,0,4,4,2026-06-18,22,1.0,60.0,61.0
2026-06-18 23:00:00,0,24,24,2026-06-18,23,0.0,55.0,55.0
2026-06-18 23:15:00,0,8,8,2026-06-18,23,0.0,40.0,40.0
2026-06-18 23:30:00,0,0,0,2026-06-18,23,0.0,36.0,36.0
2026-06-18 23:45:00,0,0,0,2026-06-18,23,0.0,32.0,32.0
2026-06-19 03:00:00,80,35,115,2026-06-19,3,80.0,35.0,115.0
2026-06-19 03:15:00,138,45,183,2026-06-19,3,218.0,80.0,298.0
2026-06-19 03:30:00,227,60,287,2026-06-19,3,445.0,140.0,585.0
2026-06-19 03:45:00,426,72,498,2026-06-19,3,871.0,212.0,1083.0
2026-06-19 04:00:00,663,39,702,2026-06-19,4,1454.0,216.0,1670.0
2026-06-19 04:15:00,852,33,885,2026-06-19,4,2168.0,204.0,2372.0
2026-06-19 04:30:00,782,79,861,2026-06-19,4,2723.0,223.0,2946.0
2026-06-19 04:45:00,758,86,844,2026-06-19,4,3055.0,237.0,3292.0
2026-06-19 05:00:00,706,60,766,2026-06-19,5,3098.0,258.0,3356.0
2026-06-19 05:15:00,581,48,629,2026-06-19,5,2827.0,273.0,3100.0
2026-06-19 05:30:00,385,46,431,2026-06-19,5,2430.0,240.0,2670.0
2026-06-19 05:45:00,324,55,379,2026-06-19,5,1996.0,209.0,2205.0
2026-06-19 06:00:00,384,41,425,2026-06-19,6,1674.0,190.0,1864.0
2026-06-19 06:15:00,413,52,465,2026-06-19,6,1506.0,194.0,1700.0
2026-06-19 06:30:00,436,42,478,2026-06-19,6,1557.0,190.0,1747.0
2026-06-19 06:45:00,543,34,577,2026-06-19,6,1776.0,169.0,1945.0
2026-06-19 07:00:00,558,31,589,2026-06-19,7,1950.0,159.0,2109.0
2026-06-19 07:15:00,544,38,582,2026-06-19,7,2081.0,145.0,2226.0
2026-06-19 07:30:00,557,24,581,2026-06-19,7,2202.0,127.0,2329.0
2026-06-19 07:45:00,544,24,568,2026-06-19,7,2203.0,117.0,2320.0
2026-06-19 08:00:00,556,39,595,2026-06-19,8,2201.0,125.0,2326.0
2026-06-19 08:15:00,547,39,586,2026-06-19,8,2204.0,126.0,2330.0
2026-06-19 08:30:00,463,31,494,2026-06-19,8,2110.0,133.0,2243.0
2026-06-19 08:45:00,384,30,414,2026-06-19,8,1950.0,139.0,2089.0
2026-06-19 09:00:00,399,33,432,2026-06-19,9,1793.0,133.0,1926.0
2026-06-19 09:15:00,371,37,408,2026-06-19,9,1617.0,131.0,1748.0
2026-06-19 09:30:00,397,48,445,2026-06-19,9,1551.0,148.0,1699.0
2026-06-19 09:45:00,387,49,436,2026-06-19,9,1554.0,167.0,1721.0
2026-06-19 10:00:00,406,60,466,2026-06-19,10,1561.0,194.0,1755.0
2026-06-19 10:15:00,414,45,459,2026-06-19,10,1604.0,202.0,1806.0
2026-06-19 10:30:00,408,67,475,2026-06-19,10,1615.0,221.0,1836.0
2026-06-19 10:45:00,402,56,458,2026-06-19,10,1630.0,228.0,1858.0
2026-06-19 11:00:00,436,44,480,2026-06-19,11,1660.0,212.0,1872.0
2026-06-19 11:15:00,497,56,553,2026-06-19,11,1743.0,223.0,1966.0
2026-06-19 11:30:00,566,66,632,2026-06-19,11,1901.0,222.0,2123.0
2026-06-19 11:45:00,646,69,715,2026-06-19,11,2145.0,235.0,2380.0
2026-06-19 12:00:00,696,71,767,2026-06-19,12,2405.0,262.0,2667.0
2026-06-19 12:15:00,707,61,768,2026-06-19,12,2615.0,267.0,2882.0
2026-06-19 12:30:00,643,53,696,2026-06-19,12,2692.0,254.0,2946.0
2026-06-19 12:45:00,577,64,641,2026-06-19,12,2623.0,249.0,2872.0
2026-06-19 13:00:00,484,51,535,2026-06-19,13,2411.0,229.0,2640.0
2026-06-19 13:15:00,456,38,494,2026-06-19,13,2160.0,206.0,2366.0
2026-06-19 13:30:00,391,54,445,2026-06-19,13,1908.0,207.0,2115.0
2026-06-19 13:45:00,347,49,396,2026-06-19,13,1678.0,192.0,1870.0
2026-06-19 14:00:00,373,33,406,2026-06-19,14,1567.0,174.0,1741.0
2026-06-19 14:15:00,360,35,395,2026-06-19,14,1471.0,171.0,1642.0
2026-06-19 14:30:00,328,31,359,2026-06-19,14,1408.0,148.0,1556.0
2026-06-19 14:45:00,366,37,403,2026-06-19,14,1427.0,136.0,1563.0
2026-06-19 15:00:00,421,33,454,2026-06-19,15,1475.0,136.0,1611.0
2026-06-19 15:15:00,444,19,463,2026-06-19,15,1559.0,120.0,1679.0
2026-06-19 15:30:00,495,18,513,2026-06-19,15,1726.0,107.0,1833.0
2026-06-19 15:45:00,531,19,550,2026-06-19,15,1891.0,89.0,1980.0
2026-06-19 16:00:00,448,17,465,2026-06-19,16,1918.0,73.0,1991.0
2026-06-19 16:15:00,436,19,455,2026-06-19,16,1910.0,73.0,1983.0
2026-06-19 16:30:00,405,15,420,2026-06-19,16,1820.0,70.0,1890.0
2026-06-19 16:45:00,403,28,431,2026-06-19,16,1692.0,79.0,1771.0
2026-06-19 17:00:00,422,27,449,2026-06-19,17,1666.0,89.0,1755.0
2026-06-19 17:15:00,441,15,456,2026-06-19,17,1671.0,85.0,1756.0
2026-06-19 17:30:00,386,14,400,2026-06-19,17,1652.0,84.0,1736.0
2026-06-19 17:45:00,380,20,400,2026-06-19,17,1629.0,76.0,1705.0
2026-06-19 18:00:00,302,21,323,2026-06-19,18,1509.0,70.0,1579.0
2026-06-19 18:15:00,253,9,262,2026-06-19,18,1321.0,64.0,1385.0
2026-06-19 18:30:00,175,11,186,2026-06-19,18,1110.0,61.0,1171.0
2026-06-19 18:45:00,142,11,153,2026-06-19,18,872.0,52.0,924.0
2026-06-19 19:00:00,141,12,153,2026-06-19,19,711.0,43.0,754.0
2026-06-19 19:15:00,121,12,133,2026-06-19,19,579.0,46.0,625.0
2026-06-19 19:30:00,149,14,163,2026-06-19,19,553.0,49.0,602.0
2026-06-19 19:45:00,163,11,174,2026-06-19,19,574.0,49.0,623.0
2026-06-19 20:00:00,173,10,183,2026-06-19,20,606.0,47.0,653.0
2026-06-19 20:15:00,142,12,154,2026-06-19,20,627.0,47.0,674.0
2026-06-19 20:30:00,87,8,95,2026-06-19,20,565.0,41.0,606.0
2026-06-19 20:45:00,59,12,71,2026-06-19,20,461.0,42.0,503.0
2026-06-19 21:00:00,24,8,32,2026-06-19,21,312.0,40.0,352.0
2026-06-19 21:15:00,10,5,15,2026-06-19,21,180.0,33.0,213.0
2026-06-19 21:30:00,12,13,25,2026-06-19,21,105.0,38.0,143.0
2026-06-19 21:45:00,18,12,30,2026-06-19,21,64.0,38.0,102.0
2026-06-19 22:00:00,15,6,21,2026-06-19,22,55.0,36.0,91.0
2026-06-19 22:15:00,13,4,17,2026-06-19,22,58.0,35.0,93.0
2026-06-19 22:30:00,8,3,11,2026-06-19,22,54.0,25.0,79.0
2026-06-19 22:45:00,3,1,4,2026-06-19,22,39.0,14.0,53.0
2026-06-19 23:00:00,1,3,4,2026-06-19,23,25.0,11.0,36.0
2026-06-19 23:15:00,0,3,3,2026-06-19,23,12.0,10.0,22.0
2026-06-19 23:30:00,0,4,4,2026-06-19,23,4.0,11.0,15.0
2026-06-19 23:45:00,0,6,6,2026-06-19,23,1.0,16.0,17.0
2026-06-20 03:00:00,47,41,88,2026-06-20,3,47.0,41.0,88.0
2026-06-20 03:15:00,81,48,129,2026-06-20,3,128.0,89.0,217.0
2026-06-20 03:30:00,238,74,312,2026-06-20,3,366.0,163.0,529.0
2026-06-20 03:45:00,414,67,481,2026-06-20,3,780.0,230.0,1010.0
2026-06-20 04:00:00,544,51,595,2026-06-20,4,1277.0,240.0,1517.0
2026-06-20 04:15:00,746,35,781,2026-06-20,4,1942.0,227.0,2169.0
2026-06-20 04:30:00,749,64,813,2026-06-20,4,2453.0,217.0,2670.0
2026-06-20 04:45:00,735,71,806,2026-06-20,4,2774.0,221.0,2995.0
2026-06-20 05:00:00,616,77,693,2026-06-20,5,2846.0,247.0,3093.0
2026-06-20 05:15:00,596,38,634,2026-06-20,5,2696.0,250.0,2946.0
2026-06-20 05:30:00,539,42,581,2026-06-20,5,2486.0,228.0,2714.0
2026-06-20 05:45:00,508,61,569,2026-06-20,5,2259.0,218.0,2477.0
2026-06-20 06:00:00,471,60,531,2026-06-20,6,2114.0,201.0,2315.0
2026-06-20 06:15:00,464,45,509,2026-06-20,6,1982.0,208.0,2190.0
2026-06-20 06:30:00,445,39,484,2026-06-20,6,1888.0,205.0,2093.0
2026-06-20 06:45:00,498,30,528,2026-06-20,6,1878.0,174.0,2052.0
2026-06-20 07:00:00,524,26,550,2026-06-20,7,1931.0,140.0,2071.0
2026-06-20 07:15:00,506,38,544,2026-06-20,7,1973.0,133.0,2106.0
2026-06-20 07:30:00,495,29,524,2026-06-20,7,2023.0,123.0,2146.0
2026-06-20 07:45:00,442,31,473,2026-06-20,7,1967.0,124.0,2091.0
2026-06-20 08:00:00,394,25,419,2026-06-20,8,1837.0,123.0,1960.0
2026-06-20 08:15:00,406,27,433,2026-06-20,8,1737.0,112.0,1849.0
2026-06-20 08:30:00,447,20,467,2026-06-20,8,1689.0,103.0,1792.0
2026-06-20 08:45:00,571,33,604,2026-06-20,8,1818.0,105.0,1923.0
2026-06-20 09:00:00,627,32,659,2026-06-20,9,2051.0,112.0,2163.0
2026-06-20 09:15:00,598,27,625,2026-06-20,9,2243.0,112.0,2355.0
2026-06-20 09:30:00,515,32,547,2026-06-20,9,2311.0,124.0,2435.0
2026-06-20 09:45:00,458,36,494,2026-06-20,9,2198.0,127.0,2325.0
2026-06-20 10:00:00,436,30,466,2026-06-20,10,2007.0,125.0,2132.0
2026-06-20 10:15:00,433,48,481,2026-06-20,10,1842.0,146.0,1988.0
2026-06-20 10:30:00,412,51,463,2026-06-20,10,1739.0,165.0,1904.0
2026-06-20 10:45:00,451,53,504,2026-06-20,10,1732.0,182.0,1914.0
2026-06-20 11:00:00,492,47,539,2026-06-20,11,1788.0,199.0,1987.0
2026-06-20 11:15:00,531,53,584,2026-06-20,11,1886.0,204.0,2090.0
2026-06-20 11:30:00,473,69,542,2026-06-20,11,1947.0,222.0,2169.0
2026-06-20 11:45:00,492,77,569,2026-06-20,11,1988.0,246.0,2234.0
2026-06-20 12:00:00,482,49,531,2026-06-20,12,1978.0,248.0,2226.0
2026-06-20 12:15:00,490,39,529,2026-06-20,12,1937.0,234.0,2171.0
2026-06-20 12:30:00,453,50,503,2026-06-20,12,1917.0,215.0,2132.0
2026-06-20 12:45:00,432,54,486,2026-06-20,12,1857.0,192.0,2049.0
2026-06-20 13:00:00,413,45,458,2026-06-20,13,1788.0,188.0,1976.0
2026-06-20 13:15:00,356,42,398,2026-06-20,13,1654.0,191.0,1845.0
2026-06-20 13:30:00,375,41,416,2026-06-20,13,1576.0,182.0,1758.0
2026-06-20 13:45:00,328,39,367,2026-06-20,13,1472.0,167.0,1639.0
2026-06-20 14:00:00,298,34,332,2026-06-20,14,1357.0,156.0,1513.0
2026-06-20 14:15:00,306,29,335,2026-06-20,14,1307.0,143.0,1450.0
2026-06-20 14:30:00,256,32,288,2026-06-20,14,1188.0,134.0,1322.0
2026-06-20 14:45:00,306,26,332,2026-06-20,14,1166.0,121.0,1287.0
2026-06-20 15:00:00,383,25,408,2026-06-20,15,1251.0,112.0,1363.0
2026-06-20 15:15:00,404,25,429,2026-06-20,15,1349.0,108.0,1457.0
2026-06-20 15:30:00,387,28,415,2026-06-20,15,1480.0,104.0,1584.0
2026-06-20 15:45:00,395,26,421,2026-06-20,15,1569.0,104.0,1673.0
2026-06-20 16:00:00,365,25,390,2026-06-20,16,1551.0,104.0,1655.0
2026-06-20 16:15:00,327,11,338,2026-06-20,16,1474.0,90.0,1564.0
2026-06-20 16:30:00,280,12,292,2026-06-20,16,1367.0,74.0,1441.0
2026-06-20 16:45:00,233,22,255,2026-06-20,16,1205.0,70.0,1275.0
2026-06-20 17:00:00,196,21,217,2026-06-20,17,1036.0,66.0,1102.0
2026-06-20 17:15:00,167,11,178,2026-06-20,17,876.0,66.0,942.0
2026-06-20 17:30:00,178,9,187,2026-06-20,17,774.0,63.0,837.0
2026-06-20 17:45:00,190,11,201,2026-06-20,17,731.0,52.0,783.0
2026-06-20 18:00:00,192,18,210,2026-06-20,18,727.0,49.0,776.0
2026-06-20 18:15:00,176,13,189,2026-06-20,18,736.0,51.0,787.0
2026-06-20 18:30:00,149,15,164,2026-06-20,18,707.0,57.0,764.0
2026-06-20 18:45:00,116,15,131,2026-06-20,18,633.0,61.0,694.0
2026-06-20 19:00:00,103,12,115,2026-06-20,19,544.0,55.0,599.0
2026-06-20 19:15:00,109,7,116,2026-06-20,19,477.0,49.0,526.0
2026-06-20 19:30:00,122,8,130,2026-06-20,19,450.0,42.0,492.0
2026-06-20 19:45:00,110,12,122,2026-06-20,19,444.0,39.0,483.0
2026-06-20 20:00:00,99,16,115,2026-06-20,20,440.0,43.0,483.0
2026-06-20 20:15:00,70,8,78,2026-06-20,20,401.0,44.0,445.0
2026-06-20 20:30:00,46,12,58,2026-06-20,20,325.0,48.0,373.0
2026-06-20 20:45:00,26,10,36,2026-06-20,20,241.0,46.0,287.0
2026-06-20 21:00:00,7,15,22,2026-06-20,21,149.0,45.0,194.0
2026-06-20 21:15:00,2,5,7,2026-06-20,21,81.0,42.0,123.0
2026-06-20 21:30:00,2,11,13,2026-06-20,21,37.0,41.0,78.0
2026-06-20 21:45:00,1,8,9,2026-06-20,21,12.0,39.0,51.0
2026-06-20 22:00:00,1,8,9,2026-06-20,22,6.0,32.0,38.0
2026-06-20 22:15:00,0,6,6,2026-06-20,22,4.0,33.0,37.0
2026-06-20 22:30:00,0,4,4,2026-06-20,22,2.0,26.0,28.0
2026-06-20 22:45:00,0,6,6,2026-06-20,22,1.0,24.0,25.0
2026-06-20 23:00:00,0,1,1,2026-06-20,23,0.0,17.0,17.0
2026-06-20 23:15:00,0,0,0,2026-06-20,23,0.0,11.0,11.0
2026-06-20 23:30:00,0,0,0,2026-06-20,23,0.0,7.0,7.0
2026-06-20 23:45:00,1,0,1,2026-06-20,23,1.0,1.0,2.0
2026-06-21 03:00:00,54,84,138,2026-06-21,3,54.0,84.0,138.0
2026-06-21 03:15:00,122,36,158,2026-06-21,3,176.0,120.0,296.0
2026-06-21 03:30:00,231,28,259,2026-06-21,3,407.0,148.0,555.0
2026-06-21 03:45:00,377,28,405,2026-06-21,3,784.0,176.0,960.0
2026-06-21 04:00:00,491,27,518,2026-06-21,4,1221.0,119.0,1340.0
2026-06-21 04:15:00,577,27,604,2026-06-21,4,1676.0,110.0,1786.0
2026-06-21 04:30:00,639,34,673,2026-06-21,4,2084.0,116.0,2200.0
2026-06-21 04:45:00,676,42,718,2026-06-21,4,2383.0,130.0,2513.0
2026-06-21 05:00:00,698,57,755,2026-06-21,5,2590.0,160.0,2750.0
2026-06-21 05:15:00,665,31,696,2026-06-21,5,2678.0,164.0,2842.0
2026-06-21 05:30:00,642,26,668,2026-06-21,5,2681.0,156.0,2837.0
2026-06-21 05:45:00,482,33,515,2026-06-21,5,2487.0,147.0,2634.0
2026-06-21 06:00:00,469,38,507,2026-06-21,6,2258.0,128.0,2386.0
2026-06-21 06:15:00,454,41,495,2026-06-21,6,2047.0,138.0,2185.0
2026-06-21 06:30:00,452,20,472,2026-06-21,6,1857.0,132.0,1989.0
2026-06-21 06:45:00,373,17,390,2026-06-21,6,1748.0,116.0,1864.0
2026-06-21 07:00:00,360,32,392,2026-06-21,7,1639.0,110.0,1749.0
2026-06-21 07:15:00,398,34,432,2026-06-21,7,1583.0,103.0,1686.0
2026-06-21 07:30:00,383,21,404,2026-06-21,7,1514.0,104.0,1618.0
2026-06-21 07:45:00,408,25,433,2026-06-21,7,1549.0,112.0,1661.0
2026-06-21 08:00:00,439,26,465,2026-06-21,8,1628.0,106.0,1734.0
2026-06-21 08:15:00,435,37,472,2026-06-21,8,1665.0,109.0,1774.0
2026-06-21 08:30:00,442,16,458,2026-06-21,8,1724.0,104.0,1828.0
2026-06-21 08:45:00,429,38,467,2026-06-21,8,1745.0,117.0,1862.0
2026-06-21 09:00:00,475,43,518,2026-06-21,9,1781.0,134.0,1915.0
2026-06-21 09:15:00,480,51,531,2026-06-21,9,1826.0,148.0,1974.0
2026-06-21 09:30:00,522,34,556,2026-06-21,9,1906.0,166.0,2072.0
2026-06-21 09:45:00,464,35,499,2026-06-21,9,1941.0,163.0,2104.0
2026-06-21 10:00:00,466,45,511,2026-06-21,10,1932.0,165.0,2097.0
2026-06-21 10:15:00,404,44,448,2026-06-21,10,1856.0,158.0,2014.0
2026-06-21 10:30:00,376,38,414,2026-06-21,10,1710.0,162.0,1872.0
2026-06-21 10:45:00,419,40,459,2026-06-21,10,1665.0,167.0,1832.0
2026-06-21 11:00:00,529,28,557,2026-06-21,11,1728.0,150.0,1878.0
2026-06-21 11:15:00,574,30,604,2026-06-21,11,1898.0,136.0,2034.0
2026-06-21 11:30:00,609,45,654,2026-06-21,11,2131.0,143.0,2274.0
2026-06-21 11:45:00,606,51,657,2026-06-21,11,2318.0,154.0,2472.0
2026-06-21 12:00:00,627,34,661,2026-06-21,12,2416.0,160.0,2576.0
2026-06-21 12:15:00,630,32,662,2026-06-21,12,2472.0,162.0,2634.0
2026-06-21 12:30:00,604,29,633,2026-06-21,12,2467.0,146.0,2613.0
2026-06-21 12:45:00,468,38,506,2026-06-21,12,2329.0,133.0,2462.0
2026-06-21 13:00:00,438,50,488,2026-06-21,13,2140.0,149.0,2289.0
2026-06-21 13:15:00,403,37,440,2026-06-21,13,1913.0,154.0,2067.0
2026-06-21 13:30:00,420,42,462,2026-06-21,13,1729.0,167.0,1896.0
2026-06-21 13:45:00,442,35,477,2026-06-21,13,1703.0,164.0,1867.0
2026-06-21 14:00:00,446,38,484,2026-06-21,14,1711.0,152.0,1863.0
2026-06-21 14:15:00,417,29,446,2026-06-21,14,1725.0,144.0,1869.0
2026-06-21 14:30:00,392,12,404,2026-06-21,14,1697.0,114.0,1811.0
2026-06-21 14:45:00,443,14,457,2026-06-21,14,1698.0,93.0,1791.0
2026-06-21 15:00:00,520,21,541,2026-06-21,15,1772.0,76.0,1848.0
2026-06-21 15:15:00,517,23,540,2026-06-21,15,1872.0,70.0,1942.0
2026-06-21 15:30:00,496,21,517,2026-06-21,15,1976.0,79.0,2055.0
2026-06-21 15:45:00,528,19,547,2026-06-21,15,2061.0,84.0,2145.0
2026-06-21 16:00:00,492,15,507,2026-06-21,16,2033.0,78.0,2111.0
2026-06-21 16:15:00,430,20,450,2026-06-21,16,1946.0,75.0,2021.0
2026-06-21 16:30:00,364,19,383,2026-06-21,16,1814.0,73.0,1887.0
2026-06-21 16:45:00,371,16,387,2026-06-21,16,1657.0,70.0,1727.0
2026-06-21 17:00:00,418,20,438,2026-06-21,17,1583.0,75.0,1658.0
2026-06-21 17:15:00,437,18,455,2026-06-21,17,1590.0,73.0,1663.0
2026-06-21 17:30:00,401,22,423,2026-06-21,17,1627.0,76.0,1703.0
2026-06-21 17:45:00,438,24,462,2026-06-21,17,1694.0,84.0,1778.0
2026-06-21 18:00:00,476,22,498,2026-06-21,18,1752.0,86.0,1838.0
2026-06-21 18:15:00,451,14,465,2026-06-21,18,1766.0,82.0,1848.0
2026-06-21 18:30:00,451,10,461,2026-06-21,18,1816.0,70.0,1886.0
2026-06-21 18:45:00,397,9,406,2026-06-21,18,1775.0,55.0,1830.0
2026-06-21 19:00:00,325,17,342,2026-06-21,19,1624.0,50.0,1674.0
2026-06-21 19:15:00,286,10,296,2026-06-21,19,1459.0,46.0,1505.0
2026-06-21 19:30:00,226,22,248,2026-06-21,19,1234.0,58.0,1292.0
2026-06-21 19:45:00,172,41,213,2026-06-21,19,1009.0,90.0,1099.0
2026-06-21 20:00:00,124,41,165,2026-06-21,20,808.0,114.0,922.0
2026-06-21 20:15:00,90,39,129,2026-06-21,20,612.0,143.0,755.0
2026-06-21 20:30:00,57,59,116,2026-06-21,20,443.0,180.0,623.0
2026-06-21 20:45:00,25,54,79,2026-06-21,20,296.0,193.0,489.0
2026-06-21 21:00:00,20,49,69,2026-06-21,21,192.0,201.0,393.0
2026-06-21 21:15:00,17,40,57,2026-06-21,21,119.0,202.0,321.0
2026-06-21 21:30:00,33,53,86,2026-06-21,21,95.0,196.0,291.0
2026-06-21 21:45:00,29,56,85,2026-06-21,21,99.0,198.0,297.0
2026-06-21 22:00:00,20,25,45,2026-06-21,22,99.0,174.0,273.0
2026-06-21 22:15:00,13,18,31,2026-06-21,22,95.0,152.0,247.0
2026-06-21 22:30:00,14,20,34,2026-06-21,22,76.0,119.0,195.0
2026-06-21 22:45:00,5,11,16,2026-06-21,22,52.0,74.0,126.0
2026-06-21 23:00:00,2,6,8,2026-06-21,23,34.0,55.0,89.0
2026-06-21 23:15:00,0,8,8,2026-06-21,23,21.0,45.0,66.0
2026-06-21 23:30:00,0,5,5,2026-06-21,23,7.0,30.0,37.0
2026-06-21 23:45:00,0,3,3,2026-06-21,23,2.0,22.0,24.0
2026-06-22 03:00:00,66,117,183,2026-06-22,3,66.0,117.0,183.0
2026-06-22 03:15:00,115,114,229,2026-06-22,3,181.0,231.0,412.0
2026-06-22 03:30:00,256,29,285,2026-06-22,3,437.0,260.0,697.0
2026-06-22 03:45:00,443,33,476,2026-06-22,3,880.0,293.0,1173.0
2026-06-22 04:00:00,544,26,570,2026-06-22,4,1358.0,202.0,1560.0
2026-06-22 04:15:00,638,37,675,2026-06-22,4,1881.0,125.0,2006.0
2026-06-22 04:30:00,703,57,760,2026-06-22,4,2328.0,153.0,2481.0
2026-06-22 04:45:00,732,52,784,2026-06-22,4,2617.0,172.0,2789.0
2026-06-22 05:00:00,698,58,756,2026-06-22,5,2771.0,204.0,2975.0
2026-06-22 05:15:00,636,43,679,2026-06-22,5,2769.0,210.0,2979.0
2026-06-22 05:30:00,567,29,596,2026-06-22,5,2633.0,182.0,2815.0
2026-06-22 05:45:00,595,56,651,2026-06-22,5,2496.0,186.0,2682.0
2026-06-22 06:00:00,568,52,620,2026-06-22,6,2366.0,180.0,2546.0
2026-06-22 06:15:00,461,55,516,2026-06-22,6,2191.0,192.0,2383.0
2026-06-22 06:30:00,415,21,436,2026-06-22,6,2039.0,184.0,2223.0
2026-06-22 06:45:00,458,32,490,2026-06-22,6,1902.0,160.0,2062.0
2026-06-22 07:00:00,466,21,487,2026-06-22,7,1800.0,129.0,1929.0
2026-06-22 07:15:00,462,30,492,2026-06-22,7,1801.0,104.0,1905.0
2026-06-22 07:30:00,472,22,494,2026-06-22,7,1858.0,105.0,1963.0
2026-06-22 07:45:00,447,21,468,2026-06-22,7,1847.0,94.0,1941.0
2026-06-22 08:00:00,507,29,536,2026-06-22,8,1888.0,102.0,1990.0
2026-06-22 08:15:00,503,37,540,2026-06-22,8,1929.0,109.0,2038.0
2026-06-22 08:30:00,513,23,536,2026-06-22,8,1970.0,110.0,2080.0
2026-06-22 08:45:00,529,34,563,2026-06-22,8,2052.0,123.0,2175.0
2026-06-22 09:00:00,480,28,508,2026-06-22,9,2025.0,122.0,2147.0
2026-06-22 09:15:00,481,41,522,2026-06-22,9,2003.0,126.0,2129.0
2026-06-22 09:30:00,491,44,535,2026-06-22,9,1981.0,147.0,2128.0
2026-06-22 09:45:00,498,37,535,2026-06-22,9,1950.0,150.0,2100.0
2026-06-22 10:00:00,466,40,506,2026-06-22,10,1936.0,162.0,2098.0
2026-06-22 10:15:00,450,57,507,2026-06-22,10,1905.0,178.0,2083.0
2026-06-22 10:30:00,468,40,508,2026-06-22,10,1882.0,174.0,2056.0
2026-06-22 10:45:00,510,44,554,2026-06-22,10,1894.0,181.0,2075.0
2026-06-22 11:00:00,588,41,629,2026-06-22,11,2016.0,182.0,2198.0
2026-06-22 11:15:00,607,38,645,2026-06-22,11,2173.0,163.0,2336.0
2026-06-22 11:30:00,597,48,645,2026-06-22,11,2302.0,171.0,2473.0
2026-06-22 11:45:00,549,49,598,2026-06-22,11,2341.0,176.0,2517.0
2026-06-22 12:00:00,559,49,608,2026-06-22,12,2312.0,184.0,2496.0
2026-06-22 12:15:00,530,38,568,2026-06-22,12,2235.0,184.0,2419.0
2026-06-22 12:30:00,498,49,547,2026-06-22,12,2136.0,185.0,2321.0
2026-06-22 12:45:00,474,42,516,2026-06-22,12,2061.0,178.0,2239.0
2026-06-22 13:00:00,503,29,532,2026-06-22,13,2005.0,158.0,2163.0
2026-06-22 13:15:00,488,26,514,2026-06-22,13,1963.0,146.0,2109.0
2026-06-22 13:30:00,456,36,492,2026-06-22,13,1921.0,133.0,2054.0
2026-06-22 13:45:00,445,39,484,2026-06-22,13,1892.0,130.0,2022.0
2026-06-22 14:00:00,446,22,468,2026-06-22,14,1835.0,123.0,1958.0
2026-06-22 14:15:00,433,36,469,2026-06-22,14,1780.0,133.0,1913.0
2026-06-22 14:30:00,437,34,471,2026-06-22,14,1761.0,131.0,1892.0
2026-06-22 14:45:00,463,29,492,2026-06-22,14,1779.0,121.0,1900.0
2026-06-22 15:00:00,476,33,509,2026-06-22,15,1809.0,132.0,1941.0
2026-06-22 15:15:00,524,28,552,2026-06-22,15,1900.0,124.0,2024.0
2026-06-22 15:30:00,505,32,537,2026-06-22,15,1968.0,122.0,2090.0
2026-06-22 15:45:00,410,31,441,2026-06-22,15,1915.0,124.0,2039.0
2026-06-22 16:00:00,329,17,346,2026-06-22,16,1768.0,108.0,1876.0
2026-06-22 16:15:00,338,19,357,2026-06-22,16,1582.0,99.0,1681.0
2026-06-22 16:30:00,339,19,358,2026-06-22,16,1416.0,86.0,1502.0
2026-06-22 16:45:00,321,14,335,2026-06-22,16,1327.0,69.0,1396.0
2026-06-22 17:00:00,355,20,375,2026-06-22,17,1353.0,72.0,1425.0
2026-06-22 17:15:00,366,17,383,2026-06-22,17,1381.0,70.0,1451.0
2026-06-22 17:30:00,362,9,371,2026-06-22,17,1404.0,60.0,1464.0
2026-06-22 17:45:00,342,12,354,2026-06-22,17,1425.0,58.0,1483.0
2026-06-22 18:00:00,266,39,305,2026-06-22,18,1336.0,77.0,1413.0
2026-06-22 18:15:00,223,17,240,2026-06-22,18,1193.0,77.0,1270.0
2026-06-22 18:30:00,205,19,224,2026-06-22,18,1036.0,87.0,1123.0
2026-06-22 18:45:00,200,39,239,2026-06-22,18,894.0,114.0,1008.0
2026-06-22 19:00:00,179,47,226,2026-06-22,19,807.0,122.0,929.0
2026-06-22 19:15:00,196,35,231,2026-06-22,19,780.0,140.0,920.0
2026-06-22 19:30:00,179,35,214,2026-06-22,19,754.0,156.0,910.0
2026-06-22 19:45:00,169,43,212,2026-06-22,19,723.0,160.0,883.0
2026-06-22 20:00:00,140,47,187,2026-06-22,20,684.0,160.0,844.0
2026-06-22 20:15:00,112,30,142,2026-06-22,20,600.0,155.0,755.0
2026-06-22 20:30:00,79,50,129,2026-06-22,20,500.0,170.0,670.0
2026-06-22 20:45:00,43,42,85,2026-06-22,20,374.0,169.0,543.0
2026-06-22 21:00:00,29,47,76,2026-06-22,21,263.0,169.0,432.0
2026-06-22 21:15:00,7,29,36,2026-06-22,21,158.0,168.0,326.0
2026-06-22 21:30:00,2,31,33,2026-06-22,21,81.0,149.0,230.0
2026-06-22 21:45:00,2,28,30,2026-06-22,21,40.0,135.0,175.0
2026-06-22 22:00:00,1,10,11,2026-06-22,22,12.0,98.0,110.0
2026-06-22 22:15:00,0,9,9,2026-06-22,22,5.0,78.0,83.0
2026-06-22 22:30:00,0,6,6,2026-06-22,22,3.0,53.0,56.0
2026-06-22 22:45:00,1,6,7,2026-06-22,22,2.0,31.0,33.0
2026-06-22 23:00:00,0,13,13,2026-06-22,23,1.0,34.0,35.0
2026-06-22 23:15:00,1,8,9,2026-06-22,23,2.0,33.0,35.0
2026-06-22 23:30:00,0,3,3,2026-06-22,23,2.0,30.0,32.0
2026-06-22 23:45:00,1,3,4,2026-06-22,23,2.0,27.0,29.0
2026-06-23 03:00:00,84,88,172,2026-06-23,3,84.0,88.0,172.0
2026-06-23 03:15:00,154,33,187,2026-06-23,3,238.0,121.0,359.0
2026-06-23 03:30:00,277,40,317,2026-06-23,3,515.0,161.0,676.0
2026-06-23 03:45:00,433,34,467,2026-06-23,3,948.0,195.0,1143.0
2026-06-23 04:00:00,546,31,577,2026-06-23,4,1410.0,138.0,1548.0
2026-06-23 04:15:00,675,34,709,2026-06-23,4,1931.0,139.0,2070.0
2026-06-23 04:30:00,709,38,747,2026-06-23,4,2363.0,137.0,2500.0
2026-06-23 04:45:00,694,51,745,2026-06-23,4,2624.0,154.0,2778.0
2026-06-23 05:00:00,679,62,741,2026-06-23,5,2757.0,185.0,2942.0
2026-06-23 05:15:00,551,37,588,2026-06-23,5,2633.0,188.0,2821.0
2026-06-23 05:30:00,488,36,524,2026-06-23,5,2412.0,186.0,2598.0
2026-06-23 05:45:00,455,54,509,2026-06-23,5,2173.0,189.0,2362.0
2026-06-23 06:00:00,382,67,449,2026-06-23,6,1876.0,194.0,2070.0
2026-06-23 06:15:00,289,46,335,2026-06-23,6,1614.0,203.0,1817.0
2026-06-23 06:30:00,279,36,315,2026-06-23,6,1405.0,203.0,1608.0
2026-06-23 06:45:00,334,33,367,2026-06-23,6,1284.0,182.0,1466.0
2026-06-23 07:00:00,335,32,367,2026-06-23,7,1237.0,147.0,1384.0
2026-06-23 07:15:00,376,44,420,2026-06-23,7,1324.0,145.0,1469.0
2026-06-23 07:30:00,438,35,473,2026-06-23,7,1483.0,144.0,1627.0
2026-06-23 07:45:00,480,25,505,2026-06-23,7,1629.0,136.0,1765.0
2026-06-23 08:00:00,469,34,503,2026-06-23,8,1763.0,138.0,1901.0
2026-06-23 08:15:00,475,38,513,2026-06-23,8,1862.0,132.0,1994.0
2026-06-23 08:30:00,479,33,512,2026-06-23,8,1903.0,130.0,2033.0
2026-06-23 08:45:00,470,20,490,2026-06-23,8,1893.0,125.0,2018.0
2026-06-23 09:00:00,428,38,466,2026-06-23,9,1852.0,129.0,1981.0
2026-06-23 09:15:00,418,29,447,2026-06-23,9,1795.0,120.0,1915.0
2026-06-23 09:30:00,427,42,469,2026-06-23,9,1743.0,129.0,1872.0
2026-06-23 09:45:00,401,24,425,2026-06-23,9,1674.0,133.0,1807.0
2026-06-23 10:00:00,373,37,410,2026-06-23,10,1619.0,132.0,1751.0
2026-06-23 10:15:00,369,48,417,2026-06-23,10,1570.0,151.0,1721.0
2026-06-23 10:30:00,405,36,441,2026-06-23,10,1548.0,145.0,1693.0
2026-06-23 10:45:00,447,61,508,2026-06-23,10,1594.0,182.0,1776.0
2026-06-23 11:00:00,476,35,511,2026-06-23,11,1697.0,180.0,1877.0
2026-06-23 11:15:00,497,44,541,2026-06-23,11,1825.0,176.0,2001.0
2026-06-23 11:30:00,505,49,554,2026-06-23,11,1925.0,189.0,2114.0
2026-06-23 11:45:00,498,46,544,2026-06-23,11,1976.0,174.0,2150.0
2026-06-23 12:00:00,510,37,547,2026-06-23,12,2010.0,176.0,2186.0
2026-06-23 12:15:00,449,52,501,2026-06-23,12,1962.0,184.0,2146.0
2026-06-23 12:30:00,457,52,509,2026-06-23,12,1914.0,187.0,2101.0
2026-06-23 12:45:00,475,31,506,2026-06-23,12,1891.0,172.0,2063.0
2026-06-23 13:00:00,447,40,487,2026-06-23,13,1828.0,175.0,2003.0
2026-06-23 13:15:00,422,34,456,2026-06-23,13,1801.0,157.0,1958.0
2026-06-23 13:30:00,460,30,490,2026-06-23,13,1804.0,135.0,1939.0
2026-06-23 13:45:00,417,40,457,2026-06-23,13,1746.0,144.0,1890.0
2026-06-23 14:00:00,389,38,427,2026-06-23,14,1688.0,142.0,1830.0
2026-06-23 14:15:00,336,34,370,2026-06-23,14,1602.0,142.0,1744.0
2026-06-23 14:30:00,350,30,380,2026-06-23,14,1492.0,142.0,1634.0
2026-06-23 14:45:00,338,31,369,2026-06-23,14,1413.0,133.0,1546.0
2026-06-23 15:00:00,403,26,429,2026-06-23,15,1427.0,121.0,1548.0
2026-06-23 15:15:00,397,25,422,2026-06-23,15,1488.0,112.0,1600.0
2026-06-23 15:30:00,456,33,489,2026-06-23,15,1594.0,115.0,1709.0
2026-06-23 15:45:00,414,29,443,2026-06-23,15,1670.0,113.0,1783.0
2026-06-23 16:00:00,387,31,418,2026-06-23,16,1654.0,118.0,1772.0
2026-06-23 16:15:00,317,25,342,2026-06-23,16,1574.0,118.0,1692.0
2026-06-23 16:30:00,242,33,275,2026-06-23,16,1360.0,118.0,1478.0
2026-06-23 16:45:00,237,24,261,2026-06-23,16,1183.0,113.0,1296.0
2026-06-23 17:00:00,231,9,240,2026-06-23,17,1027.0,91.0,1118.0
2026-06-23 17:15:00,248,8,256,2026-06-23,17,958.0,74.0,1032.0
2026-06-23 17:30:00,239,17,256,2026-06-23,17,955.0,58.0,1013.0
2026-06-23 17:45:00,258,13,271,2026-06-23,17,976.0,47.0,1023.0
2026-06-23 18:00:00,264,29,293,2026-06-23,18,1009.0,67.0,1076.0
2026-06-23 18:15:00,210,27,237,2026-06-23,18,971.0,86.0,1057.0
2026-06-23 18:30:00,171,32,203,2026-06-23,18,903.0,101.0,1004.0
2026-06-23 18:45:00,146,47,193,2026-06-23,18,791.0,135.0,926.0
2026-06-23 19:00:00,113,71,184,2026-06-23,19,640.0,177.0,817.0
2026-06-23 19:15:00,146,52,198,2026-06-23,19,576.0,202.0,778.0
2026-06-23 19:30:00,97,31,128,2026-06-23,19,502.0,201.0,703.0
2026-06-23 19:45:00,96,45,141,2026-06-23,19,452.0,199.0,651.0
2026-06-23 20:00:00,105,41,146,2026-06-23,20,444.0,169.0,613.0
2026-06-23 20:15:00,82,41,123,2026-06-23,20,380.0,158.0,538.0
2026-06-23 20:30:00,59,37,96,2026-06-23,20,342.0,164.0,506.0
2026-06-23 20:45:00,48,41,89,2026-06-23,20,294.0,160.0,454.0
2026-06-23 21:00:00,22,42,64,2026-06-23,21,211.0,161.0,372.0
2026-06-23 21:15:00,8,29,37,2026-06-23,21,137.0,149.0,286.0
2026-06-23 21:30:00,5,45,50,2026-06-23,21,83.0,157.0,240.0
2026-06-23 21:45:00,3,43,46,2026-06-23,21,38.0,159.0,197.0
2026-06-23 22:00:00,0,24,24,2026-06-23,22,16.0,141.0,157.0
2026-06-23 22:15:00,0,15,15,2026-06-23,22,8.0,127.0,135.0
2026-06-23 22:30:00,1,8,9,2026-06-23,22,4.0,90.0,94.0
2026-06-23 22:45:00,0,10,10,2026-06-23,22,1.0,57.0,58.0
2026-06-23 23:00:00,0,2,2,2026-06-23,23,1.0,35.0,36.0
2026-06-23 23:15:00,0,5,5,2026-06-23,23,1.0,25.0,26.0
2026-06-23 23:30:00,0,3,3,2026-06-23,23,0.0,20.0,20.0
2026-06-23 23:45:00,0,1,1,2026-06-23,23,0.0,11.0,11.0
