Forecast DateTime,Pax,Staff,Total,Date,Hour,Rolling Hour Pax,Rolling Hour Staff,Rolling Hour Total
2026-06-09 03:00:00,89,82,171,2026-06-09,3,89.0,82.0,171.0
2026-06-09 03:15:00,159,31,190,2026-06-09,3,248.0,113.0,361.0
2026-06-09 03:30:00,285,37,322,2026-06-09,3,533.0,150.0,683.0
2026-06-09 03:45:00,468,32,500,2026-06-09,3,1001.0,182.0,1183.0
2026-06-09 04:00:00,595,29,624,2026-06-09,4,1507.0,129.0,1636.0
2026-06-09 04:15:00,716,32,748,2026-06-09,4,2064.0,130.0,2194.0
2026-06-09 04:30:00,750,36,786,2026-06-09,4,2529.0,129.0,2658.0
2026-06-09 04:45:00,709,48,757,2026-06-09,4,2770.0,145.0,2915.0
2026-06-09 05:00:00,660,58,718,2026-06-09,5,2835.0,174.0,3009.0
2026-06-09 05:15:00,498,34,532,2026-06-09,5,2617.0,176.0,2793.0
2026-06-09 05:30:00,422,34,456,2026-06-09,5,2289.0,174.0,2463.0
2026-06-09 05:45:00,383,51,434,2026-06-09,5,1963.0,177.0,2140.0
2026-06-09 06:00:00,333,63,396,2026-06-09,6,1636.0,182.0,1818.0
2026-06-09 06:15:00,338,43,381,2026-06-09,6,1476.0,191.0,1667.0
2026-06-09 06:30:00,332,34,366,2026-06-09,6,1386.0,191.0,1577.0
2026-06-09 06:45:00,383,31,414,2026-06-09,6,1386.0,171.0,1557.0
2026-06-09 07:00:00,365,30,395,2026-06-09,7,1418.0,138.0,1556.0
2026-06-09 07:15:00,382,41,423,2026-06-09,7,1462.0,136.0,1598.0
2026-06-09 07:30:00,459,32,491,2026-06-09,7,1589.0,134.0,1723.0
2026-06-09 07:45:00,480,24,504,2026-06-09,7,1686.0,127.0,1813.0
2026-06-09 08:00:00,449,32,481,2026-06-09,8,1770.0,129.0,1899.0
2026-06-09 08:15:00,465,36,501,2026-06-09,8,1853.0,124.0,1977.0
2026-06-09 08:30:00,495,31,526,2026-06-09,8,1889.0,123.0,2012.0
2026-06-09 08:45:00,473,19,492,2026-06-09,8,1882.0,118.0,2000.0
2026-06-09 09:00:00,462,35,497,2026-06-09,9,1895.0,121.0,2016.0
2026-06-09 09:15:00,444,27,471,2026-06-09,9,1874.0,112.0,1986.0
2026-06-09 09:30:00,442,40,482,2026-06-09,9,1821.0,121.0,1942.0
2026-06-09 09:45:00,378,22,400,2026-06-09,9,1726.0,124.0,1850.0
2026-06-09 10:00:00,341,35,376,2026-06-09,10,1605.0,124.0,1729.0
2026-06-09 10:15:00,354,45,399,2026-06-09,10,1515.0,142.0,1657.0
2026-06-09 10:30:00,409,33,442,2026-06-09,10,1482.0,135.0,1617.0
2026-06-09 10:45:00,447,57,504,2026-06-09,10,1551.0,170.0,1721.0
2026-06-09 11:00:00,478,33,511,2026-06-09,11,1688.0,168.0,1856.0
2026-06-09 11:15:00,486,41,527,2026-06-09,11,1820.0,164.0,1984.0
2026-06-09 11:30:00,518,46,564,2026-06-09,11,1929.0,177.0,2106.0
2026-06-09 11:45:00,539,43,582,2026-06-09,11,2021.0,163.0,2184.0
2026-06-09 12:00:00,497,34,531,2026-06-09,12,2040.0,164.0,2204.0
2026-06-09 12:15:00,459,49,508,2026-06-09,12,2013.0,172.0,2185.0
2026-06-09 12:30:00,463,49,512,2026-06-09,12,1958.0,175.0,2133.0
2026-06-09 12:45:00,439,29,468,2026-06-09,12,1858.0,161.0,2019.0
2026-06-09 13:00:00,400,38,438,2026-06-09,13,1761.0,165.0,1926.0
2026-06-09 13:15:00,408,32,440,2026-06-09,13,1710.0,148.0,1858.0
2026-06-09 13:30:00,442,28,470,2026-06-09,13,1689.0,127.0,1816.0
2026-06-09 13:45:00,371,38,409,2026-06-09,13,1621.0,136.0,1757.0
2026-06-09 14:00:00,365,36,401,2026-06-09,14,1586.0,134.0,1720.0
2026-06-09 14:15:00,323,32,355,2026-06-09,14,1501.0,134.0,1635.0
2026-06-09 14:30:00,345,28,373,2026-06-09,14,1404.0,134.0,1538.0
2026-06-09 14:45:00,367,29,396,2026-06-09,14,1400.0,125.0,1525.0
2026-06-09 15:00:00,443,24,467,2026-06-09,15,1478.0,113.0,1591.0
2026-06-09 15:15:00,460,24,484,2026-06-09,15,1615.0,105.0,1720.0
2026-06-09 15:30:00,513,31,544,2026-06-09,15,1783.0,108.0,1891.0
2026-06-09 15:45:00,480,27,507,2026-06-09,15,1896.0,106.0,2002.0
2026-06-09 16:00:00,454,29,483,2026-06-09,16,1907.0,111.0,2018.0
2026-06-09 16:15:00,350,24,374,2026-06-09,16,1797.0,111.0,1908.0
2026-06-09 16:30:00,284,31,315,2026-06-09,16,1568.0,111.0,1679.0
2026-06-09 16:45:00,259,23,282,2026-06-09,16,1347.0,107.0,1454.0
2026-06-09 17:00:00,224,8,232,2026-06-09,17,1117.0,86.0,1203.0
2026-06-09 17:15:00,253,8,261,2026-06-09,17,1020.0,70.0,1090.0
2026-06-09 17:30:00,252,16,268,2026-06-09,17,988.0,55.0,1043.0
2026-06-09 17:45:00,285,12,297,2026-06-09,17,1014.0,44.0,1058.0
2026-06-09 18:00:00,313,28,341,2026-06-09,18,1103.0,64.0,1167.0
2026-06-09 18:15:00,234,26,260,2026-06-09,18,1084.0,82.0,1166.0
2026-06-09 18:30:00,227,30,257,2026-06-09,18,1059.0,96.0,1155.0
2026-06-09 18:45:00,208,44,252,2026-06-09,18,982.0,128.0,1110.0
2026-06-09 19:00:00,147,66,213,2026-06-09,19,816.0,166.0,982.0
2026-06-09 19:15:00,186,49,235,2026-06-09,19,768.0,189.0,957.0
2026-06-09 19:30:00,136,29,165,2026-06-09,19,677.0,188.0,865.0
2026-06-09 19:45:00,107,42,149,2026-06-09,19,576.0,186.0,762.0
2026-06-09 20:00:00,94,38,132,2026-06-09,20,523.0,158.0,681.0
2026-06-09 20:15:00,71,38,109,2026-06-09,20,408.0,147.0,555.0
2026-06-09 20:30:00,49,35,84,2026-06-09,20,321.0,153.0,474.0
2026-06-09 20:45:00,41,38,79,2026-06-09,20,255.0,149.0,404.0
2026-06-09 21:00:00,21,39,60,2026-06-09,21,182.0,150.0,332.0
2026-06-09 21:15:00,6,27,33,2026-06-09,21,117.0,139.0,256.0
2026-06-09 21:30:00,4,42,46,2026-06-09,21,72.0,146.0,218.0
2026-06-09 21:45:00,1,40,41,2026-06-09,21,32.0,148.0,180.0
2026-06-09 22:00:00,0,23,23,2026-06-09,22,11.0,132.0,143.0
2026-06-09 22:15:00,0,14,14,2026-06-09,22,5.0,119.0,124.0
2026-06-09 22:30:00,1,7,8,2026-06-09,22,2.0,84.0,86.0
2026-06-09 22:45:00,0,10,10,2026-06-09,22,1.0,54.0,55.0
2026-06-09 23:00:00,0,2,2,2026-06-09,23,1.0,33.0,34.0
2026-06-09 23:15:00,0,5,5,2026-06-09,23,1.0,24.0,25.0
2026-06-09 23:30:00,0,2,2,2026-06-09,23,0.0,19.0,19.0
2026-06-09 23:45:00,0,1,1,2026-06-09,23,0.0,10.0,10.0
2026-06-10 03:00:00,58,77,135,2026-06-10,3,58.0,77.0,135.0
2026-06-10 03:15:00,117,29,146,2026-06-10,3,175.0,106.0,281.0
2026-06-10 03:30:00,296,30,326,2026-06-10,3,471.0,136.0,607.0
2026-06-10 03:45:00,431,31,462,2026-06-10,3,902.0,167.0,1069.0
2026-06-10 04:00:00,575,33,608,2026-06-10,4,1419.0,123.0,1542.0
2026-06-10 04:15:00,648,42,690,2026-06-10,4,1950.0,136.0,2086.0
2026-06-10 04:30:00,709,52,761,2026-06-10,4,2363.0,158.0,2521.0
2026-06-10 04:45:00,665,54,719,2026-06-10,4,2597.0,181.0,2778.0
2026-06-10 05:00:00,616,46,662,2026-06-10,5,2638.0,194.0,2832.0
2026-06-10 05:15:00,610,44,654,2026-06-10,5,2600.0,196.0,2796.0
2026-06-10 05:30:00,549,32,581,2026-06-10,5,2440.0,176.0,2616.0
2026-06-10 05:45:00,523,44,567,2026-06-10,5,2298.0,166.0,2464.0
2026-06-10 06:00:00,484,52,536,2026-06-10,6,2166.0,172.0,2338.0
2026-06-10 06:15:00,447,47,494,2026-06-10,6,2003.0,175.0,2178.0
2026-06-10 06:30:00,490,36,526,2026-06-10,6,1944.0,179.0,2123.0
2026-06-10 06:45:00,568,31,599,2026-06-10,6,1989.0,166.0,2155.0
2026-06-10 07:00:00,593,29,622,2026-06-10,7,2098.0,143.0,2241.0
2026-06-10 07:15:00,568,20,588,2026-06-10,7,2219.0,116.0,2335.0
2026-06-10 07:30:00,500,23,523,2026-06-10,7,2229.0,103.0,2332.0
2026-06-10 07:45:00,463,37,500,2026-06-10,7,2124.0,109.0,2233.0
2026-06-10 08:00:00,400,49,449,2026-06-10,8,1931.0,129.0,2060.0
2026-06-10 08:15:00,419,24,443,2026-06-10,8,1782.0,133.0,1915.0
2026-06-10 08:30:00,474,44,518,2026-06-10,8,1756.0,154.0,1910.0
2026-06-10 08:45:00,529,47,576,2026-06-10,8,1822.0,164.0,1986.0
2026-06-10 09:00:00,533,58,591,2026-06-10,9,1955.0,173.0,2128.0
2026-06-10 09:15:00,476,50,526,2026-06-10,9,2012.0,199.0,2211.0
2026-06-10 09:30:00,428,54,482,2026-06-10,9,1966.0,209.0,2175.0
2026-06-10 09:45:00,388,83,471,2026-06-10,9,1825.0,245.0,2070.0
2026-06-10 10:00:00,359,59,418,2026-06-10,10,1651.0,246.0,1897.0
2026-06-10 10:15:00,347,39,386,2026-06-10,10,1522.0,235.0,1757.0
2026-06-10 10:30:00,378,37,415,2026-06-10,10,1472.0,218.0,1690.0
2026-06-10 10:45:00,444,32,476,2026-06-10,10,1528.0,167.0,1695.0
2026-06-10 11:00:00,454,47,501,2026-06-10,11,1623.0,155.0,1778.0
2026-06-10 11:15:00,500,42,542,2026-06-10,11,1776.0,158.0,1934.0
2026-06-10 11:30:00,511,36,547,2026-06-10,11,1909.0,157.0,2066.0
2026-06-10 11:45:00,543,40,583,2026-06-10,11,2008.0,165.0,2173.0
2026-06-10 12:00:00,557,44,601,2026-06-10,12,2111.0,162.0,2273.0
2026-06-10 12:15:00,492,56,548,2026-06-10,12,2103.0,176.0,2279.0
2026-06-10 12:30:00,470,57,527,2026-06-10,12,2062.0,197.0,2259.0
2026-06-10 12:45:00,498,59,557,2026-06-10,12,2017.0,216.0,2233.0
2026-06-10 13:00:00,476,45,521,2026-06-10,13,1936.0,217.0,2153.0
2026-06-10 13:15:00,440,43,483,2026-06-10,13,1884.0,204.0,2088.0
2026-06-10 13:30:00,418,39,457,2026-06-10,13,1832.0,186.0,2018.0
2026-06-10 13:45:00,389,24,413,2026-06-10,13,1723.0,151.0,1874.0
2026-06-10 14:00:00,323,53,376,2026-06-10,14,1570.0,159.0,1729.0
2026-06-10 14:15:00,346,34,380,2026-06-10,14,1476.0,150.0,1626.0
2026-06-10 14:30:00,334,28,362,2026-06-10,14,1392.0,139.0,1531.0
2026-06-10 14:45:00,371,34,405,2026-06-10,14,1374.0,149.0,1523.0
2026-06-10 15:00:00,403,25,428,2026-06-10,15,1454.0,121.0,1575.0
2026-06-10 15:15:00,463,24,487,2026-06-10,15,1571.0,111.0,1682.0
2026-06-10 15:30:00,462,30,492,2026-06-10,15,1699.0,113.0,1812.0
2026-06-10 15:45:00,382,27,409,2026-06-10,15,1710.0,106.0,1816.0
2026-06-10 16:00:00,334,17,351,2026-06-10,16,1641.0,98.0,1739.0
2026-06-10 16:15:00,317,10,327,2026-06-10,16,1495.0,84.0,1579.0
2026-06-10 16:30:00,297,12,309,2026-06-10,16,1330.0,66.0,1396.0
2026-06-10 16:45:00,300,30,330,2026-06-10,16,1248.0,69.0,1317.0
2026-06-10 17:00:00,335,11,346,2026-06-10,17,1249.0,63.0,1312.0
2026-06-10 17:15:00,347,7,354,2026-06-10,17,1279.0,60.0,1339.0
2026-06-10 17:30:00,304,11,315,2026-06-10,17,1286.0,59.0,1345.0
2026-06-10 17:45:00,280,18,298,2026-06-10,17,1266.0,47.0,1313.0
2026-06-10 18:00:00,262,44,306,2026-06-10,18,1193.0,80.0,1273.0
2026-06-10 18:15:00,251,20,271,2026-06-10,18,1097.0,93.0,1190.0
2026-06-10 18:30:00,198,36,234,2026-06-10,18,991.0,118.0,1109.0
2026-06-10 18:45:00,184,57,241,2026-06-10,18,895.0,157.0,1052.0
2026-06-10 19:00:00,153,41,194,2026-06-10,19,786.0,154.0,940.0
2026-06-10 19:15:00,140,44,184,2026-06-10,19,675.0,178.0,853.0
2026-06-10 19:30:00,121,31,152,2026-06-10,19,598.0,173.0,771.0
2026-06-10 19:45:00,112,31,143,2026-06-10,19,526.0,147.0,673.0
2026-06-10 20:00:00,75,48,123,2026-06-10,20,448.0,154.0,602.0
2026-06-10 20:15:00,48,53,101,2026-06-10,20,356.0,163.0,519.0
2026-06-10 20:30:00,19,51,70,2026-06-10,20,254.0,183.0,437.0
2026-06-10 20:45:00,17,48,65,2026-06-10,20,159.0,200.0,359.0
2026-06-10 21:00:00,6,30,36,2026-06-10,21,90.0,182.0,272.0
2026-06-10 21:15:00,2,27,29,2026-06-10,21,44.0,156.0,200.0
2026-06-10 21:30:00,1,28,29,2026-06-10,21,26.0,133.0,159.0
2026-06-10 21:45:00,0,30,30,2026-06-10,21,9.0,115.0,124.0
2026-06-10 22:00:00,0,17,17,2026-06-10,22,3.0,102.0,105.0
2026-06-10 22:15:00,0,28,28,2026-06-10,22,1.0,103.0,104.0
2026-06-10 22:30:00,1,11,12,2026-06-10,22,1.0,86.0,87.0
2026-06-10 22:45:00,1,12,13,2026-06-10,22,2.0,68.0,70.0
2026-06-10 23:00:00,0,1,1,2026-06-10,23,2.0,52.0,54.0
2026-06-10 23:15:00,0,0,0,2026-06-10,23,2.0,24.0,26.0
2026-06-10 23:30:00,0,0,0,2026-06-10,23,1.0,13.0,14.0
2026-06-10 23:45:00,0,0,0,2026-06-10,23,0.0,1.0,1.0
2026-06-11 03:00:00,52,79,131,2026-06-11,3,52.0,79.0,131.0
2026-06-11 03:15:00,109,28,137,2026-06-11,3,161.0,107.0,268.0
2026-06-11 03:30:00,259,37,296,2026-06-11,3,420.0,144.0,564.0
2026-06-11 03:45:00,454,42,496,2026-06-11,3,874.0,186.0,1060.0
2026-06-11 04:00:00,585,28,613,2026-06-11,4,1407.0,135.0,1542.0
2026-06-11 04:15:00,687,32,719,2026-06-11,4,1985.0,139.0,2124.0
2026-06-11 04:30:00,704,34,738,2026-06-11,4,2430.0,136.0,2566.0
2026-06-11 04:45:00,704,49,753,2026-06-11,4,2680.0,143.0,2823.0
2026-06-11 05:00:00,653,57,710,2026-06-11,5,2748.0,172.0,2920.0
2026-06-11 05:15:00,657,44,701,2026-06-11,5,2718.0,184.0,2902.0
2026-06-11 05:30:00,624,27,651,2026-06-11,5,2638.0,177.0,2815.0
2026-06-11 05:45:00,542,37,579,2026-06-11,5,2476.0,165.0,2641.0
2026-06-11 06:00:00,520,59,579,2026-06-11,6,2343.0,167.0,2510.0
2026-06-11 06:15:00,538,29,567,2026-06-11,6,2224.0,152.0,2376.0
2026-06-11 06:30:00,589,30,619,2026-06-11,6,2189.0,155.0,2344.0
2026-06-11 06:45:00,570,40,610,2026-06-11,6,2217.0,158.0,2375.0
2026-06-11 07:00:00,474,31,505,2026-06-11,7,2171.0,130.0,2301.0
2026-06-11 07:15:00,484,39,523,2026-06-11,7,2117.0,140.0,2257.0
2026-06-11 07:30:00,437,25,462,2026-06-11,7,1965.0,135.0,2100.0
2026-06-11 07:45:00,396,29,425,2026-06-11,7,1791.0,124.0,1915.0
2026-06-11 08:00:00,407,21,428,2026-06-11,8,1724.0,114.0,1838.0
2026-06-11 08:15:00,409,26,435,2026-06-11,8,1649.0,101.0,1750.0
2026-06-11 08:30:00,459,27,486,2026-06-11,8,1671.0,103.0,1774.0
2026-06-11 08:45:00,500,30,530,2026-06-11,8,1775.0,104.0,1879.0
2026-06-11 09:00:00,536,34,570,2026-06-11,9,1904.0,117.0,2021.0
2026-06-11 09:15:00,556,24,580,2026-06-11,9,2051.0,115.0,2166.0
2026-06-11 09:30:00,565,24,589,2026-06-11,9,2157.0,112.0,2269.0
2026-06-11 09:45:00,519,32,551,2026-06-11,9,2176.0,114.0,2290.0
2026-06-11 10:00:00,454,41,495,2026-06-11,10,2094.0,121.0,2215.0
2026-06-11 10:15:00,491,47,538,2026-06-11,10,2029.0,144.0,2173.0
2026-06-11 10:30:00,460,33,493,2026-06-11,10,1924.0,153.0,2077.0
2026-06-11 10:45:00,455,50,505,2026-06-11,10,1860.0,171.0,2031.0
2026-06-11 11:00:00,465,50,515,2026-06-11,11,1871.0,180.0,2051.0
2026-06-11 11:15:00,521,36,557,2026-06-11,11,1901.0,169.0,2070.0
2026-06-11 11:30:00,524,47,571,2026-06-11,11,1965.0,183.0,2148.0
2026-06-11 11:45:00,470,53,523,2026-06-11,11,1980.0,186.0,2166.0
2026-06-11 12:00:00,423,40,463,2026-06-11,12,1938.0,176.0,2114.0
2026-06-11 12:15:00,469,40,509,2026-06-11,12,1886.0,180.0,2066.0
2026-06-11 12:30:00,441,45,486,2026-06-11,12,1803.0,178.0,1981.0
2026-06-11 12:45:00,442,51,493,2026-06-11,12,1775.0,176.0,1951.0
2026-06-11 13:00:00,447,49,496,2026-06-11,13,1799.0,185.0,1984.0
2026-06-11 13:15:00,449,47,496,2026-06-11,13,1779.0,192.0,1971.0
2026-06-11 13:30:00,474,35,509,2026-06-11,13,1812.0,182.0,1994.0
2026-06-11 13:45:00,419,40,459,2026-06-11,13,1789.0,171.0,1960.0
2026-06-11 14:00:00,403,36,439,2026-06-11,14,1745.0,158.0,1903.0
2026-06-11 14:15:00,433,34,467,2026-06-11,14,1729.0,145.0,1874.0
2026-06-11 14:30:00,351,49,400,2026-06-11,14,1606.0,159.0,1765.0
2026-06-11 14:45:00,385,50,435,2026-06-11,14,1572.0,169.0,1741.0
2026-06-11 15:00:00,476,35,511,2026-06-11,15,1645.0,168.0,1813.0
2026-06-11 15:15:00,464,21,485,2026-06-11,15,1676.0,155.0,1831.0
2026-06-11 15:30:00,403,32,435,2026-06-11,15,1728.0,138.0,1866.0
2026-06-11 15:45:00,396,28,424,2026-06-11,15,1739.0,116.0,1855.0
2026-06-11 16:00:00,380,24,404,2026-06-11,16,1643.0,105.0,1748.0
2026-06-11 16:15:00,390,25,415,2026-06-11,16,1569.0,109.0,1678.0
2026-06-11 16:30:00,345,18,363,2026-06-11,16,1511.0,95.0,1606.0
2026-06-11 16:45:00,364,21,385,2026-06-11,16,1479.0,88.0,1567.0
2026-06-11 17:00:00,402,23,425,2026-06-11,17,1501.0,87.0,1588.0
2026-06-11 17:15:00,386,13,399,2026-06-11,17,1497.0,75.0,1572.0
2026-06-11 17:30:00,367,14,381,2026-06-11,17,1519.0,71.0,1590.0
2026-06-11 17:45:00,332,30,362,2026-06-11,17,1487.0,80.0,1567.0
2026-06-11 18:00:00,329,25,354,2026-06-11,18,1414.0,82.0,1496.0
2026-06-11 18:15:00,279,19,298,2026-06-11,18,1307.0,88.0,1395.0
2026-06-11 18:30:00,256,38,294,2026-06-11,18,1196.0,112.0,1308.0
2026-06-11 18:45:00,229,50,279,2026-06-11,18,1093.0,132.0,1225.0
2026-06-11 19:00:00,205,28,233,2026-06-11,19,969.0,135.0,1104.0
2026-06-11 19:15:00,221,36,257,2026-06-11,19,911.0,152.0,1063.0
2026-06-11 19:30:00,197,41,238,2026-06-11,19,852.0,155.0,1007.0
2026-06-11 19:45:00,167,56,223,2026-06-11,19,790.0,161.0,951.0
2026-06-11 20:00:00,131,29,160,2026-06-11,20,716.0,162.0,878.0
2026-06-11 20:15:00,98,44,142,2026-06-11,20,593.0,170.0,763.0
2026-06-11 20:30:00,63,46,109,2026-06-11,20,459.0,175.0,634.0
2026-06-11 20:45:00,37,45,82,2026-06-11,20,329.0,164.0,493.0
2026-06-11 21:00:00,36,58,94,2026-06-11,21,234.0,193.0,427.0
2026-06-11 21:15:00,6,31,37,2026-06-11,21,142.0,180.0,322.0
2026-06-11 21:30:00,1,45,46,2026-06-11,21,80.0,179.0,259.0
2026-06-11 21:45:00,1,41,42,2026-06-11,21,44.0,175.0,219.0
2026-06-11 22:00:00,1,28,29,2026-06-11,22,9.0,145.0,154.0
2026-06-11 22:15:00,0,23,23,2026-06-11,22,3.0,137.0,140.0
2026-06-11 22:30:00,0,4,4,2026-06-11,22,2.0,96.0,98.0
2026-06-11 22:45:00,0,4,4,2026-06-11,22,1.0,59.0,60.0
2026-06-11 23:00:00,0,24,24,2026-06-11,23,0.0,55.0,55.0
2026-06-11 23:15:00,0,8,8,2026-06-11,23,0.0,40.0,40.0
2026-06-11 23:30:00,0,0,0,2026-06-11,23,0.0,36.0,36.0
2026-06-11 23:45:00,0,0,0,2026-06-11,23,0.0,32.0,32.0
2026-06-12 03:00:00,84,36,120,2026-06-12,3,84.0,36.0,120.0
2026-06-12 03:15:00,145,46,191,2026-06-12,3,229.0,82.0,311.0
2026-06-12 03:30:00,237,61,298,2026-06-12,3,466.0,143.0,609.0
2026-06-12 03:45:00,440,73,513,2026-06-12,3,906.0,216.0,1122.0
2026-06-12 04:00:00,681,40,721,2026-06-12,4,1503.0,220.0,1723.0
2026-06-12 04:15:00,875,34,909,2026-06-12,4,2233.0,208.0,2441.0
2026-06-12 04:30:00,784,81,865,2026-06-12,4,2780.0,228.0,3008.0
2026-06-12 04:45:00,740,88,828,2026-06-12,4,3080.0,243.0,3323.0
2026-06-12 05:00:00,679,61,740,2026-06-12,5,3078.0,264.0,3342.0
2026-06-12 05:15:00,560,49,609,2026-06-12,5,2763.0,279.0,3042.0
2026-06-12 05:30:00,375,47,422,2026-06-12,5,2354.0,245.0,2599.0
2026-06-12 05:45:00,329,56,385,2026-06-12,5,1943.0,213.0,2156.0
2026-06-12 06:00:00,406,42,448,2026-06-12,6,1670.0,194.0,1864.0
2026-06-12 06:15:00,448,53,501,2026-06-12,6,1558.0,198.0,1756.0
2026-06-12 06:30:00,457,43,500,2026-06-12,6,1640.0,194.0,1834.0
2026-06-12 06:45:00,569,34,603,2026-06-12,6,1880.0,172.0,2052.0
2026-06-12 07:00:00,601,32,633,2026-06-12,7,2075.0,162.0,2237.0
2026-06-12 07:15:00,573,39,612,2026-06-12,7,2200.0,148.0,2348.0
2026-06-12 07:30:00,564,25,589,2026-06-12,7,2307.0,130.0,2437.0
2026-06-12 07:45:00,542,25,567,2026-06-12,7,2280.0,121.0,2401.0
2026-06-12 08:00:00,563,40,603,2026-06-12,8,2242.0,129.0,2371.0
2026-06-12 08:15:00,553,40,593,2026-06-12,8,2222.0,130.0,2352.0
2026-06-12 08:30:00,467,32,499,2026-06-12,8,2125.0,137.0,2262.0
2026-06-12 08:45:00,386,31,417,2026-06-12,8,1969.0,143.0,2112.0
2026-06-12 09:00:00,414,34,448,2026-06-12,9,1820.0,137.0,1957.0
2026-06-12 09:15:00,392,38,430,2026-06-12,9,1659.0,135.0,1794.0
2026-06-12 09:30:00,413,49,462,2026-06-12,9,1605.0,152.0,1757.0
2026-06-12 09:45:00,401,50,451,2026-06-12,9,1620.0,171.0,1791.0
2026-06-12 10:00:00,406,61,467,2026-06-12,10,1612.0,198.0,1810.0
2026-06-12 10:15:00,427,46,473,2026-06-12,10,1647.0,206.0,1853.0
2026-06-12 10:30:00,420,68,488,2026-06-12,10,1654.0,225.0,1879.0
2026-06-12 10:45:00,423,57,480,2026-06-12,10,1676.0,232.0,1908.0
2026-06-12 11:00:00,457,45,502,2026-06-12,11,1727.0,216.0,1943.0
2026-06-12 11:15:00,527,58,585,2026-06-12,11,1827.0,228.0,2055.0
2026-06-12 11:30:00,589,67,656,2026-06-12,11,1996.0,227.0,2223.0
2026-06-12 11:45:00,655,71,726,2026-06-12,11,2228.0,241.0,2469.0
2026-06-12 12:00:00,697,73,770,2026-06-12,12,2468.0,269.0,2737.0
2026-06-12 12:15:00,700,62,762,2026-06-12,12,2641.0,273.0,2914.0
2026-06-12 12:30:00,632,54,686,2026-06-12,12,2684.0,260.0,2944.0
2026-06-12 12:45:00,563,65,628,2026-06-12,12,2592.0,254.0,2846.0
2026-06-12 13:00:00,465,52,517,2026-06-12,13,2360.0,233.0,2593.0
2026-06-12 13:15:00,435,38,473,2026-06-12,13,2095.0,209.0,2304.0
2026-06-12 13:30:00,371,55,426,2026-06-12,13,1834.0,210.0,2044.0
2026-06-12 13:45:00,324,50,374,2026-06-12,13,1595.0,195.0,1790.0
2026-06-12 14:00:00,349,34,383,2026-06-12,14,1479.0,177.0,1656.0
2026-06-12 14:15:00,325,36,361,2026-06-12,14,1369.0,175.0,1544.0
2026-06-12 14:30:00,302,32,334,2026-06-12,14,1300.0,152.0,1452.0
2026-06-12 14:45:00,351,38,389,2026-06-12,14,1327.0,140.0,1467.0
2026-06-12 15:00:00,402,34,436,2026-06-12,15,1380.0,140.0,1520.0
2026-06-12 15:15:00,430,19,449,2026-06-12,15,1485.0,123.0,1608.0
2026-06-12 15:30:00,495,19,514,2026-06-12,15,1678.0,110.0,1788.0
2026-06-12 15:45:00,519,20,539,2026-06-12,15,1846.0,92.0,1938.0
2026-06-12 16:00:00,443,17,460,2026-06-12,16,1887.0,75.0,1962.0
2026-06-12 16:15:00,443,20,463,2026-06-12,16,1900.0,76.0,1976.0
2026-06-12 16:30:00,404,15,419,2026-06-12,16,1809.0,72.0,1881.0
2026-06-12 16:45:00,392,29,421,2026-06-12,16,1682.0,81.0,1763.0
2026-06-12 17:00:00,422,28,450,2026-06-12,17,1661.0,92.0,1753.0
2026-06-12 17:15:00,453,15,468,2026-06-12,17,1671.0,87.0,1758.0
2026-06-12 17:30:00,414,14,428,2026-06-12,17,1681.0,86.0,1767.0
2026-06-12 17:45:00,413,21,434,2026-06-12,17,1702.0,78.0,1780.0
2026-06-12 18:00:00,334,22,356,2026-06-12,18,1614.0,72.0,1686.0
2026-06-12 18:15:00,291,9,300,2026-06-12,18,1452.0,66.0,1518.0
2026-06-12 18:30:00,200,11,211,2026-06-12,18,1238.0,63.0,1301.0
2026-06-12 18:45:00,164,12,176,2026-06-12,18,989.0,54.0,1043.0
2026-06-12 19:00:00,158,12,170,2026-06-12,19,813.0,44.0,857.0
2026-06-12 19:15:00,128,12,140,2026-06-12,19,650.0,47.0,697.0
2026-06-12 19:30:00,142,14,156,2026-06-12,19,592.0,50.0,642.0
2026-06-12 19:45:00,153,11,164,2026-06-12,19,581.0,49.0,630.0
2026-06-12 20:00:00,157,10,167,2026-06-12,20,580.0,47.0,627.0
2026-06-12 20:15:00,125,12,137,2026-06-12,20,577.0,47.0,624.0
2026-06-12 20:30:00,80,8,88,2026-06-12,20,515.0,41.0,556.0
2026-06-12 20:45:00,52,13,65,2026-06-12,20,414.0,43.0,457.0
2026-06-12 21:00:00,21,8,29,2026-06-12,21,278.0,41.0,319.0
2026-06-12 21:15:00,8,5,13,2026-06-12,21,161.0,34.0,195.0
2026-06-12 21:30:00,8,13,21,2026-06-12,21,89.0,39.0,128.0
2026-06-12 21:45:00,12,13,25,2026-06-12,21,49.0,39.0,88.0
2026-06-12 22:00:00,10,7,17,2026-06-12,22,38.0,38.0,76.0
2026-06-12 22:15:00,9,4,13,2026-06-12,22,39.0,37.0,76.0
2026-06-12 22:30:00,6,3,9,2026-06-12,22,37.0,27.0,64.0
2026-06-12 22:45:00,2,1,3,2026-06-12,22,27.0,15.0,42.0
2026-06-12 23:00:00,1,3,4,2026-06-12,23,18.0,11.0,29.0
2026-06-12 23:15:00,0,3,3,2026-06-12,23,9.0,10.0,19.0
2026-06-12 23:30:00,0,4,4,2026-06-12,23,3.0,11.0,14.0
2026-06-12 23:45:00,0,6,6,2026-06-12,23,1.0,16.0,17.0
2026-06-13 03:00:00,50,42,92,2026-06-13,3,50.0,42.0,92.0
2026-06-13 03:15:00,86,48,134,2026-06-13,3,136.0,90.0,226.0
2026-06-13 03:30:00,258,74,332,2026-06-13,3,394.0,164.0,558.0
2026-06-13 03:45:00,450,68,518,2026-06-13,3,844.0,232.0,1076.0
2026-06-13 04:00:00,581,51,632,2026-06-13,4,1375.0,241.0,1616.0
2026-06-13 04:15:00,784,36,820,2026-06-13,4,2073.0,229.0,2302.0
2026-06-13 04:30:00,779,65,844,2026-06-13,4,2594.0,220.0,2814.0
2026-06-13 04:45:00,757,72,829,2026-06-13,4,2901.0,224.0,3125.0
2026-06-13 05:00:00,620,78,698,2026-06-13,5,2940.0,251.0,3191.0
2026-06-13 05:15:00,598,38,636,2026-06-13,5,2754.0,253.0,3007.0
2026-06-13 05:30:00,535,42,577,2026-06-13,5,2510.0,230.0,2740.0
2026-06-13 05:45:00,497,62,559,2026-06-13,5,2250.0,220.0,2470.0
2026-06-13 06:00:00,468,61,529,2026-06-13,6,2098.0,203.0,2301.0
2026-06-13 06:15:00,472,46,518,2026-06-13,6,1972.0,211.0,2183.0
2026-06-13 06:30:00,450,40,490,2026-06-13,6,1887.0,209.0,2096.0
2026-06-13 06:45:00,489,30,519,2026-06-13,6,1879.0,177.0,2056.0
2026-06-13 07:00:00,510,26,536,2026-06-13,7,1921.0,142.0,2063.0
2026-06-13 07:15:00,503,38,541,2026-06-13,7,1952.0,134.0,2086.0
2026-06-13 07:30:00,507,29,536,2026-06-13,7,2009.0,123.0,2132.0
2026-06-13 07:45:00,448,31,479,2026-06-13,7,1968.0,124.0,2092.0
2026-06-13 08:00:00,390,25,415,2026-06-13,8,1848.0,123.0,1971.0
2026-06-13 08:15:00,411,27,438,2026-06-13,8,1756.0,112.0,1868.0
2026-06-13 08:30:00,454,20,474,2026-06-13,8,1703.0,103.0,1806.0
2026-06-13 08:45:00,581,34,615,2026-06-13,8,1836.0,106.0,1942.0
2026-06-13 09:00:00,636,32,668,2026-06-13,9,2082.0,113.0,2195.0
2026-06-13 09:15:00,607,27,634,2026-06-13,9,2278.0,113.0,2391.0
2026-06-13 09:30:00,532,32,564,2026-06-13,9,2356.0,125.0,2481.0
2026-06-13 09:45:00,473,37,510,2026-06-13,9,2248.0,128.0,2376.0
2026-06-13 10:00:00,459,31,490,2026-06-13,10,2071.0,127.0,2198.0
2026-06-13 10:15:00,458,49,507,2026-06-13,10,1922.0,149.0,2071.0
2026-06-13 10:30:00,444,52,496,2026-06-13,10,1834.0,169.0,2003.0
2026-06-13 10:45:00,470,53,523,2026-06-13,10,1831.0,185.0,2016.0
2026-06-13 11:00:00,504,47,551,2026-06-13,11,1876.0,201.0,2077.0
2026-06-13 11:15:00,537,54,591,2026-06-13,11,1955.0,206.0,2161.0
2026-06-13 11:30:00,480,70,550,2026-06-13,11,1991.0,224.0,2215.0
2026-06-13 11:45:00,483,78,561,2026-06-13,11,2004.0,249.0,2253.0
2026-06-13 12:00:00,457,50,507,2026-06-13,12,1957.0,252.0,2209.0
2026-06-13 12:15:00,463,39,502,2026-06-13,12,1883.0,237.0,2120.0
2026-06-13 12:30:00,422,50,472,2026-06-13,12,1825.0,217.0,2042.0
2026-06-13 12:45:00,398,55,453,2026-06-13,12,1740.0,194.0,1934.0
2026-06-13 13:00:00,380,46,426,2026-06-13,13,1663.0,190.0,1853.0
2026-06-13 13:15:00,330,42,372,2026-06-13,13,1530.0,193.0,1723.0
2026-06-13 13:30:00,357,41,398,2026-06-13,13,1465.0,184.0,1649.0
2026-06-13 13:45:00,320,39,359,2026-06-13,13,1387.0,168.0,1555.0
2026-06-13 14:00:00,293,34,327,2026-06-13,14,1300.0,156.0,1456.0
2026-06-13 14:15:00,301,30,331,2026-06-13,14,1271.0,144.0,1415.0
2026-06-13 14:30:00,254,32,286,2026-06-13,14,1168.0,135.0,1303.0
2026-06-13 14:45:00,309,26,335,2026-06-13,14,1157.0,122.0,1279.0
2026-06-13 15:00:00,375,26,401,2026-06-13,15,1239.0,114.0,1353.0
2026-06-13 15:15:00,400,26,426,2026-06-13,15,1338.0,110.0,1448.0
2026-06-13 15:30:00,389,29,418,2026-06-13,15,1473.0,107.0,1580.0
2026-06-13 15:45:00,412,26,438,2026-06-13,15,1576.0,107.0,1683.0
2026-06-13 16:00:00,400,25,425,2026-06-13,16,1601.0,106.0,1707.0
2026-06-13 16:15:00,375,11,386,2026-06-13,16,1576.0,91.0,1667.0
2026-06-13 16:30:00,328,13,341,2026-06-13,16,1515.0,75.0,1590.0
2026-06-13 16:45:00,264,22,286,2026-06-13,16,1367.0,71.0,1438.0
2026-06-13 17:00:00,223,21,244,2026-06-13,17,1190.0,67.0,1257.0
2026-06-13 17:15:00,181,11,192,2026-06-13,17,996.0,67.0,1063.0
2026-06-13 17:30:00,174,9,183,2026-06-13,17,842.0,63.0,905.0
2026-06-13 17:45:00,178,11,189,2026-06-13,17,756.0,52.0,808.0
2026-06-13 18:00:00,174,18,192,2026-06-13,18,707.0,49.0,756.0
2026-06-13 18:15:00,160,13,173,2026-06-13,18,686.0,51.0,737.0
2026-06-13 18:30:00,129,15,144,2026-06-13,18,641.0,57.0,698.0
2026-06-13 18:45:00,102,15,117,2026-06-13,18,565.0,61.0,626.0
2026-06-13 19:00:00,95,12,107,2026-06-13,19,486.0,55.0,541.0
2026-06-13 19:15:00,103,7,110,2026-06-13,19,429.0,49.0,478.0
2026-06-13 19:30:00,117,8,125,2026-06-13,19,417.0,42.0,459.0
2026-06-13 19:45:00,106,12,118,2026-06-13,19,421.0,39.0,460.0
2026-06-13 20:00:00,97,16,113,2026-06-13,20,423.0,43.0,466.0
2026-06-13 20:15:00,68,8,76,2026-06-13,20,388.0,44.0,432.0
2026-06-13 20:30:00,44,12,56,2026-06-13,20,315.0,48.0,363.0
2026-06-13 20:45:00,26,10,36,2026-06-13,20,235.0,46.0,281.0
2026-06-13 21:00:00,6,16,22,2026-06-13,21,144.0,46.0,190.0
2026-06-13 21:15:00,2,5,7,2026-06-13,21,78.0,43.0,121.0
2026-06-13 21:30:00,2,11,13,2026-06-13,21,36.0,42.0,78.0
2026-06-13 21:45:00,1,9,10,2026-06-13,21,11.0,41.0,52.0
2026-06-13 22:00:00,1,8,9,2026-06-13,22,6.0,33.0,39.0
2026-06-13 22:15:00,0,6,6,2026-06-13,22,4.0,34.0,38.0
2026-06-13 22:30:00,0,4,4,2026-06-13,22,2.0,27.0,29.0
2026-06-13 22:45:00,0,6,6,2026-06-13,22,1.0,24.0,25.0
2026-06-13 23:00:00,0,1,1,2026-06-13,23,0.0,17.0,17.0
2026-06-13 23:15:00,0,0,0,2026-06-13,23,0.0,11.0,11.0
2026-06-13 23:30:00,0,0,0,2026-06-13,23,0.0,7.0,7.0
2026-06-13 23:45:00,1,0,1,2026-06-13,23,1.0,1.0,2.0
2026-06-14 03:00:00,57,90,147,2026-06-14,3,57.0,90.0,147.0
2026-06-14 03:15:00,124,38,162,2026-06-14,3,181.0,128.0,309.0
2026-06-14 03:30:00,248,30,278,2026-06-14,3,429.0,158.0,587.0
2026-06-14 03:45:00,406,30,436,2026-06-14,3,835.0,188.0,1023.0
2026-06-14 04:00:00,519,29,548,2026-06-14,4,1297.0,127.0,1424.0
2026-06-14 04:15:00,576,29,605,2026-06-14,4,1749.0,118.0,1867.0
2026-06-14 04:30:00,639,37,676,2026-06-14,4,2140.0,125.0,2265.0
2026-06-14 04:45:00,658,45,703,2026-06-14,4,2392.0,140.0,2532.0
2026-06-14 05:00:00,647,61,708,2026-06-14,5,2520.0,172.0,2692.0
2026-06-14 05:15:00,587,33,620,2026-06-14,5,2531.0,176.0,2707.0
2026-06-14 05:30:00,563,28,591,2026-06-14,5,2455.0,167.0,2622.0
2026-06-14 05:45:00,427,35,462,2026-06-14,5,2224.0,157.0,2381.0
2026-06-14 06:00:00,414,41,455,2026-06-14,6,1991.0,137.0,2128.0
2026-06-14 06:15:00,422,44,466,2026-06-14,6,1826.0,148.0,1974.0
2026-06-14 06:30:00,426,21,447,2026-06-14,6,1689.0,141.0,1830.0
2026-06-14 06:45:00,357,18,375,2026-06-14,6,1619.0,124.0,1743.0
2026-06-14 07:00:00,346,35,381,2026-06-14,7,1551.0,118.0,1669.0
2026-06-14 07:15:00,385,36,421,2026-06-14,7,1514.0,110.0,1624.0
2026-06-14 07:30:00,381,22,403,2026-06-14,7,1469.0,111.0,1580.0
2026-06-14 07:45:00,419,27,446,2026-06-14,7,1531.0,120.0,1651.0
2026-06-14 08:00:00,470,28,498,2026-06-14,8,1655.0,113.0,1768.0
2026-06-14 08:15:00,475,39,514,2026-06-14,8,1745.0,116.0,1861.0
2026-06-14 08:30:00,475,17,492,2026-06-14,8,1839.0,111.0,1950.0
2026-06-14 08:45:00,463,40,503,2026-06-14,8,1883.0,124.0,2007.0
2026-06-14 09:00:00,513,46,559,2026-06-14,9,1926.0,142.0,2068.0
2026-06-14 09:15:00,517,55,572,2026-06-14,9,1968.0,158.0,2126.0
2026-06-14 09:30:00,577,37,614,2026-06-14,9,2070.0,178.0,2248.0
2026-06-14 09:45:00,509,37,546,2026-06-14,9,2116.0,175.0,2291.0
2026-06-14 10:00:00,511,49,560,2026-06-14,10,2114.0,178.0,2292.0
2026-06-14 10:15:00,447,47,494,2026-06-14,10,2044.0,170.0,2214.0
2026-06-14 10:30:00,419,41,460,2026-06-14,10,1886.0,174.0,2060.0
2026-06-14 10:45:00,457,43,500,2026-06-14,10,1834.0,180.0,2014.0
2026-06-14 11:00:00,552,30,582,2026-06-14,11,1875.0,161.0,2036.0
2026-06-14 11:15:00,601,32,633,2026-06-14,11,2029.0,146.0,2175.0
2026-06-14 11:30:00,622,48,670,2026-06-14,11,2232.0,153.0,2385.0
2026-06-14 11:45:00,618,55,673,2026-06-14,11,2393.0,165.0,2558.0
2026-06-14 12:00:00,613,36,649,2026-06-14,12,2454.0,171.0,2625.0
2026-06-14 12:15:00,606,34,640,2026-06-14,12,2459.0,173.0,2632.0
2026-06-14 12:30:00,577,32,609,2026-06-14,12,2414.0,157.0,2571.0
2026-06-14 12:45:00,438,40,478,2026-06-14,12,2234.0,142.0,2376.0
2026-06-14 13:00:00,401,54,455,2026-06-14,13,2022.0,160.0,2182.0
2026-06-14 13:15:00,347,39,386,2026-06-14,13,1763.0,165.0,1928.0
2026-06-14 13:30:00,330,46,376,2026-06-14,13,1516.0,179.0,1695.0
2026-06-14 13:45:00,323,38,361,2026-06-14,13,1401.0,177.0,1578.0
2026-06-14 14:00:00,340,41,381,2026-06-14,14,1340.0,164.0,1504.0
2026-06-14 14:15:00,329,31,360,2026-06-14,14,1322.0,156.0,1478.0
2026-06-14 14:30:00,339,13,352,2026-06-14,14,1331.0,123.0,1454.0
2026-06-14 14:45:00,416,15,431,2026-06-14,14,1424.0,100.0,1524.0
2026-06-14 15:00:00,519,23,542,2026-06-14,15,1603.0,82.0,1685.0
2026-06-14 15:15:00,524,25,549,2026-06-14,15,1798.0,76.0,1874.0
2026-06-14 15:30:00,503,23,526,2026-06-14,15,1962.0,86.0,2048.0
2026-06-14 15:45:00,531,21,552,2026-06-14,15,2077.0,92.0,2169.0
2026-06-14 16:00:00,486,16,502,2026-06-14,16,2044.0,85.0,2129.0
2026-06-14 16:15:00,419,22,441,2026-06-14,16,1939.0,82.0,2021.0
2026-06-14 16:30:00,351,20,371,2026-06-14,16,1787.0,79.0,1866.0
2026-06-14 16:45:00,357,17,374,2026-06-14,16,1613.0,75.0,1688.0
2026-06-14 17:00:00,411,21,432,2026-06-14,17,1538.0,80.0,1618.0
2026-06-14 17:15:00,427,19,446,2026-06-14,17,1546.0,77.0,1623.0
2026-06-14 17:30:00,382,24,406,2026-06-14,17,1577.0,81.0,1658.0
2026-06-14 17:45:00,401,26,427,2026-06-14,17,1621.0,90.0,1711.0
2026-06-14 18:00:00,455,23,478,2026-06-14,18,1665.0,92.0,1757.0
2026-06-14 18:15:00,422,15,437,2026-06-14,18,1660.0,88.0,1748.0
2026-06-14 18:30:00,413,11,424,2026-06-14,18,1691.0,75.0,1766.0
2026-06-14 18:45:00,366,9,375,2026-06-14,18,1656.0,58.0,1714.0
2026-06-14 19:00:00,293,18,311,2026-06-14,19,1494.0,53.0,1547.0
2026-06-14 19:15:00,258,11,269,2026-06-14,19,1330.0,49.0,1379.0
2026-06-14 19:30:00,208,23,231,2026-06-14,19,1125.0,61.0,1186.0
2026-06-14 19:45:00,157,44,201,2026-06-14,19,916.0,96.0,1012.0
2026-06-14 20:00:00,105,44,149,2026-06-14,20,728.0,122.0,850.0
2026-06-14 20:15:00,82,41,123,2026-06-14,20,552.0,152.0,704.0
2026-06-14 20:30:00,49,63,112,2026-06-14,20,393.0,192.0,585.0
2026-06-14 20:45:00,22,58,80,2026-06-14,20,258.0,206.0,464.0
2026-06-14 21:00:00,19,53,72,2026-06-14,21,172.0,215.0,387.0
2026-06-14 21:15:00,17,43,60,2026-06-14,21,107.0,217.0,324.0
2026-06-14 21:30:00,33,57,90,2026-06-14,21,91.0,211.0,302.0
2026-06-14 21:45:00,29,60,89,2026-06-14,21,98.0,213.0,311.0
2026-06-14 22:00:00,20,26,46,2026-06-14,22,99.0,186.0,285.0
2026-06-14 22:15:00,13,20,33,2026-06-14,22,95.0,163.0,258.0
2026-06-14 22:30:00,14,21,35,2026-06-14,22,76.0,127.0,203.0
2026-06-14 22:45:00,5,12,17,2026-06-14,22,52.0,79.0,131.0
2026-06-14 23:00:00,2,6,8,2026-06-14,23,34.0,59.0,93.0
2026-06-14 23:15:00,0,9,9,2026-06-14,23,21.0,48.0,69.0
2026-06-14 23:30:00,0,6,6,2026-06-14,23,7.0,33.0,40.0
2026-06-14 23:45:00,0,3,3,2026-06-14,23,2.0,24.0,26.0
2026-06-15 03:00:00,65,106,171,2026-06-15,3,65.0,106.0,171.0
2026-06-15 03:15:00,116,103,219,2026-06-15,3,181.0,209.0,390.0
2026-06-15 03:30:00,262,27,289,2026-06-15,3,443.0,236.0,679.0
2026-06-15 03:45:00,441,30,471,2026-06-15,3,884.0,266.0,1150.0
2026-06-15 04:00:00,555,23,578,2026-06-15,4,1374.0,183.0,1557.0
2026-06-15 04:15:00,645,33,678,2026-06-15,4,1903.0,113.0,2016.0
2026-06-15 04:30:00,720,51,771,2026-06-15,4,2361.0,137.0,2498.0
2026-06-15 04:45:00,708,47,755,2026-06-15,4,2628.0,154.0,2782.0
2026-06-15 05:00:00,655,53,708,2026-06-15,5,2728.0,184.0,2912.0
2026-06-15 05:15:00,554,39,593,2026-06-15,5,2637.0,190.0,2827.0
2026-06-15 05:30:00,463,26,489,2026-06-15,5,2380.0,165.0,2545.0
2026-06-15 05:45:00,515,51,566,2026-06-15,5,2187.0,169.0,2356.0
2026-06-15 06:00:00,524,47,571,2026-06-15,6,2056.0,163.0,2219.0
2026-06-15 06:15:00,479,50,529,2026-06-15,6,1981.0,174.0,2155.0
2026-06-15 06:30:00,420,19,439,2026-06-15,6,1938.0,167.0,2105.0
2026-06-15 06:45:00,444,29,473,2026-06-15,6,1867.0,145.0,2012.0
2026-06-15 07:00:00,422,19,441,2026-06-15,7,1765.0,117.0,1882.0
2026-06-15 07:15:00,431,27,458,2026-06-15,7,1717.0,94.0,1811.0
2026-06-15 07:30:00,451,20,471,2026-06-15,7,1748.0,95.0,1843.0
2026-06-15 07:45:00,488,19,507,2026-06-15,7,1792.0,85.0,1877.0
2026-06-15 08:00:00,574,27,601,2026-06-15,8,1944.0,93.0,2037.0
2026-06-15 08:15:00,557,33,590,2026-06-15,8,2070.0,99.0,2169.0
2026-06-15 08:30:00,535,21,556,2026-06-15,8,2154.0,100.0,2254.0
2026-06-15 08:45:00,527,31,558,2026-06-15,8,2193.0,112.0,2305.0
2026-06-15 09:00:00,460,26,486,2026-06-15,9,2079.0,111.0,2190.0
2026-06-15 09:15:00,445,37,482,2026-06-15,9,1967.0,115.0,2082.0
2026-06-15 09:30:00,444,40,484,2026-06-15,9,1876.0,134.0,2010.0
2026-06-15 09:45:00,437,33,470,2026-06-15,9,1786.0,136.0,1922.0
2026-06-15 10:00:00,408,37,445,2026-06-15,10,1734.0,147.0,1881.0
2026-06-15 10:15:00,385,52,437,2026-06-15,10,1674.0,162.0,1836.0
2026-06-15 10:30:00,409,36,445,2026-06-15,10,1639.0,158.0,1797.0
2026-06-15 10:45:00,447,40,487,2026-06-15,10,1649.0,165.0,1814.0
2026-06-15 11:00:00,527,38,565,2026-06-15,11,1768.0,166.0,1934.0
2026-06-15 11:15:00,566,35,601,2026-06-15,11,1949.0,149.0,2098.0
2026-06-15 11:30:00,587,43,630,2026-06-15,11,2127.0,156.0,2283.0
2026-06-15 11:45:00,572,45,617,2026-06-15,11,2252.0,161.0,2413.0
2026-06-15 12:00:00,587,45,632,2026-06-15,12,2312.0,168.0,2480.0
2026-06-15 12:15:00,533,35,568,2026-06-15,12,2279.0,168.0,2447.0
2026-06-15 12:30:00,469,45,514,2026-06-15,12,2161.0,170.0,2331.0
2026-06-15 12:45:00,425,38,463,2026-06-15,12,2014.0,163.0,2177.0
2026-06-15 13:00:00,445,26,471,2026-06-15,13,1872.0,144.0,2016.0
2026-06-15 13:15:00,472,24,496,2026-06-15,13,1811.0,133.0,1944.0
2026-06-15 13:30:00,460,32,492,2026-06-15,13,1802.0,120.0,1922.0
2026-06-15 13:45:00,447,35,482,2026-06-15,13,1824.0,117.0,1941.0
2026-06-15 14:00:00,473,20,493,2026-06-15,14,1852.0,111.0,1963.0
2026-06-15 14:15:00,473,33,506,2026-06-15,14,1853.0,120.0,1973.0
2026-06-15 14:30:00,409,31,440,2026-06-15,14,1802.0,119.0,1921.0
2026-06-15 14:45:00,422,26,448,2026-06-15,14,1777.0,110.0,1887.0
2026-06-15 15:00:00,452,30,482,2026-06-15,15,1756.0,120.0,1876.0
2026-06-15 15:15:00,515,26,541,2026-06-15,15,1798.0,113.0,1911.0
2026-06-15 15:30:00,500,29,529,2026-06-15,15,1889.0,111.0,2000.0
2026-06-15 15:45:00,416,28,444,2026-06-15,15,1883.0,113.0,1996.0
2026-06-15 16:00:00,340,16,356,2026-06-15,16,1771.0,99.0,1870.0
2026-06-15 16:15:00,368,17,385,2026-06-15,16,1624.0,90.0,1714.0
2026-06-15 16:30:00,366,17,383,2026-06-15,16,1490.0,78.0,1568.0
2026-06-15 16:45:00,357,12,369,2026-06-15,16,1431.0,62.0,1493.0
2026-06-15 17:00:00,374,18,392,2026-06-15,17,1465.0,64.0,1529.0
2026-06-15 17:15:00,430,16,446,2026-06-15,17,1527.0,63.0,1590.0
2026-06-15 17:30:00,462,8,470,2026-06-15,17,1623.0,54.0,1677.0
2026-06-15 17:45:00,458,11,469,2026-06-15,17,1724.0,53.0,1777.0
2026-06-15 18:00:00,390,35,425,2026-06-15,18,1740.0,70.0,1810.0
2026-06-15 18:15:00,321,16,337,2026-06-15,18,1631.0,70.0,1701.0
2026-06-15 18:30:00,252,17,269,2026-06-15,18,1421.0,79.0,1500.0
2026-06-15 18:45:00,195,36,231,2026-06-15,18,1158.0,104.0,1262.0
2026-06-15 19:00:00,159,42,201,2026-06-15,19,927.0,111.0,1038.0
2026-06-15 19:15:00,160,32,192,2026-06-15,19,766.0,127.0,893.0
2026-06-15 19:30:00,137,32,169,2026-06-15,19,651.0,142.0,793.0
2026-06-15 19:45:00,123,39,162,2026-06-15,19,579.0,145.0,724.0
2026-06-15 20:00:00,94,42,136,2026-06-15,20,514.0,145.0,659.0
2026-06-15 20:15:00,73,27,100,2026-06-15,20,427.0,140.0,567.0
2026-06-15 20:30:00,46,45,91,2026-06-15,20,336.0,153.0,489.0
2026-06-15 20:45:00,26,38,64,2026-06-15,20,239.0,152.0,391.0
2026-06-15 21:00:00,18,43,61,2026-06-15,21,163.0,153.0,316.0
2026-06-15 21:15:00,4,26,30,2026-06-15,21,94.0,152.0,246.0
2026-06-15 21:30:00,1,28,29,2026-06-15,21,49.0,135.0,184.0
2026-06-15 21:45:00,2,25,27,2026-06-15,21,25.0,122.0,147.0
2026-06-15 22:00:00,1,9,10,2026-06-15,22,8.0,88.0,96.0
2026-06-15 22:15:00,0,8,8,2026-06-15,22,4.0,70.0,74.0
2026-06-15 22:30:00,0,6,6,2026-06-15,22,3.0,48.0,51.0
2026-06-15 22:45:00,1,6,7,2026-06-15,22,2.0,29.0,31.0
2026-06-15 23:00:00,0,12,12,2026-06-15,23,1.0,32.0,33.0
2026-06-15 23:15:00,1,7,8,2026-06-15,23,2.0,31.0,33.0
2026-06-15 23:30:00,0,2,2,2026-06-15,23,2.0,27.0,29.0
2026-06-15 23:45:00,1,2,3,2026-06-15,23,2.0,23.0,25.0
2026-06-16 03:00:00,80,83,163,2026-06-16,3,80.0,83.0,163.0
2026-06-16 03:15:00,148,31,179,2026-06-16,3,228.0,114.0,342.0
2026-06-16 03:30:00,271,38,309,2026-06-16,3,499.0,152.0,651.0
2026-06-16 03:45:00,444,33,477,2026-06-16,3,943.0,185.0,1128.0
2026-06-16 04:00:00,563,29,592,2026-06-16,4,1426.0,131.0,1557.0
2026-06-16 04:15:00,696,33,729,2026-06-16,4,1974.0,133.0,2107.0
2026-06-16 04:30:00,739,37,776,2026-06-16,4,2442.0,132.0,2574.0
2026-06-16 04:45:00,703,49,752,2026-06-16,4,2701.0,148.0,2849.0
2026-06-16 05:00:00,654,59,713,2026-06-16,5,2792.0,178.0,2970.0
2026-06-16 05:15:00,478,35,513,2026-06-16,5,2574.0,180.0,2754.0
2026-06-16 05:30:00,416,35,451,2026-06-16,5,2251.0,178.0,2429.0
2026-06-16 05:45:00,373,51,424,2026-06-16,5,1921.0,180.0,2101.0
2026-06-16 06:00:00,297,64,361,2026-06-16,6,1564.0,185.0,1749.0
2026-06-16 06:15:00,260,44,304,2026-06-16,6,1346.0,194.0,1540.0
2026-06-16 06:30:00,269,35,304,2026-06-16,6,1199.0,194.0,1393.0
2026-06-16 06:45:00,326,31,357,2026-06-16,6,1152.0,174.0,1326.0
2026-06-16 07:00:00,331,30,361,2026-06-16,7,1186.0,140.0,1326.0
2026-06-16 07:15:00,363,42,405,2026-06-16,7,1289.0,138.0,1427.0
2026-06-16 07:30:00,438,33,471,2026-06-16,7,1458.0,136.0,1594.0
2026-06-16 07:45:00,442,24,466,2026-06-16,7,1574.0,129.0,1703.0
2026-06-16 08:00:00,415,33,448,2026-06-16,8,1658.0,132.0,1790.0
2026-06-16 08:15:00,426,37,463,2026-06-16,8,1721.0,127.0,1848.0
2026-06-16 08:30:00,442,32,474,2026-06-16,8,1725.0,126.0,1851.0
2026-06-16 08:45:00,428,19,447,2026-06-16,8,1711.0,121.0,1832.0
2026-06-16 09:00:00,423,36,459,2026-06-16,9,1719.0,124.0,1843.0
2026-06-16 09:15:00,419,28,447,2026-06-16,9,1712.0,115.0,1827.0
2026-06-16 09:30:00,430,40,470,2026-06-16,9,1700.0,123.0,1823.0
2026-06-16 09:45:00,364,22,386,2026-06-16,9,1636.0,126.0,1762.0
2026-06-16 10:00:00,320,35,355,2026-06-16,10,1533.0,125.0,1658.0
2026-06-16 10:15:00,327,46,373,2026-06-16,10,1441.0,143.0,1584.0
2026-06-16 10:30:00,386,34,420,2026-06-16,10,1397.0,137.0,1534.0
2026-06-16 10:45:00,429,58,487,2026-06-16,10,1462.0,173.0,1635.0
2026-06-16 11:00:00,461,33,494,2026-06-16,11,1603.0,171.0,1774.0
2026-06-16 11:15:00,465,42,507,2026-06-16,11,1741.0,167.0,1908.0
2026-06-16 11:30:00,489,47,536,2026-06-16,11,1844.0,180.0,2024.0
2026-06-16 11:45:00,520,44,564,2026-06-16,11,1935.0,166.0,2101.0
2026-06-16 12:00:00,500,35,535,2026-06-16,12,1974.0,168.0,2142.0
2026-06-16 12:15:00,456,50,506,2026-06-16,12,1965.0,176.0,2141.0
2026-06-16 12:30:00,456,49,505,2026-06-16,12,1932.0,178.0,2110.0
2026-06-16 12:45:00,429,29,458,2026-06-16,12,1841.0,163.0,2004.0
2026-06-16 13:00:00,388,38,426,2026-06-16,13,1729.0,166.0,1895.0
2026-06-16 13:15:00,398,33,431,2026-06-16,13,1671.0,149.0,1820.0
2026-06-16 13:30:00,427,29,456,2026-06-16,13,1642.0,129.0,1771.0
2026-06-16 13:45:00,366,38,404,2026-06-16,13,1579.0,138.0,1717.0
2026-06-16 14:00:00,365,37,402,2026-06-16,14,1556.0,137.0,1693.0
2026-06-16 14:15:00,323,32,355,2026-06-16,14,1481.0,136.0,1617.0
2026-06-16 14:30:00,348,29,377,2026-06-16,14,1402.0,136.0,1538.0
2026-06-16 14:45:00,365,29,394,2026-06-16,14,1401.0,127.0,1528.0
2026-06-16 15:00:00,475,24,499,2026-06-16,15,1511.0,114.0,1625.0
2026-06-16 15:15:00,494,24,518,2026-06-16,15,1682.0,106.0,1788.0
2026-06-16 15:30:00,545,32,577,2026-06-16,15,1879.0,109.0,1988.0
2026-06-16 15:45:00,501,28,529,2026-06-16,15,2015.0,108.0,2123.0
2026-06-16 16:00:00,456,30,486,2026-06-16,16,1996.0,114.0,2110.0
2026-06-16 16:15:00,337,24,361,2026-06-16,16,1839.0,114.0,1953.0
2026-06-16 16:30:00,270,31,301,2026-06-16,16,1564.0,113.0,1677.0
2026-06-16 16:45:00,249,23,272,2026-06-16,16,1312.0,108.0,1420.0
2026-06-16 17:00:00,217,8,225,2026-06-16,17,1073.0,86.0,1159.0
2026-06-16 17:15:00,237,8,245,2026-06-16,17,973.0,70.0,1043.0
2026-06-16 17:30:00,238,16,254,2026-06-16,17,941.0,55.0,996.0
2026-06-16 17:45:00,268,12,280,2026-06-16,17,960.0,44.0,1004.0
2026-06-16 18:00:00,290,28,318,2026-06-16,18,1033.0,64.0,1097.0
2026-06-16 18:15:00,208,26,234,2026-06-16,18,1004.0,82.0,1086.0
2026-06-16 18:30:00,184,31,215,2026-06-16,18,950.0,97.0,1047.0
2026-06-16 18:45:00,171,45,216,2026-06-16,18,853.0,130.0,983.0
2026-06-16 19:00:00,123,67,190,2026-06-16,19,686.0,169.0,855.0
2026-06-16 19:15:00,146,50,196,2026-06-16,19,624.0,193.0,817.0
2026-06-16 19:30:00,114,29,143,2026-06-16,19,554.0,191.0,745.0
2026-06-16 19:45:00,97,43,140,2026-06-16,19,480.0,189.0,669.0
2026-06-16 20:00:00,81,39,120,2026-06-16,20,438.0,161.0,599.0
2026-06-16 20:15:00,66,39,105,2026-06-16,20,358.0,150.0,508.0
2026-06-16 20:30:00,49,35,84,2026-06-16,20,293.0,156.0,449.0
2026-06-16 20:45:00,37,39,76,2026-06-16,20,233.0,152.0,385.0
2026-06-16 21:00:00,20,40,60,2026-06-16,21,172.0,153.0,325.0
2026-06-16 21:15:00,6,27,33,2026-06-16,21,112.0,141.0,253.0
2026-06-16 21:30:00,4,43,47,2026-06-16,21,67.0,149.0,216.0
2026-06-16 21:45:00,1,41,42,2026-06-16,21,31.0,151.0,182.0
2026-06-16 22:00:00,0,23,23,2026-06-16,22,11.0,134.0,145.0
2026-06-16 22:15:00,0,14,14,2026-06-16,22,5.0,121.0,126.0
2026-06-16 22:30:00,1,7,8,2026-06-16,22,2.0,85.0,87.0
2026-06-16 22:45:00,0,10,10,2026-06-16,22,1.0,54.0,55.0
2026-06-16 23:00:00,0,2,2,2026-06-16,23,1.0,33.0,34.0
2026-06-16 23:15:00,0,5,5,2026-06-16,23,1.0,24.0,25.0
2026-06-16 23:30:00,0,2,2,2026-06-16,23,0.0,19.0,19.0
2026-06-16 23:45:00,0,1,1,2026-06-16,23,0.0,10.0,10.0
2026-06-17 03:00:00,57,75,132,2026-06-17,3,57.0,75.0,132.0
2026-06-17 03:15:00,112,28,140,2026-06-17,3,169.0,103.0,272.0
2026-06-17 03:30:00,281,29,310,2026-06-17,3,450.0,132.0,582.0
2026-06-17 03:45:00,408,31,439,2026-06-17,3,858.0,163.0,1021.0
2026-06-17 04:00:00,541,32,573,2026-06-17,4,1342.0,120.0,1462.0
2026-06-17 04:15:00,615,41,656,2026-06-17,4,1845.0,133.0,1978.0
2026-06-17 04:30:00,673,50,723,2026-06-17,4,2237.0,154.0,2391.0
2026-06-17 04:45:00,635,52,687,2026-06-17,4,2464.0,175.0,2639.0
2026-06-17 05:00:00,589,45,634,2026-06-17,5,2512.0,188.0,2700.0
2026-06-17 05:15:00,564,42,606,2026-06-17,5,2461.0,189.0,2650.0
2026-06-17 05:30:00,494,31,525,2026-06-17,5,2282.0,170.0,2452.0
2026-06-17 05:45:00,473,43,516,2026-06-17,5,2120.0,161.0,2281.0
2026-06-17 06:00:00,443,51,494,2026-06-17,6,1974.0,167.0,2141.0
2026-06-17 06:15:00,411,45,456,2026-06-17,6,1821.0,170.0,1991.0
2026-06-17 06:30:00,450,35,485,2026-06-17,6,1777.0,174.0,1951.0
2026-06-17 06:45:00,519,30,549,2026-06-17,6,1823.0,161.0,1984.0
2026-06-17 07:00:00,527,28,555,2026-06-17,7,1907.0,138.0,2045.0
2026-06-17 07:15:00,514,20,534,2026-06-17,7,2010.0,113.0,2123.0
2026-06-17 07:30:00,454,22,476,2026-06-17,7,2014.0,100.0,2114.0
2026-06-17 07:45:00,415,36,451,2026-06-17,7,1910.0,106.0,2016.0
2026-06-17 08:00:00,355,48,403,2026-06-17,8,1738.0,126.0,1864.0
2026-06-17 08:15:00,375,24,399,2026-06-17,8,1599.0,130.0,1729.0
2026-06-17 08:30:00,439,43,482,2026-06-17,8,1584.0,151.0,1735.0
2026-06-17 08:45:00,491,46,537,2026-06-17,8,1660.0,161.0,1821.0
2026-06-17 09:00:00,497,57,554,2026-06-17,9,1802.0,170.0,1972.0
2026-06-17 09:15:00,439,48,487,2026-06-17,9,1866.0,194.0,2060.0
2026-06-17 09:30:00,392,53,445,2026-06-17,9,1819.0,204.0,2023.0
2026-06-17 09:45:00,355,80,435,2026-06-17,9,1683.0,238.0,1921.0
2026-06-17 10:00:00,340,58,398,2026-06-17,10,1526.0,239.0,1765.0
2026-06-17 10:15:00,344,38,382,2026-06-17,10,1431.0,229.0,1660.0
2026-06-17 10:30:00,372,36,408,2026-06-17,10,1411.0,212.0,1623.0
2026-06-17 10:45:00,433,31,464,2026-06-17,10,1489.0,163.0,1652.0
2026-06-17 11:00:00,451,46,497,2026-06-17,11,1600.0,151.0,1751.0
2026-06-17 11:15:00,488,41,529,2026-06-17,11,1744.0,154.0,1898.0
2026-06-17 11:30:00,499,36,535,2026-06-17,11,1871.0,154.0,2025.0
2026-06-17 11:45:00,530,39,569,2026-06-17,11,1968.0,162.0,2130.0
2026-06-17 12:00:00,564,43,607,2026-06-17,12,2081.0,159.0,2240.0
2026-06-17 12:15:00,504,55,559,2026-06-17,12,2097.0,173.0,2270.0
2026-06-17 12:30:00,479,55,534,2026-06-17,12,2077.0,192.0,2269.0
2026-06-17 12:45:00,520,57,577,2026-06-17,12,2067.0,210.0,2277.0
2026-06-17 13:00:00,499,44,543,2026-06-17,13,2002.0,211.0,2213.0
2026-06-17 13:15:00,463,42,505,2026-06-17,13,1961.0,198.0,2159.0
2026-06-17 13:30:00,445,38,483,2026-06-17,13,1927.0,181.0,2108.0
2026-06-17 13:45:00,417,24,441,2026-06-17,13,1824.0,148.0,1972.0
2026-06-17 14:00:00,346,52,398,2026-06-17,14,1671.0,156.0,1827.0
2026-06-17 14:15:00,364,33,397,2026-06-17,14,1572.0,147.0,1719.0
2026-06-17 14:30:00,350,27,377,2026-06-17,14,1477.0,136.0,1613.0
2026-06-17 14:45:00,377,33,410,2026-06-17,14,1437.0,145.0,1582.0
2026-06-17 15:00:00,410,25,435,2026-06-17,15,1501.0,118.0,1619.0
2026-06-17 15:15:00,473,23,496,2026-06-17,15,1610.0,108.0,1718.0
2026-06-17 15:30:00,467,29,496,2026-06-17,15,1727.0,110.0,1837.0
2026-06-17 15:45:00,377,27,404,2026-06-17,15,1727.0,104.0,1831.0
2026-06-17 16:00:00,311,16,327,2026-06-17,16,1628.0,95.0,1723.0
2026-06-17 16:15:00,284,10,294,2026-06-17,16,1439.0,82.0,1521.0
2026-06-17 16:30:00,268,11,279,2026-06-17,16,1240.0,64.0,1304.0
2026-06-17 16:45:00,274,30,304,2026-06-17,16,1137.0,67.0,1204.0
2026-06-17 17:00:00,319,11,330,2026-06-17,17,1145.0,62.0,1207.0
2026-06-17 17:15:00,328,7,335,2026-06-17,17,1189.0,59.0,1248.0
2026-06-17 17:30:00,288,11,299,2026-06-17,17,1209.0,59.0,1268.0
2026-06-17 17:45:00,267,18,285,2026-06-17,17,1202.0,47.0,1249.0
2026-06-17 18:00:00,251,43,294,2026-06-17,18,1134.0,79.0,1213.0
2026-06-17 18:15:00,239,19,258,2026-06-17,18,1045.0,91.0,1136.0
2026-06-17 18:30:00,198,36,234,2026-06-17,18,955.0,116.0,1071.0
2026-06-17 18:45:00,190,55,245,2026-06-17,18,878.0,153.0,1031.0
2026-06-17 19:00:00,172,40,212,2026-06-17,19,799.0,150.0,949.0
2026-06-17 19:15:00,167,43,210,2026-06-17,19,727.0,174.0,901.0
2026-06-17 19:30:00,155,31,186,2026-06-17,19,684.0,169.0,853.0
2026-06-17 19:45:00,150,31,181,2026-06-17,19,644.0,145.0,789.0
2026-06-17 20:00:00,106,47,153,2026-06-17,20,578.0,152.0,730.0
2026-06-17 20:15:00,73,52,125,2026-06-17,20,484.0,161.0,645.0
2026-06-17 20:30:00,35,50,85,2026-06-17,20,364.0,180.0,544.0
2026-06-17 20:45:00,27,46,73,2026-06-17,20,241.0,195.0,436.0
2026-06-17 21:00:00,11,29,40,2026-06-17,21,146.0,177.0,323.0
2026-06-17 21:15:00,4,26,30,2026-06-17,21,77.0,151.0,228.0
2026-06-17 21:30:00,1,27,28,2026-06-17,21,43.0,128.0,171.0
2026-06-17 21:45:00,1,30,31,2026-06-17,21,17.0,112.0,129.0
2026-06-17 22:00:00,0,17,17,2026-06-17,22,6.0,100.0,106.0
2026-06-17 22:15:00,0,27,27,2026-06-17,22,2.0,101.0,103.0
2026-06-17 22:30:00,1,10,11,2026-06-17,22,2.0,84.0,86.0
2026-06-17 22:45:00,1,12,13,2026-06-17,22,2.0,66.0,68.0
2026-06-17 23:00:00,0,1,1,2026-06-17,23,2.0,50.0,52.0
2026-06-17 23:15:00,0,0,0,2026-06-17,23,2.0,23.0,25.0
2026-06-17 23:30:00,0,0,0,2026-06-17,23,1.0,13.0,14.0
2026-06-17 23:45:00,0,0,0,2026-06-17,23,0.0,1.0,1.0
2026-06-18 03:00:00,51,81,132,2026-06-18,3,51.0,81.0,132.0
2026-06-18 03:15:00,111,29,140,2026-06-18,3,162.0,110.0,272.0
2026-06-18 03:30:00,257,39,296,2026-06-18,3,419.0,149.0,568.0
2026-06-18 03:45:00,442,43,485,2026-06-18,3,861.0,192.0,1053.0
2026-06-18 04:00:00,572,29,601,2026-06-18,4,1382.0,140.0,1522.0
2026-06-18 04:15:00,689,33,722,2026-06-18,4,1960.0,144.0,2104.0
2026-06-18 04:30:00,706,35,741,2026-06-18,4,2409.0,140.0,2549.0
2026-06-18 04:45:00,716,50,766,2026-06-18,4,2683.0,147.0,2830.0
2026-06-18 05:00:00,668,59,727,2026-06-18,5,2779.0,177.0,2956.0
2026-06-18 05:15:00,679,45,724,2026-06-18,5,2769.0,189.0,2958.0
2026-06-18 05:30:00,645,28,673,2026-06-18,5,2708.0,182.0,2890.0
2026-06-18 05:45:00,573,38,611,2026-06-18,5,2565.0,170.0,2735.0
2026-06-18 06:00:00,540,60,600,2026-06-18,6,2437.0,171.0,2608.0
2026-06-18 06:15:00,527,30,557,2026-06-18,6,2285.0,156.0,2441.0
2026-06-18 06:30:00,577,31,608,2026-06-18,6,2217.0,159.0,2376.0
2026-06-18 06:45:00,567,42,609,2026-06-18,6,2211.0,163.0,2374.0
2026-06-18 07:00:00,483,32,515,2026-06-18,7,2154.0,135.0,2289.0
2026-06-18 07:15:00,495,40,535,2026-06-18,7,2122.0,145.0,2267.0
2026-06-18 07:30:00,453,26,479,2026-06-18,7,1998.0,140.0,2138.0
2026-06-18 07:45:00,395,29,424,2026-06-18,7,1826.0,127.0,1953.0
2026-06-18 08:00:00,389,21,410,2026-06-18,8,1732.0,116.0,1848.0
2026-06-18 08:15:00,385,27,412,2026-06-18,8,1622.0,103.0,1725.0
2026-06-18 08:30:00,431,27,458,2026-06-18,8,1600.0,104.0,1704.0
2026-06-18 08:45:00,470,31,501,2026-06-18,8,1675.0,106.0,1781.0
2026-06-18 09:00:00,501,35,536,2026-06-18,9,1787.0,120.0,1907.0
2026-06-18 09:15:00,528,25,553,2026-06-18,9,1930.0,118.0,2048.0
2026-06-18 09:30:00,537,25,562,2026-06-18,9,2036.0,116.0,2152.0
2026-06-18 09:45:00,498,33,531,2026-06-18,9,2064.0,118.0,2182.0
2026-06-18 10:00:00,437,42,479,2026-06-18,10,2000.0,125.0,2125.0
2026-06-18 10:15:00,471,49,520,2026-06-18,10,1943.0,149.0,2092.0
2026-06-18 10:30:00,437,34,471,2026-06-18,10,1843.0,158.0,2001.0
2026-06-18 10:45:00,442,51,493,2026-06-18,10,1787.0,176.0,1963.0
2026-06-18 11:00:00,475,51,526,2026-06-18,11,1825.0,185.0,2010.0
2026-06-18 11:15:00,523,37,560,2026-06-18,11,1877.0,173.0,2050.0
2026-06-18 11:30:00,527,48,575,2026-06-18,11,1967.0,187.0,2154.0
2026-06-18 11:45:00,518,55,573,2026-06-18,11,2043.0,191.0,2234.0
2026-06-18 12:00:00,452,41,493,2026-06-18,12,2020.0,181.0,2201.0
2026-06-18 12:15:00,487,41,528,2026-06-18,12,1984.0,185.0,2169.0
2026-06-18 12:30:00,463,46,509,2026-06-18,12,1920.0,183.0,2103.0
2026-06-18 12:45:00,445,52,497,2026-06-18,12,1847.0,180.0,2027.0
2026-06-18 13:00:00,441,51,492,2026-06-18,13,1836.0,190.0,2026.0
2026-06-18 13:15:00,452,48,500,2026-06-18,13,1801.0,197.0,1998.0
2026-06-18 13:30:00,476,36,512,2026-06-18,13,1814.0,187.0,2001.0
2026-06-18 13:45:00,428,42,470,2026-06-18,13,1797.0,177.0,1974.0
2026-06-18 14:00:00,417,38,455,2026-06-18,14,1773.0,164.0,1937.0
2026-06-18 14:15:00,442,35,477,2026-06-18,14,1763.0,151.0,1914.0
2026-06-18 14:30:00,356,51,407,2026-06-18,14,1643.0,166.0,1809.0
2026-06-18 14:45:00,377,52,429,2026-06-18,14,1592.0,176.0,1768.0
2026-06-18 15:00:00,458,36,494,2026-06-18,15,1633.0,174.0,1807.0
2026-06-18 15:15:00,455,22,477,2026-06-18,15,1646.0,161.0,1807.0
2026-06-18 15:30:00,396,33,429,2026-06-18,15,1686.0,143.0,1829.0
2026-06-18 15:45:00,389,29,418,2026-06-18,15,1698.0,120.0,1818.0
2026-06-18 16:00:00,377,25,402,2026-06-18,16,1617.0,109.0,1726.0
2026-06-18 16:15:00,391,26,417,2026-06-18,16,1553.0,113.0,1666.0
2026-06-18 16:30:00,342,19,361,2026-06-18,16,1499.0,99.0,1598.0
2026-06-18 16:45:00,356,21,377,2026-06-18,16,1466.0,91.0,1557.0
2026-06-18 17:00:00,395,24,419,2026-06-18,17,1484.0,90.0,1574.0
2026-06-18 17:15:00,376,14,390,2026-06-18,17,1469.0,78.0,1547.0
2026-06-18 17:30:00,366,15,381,2026-06-18,17,1493.0,74.0,1567.0
2026-06-18 17:45:00,324,31,355,2026-06-18,17,1461.0,84.0,1545.0
2026-06-18 18:00:00,320,26,346,2026-06-18,18,1386.0,86.0,1472.0
2026-06-18 18:15:00,256,20,276,2026-06-18,18,1266.0,92.0,1358.0
2026-06-18 18:30:00,216,39,255,2026-06-18,18,1116.0,116.0,1232.0
2026-06-18 18:45:00,181,52,233,2026-06-18,18,973.0,137.0,1110.0
2026-06-18 19:00:00,172,29,201,2026-06-18,19,825.0,140.0,965.0
2026-06-18 19:15:00,197,38,235,2026-06-18,19,766.0,158.0,924.0
2026-06-18 19:30:00,191,43,234,2026-06-18,19,741.0,162.0,903.0
2026-06-18 19:45:00,180,58,238,2026-06-18,19,740.0,168.0,908.0
2026-06-18 20:00:00,155,30,185,2026-06-18,20,723.0,169.0,892.0
2026-06-18 20:15:00,126,45,171,2026-06-18,20,652.0,176.0,828.0
2026-06-18 20:30:00,86,48,134,2026-06-18,20,547.0,181.0,728.0
2026-06-18 20:45:00,48,47,95,2026-06-18,20,415.0,170.0,585.0
2026-06-18 21:00:00,46,60,106,2026-06-18,21,306.0,200.0,506.0
2026-06-18 21:15:00,8,32,40,2026-06-18,21,188.0,187.0,375.0
2026-06-18 21:30:00,1,47,48,2026-06-18,21,103.0,186.0,289.0
2026-06-18 21:45:00,1,42,43,2026-06-18,21,56.0,181.0,237.0
2026-06-18 22:00:00,1,29,30,2026-06-18,22,11.0,150.0,161.0
2026-06-18 22:15:00,0,23,23,2026-06-18,22,3.0,141.0,144.0
2026-06-18 22:30:00,0,5,5,2026-06-18,22,2.0,99.0,101.0
2026-06-18 22:45:00,0,5,5,2026-06-18,22,1.0,62.0,63.0
2026-06-18 23:00:00,0,25,25,2026-06-18,23,0.0,58.0,58.0
2026-06-18 23:15:00,0,9,9,2026-06-18,23,0.0,44.0,44.0
2026-06-18 23:30:00,0,0,0,2026-06-18,23,0.0,39.0,39.0
2026-06-18 23:45:00,0,0,0,2026-06-18,23,0.0,34.0,34.0
2026-06-19 03:00:00,84,37,121,2026-06-19,3,84.0,37.0,121.0
2026-06-19 03:15:00,147,48,195,2026-06-19,3,231.0,85.0,316.0
2026-06-19 03:30:00,238,63,301,2026-06-19,3,469.0,148.0,617.0
2026-06-19 03:45:00,445,75,520,2026-06-19,3,914.0,223.0,1137.0
2026-06-19 04:00:00,694,41,735,2026-06-19,4,1524.0,227.0,1751.0
2026-06-19 04:15:00,889,35,924,2026-06-19,4,2266.0,214.0,2480.0
2026-06-19 04:30:00,807,84,891,2026-06-19,4,2835.0,235.0,3070.0
2026-06-19 04:45:00,777,91,868,2026-06-19,4,3167.0,251.0,3418.0
2026-06-19 05:00:00,719,63,782,2026-06-19,5,3192.0,273.0,3465.0
2026-06-19 05:15:00,593,50,643,2026-06-19,5,2896.0,288.0,3184.0
2026-06-19 05:30:00,399,48,447,2026-06-19,5,2488.0,252.0,2740.0
2026-06-19 05:45:00,344,58,402,2026-06-19,5,2055.0,219.0,2274.0
2026-06-19 06:00:00,411,44,455,2026-06-19,6,1747.0,200.0,1947.0
2026-06-19 06:15:00,442,55,497,2026-06-19,6,1596.0,205.0,1801.0
2026-06-19 06:30:00,469,44,513,2026-06-19,6,1666.0,201.0,1867.0
2026-06-19 06:45:00,582,35,617,2026-06-19,6,1904.0,178.0,2082.0
2026-06-19 07:00:00,600,33,633,2026-06-19,7,2093.0,167.0,2260.0
2026-06-19 07:15:00,587,41,628,2026-06-19,7,2238.0,153.0,2391.0
2026-06-19 07:30:00,594,26,620,2026-06-19,7,2363.0,135.0,2498.0
2026-06-19 07:45:00,569,26,595,2026-06-19,7,2350.0,126.0,2476.0
2026-06-19 08:00:00,571,41,612,2026-06-19,8,2321.0,134.0,2455.0
2026-06-19 08:15:00,553,41,594,2026-06-19,8,2287.0,134.0,2421.0
2026-06-19 08:30:00,463,33,496,2026-06-19,8,2156.0,141.0,2297.0
2026-06-19 08:45:00,384,32,416,2026-06-19,8,1971.0,147.0,2118.0
2026-06-19 09:00:00,407,35,442,2026-06-19,9,1807.0,141.0,1948.0
2026-06-19 09:15:00,385,39,424,2026-06-19,9,1639.0,139.0,1778.0
2026-06-19 09:30:00,410,50,460,2026-06-19,9,1586.0,156.0,1742.0
2026-06-19 09:45:00,401,51,452,2026-06-19,9,1603.0,175.0,1778.0
2026-06-19 10:00:00,417,63,480,2026-06-19,10,1613.0,203.0,1816.0
2026-06-19 10:15:00,431,47,478,2026-06-19,10,1659.0,211.0,1870.0
2026-06-19 10:30:00,422,70,492,2026-06-19,10,1671.0,231.0,1902.0
2026-06-19 10:45:00,414,59,473,2026-06-19,10,1684.0,239.0,1923.0
2026-06-19 11:00:00,448,46,494,2026-06-19,11,1715.0,222.0,1937.0
2026-06-19 11:15:00,510,59,569,2026-06-19,11,1794.0,234.0,2028.0
2026-06-19 11:30:00,583,69,652,2026-06-19,11,1955.0,233.0,2188.0
2026-06-19 11:45:00,666,73,739,2026-06-19,11,2207.0,247.0,2454.0
2026-06-19 12:00:00,722,75,797,2026-06-19,12,2481.0,276.0,2757.0
2026-06-19 12:15:00,728,64,792,2026-06-19,12,2699.0,281.0,2980.0
2026-06-19 12:30:00,663,56,719,2026-06-19,12,2779.0,268.0,3047.0
2026-06-19 12:45:00,598,67,665,2026-06-19,12,2711.0,262.0,2973.0
2026-06-19 13:00:00,503,53,556,2026-06-19,13,2492.0,240.0,2732.0
2026-06-19 13:15:00,474,39,513,2026-06-19,13,2238.0,215.0,2453.0
2026-06-19 13:30:00,406,57,463,2026-06-19,13,1981.0,216.0,2197.0
2026-06-19 13:45:00,356,51,407,2026-06-19,13,1739.0,200.0,1939.0
2026-06-19 14:00:00,383,35,418,2026-06-19,14,1619.0,182.0,1801.0
2026-06-19 14:15:00,366,37,403,2026-06-19,14,1511.0,180.0,1691.0
2026-06-19 14:30:00,336,32,368,2026-06-19,14,1441.0,155.0,1596.0
2026-06-19 14:45:00,377,39,416,2026-06-19,14,1462.0,143.0,1605.0
2026-06-19 15:00:00,431,35,466,2026-06-19,15,1510.0,143.0,1653.0
2026-06-19 15:15:00,455,20,475,2026-06-19,15,1599.0,126.0,1725.0
2026-06-19 15:30:00,511,19,530,2026-06-19,15,1774.0,113.0,1887.0
2026-06-19 15:45:00,540,20,560,2026-06-19,15,1937.0,94.0,2031.0
2026-06-19 16:00:00,457,18,475,2026-06-19,16,1963.0,77.0,2040.0
2026-06-19 16:15:00,456,20,476,2026-06-19,16,1964.0,77.0,2041.0
2026-06-19 16:30:00,425,16,441,2026-06-19,16,1878.0,74.0,1952.0
2026-06-19 16:45:00,419,30,449,2026-06-19,16,1757.0,84.0,1841.0
2026-06-19 17:00:00,445,29,474,2026-06-19,17,1745.0,95.0,1840.0
2026-06-19 17:15:00,463,16,479,2026-06-19,17,1752.0,91.0,1843.0
2026-06-19 17:30:00,403,15,418,2026-06-19,17,1730.0,90.0,1820.0
2026-06-19 17:45:00,407,21,428,2026-06-19,17,1718.0,81.0,1799.0
2026-06-19 18:00:00,330,22,352,2026-06-19,18,1603.0,74.0,1677.0
2026-06-19 18:15:00,283,9,292,2026-06-19,18,1423.0,67.0,1490.0
2026-06-19 18:30:00,196,12,208,2026-06-19,18,1216.0,64.0,1280.0
2026-06-19 18:45:00,156,12,168,2026-06-19,18,965.0,55.0,1020.0
2026-06-19 19:00:00,153,12,165,2026-06-19,19,788.0,45.0,833.0
2026-06-19 19:15:00,128,12,140,2026-06-19,19,633.0,48.0,681.0
2026-06-19 19:30:00,156,15,171,2026-06-19,19,593.0,51.0,644.0
2026-06-19 19:45:00,174,12,186,2026-06-19,19,611.0,51.0,662.0
2026-06-19 20:00:00,185,10,195,2026-06-19,20,643.0,49.0,692.0
2026-06-19 20:15:00,152,12,164,2026-06-19,20,667.0,49.0,716.0
2026-06-19 20:30:00,94,9,103,2026-06-19,20,605.0,43.0,648.0
2026-06-19 20:45:00,65,13,78,2026-06-19,20,496.0,44.0,540.0
2026-06-19 21:00:00,27,8,35,2026-06-19,21,338.0,42.0,380.0
2026-06-19 21:15:00,12,5,17,2026-06-19,21,198.0,35.0,233.0
2026-06-19 21:30:00,16,14,30,2026-06-19,21,120.0,40.0,160.0
2026-06-19 21:45:00,23,13,36,2026-06-19,21,78.0,40.0,118.0
2026-06-19 22:00:00,20,7,27,2026-06-19,22,71.0,39.0,110.0
2026-06-19 22:15:00,16,4,20,2026-06-19,22,75.0,38.0,113.0
2026-06-19 22:30:00,11,3,14,2026-06-19,22,70.0,27.0,97.0
2026-06-19 22:45:00,3,1,4,2026-06-19,22,50.0,15.0,65.0
2026-06-19 23:00:00,1,3,4,2026-06-19,23,31.0,11.0,42.0
2026-06-19 23:15:00,0,3,3,2026-06-19,23,15.0,10.0,25.0
2026-06-19 23:30:00,0,4,4,2026-06-19,23,4.0,11.0,15.0
2026-06-19 23:45:00,0,6,6,2026-06-19,23,1.0,16.0,17.0
2026-06-20 03:00:00,50,41,91,2026-06-20,3,50.0,41.0,91.0
2026-06-20 03:15:00,85,48,133,2026-06-20,3,135.0,89.0,224.0
2026-06-20 03:30:00,251,74,325,2026-06-20,3,386.0,163.0,549.0
2026-06-20 03:45:00,440,68,508,2026-06-20,3,826.0,231.0,1057.0
2026-06-20 04:00:00,571,51,622,2026-06-20,4,1347.0,241.0,1588.0
2026-06-20 04:15:00,780,35,815,2026-06-20,4,2042.0,228.0,2270.0
2026-06-20 04:30:00,782,64,846,2026-06-20,4,2573.0,218.0,2791.0
2026-06-20 04:45:00,766,72,838,2026-06-20,4,2899.0,222.0,3121.0
2026-06-20 05:00:00,640,77,717,2026-06-20,5,2968.0,248.0,3216.0
2026-06-20 05:15:00,619,38,657,2026-06-20,5,2807.0,251.0,3058.0
2026-06-20 05:30:00,558,42,600,2026-06-20,5,2583.0,229.0,2812.0
2026-06-20 05:45:00,525,61,586,2026-06-20,5,2342.0,218.0,2560.0
2026-06-20 06:00:00,495,61,556,2026-06-20,6,2197.0,202.0,2399.0
2026-06-20 06:15:00,491,45,536,2026-06-20,6,2069.0,209.0,2278.0
2026-06-20 06:30:00,471,39,510,2026-06-20,6,1982.0,206.0,2188.0
2026-06-20 06:45:00,522,30,552,2026-06-20,6,1979.0,175.0,2154.0
2026-06-20 07:00:00,539,26,565,2026-06-20,7,2023.0,140.0,2163.0
2026-06-20 07:15:00,517,38,555,2026-06-20,7,2049.0,133.0,2182.0
2026-06-20 07:30:00,510,29,539,2026-06-20,7,2088.0,123.0,2211.0
2026-06-20 07:45:00,457,31,488,2026-06-20,7,2023.0,124.0,2147.0
2026-06-20 08:00:00,412,25,437,2026-06-20,8,1896.0,123.0,2019.0
2026-06-20 08:15:00,430,27,457,2026-06-20,8,1809.0,112.0,1921.0
2026-06-20 08:30:00,465,20,485,2026-06-20,8,1764.0,103.0,1867.0
2026-06-20 08:45:00,595,34,629,2026-06-20,8,1902.0,106.0,2008.0
2026-06-20 09:00:00,653,32,685,2026-06-20,9,2143.0,113.0,2256.0
2026-06-20 09:15:00,621,27,648,2026-06-20,9,2334.0,113.0,2447.0
2026-06-20 09:30:00,537,32,569,2026-06-20,9,2406.0,125.0,2531.0
2026-06-20 09:45:00,483,37,520,2026-06-20,9,2294.0,128.0,2422.0
2026-06-20 10:00:00,466,31,497,2026-06-20,10,2107.0,127.0,2234.0
2026-06-20 10:15:00,459,49,508,2026-06-20,10,1945.0,149.0,2094.0
2026-06-20 10:30:00,436,51,487,2026-06-20,10,1844.0,168.0,2012.0
2026-06-20 10:45:00,477,53,530,2026-06-20,10,1838.0,184.0,2022.0
2026-06-20 11:00:00,514,47,561,2026-06-20,11,1886.0,200.0,2086.0
2026-06-20 11:15:00,551,54,605,2026-06-20,11,1978.0,205.0,2183.0
2026-06-20 11:30:00,492,69,561,2026-06-20,11,2034.0,223.0,2257.0
2026-06-20 11:45:00,510,78,588,2026-06-20,11,2067.0,248.0,2315.0
2026-06-20 12:00:00,502,49,551,2026-06-20,12,2055.0,250.0,2305.0
2026-06-20 12:15:00,509,39,548,2026-06-20,12,2013.0,235.0,2248.0
2026-06-20 12:30:00,474,50,524,2026-06-20,12,1995.0,216.0,2211.0
2026-06-20 12:45:00,451,55,506,2026-06-20,12,1936.0,193.0,2129.0
2026-06-20 13:00:00,435,45,480,2026-06-20,13,1869.0,189.0,2058.0
2026-06-20 13:15:00,378,42,420,2026-06-20,13,1738.0,192.0,1930.0
2026-06-20 13:30:00,393,41,434,2026-06-20,13,1657.0,183.0,1840.0
2026-06-20 13:45:00,341,39,380,2026-06-20,13,1547.0,167.0,1714.0
2026-06-20 14:00:00,307,34,341,2026-06-20,14,1419.0,156.0,1575.0
2026-06-20 14:15:00,315,30,345,2026-06-20,14,1356.0,144.0,1500.0
2026-06-20 14:30:00,264,32,296,2026-06-20,14,1227.0,135.0,1362.0
2026-06-20 14:45:00,318,26,344,2026-06-20,14,1204.0,122.0,1326.0
2026-06-20 15:00:00,396,25,421,2026-06-20,15,1293.0,113.0,1406.0
2026-06-20 15:15:00,419,25,444,2026-06-20,15,1397.0,108.0,1505.0
2026-06-20 15:30:00,400,28,428,2026-06-20,15,1533.0,104.0,1637.0
2026-06-20 15:45:00,412,26,438,2026-06-20,15,1627.0,104.0,1731.0
2026-06-20 16:00:00,383,25,408,2026-06-20,16,1614.0,104.0,1718.0
2026-06-20 16:15:00,341,11,352,2026-06-20,16,1536.0,90.0,1626.0
2026-06-20 16:30:00,292,13,305,2026-06-20,16,1428.0,75.0,1503.0
2026-06-20 16:45:00,240,22,262,2026-06-20,16,1256.0,71.0,1327.0
2026-06-20 17:00:00,202,21,223,2026-06-20,17,1075.0,67.0,1142.0
2026-06-20 17:15:00,172,11,183,2026-06-20,17,906.0,67.0,973.0
2026-06-20 17:30:00,183,9,192,2026-06-20,17,797.0,63.0,860.0
2026-06-20 17:45:00,195,11,206,2026-06-20,17,752.0,52.0,804.0
2026-06-20 18:00:00,198,18,216,2026-06-20,18,748.0,49.0,797.0
2026-06-20 18:15:00,186,13,199,2026-06-20,18,762.0,51.0,813.0
2026-06-20 18:30:00,157,15,172,2026-06-20,18,736.0,57.0,793.0
2026-06-20 18:45:00,119,15,134,2026-06-20,18,660.0,61.0,721.0
2026-06-20 19:00:00,105,12,117,2026-06-20,19,567.0,55.0,622.0
2026-06-20 19:15:00,110,7,117,2026-06-20,19,491.0,49.0,540.0
2026-06-20 19:30:00,121,8,129,2026-06-20,19,455.0,42.0,497.0
2026-06-20 19:45:00,107,12,119,2026-06-20,19,443.0,39.0,482.0
2026-06-20 20:00:00,97,16,113,2026-06-20,20,435.0,43.0,478.0
2026-06-20 20:15:00,68,8,76,2026-06-20,20,393.0,44.0,437.0
2026-06-20 20:30:00,44,12,56,2026-06-20,20,316.0,48.0,364.0
2026-06-20 20:45:00,26,10,36,2026-06-20,20,235.0,46.0,281.0
2026-06-20 21:00:00,6,15,21,2026-06-20,21,144.0,45.0,189.0
2026-06-20 21:15:00,2,5,7,2026-06-20,21,78.0,42.0,120.0
2026-06-20 21:30:00,2,11,13,2026-06-20,21,36.0,41.0,77.0
2026-06-20 21:45:00,1,9,10,2026-06-20,21,11.0,40.0,51.0
2026-06-20 22:00:00,1,8,9,2026-06-20,22,6.0,33.0,39.0
2026-06-20 22:15:00,0,6,6,2026-06-20,22,4.0,34.0,38.0
2026-06-20 22:30:00,0,4,4,2026-06-20,22,2.0,27.0,29.0
2026-06-20 22:45:00,0,6,6,2026-06-20,22,1.0,24.0,25.0
2026-06-20 23:00:00,0,1,1,2026-06-20,23,0.0,17.0,17.0
2026-06-20 23:15:00,0,0,0,2026-06-20,23,0.0,11.0,11.0
2026-06-20 23:30:00,0,0,0,2026-06-20,23,0.0,7.0,7.0
2026-06-20 23:45:00,1,0,1,2026-06-20,23,1.0,1.0,2.0
2026-06-21 03:00:00,57,86,143,2026-06-21,3,57.0,86.0,143.0
2026-06-21 03:15:00,126,37,163,2026-06-21,3,183.0,123.0,306.0
2026-06-21 03:30:00,252,28,280,2026-06-21,3,435.0,151.0,586.0
2026-06-21 03:45:00,416,29,445,2026-06-21,3,851.0,180.0,1031.0
2026-06-21 04:00:00,537,28,565,2026-06-21,4,1331.0,122.0,1453.0
2026-06-21 04:15:00,597,27,624,2026-06-21,4,1802.0,112.0,1914.0
2026-06-21 04:30:00,670,35,705,2026-06-21,4,2220.0,119.0,2339.0
2026-06-21 04:45:00,697,43,740,2026-06-21,4,2501.0,133.0,2634.0
2026-06-21 05:00:00,696,58,754,2026-06-21,5,2660.0,163.0,2823.0
2026-06-21 05:15:00,631,31,662,2026-06-21,5,2694.0,167.0,2861.0
2026-06-21 05:30:00,620,27,647,2026-06-21,5,2644.0,159.0,2803.0
2026-06-21 05:45:00,474,34,508,2026-06-21,5,2421.0,150.0,2571.0
2026-06-21 06:00:00,461,39,500,2026-06-21,6,2186.0,131.0,2317.0
2026-06-21 06:15:00,448,42,490,2026-06-21,6,2003.0,142.0,2145.0
2026-06-21 06:30:00,449,20,469,2026-06-21,6,1832.0,135.0,1967.0
2026-06-21 06:45:00,369,17,386,2026-06-21,6,1727.0,118.0,1845.0
2026-06-21 07:00:00,357,33,390,2026-06-21,7,1623.0,112.0,1735.0
2026-06-21 07:15:00,398,34,432,2026-06-21,7,1573.0,104.0,1677.0
2026-06-21 07:30:00,389,21,410,2026-06-21,7,1513.0,105.0,1618.0
2026-06-21 07:45:00,414,26,440,2026-06-21,7,1558.0,114.0,1672.0
2026-06-21 08:00:00,446,27,473,2026-06-21,8,1647.0,108.0,1755.0
2026-06-21 08:15:00,445,37,482,2026-06-21,8,1694.0,111.0,1805.0
2026-06-21 08:30:00,448,16,464,2026-06-21,8,1753.0,106.0,1859.0
2026-06-21 08:45:00,435,39,474,2026-06-21,8,1774.0,119.0,1893.0
2026-06-21 09:00:00,482,44,526,2026-06-21,9,1810.0,136.0,1946.0
2026-06-21 09:15:00,484,52,536,2026-06-21,9,1849.0,151.0,2000.0
2026-06-21 09:30:00,534,35,569,2026-06-21,9,1935.0,170.0,2105.0
2026-06-21 09:45:00,477,36,513,2026-06-21,9,1977.0,167.0,2144.0
2026-06-21 10:00:00,481,46,527,2026-06-21,10,1976.0,169.0,2145.0
2026-06-21 10:15:00,423,45,468,2026-06-21,10,1915.0,162.0,2077.0
2026-06-21 10:30:00,398,39,437,2026-06-21,10,1779.0,166.0,1945.0
2026-06-21 10:45:00,441,41,482,2026-06-21,10,1743.0,171.0,1914.0
2026-06-21 11:00:00,553,28,581,2026-06-21,11,1815.0,153.0,1968.0
2026-06-21 11:15:00,599,31,630,2026-06-21,11,1991.0,139.0,2130.0
2026-06-21 11:30:00,631,46,677,2026-06-21,11,2224.0,146.0,2370.0
2026-06-21 11:45:00,625,53,678,2026-06-21,11,2408.0,158.0,2566.0
2026-06-21 12:00:00,638,34,672,2026-06-21,12,2493.0,164.0,2657.0
2026-06-21 12:15:00,638,33,671,2026-06-21,12,2532.0,166.0,2698.0
2026-06-21 12:30:00,615,30,645,2026-06-21,12,2516.0,150.0,2666.0
2026-06-21 12:45:00,471,38,509,2026-06-21,12,2362.0,135.0,2497.0
2026-06-21 13:00:00,435,52,487,2026-06-21,13,2159.0,153.0,2312.0
2026-06-21 13:15:00,393,37,430,2026-06-21,13,1914.0,157.0,2071.0
2026-06-21 13:30:00,405,44,449,2026-06-21,13,1704.0,171.0,1875.0
2026-06-21 13:45:00,426,36,462,2026-06-21,13,1659.0,169.0,1828.0
2026-06-21 14:00:00,436,39,475,2026-06-21,14,1660.0,156.0,1816.0
2026-06-21 14:15:00,414,29,443,2026-06-21,14,1681.0,148.0,1829.0
2026-06-21 14:30:00,390,12,402,2026-06-21,14,1666.0,116.0,1782.0
2026-06-21 14:45:00,442,14,456,2026-06-21,14,1682.0,94.0,1776.0
2026-06-21 15:00:00,525,22,547,2026-06-21,15,1771.0,77.0,1848.0
2026-06-21 15:15:00,523,23,546,2026-06-21,15,1880.0,71.0,1951.0
2026-06-21 15:30:00,507,22,529,2026-06-21,15,1997.0,81.0,2078.0
2026-06-21 15:45:00,540,20,560,2026-06-21,15,2095.0,87.0,2182.0
2026-06-21 16:00:00,499,15,514,2026-06-21,16,2069.0,80.0,2149.0
2026-06-21 16:15:00,437,21,458,2026-06-21,16,1983.0,78.0,2061.0
2026-06-21 16:30:00,367,19,386,2026-06-21,16,1843.0,75.0,1918.0
2026-06-21 16:45:00,378,16,394,2026-06-21,16,1681.0,71.0,1752.0
2026-06-21 17:00:00,432,20,452,2026-06-21,17,1614.0,76.0,1690.0
2026-06-21 17:15:00,441,18,459,2026-06-21,17,1618.0,73.0,1691.0
2026-06-21 17:30:00,396,23,419,2026-06-21,17,1647.0,77.0,1724.0
2026-06-21 17:45:00,414,25,439,2026-06-21,17,1683.0,86.0,1769.0
2026-06-21 18:00:00,459,22,481,2026-06-21,18,1710.0,88.0,1798.0
2026-06-21 18:15:00,425,14,439,2026-06-21,18,1694.0,84.0,1778.0
2026-06-21 18:30:00,431,11,442,2026-06-21,18,1729.0,72.0,1801.0
2026-06-21 18:45:00,390,9,399,2026-06-21,18,1705.0,56.0,1761.0
2026-06-21 19:00:00,319,17,336,2026-06-21,19,1565.0,51.0,1616.0
2026-06-21 19:15:00,286,11,297,2026-06-21,19,1426.0,48.0,1474.0
2026-06-21 19:30:00,227,22,249,2026-06-21,19,1222.0,59.0,1281.0
2026-06-21 19:45:00,177,42,219,2026-06-21,19,1009.0,92.0,1101.0
2026-06-21 20:00:00,126,42,168,2026-06-21,20,816.0,117.0,933.0
2026-06-21 20:15:00,92,39,131,2026-06-21,20,622.0,145.0,767.0
2026-06-21 20:30:00,61,61,122,2026-06-21,20,456.0,184.0,640.0
2026-06-21 20:45:00,26,56,82,2026-06-21,20,305.0,198.0,503.0
2026-06-21 21:00:00,21,50,71,2026-06-21,21,200.0,206.0,406.0
2026-06-21 21:15:00,18,41,59,2026-06-21,21,126.0,208.0,334.0
2026-06-21 21:30:00,34,54,88,2026-06-21,21,99.0,201.0,300.0
2026-06-21 21:45:00,30,57,87,2026-06-21,21,103.0,202.0,305.0
2026-06-21 22:00:00,21,25,46,2026-06-21,22,103.0,177.0,280.0
2026-06-21 22:15:00,13,19,32,2026-06-21,22,98.0,155.0,253.0
2026-06-21 22:30:00,14,20,34,2026-06-21,22,78.0,121.0,199.0
2026-06-21 22:45:00,5,12,17,2026-06-21,22,53.0,76.0,129.0
2026-06-21 23:00:00,2,6,8,2026-06-21,23,34.0,57.0,91.0
2026-06-21 23:15:00,0,9,9,2026-06-21,23,21.0,47.0,68.0
2026-06-21 23:30:00,0,5,5,2026-06-21,23,7.0,32.0,39.0
2026-06-21 23:45:00,0,3,3,2026-06-21,23,2.0,23.0,25.0
2026-06-22 03:00:00,69,106,175,2026-06-22,3,69.0,106.0,175.0
2026-06-22 03:15:00,120,103,223,2026-06-22,3,189.0,209.0,398.0
2026-06-22 03:30:00,266,27,293,2026-06-22,3,455.0,236.0,691.0
2026-06-22 03:45:00,459,30,489,2026-06-22,3,914.0,266.0,1180.0
2026-06-22 04:00:00,563,23,586,2026-06-22,4,1408.0,183.0,1591.0
2026-06-22 04:15:00,655,33,688,2026-06-22,4,1943.0,113.0,2056.0
2026-06-22 04:30:00,718,51,769,2026-06-22,4,2395.0,137.0,2532.0
2026-06-22 04:45:00,733,47,780,2026-06-22,4,2669.0,154.0,2823.0
2026-06-22 05:00:00,698,53,751,2026-06-22,5,2804.0,184.0,2988.0
2026-06-22 05:15:00,627,39,666,2026-06-22,5,2776.0,190.0,2966.0
2026-06-22 05:30:00,557,26,583,2026-06-22,5,2615.0,165.0,2780.0
2026-06-22 05:45:00,592,51,643,2026-06-22,5,2474.0,169.0,2643.0
2026-06-22 06:00:00,571,47,618,2026-06-22,6,2347.0,163.0,2510.0
2026-06-22 06:15:00,469,50,519,2026-06-22,6,2189.0,174.0,2363.0
2026-06-22 06:30:00,425,19,444,2026-06-22,6,2057.0,167.0,2224.0
2026-06-22 06:45:00,468,29,497,2026-06-22,6,1933.0,145.0,2078.0
2026-06-22 07:00:00,472,19,491,2026-06-22,7,1834.0,117.0,1951.0
2026-06-22 07:15:00,475,27,502,2026-06-22,7,1840.0,94.0,1934.0
2026-06-22 07:30:00,480,20,500,2026-06-22,7,1895.0,95.0,1990.0
2026-06-22 07:45:00,469,19,488,2026-06-22,7,1896.0,85.0,1981.0
2026-06-22 08:00:00,530,27,557,2026-06-22,8,1954.0,93.0,2047.0
2026-06-22 08:15:00,517,33,550,2026-06-22,8,1996.0,99.0,2095.0
2026-06-22 08:30:00,520,21,541,2026-06-22,8,2036.0,100.0,2136.0
2026-06-22 08:45:00,536,31,567,2026-06-22,8,2103.0,112.0,2215.0
2026-06-22 09:00:00,484,26,510,2026-06-22,9,2057.0,111.0,2168.0
2026-06-22 09:15:00,490,37,527,2026-06-22,9,2030.0,115.0,2145.0
2026-06-22 09:30:00,498,40,538,2026-06-22,9,2008.0,134.0,2142.0
2026-06-22 09:45:00,502,33,535,2026-06-22,9,1974.0,136.0,2110.0
2026-06-22 10:00:00,469,37,506,2026-06-22,10,1959.0,147.0,2106.0
2026-06-22 10:15:00,455,52,507,2026-06-22,10,1924.0,162.0,2086.0
2026-06-22 10:30:00,472,36,508,2026-06-22,10,1898.0,158.0,2056.0
2026-06-22 10:45:00,515,40,555,2026-06-22,10,1911.0,165.0,2076.0
2026-06-22 11:00:00,597,37,634,2026-06-22,11,2039.0,165.0,2204.0
2026-06-22 11:15:00,616,35,651,2026-06-22,11,2200.0,148.0,2348.0
2026-06-22 11:30:00,602,43,645,2026-06-22,11,2330.0,155.0,2485.0
2026-06-22 11:45:00,553,44,597,2026-06-22,11,2368.0,159.0,2527.0
2026-06-22 12:00:00,563,45,608,2026-06-22,12,2334.0,167.0,2501.0
2026-06-22 12:15:00,533,34,567,2026-06-22,12,2251.0,166.0,2417.0
2026-06-22 12:30:00,499,44,543,2026-06-22,12,2148.0,167.0,2315.0
2026-06-22 12:45:00,475,38,513,2026-06-22,12,2070.0,161.0,2231.0
2026-06-22 13:00:00,502,26,528,2026-06-22,13,2009.0,142.0,2151.0
2026-06-22 13:15:00,487,24,511,2026-06-22,13,1963.0,132.0,2095.0
2026-06-22 13:30:00,461,32,493,2026-06-22,13,1925.0,120.0,2045.0
2026-06-22 13:45:00,449,35,484,2026-06-22,13,1899.0,117.0,2016.0
2026-06-22 14:00:00,450,20,470,2026-06-22,14,1847.0,111.0,1958.0
2026-06-22 14:15:00,438,33,471,2026-06-22,14,1798.0,120.0,1918.0
2026-06-22 14:30:00,439,31,470,2026-06-22,14,1776.0,119.0,1895.0
2026-06-22 14:45:00,470,26,496,2026-06-22,14,1797.0,110.0,1907.0
2026-06-22 15:00:00,489,30,519,2026-06-22,15,1836.0,120.0,1956.0
2026-06-22 15:15:00,536,26,562,2026-06-22,15,1934.0,113.0,2047.0
2026-06-22 15:30:00,509,29,538,2026-06-22,15,2004.0,111.0,2115.0
2026-06-22 15:45:00,413,28,441,2026-06-22,15,1947.0,113.0,2060.0
2026-06-22 16:00:00,329,16,345,2026-06-22,16,1787.0,99.0,1886.0
2026-06-22 16:15:00,336,17,353,2026-06-22,16,1587.0,90.0,1677.0
2026-06-22 16:30:00,344,17,361,2026-06-22,16,1422.0,78.0,1500.0
2026-06-22 16:45:00,322,12,334,2026-06-22,16,1331.0,62.0,1393.0
2026-06-22 17:00:00,360,18,378,2026-06-22,17,1362.0,64.0,1426.0
2026-06-22 17:15:00,370,16,386,2026-06-22,17,1396.0,63.0,1459.0
2026-06-22 17:30:00,370,8,378,2026-06-22,17,1422.0,54.0,1476.0
2026-06-22 17:45:00,353,11,364,2026-06-22,17,1453.0,53.0,1506.0
2026-06-22 18:00:00,277,35,312,2026-06-22,18,1370.0,70.0,1440.0
2026-06-22 18:15:00,238,16,254,2026-06-22,18,1238.0,70.0,1308.0
2026-06-22 18:30:00,222,17,239,2026-06-22,18,1090.0,79.0,1169.0
2026-06-22 18:45:00,220,36,256,2026-06-22,18,957.0,104.0,1061.0
2026-06-22 19:00:00,194,42,236,2026-06-22,19,874.0,111.0,985.0
2026-06-22 19:15:00,213,32,245,2026-06-22,19,849.0,127.0,976.0
2026-06-22 19:30:00,194,32,226,2026-06-22,19,821.0,142.0,963.0
2026-06-22 19:45:00,182,38,220,2026-06-22,19,783.0,144.0,927.0
2026-06-22 20:00:00,150,42,192,2026-06-22,20,739.0,144.0,883.0
2026-06-22 20:15:00,119,27,146,2026-06-22,20,645.0,139.0,784.0
2026-06-22 20:30:00,85,45,130,2026-06-22,20,536.0,152.0,688.0
2026-06-22 20:45:00,44,38,82,2026-06-22,20,398.0,152.0,550.0
2026-06-22 21:00:00,30,43,73,2026-06-22,21,278.0,153.0,431.0
2026-06-22 21:15:00,7,26,33,2026-06-22,21,166.0,152.0,318.0
2026-06-22 21:30:00,2,28,30,2026-06-22,21,83.0,135.0,218.0
2026-06-22 21:45:00,2,25,27,2026-06-22,21,41.0,122.0,163.0
2026-06-22 22:00:00,1,9,10,2026-06-22,22,12.0,88.0,100.0
2026-06-22 22:15:00,0,8,8,2026-06-22,22,5.0,70.0,75.0
2026-06-22 22:30:00,0,6,6,2026-06-22,22,3.0,48.0,51.0
2026-06-22 22:45:00,1,6,7,2026-06-22,22,2.0,29.0,31.0
2026-06-22 23:00:00,0,12,12,2026-06-22,23,1.0,32.0,33.0
2026-06-22 23:15:00,1,7,8,2026-06-22,23,2.0,31.0,33.0
2026-06-22 23:30:00,0,2,2,2026-06-22,23,2.0,27.0,29.0
2026-06-22 23:45:00,1,2,3,2026-06-22,23,2.0,23.0,25.0
2026-06-23 03:00:00,87,86,173,2026-06-23,3,87.0,86.0,173.0
2026-06-23 03:15:00,159,32,191,2026-06-23,3,246.0,118.0,364.0
2026-06-23 03:30:00,284,39,323,2026-06-23,3,530.0,157.0,687.0
2026-06-23 03:45:00,452,34,486,2026-06-23,3,982.0,191.0,1173.0
2026-06-23 04:00:00,575,30,605,2026-06-23,4,1470.0,135.0,1605.0
2026-06-23 04:15:00,708,34,742,2026-06-23,4,2019.0,137.0,2156.0
2026-06-23 04:30:00,738,38,776,2026-06-23,4,2473.0,136.0,2609.0
2026-06-23 04:45:00,717,50,767,2026-06-23,4,2738.0,152.0,2890.0
2026-06-23 05:00:00,696,61,757,2026-06-23,5,2859.0,183.0,3042.0
2026-06-23 05:15:00,561,36,597,2026-06-23,5,2712.0,185.0,2897.0
2026-06-23 05:30:00,501,36,537,2026-06-23,5,2475.0,183.0,2658.0
2026-06-23 05:45:00,465,53,518,2026-06-23,5,2223.0,186.0,2409.0
2026-06-23 06:00:00,397,66,463,2026-06-23,6,1924.0,191.0,2115.0
2026-06-23 06:15:00,308,45,353,2026-06-23,6,1671.0,200.0,1871.0
2026-06-23 06:30:00,295,36,331,2026-06-23,6,1465.0,200.0,1665.0
2026-06-23 06:45:00,349,32,381,2026-06-23,6,1349.0,179.0,1528.0
2026-06-23 07:00:00,347,31,378,2026-06-23,7,1299.0,144.0,1443.0
2026-06-23 07:15:00,389,43,432,2026-06-23,7,1380.0,142.0,1522.0
2026-06-23 07:30:00,451,34,485,2026-06-23,7,1536.0,140.0,1676.0
2026-06-23 07:45:00,493,25,518,2026-06-23,7,1680.0,133.0,1813.0
2026-06-23 08:00:00,479,34,513,2026-06-23,8,1812.0,136.0,1948.0
2026-06-23 08:15:00,484,38,522,2026-06-23,8,1907.0,131.0,2038.0
2026-06-23 08:30:00,490,33,523,2026-06-23,8,1946.0,130.0,2076.0
2026-06-23 08:45:00,482,20,502,2026-06-23,8,1935.0,125.0,2060.0
2026-06-23 09:00:00,441,37,478,2026-06-23,9,1897.0,128.0,2025.0
2026-06-23 09:15:00,436,29,465,2026-06-23,9,1849.0,119.0,1968.0
2026-06-23 09:30:00,452,42,494,2026-06-23,9,1811.0,128.0,1939.0
2026-06-23 09:45:00,423,23,446,2026-06-23,9,1752.0,131.0,1883.0
2026-06-23 10:00:00,390,36,426,2026-06-23,10,1701.0,130.0,1831.0
2026-06-23 10:15:00,384,48,432,2026-06-23,10,1649.0,149.0,1798.0
2026-06-23 10:30:00,414,35,449,2026-06-23,10,1611.0,142.0,1753.0
2026-06-23 10:45:00,454,60,514,2026-06-23,10,1642.0,179.0,1821.0
2026-06-23 11:00:00,477,34,511,2026-06-23,11,1729.0,177.0,1906.0
2026-06-23 11:15:00,495,43,538,2026-06-23,11,1840.0,172.0,2012.0
2026-06-23 11:30:00,516,48,564,2026-06-23,11,1942.0,185.0,2127.0
2026-06-23 11:45:00,504,45,549,2026-06-23,11,1992.0,170.0,2162.0
2026-06-23 12:00:00,490,36,526,2026-06-23,12,2005.0,172.0,2177.0
2026-06-23 12:15:00,453,51,504,2026-06-23,12,1963.0,180.0,2143.0
2026-06-23 12:30:00,467,51,518,2026-06-23,12,1914.0,183.0,2097.0
2026-06-23 12:45:00,489,30,519,2026-06-23,12,1899.0,168.0,2067.0
2026-06-23 13:00:00,464,40,504,2026-06-23,13,1873.0,172.0,2045.0
2026-06-23 13:15:00,434,34,468,2026-06-23,13,1854.0,155.0,2009.0
2026-06-23 13:30:00,472,30,502,2026-06-23,13,1859.0,134.0,1993.0
2026-06-23 13:45:00,420,40,460,2026-06-23,13,1790.0,144.0,1934.0
2026-06-23 14:00:00,393,38,431,2026-06-23,14,1719.0,142.0,1861.0
2026-06-23 14:15:00,340,33,373,2026-06-23,14,1625.0,141.0,1766.0
2026-06-23 14:30:00,360,30,390,2026-06-23,14,1513.0,141.0,1654.0
2026-06-23 14:45:00,347,30,377,2026-06-23,14,1440.0,131.0,1571.0
2026-06-23 15:00:00,416,25,441,2026-06-23,15,1463.0,118.0,1581.0
2026-06-23 15:15:00,417,25,442,2026-06-23,15,1540.0,110.0,1650.0
2026-06-23 15:30:00,479,33,512,2026-06-23,15,1659.0,113.0,1772.0
2026-06-23 15:45:00,442,29,471,2026-06-23,15,1754.0,112.0,1866.0
2026-06-23 16:00:00,419,31,450,2026-06-23,16,1757.0,118.0,1875.0
2026-06-23 16:15:00,348,25,373,2026-06-23,16,1688.0,118.0,1806.0
2026-06-23 16:30:00,278,32,310,2026-06-23,16,1487.0,117.0,1604.0
2026-06-23 16:45:00,280,24,304,2026-06-23,16,1325.0,112.0,1437.0
2026-06-23 17:00:00,268,8,276,2026-06-23,17,1174.0,89.0,1263.0
2026-06-23 17:15:00,287,8,295,2026-06-23,17,1113.0,72.0,1185.0
2026-06-23 17:30:00,272,17,289,2026-06-23,17,1107.0,57.0,1164.0
2026-06-23 17:45:00,295,13,308,2026-06-23,17,1122.0,46.0,1168.0
2026-06-23 18:00:00,296,29,325,2026-06-23,18,1150.0,67.0,1217.0
2026-06-23 18:15:00,238,27,265,2026-06-23,18,1101.0,86.0,1187.0
2026-06-23 18:30:00,202,32,234,2026-06-23,18,1031.0,101.0,1132.0
2026-06-23 18:45:00,170,47,217,2026-06-23,18,906.0,135.0,1041.0
2026-06-23 19:00:00,127,69,196,2026-06-23,19,737.0,175.0,912.0
2026-06-23 19:15:00,161,52,213,2026-06-23,19,660.0,200.0,860.0
2026-06-23 19:30:00,108,31,139,2026-06-23,19,566.0,199.0,765.0
2026-06-23 19:45:00,106,44,150,2026-06-23,19,502.0,196.0,698.0
2026-06-23 20:00:00,117,40,157,2026-06-23,20,492.0,167.0,659.0
2026-06-23 20:15:00,95,40,135,2026-06-23,20,426.0,155.0,581.0
2026-06-23 20:30:00,71,37,108,2026-06-23,20,389.0,161.0,550.0
2026-06-23 20:45:00,58,40,98,2026-06-23,20,341.0,157.0,498.0
2026-06-23 21:00:00,31,42,73,2026-06-23,21,255.0,159.0,414.0
2026-06-23 21:15:00,10,28,38,2026-06-23,21,170.0,147.0,317.0
2026-06-23 21:30:00,7,44,51,2026-06-23,21,106.0,154.0,260.0
2026-06-23 21:45:00,4,42,46,2026-06-23,21,52.0,156.0,208.0
2026-06-23 22:00:00,0,24,24,2026-06-23,22,21.0,138.0,159.0
2026-06-23 22:15:00,0,15,15,2026-06-23,22,11.0,125.0,136.0
2026-06-23 22:30:00,1,7,8,2026-06-23,22,5.0,88.0,93.0
2026-06-23 22:45:00,0,10,10,2026-06-23,22,1.0,56.0,57.0
2026-06-23 23:00:00,0,2,2,2026-06-23,23,1.0,34.0,35.0
2026-06-23 23:15:00,0,5,5,2026-06-23,23,1.0,24.0,25.0
2026-06-23 23:30:00,0,3,3,2026-06-23,23,0.0,20.0,20.0
2026-06-23 23:45:00,0,1,1,2026-06-23,23,0.0,11.0,11.0
2026-06-24 03:00:00,47,78,125,2026-06-24,3,47.0,78.0,125.0
2026-06-24 03:15:00,110,29,139,2026-06-24,3,157.0,107.0,264.0
2026-06-24 03:30:00,270,30,300,2026-06-24,3,427.0,137.0,564.0
2026-06-24 03:45:00,411,32,443,2026-06-24,3,838.0,169.0,1007.0
2026-06-24 04:00:00,568,33,601,2026-06-24,4,1359.0,124.0,1483.0
2026-06-24 04:15:00,656,42,698,2026-06-24,4,1905.0,137.0,2042.0
2026-06-24 04:30:00,725,53,778,2026-06-24,4,2360.0,160.0,2520.0
2026-06-24 04:45:00,688,55,743,2026-06-24,4,2637.0,183.0,2820.0
2026-06-24 05:00:00,631,47,678,2026-06-24,5,2700.0,197.0,2897.0
2026-06-24 05:15:00,591,44,635,2026-06-24,5,2635.0,199.0,2834.0
2026-06-24 05:30:00,530,33,563,2026-06-24,5,2440.0,179.0,2619.0
2026-06-24 05:45:00,509,45,554,2026-06-24,5,2261.0,169.0,2430.0
2026-06-24 06:00:00,492,53,545,2026-06-24,6,2122.0,175.0,2297.0
2026-06-24 06:15:00,493,47,540,2026-06-24,6,2024.0,178.0,2202.0
2026-06-24 06:30:00,540,37,577,2026-06-24,6,2034.0,182.0,2216.0
2026-06-24 06:45:00,613,31,644,2026-06-24,6,2138.0,168.0,2306.0
2026-06-24 07:00:00,604,29,633,2026-06-24,7,2250.0,144.0,2394.0
2026-06-24 07:15:00,595,20,615,2026-06-24,7,2352.0,117.0,2469.0
2026-06-24 07:30:00,512,23,535,2026-06-24,7,2324.0,103.0,2427.0
2026-06-24 07:45:00,462,37,499,2026-06-24,7,2173.0,109.0,2282.0
2026-06-24 08:00:00,384,50,434,2026-06-24,8,1953.0,130.0,2083.0
2026-06-24 08:15:00,384,25,409,2026-06-24,8,1742.0,135.0,1877.0
2026-06-24 08:30:00,449,45,494,2026-06-24,8,1679.0,157.0,1836.0
2026-06-24 08:45:00,501,48,549,2026-06-24,8,1718.0,168.0,1886.0
2026-06-24 09:00:00,517,59,576,2026-06-24,9,1851.0,177.0,2028.0
2026-06-24 09:15:00,458,50,508,2026-06-24,9,1925.0,202.0,2127.0
2026-06-24 09:30:00,421,55,476,2026-06-24,9,1897.0,212.0,2109.0
2026-06-24 09:45:00,392,84,476,2026-06-24,9,1788.0,248.0,2036.0
2026-06-24 10:00:00,388,60,448,2026-06-24,10,1659.0,249.0,1908.0
2026-06-24 10:15:00,411,40,451,2026-06-24,10,1612.0,239.0,1851.0
2026-06-24 10:30:00,435,38,473,2026-06-24,10,1626.0,222.0,1848.0
2026-06-24 10:45:00,484,32,516,2026-06-24,10,1718.0,170.0,1888.0
2026-06-24 11:00:00,483,48,531,2026-06-24,11,1813.0,158.0,1971.0
2026-06-24 11:15:00,472,43,515,2026-06-24,11,1874.0,161.0,2035.0
2026-06-24 11:30:00,508,37,545,2026-06-24,11,1947.0,160.0,2107.0
2026-06-24 11:45:00,525,41,566,2026-06-24,11,1988.0,169.0,2157.0
2026-06-24 12:00:00,542,45,587,2026-06-24,12,2047.0,166.0,2213.0
2026-06-24 12:15:00,480,57,537,2026-06-24,12,2055.0,180.0,2235.0
2026-06-24 12:30:00,460,58,518,2026-06-24,12,2007.0,201.0,2208.0
2026-06-24 12:45:00,484,60,544,2026-06-24,12,1966.0,220.0,2186.0
2026-06-24 13:00:00,482,46,528,2026-06-24,13,1906.0,221.0,2127.0
2026-06-24 13:15:00,479,43,522,2026-06-24,13,1905.0,207.0,2112.0
2026-06-24 13:30:00,481,40,521,2026-06-24,13,1926.0,189.0,2115.0
2026-06-24 13:45:00,453,25,478,2026-06-24,13,1895.0,154.0,2049.0
2026-06-24 14:00:00,395,54,449,2026-06-24,14,1808.0,162.0,1970.0
2026-06-24 14:15:00,388,34,422,2026-06-24,14,1717.0,153.0,1870.0
2026-06-24 14:30:00,360,28,388,2026-06-24,14,1596.0,141.0,1737.0
2026-06-24 14:45:00,355,34,389,2026-06-24,14,1498.0,150.0,1648.0
2026-06-24 15:00:00,387,26,413,2026-06-24,15,1490.0,122.0,1612.0
2026-06-24 15:15:00,454,24,478,2026-06-24,15,1556.0,112.0,1668.0
2026-06-24 15:30:00,462,31,493,2026-06-24,15,1658.0,115.0,1773.0
2026-06-24 15:45:00,382,28,410,2026-06-24,15,1685.0,109.0,1794.0
2026-06-24 16:00:00,329,17,346,2026-06-24,16,1627.0,100.0,1727.0
2026-06-24 16:15:00,299,11,310,2026-06-24,16,1472.0,87.0,1559.0
2026-06-24 16:30:00,293,12,305,2026-06-24,16,1303.0,68.0,1371.0
2026-06-24 16:45:00,304,31,335,2026-06-24,16,1225.0,71.0,1296.0
2026-06-24 17:00:00,367,12,379,2026-06-24,17,1263.0,66.0,1329.0
2026-06-24 17:15:00,386,8,394,2026-06-24,17,1350.0,63.0,1413.0
2026-06-24 17:30:00,342,12,354,2026-06-24,17,1399.0,63.0,1462.0
2026-06-24 17:45:00,316,19,335,2026-06-24,17,1411.0,51.0,1462.0
2026-06-24 18:00:00,321,45,366,2026-06-24,18,1365.0,84.0,1449.0
2026-06-24 18:15:00,307,20,327,2026-06-24,18,1286.0,96.0,1382.0
2026-06-24 18:30:00,222,37,259,2026-06-24,18,1166.0,121.0,1287.0
2026-06-24 18:45:00,179,57,236,2026-06-24,18,1029.0,159.0,1188.0
2026-06-24 19:00:00,173,42,215,2026-06-24,19,881.0,156.0,1037.0
2026-06-24 19:15:00,163,45,208,2026-06-24,19,737.0,181.0,918.0
2026-06-24 19:30:00,133,32,165,2026-06-24,19,648.0,176.0,824.0
2026-06-24 19:45:00,121,32,153,2026-06-24,19,590.0,151.0,741.0
2026-06-24 20:00:00,77,49,126,2026-06-24,20,494.0,158.0,652.0
2026-06-24 20:15:00,62,54,116,2026-06-24,20,393.0,167.0,560.0
2026-06-24 20:30:00,25,52,77,2026-06-24,20,285.0,187.0,472.0
2026-06-24 20:45:00,19,48,67,2026-06-24,20,183.0,203.0,386.0
2026-06-24 21:00:00,7,30,37,2026-06-24,21,113.0,184.0,297.0
2026-06-24 21:15:00,2,27,29,2026-06-24,21,53.0,157.0,210.0
2026-06-24 21:30:00,1,28,29,2026-06-24,21,29.0,133.0,162.0
2026-06-24 21:45:00,1,31,32,2026-06-24,21,11.0,116.0,127.0
2026-06-24 22:00:00,0,18,18,2026-06-24,22,4.0,104.0,108.0
2026-06-24 22:15:00,0,29,29,2026-06-24,22,2.0,106.0,108.0
2026-06-24 22:30:00,1,11,12,2026-06-24,22,2.0,89.0,91.0
2026-06-24 22:45:00,1,12,13,2026-06-24,22,2.0,70.0,72.0
2026-06-24 23:00:00,0,1,1,2026-06-24,23,2.0,53.0,55.0
2026-06-24 23:15:00,0,0,0,2026-06-24,23,2.0,24.0,26.0
2026-06-24 23:30:00,0,0,0,2026-06-24,23,1.0,13.0,14.0
2026-06-24 23:45:00,0,0,0,2026-06-24,23,0.0,1.0,1.0
2026-06-25 03:00:00,45,84,129,2026-06-25,3,45.0,84.0,129.0
2026-06-25 03:15:00,108,30,138,2026-06-25,3,153.0,114.0,267.0
2026-06-25 03:30:00,238,40,278,2026-06-25,3,391.0,154.0,545.0
2026-06-25 03:45:00,426,44,470,2026-06-25,3,817.0,198.0,1015.0
2026-06-25 04:00:00,618,29,647,2026-06-25,4,1390.0,143.0,1533.0
2026-06-25 04:15:00,712,34,746,2026-06-25,4,1994.0,147.0,2141.0
2026-06-25 04:30:00,720,36,756,2026-06-25,4,2476.0,143.0,2619.0
2026-06-25 04:45:00,734,52,786,2026-06-25,4,2784.0,151.0,2935.0
2026-06-25 05:00:00,713,61,774,2026-06-25,5,2879.0,183.0,3062.0
2026-06-25 05:15:00,735,47,782,2026-06-25,5,2902.0,196.0,3098.0
2026-06-25 05:30:00,697,29,726,2026-06-25,5,2879.0,189.0,3068.0
2026-06-25 05:45:00,599,39,638,2026-06-25,5,2744.0,176.0,2920.0
2026-06-25 06:00:00,553,62,615,2026-06-25,6,2584.0,177.0,2761.0
2026-06-25 06:15:00,527,31,558,2026-06-25,6,2376.0,161.0,2537.0
2026-06-25 06:30:00,621,32,653,2026-06-25,6,2300.0,164.0,2464.0
2026-06-25 06:45:00,606,43,649,2026-06-25,6,2307.0,168.0,2475.0
2026-06-25 07:00:00,490,33,523,2026-06-25,7,2244.0,139.0,2383.0
2026-06-25 07:15:00,471,41,512,2026-06-25,7,2188.0,149.0,2337.0
2026-06-25 07:30:00,462,27,489,2026-06-25,7,2029.0,144.0,2173.0
2026-06-25 07:45:00,387,30,417,2026-06-25,7,1810.0,131.0,1941.0
2026-06-25 08:00:00,362,22,384,2026-06-25,8,1682.0,120.0,1802.0
2026-06-25 08:15:00,360,28,388,2026-06-25,8,1571.0,107.0,1678.0
2026-06-25 08:30:00,446,28,474,2026-06-25,8,1555.0,108.0,1663.0
2026-06-25 08:45:00,502,32,534,2026-06-25,8,1670.0,110.0,1780.0
2026-06-25 09:00:00,525,36,561,2026-06-25,9,1833.0,124.0,1957.0
2026-06-25 09:15:00,581,26,607,2026-06-25,9,2054.0,122.0,2176.0
2026-06-25 09:30:00,619,25,644,2026-06-25,9,2227.0,119.0,2346.0
2026-06-25 09:45:00,580,34,614,2026-06-25,9,2305.0,121.0,2426.0
2026-06-25 10:00:00,535,43,578,2026-06-25,10,2315.0,128.0,2443.0
2026-06-25 10:15:00,551,50,601,2026-06-25,10,2285.0,152.0,2437.0
2026-06-25 10:30:00,497,35,532,2026-06-25,10,2163.0,162.0,2325.0
2026-06-25 10:45:00,481,53,534,2026-06-25,10,2064.0,181.0,2245.0
2026-06-25 11:00:00,489,53,542,2026-06-25,11,2018.0,191.0,2209.0
2026-06-25 11:15:00,517,38,555,2026-06-25,11,1984.0,179.0,2163.0
2026-06-25 11:30:00,499,50,549,2026-06-25,11,1986.0,194.0,2180.0
2026-06-25 11:45:00,489,57,546,2026-06-25,11,1994.0,198.0,2192.0
2026-06-25 12:00:00,453,43,496,2026-06-25,12,1958.0,188.0,2146.0
2026-06-25 12:15:00,477,42,519,2026-06-25,12,1918.0,192.0,2110.0
2026-06-25 12:30:00,451,47,498,2026-06-25,12,1870.0,189.0,2059.0
2026-06-25 12:45:00,448,54,502,2026-06-25,12,1829.0,186.0,2015.0
2026-06-25 13:00:00,479,52,531,2026-06-25,13,1855.0,195.0,2050.0
2026-06-25 13:15:00,466,50,516,2026-06-25,13,1844.0,203.0,2047.0
2026-06-25 13:30:00,524,37,561,2026-06-25,13,1917.0,193.0,2110.0
2026-06-25 13:45:00,543,43,586,2026-06-25,13,2012.0,182.0,2194.0
2026-06-25 14:00:00,471,39,510,2026-06-25,14,2004.0,169.0,2173.0
2026-06-25 14:15:00,463,36,499,2026-06-25,14,2001.0,155.0,2156.0
2026-06-25 14:30:00,383,52,435,2026-06-25,14,1860.0,170.0,2030.0
2026-06-25 14:45:00,371,53,424,2026-06-25,14,1688.0,180.0,1868.0
2026-06-25 15:00:00,431,37,468,2026-06-25,15,1648.0,178.0,1826.0
2026-06-25 15:15:00,410,23,433,2026-06-25,15,1595.0,165.0,1760.0
2026-06-25 15:30:00,355,34,389,2026-06-25,15,1567.0,147.0,1714.0
2026-06-25 15:45:00,366,30,396,2026-06-25,15,1562.0,124.0,1686.0
2026-06-25 16:00:00,353,26,379,2026-06-25,16,1484.0,113.0,1597.0
2026-06-25 16:15:00,358,27,385,2026-06-25,16,1432.0,117.0,1549.0
2026-06-25 16:30:00,375,19,394,2026-06-25,16,1452.0,102.0,1554.0
2026-06-25 16:45:00,401,22,423,2026-06-25,16,1487.0,94.0,1581.0
2026-06-25 17:00:00,473,25,498,2026-06-25,17,1607.0,93.0,1700.0
2026-06-25 17:15:00,519,14,533,2026-06-25,17,1768.0,80.0,1848.0
2026-06-25 17:30:00,517,15,532,2026-06-25,17,1910.0,76.0,1986.0
2026-06-25 17:45:00,459,32,491,2026-06-25,17,1968.0,86.0,2054.0
2026-06-25 18:00:00,388,27,415,2026-06-25,18,1883.0,88.0,1971.0
2026-06-25 18:15:00,305,21,326,2026-06-25,18,1669.0,95.0,1764.0
2026-06-25 18:30:00,273,40,313,2026-06-25,18,1425.0,120.0,1545.0
2026-06-25 18:45:00,216,54,270,2026-06-25,18,1182.0,142.0,1324.0
2026-06-25 19:00:00,198,29,227,2026-06-25,19,992.0,144.0,1136.0
2026-06-25 19:15:00,230,39,269,2026-06-25,19,917.0,162.0,1079.0
2026-06-25 19:30:00,225,44,269,2026-06-25,19,869.0,166.0,1035.0
2026-06-25 19:45:00,214,59,273,2026-06-25,19,867.0,171.0,1038.0
2026-06-25 20:00:00,179,31,210,2026-06-25,20,848.0,173.0,1021.0
2026-06-25 20:15:00,140,47,187,2026-06-25,20,758.0,181.0,939.0
2026-06-25 20:30:00,90,49,139,2026-06-25,20,623.0,186.0,809.0
2026-06-25 20:45:00,52,48,100,2026-06-25,20,461.0,175.0,636.0
2026-06-25 21:00:00,42,62,104,2026-06-25,21,324.0,206.0,530.0
2026-06-25 21:15:00,7,33,40,2026-06-25,21,191.0,192.0,383.0
2026-06-25 21:30:00,1,48,49,2026-06-25,21,102.0,191.0,293.0
2026-06-25 21:45:00,1,43,44,2026-06-25,21,51.0,186.0,237.0
2026-06-25 22:00:00,1,30,31,2026-06-25,22,10.0,154.0,164.0
2026-06-25 22:15:00,0,24,24,2026-06-25,22,3.0,145.0,148.0
2026-06-25 22:30:00,0,5,5,2026-06-25,22,2.0,102.0,104.0
2026-06-25 22:45:00,0,5,5,2026-06-25,22,1.0,64.0,65.0
2026-06-25 23:00:00,0,25,25,2026-06-25,23,0.0,59.0,59.0
2026-06-25 23:15:00,0,9,9,2026-06-25,23,0.0,44.0,44.0
2026-06-25 23:30:00,0,0,0,2026-06-25,23,0.0,39.0,39.0
2026-06-25 23:45:00,0,0,0,2026-06-25,23,0.0,34.0,34.0
2026-06-26 03:00:00,78,37,115,2026-06-26,3,78.0,37.0,115.0
2026-06-26 03:15:00,140,47,187,2026-06-26,3,218.0,84.0,302.0
2026-06-26 03:30:00,239,62,301,2026-06-26,3,457.0,146.0,603.0
2026-06-26 03:45:00,448,74,522,2026-06-26,3,905.0,220.0,1125.0
2026-06-26 04:00:00,703,41,744,2026-06-26,4,1530.0,224.0,1754.0
2026-06-26 04:15:00,913,35,948,2026-06-26,4,2303.0,212.0,2515.0
2026-06-26 04:30:00,852,83,935,2026-06-26,4,2916.0,233.0,3149.0
2026-06-26 04:45:00,834,90,924,2026-06-26,4,3302.0,249.0,3551.0
2026-06-26 05:00:00,776,63,839,2026-06-26,5,3375.0,271.0,3646.0
2026-06-26 05:15:00,616,50,666,2026-06-26,5,3078.0,286.0,3364.0
2026-06-26 05:30:00,428,47,475,2026-06-26,5,2654.0,250.0,2904.0
2026-06-26 05:45:00,361,57,418,2026-06-26,5,2181.0,217.0,2398.0
2026-06-26 06:00:00,432,43,475,2026-06-26,6,1837.0,197.0,2034.0
2026-06-26 06:15:00,490,54,544,2026-06-26,6,1711.0,201.0,1912.0
2026-06-26 06:30:00,547,44,591,2026-06-26,6,1830.0,198.0,2028.0
2026-06-26 06:45:00,698,35,733,2026-06-26,6,2167.0,176.0,2343.0
2026-06-26 07:00:00,729,33,762,2026-06-26,7,2464.0,166.0,2630.0
2026-06-26 07:15:00,670,40,710,2026-06-26,7,2644.0,152.0,2796.0
2026-06-26 07:30:00,613,25,638,2026-06-26,7,2710.0,133.0,2843.0
2026-06-26 07:45:00,540,25,565,2026-06-26,7,2552.0,123.0,2675.0
2026-06-26 08:00:00,540,41,581,2026-06-26,8,2363.0,131.0,2494.0
2026-06-26 08:15:00,495,41,536,2026-06-26,8,2188.0,132.0,2320.0
2026-06-26 08:30:00,434,32,466,2026-06-26,8,2009.0,139.0,2148.0
2026-06-26 08:45:00,366,31,397,2026-06-26,8,1835.0,145.0,1980.0
2026-06-26 09:00:00,415,34,449,2026-06-26,9,1710.0,138.0,1848.0
2026-06-26 09:15:00,420,38,458,2026-06-26,9,1635.0,135.0,1770.0
2026-06-26 09:30:00,443,49,492,2026-06-26,9,1644.0,152.0,1796.0
2026-06-26 09:45:00,446,51,497,2026-06-26,9,1724.0,172.0,1896.0
2026-06-26 10:00:00,470,62,532,2026-06-26,10,1779.0,200.0,1979.0
2026-06-26 10:15:00,461,46,507,2026-06-26,10,1820.0,208.0,2028.0
2026-06-26 10:30:00,431,69,500,2026-06-26,10,1808.0,228.0,2036.0
2026-06-26 10:45:00,400,58,458,2026-06-26,10,1762.0,235.0,1997.0
2026-06-26 11:00:00,437,46,483,2026-06-26,11,1729.0,219.0,1948.0
2026-06-26 11:15:00,508,59,567,2026-06-26,11,1776.0,232.0,2008.0
2026-06-26 11:30:00,566,68,634,2026-06-26,11,1911.0,231.0,2142.0
2026-06-26 11:45:00,637,72,709,2026-06-26,11,2148.0,245.0,2393.0
2026-06-26 12:00:00,691,74,765,2026-06-26,12,2402.0,273.0,2675.0
2026-06-26 12:15:00,682,63,745,2026-06-26,12,2576.0,277.0,2853.0
2026-06-26 12:30:00,654,55,709,2026-06-26,12,2664.0,264.0,2928.0
2026-06-26 12:45:00,608,66,674,2026-06-26,12,2635.0,258.0,2893.0
2026-06-26 13:00:00,541,53,594,2026-06-26,13,2485.0,237.0,2722.0
2026-06-26 13:15:00,510,39,549,2026-06-26,13,2313.0,213.0,2526.0
2026-06-26 13:30:00,424,56,480,2026-06-26,13,2083.0,214.0,2297.0
2026-06-26 13:45:00,393,50,443,2026-06-26,13,1868.0,198.0,2066.0
2026-06-26 14:00:00,355,35,390,2026-06-26,14,1682.0,180.0,1862.0
2026-06-26 14:15:00,339,36,375,2026-06-26,14,1511.0,177.0,1688.0
2026-06-26 14:30:00,320,32,352,2026-06-26,14,1407.0,153.0,1560.0
2026-06-26 14:45:00,377,39,416,2026-06-26,14,1391.0,142.0,1533.0
2026-06-26 15:00:00,449,34,483,2026-06-26,15,1485.0,141.0,1626.0
2026-06-26 15:15:00,460,20,480,2026-06-26,15,1606.0,125.0,1731.0
2026-06-26 15:30:00,558,19,577,2026-06-26,15,1844.0,112.0,1956.0
2026-06-26 15:45:00,588,20,608,2026-06-26,15,2055.0,93.0,2148.0
2026-06-26 16:00:00,514,17,531,2026-06-26,16,2120.0,76.0,2196.0
2026-06-26 16:15:00,541,20,561,2026-06-26,16,2201.0,76.0,2277.0
2026-06-26 16:30:00,473,15,488,2026-06-26,16,2116.0,72.0,2188.0
2026-06-26 16:45:00,448,29,477,2026-06-26,16,1976.0,81.0,2057.0
2026-06-26 17:00:00,484,29,513,2026-06-26,17,1946.0,93.0,2039.0
2026-06-26 17:15:00,505,16,521,2026-06-26,17,1910.0,89.0,1999.0
2026-06-26 17:30:00,457,15,472,2026-06-26,17,1894.0,89.0,1983.0
2026-06-26 17:45:00,470,21,491,2026-06-26,17,1916.0,81.0,1997.0
2026-06-26 18:00:00,389,22,411,2026-06-26,18,1821.0,74.0,1895.0
2026-06-26 18:15:00,328,9,337,2026-06-26,18,1644.0,67.0,1711.0
2026-06-26 18:30:00,234,11,245,2026-06-26,18,1421.0,63.0,1484.0
2026-06-26 18:45:00,193,12,205,2026-06-26,18,1144.0,54.0,1198.0
2026-06-26 19:00:00,185,12,197,2026-06-26,19,940.0,44.0,984.0
2026-06-26 19:15:00,163,12,175,2026-06-26,19,775.0,47.0,822.0
2026-06-26 19:30:00,198,14,212,2026-06-26,19,739.0,50.0,789.0
2026-06-26 19:45:00,212,12,224,2026-06-26,19,758.0,50.0,808.0
2026-06-26 20:00:00,213,10,223,2026-06-26,20,786.0,48.0,834.0
2026-06-26 20:15:00,169,12,181,2026-06-26,20,792.0,48.0,840.0
2026-06-26 20:30:00,103,9,112,2026-06-26,20,697.0,43.0,740.0
2026-06-26 20:45:00,71,13,84,2026-06-26,20,556.0,44.0,600.0
2026-06-26 21:00:00,29,8,37,2026-06-26,21,372.0,42.0,414.0
2026-06-26 21:15:00,13,5,18,2026-06-26,21,216.0,35.0,251.0
2026-06-26 21:30:00,16,13,29,2026-06-26,21,129.0,39.0,168.0
2026-06-26 21:45:00,24,13,37,2026-06-26,21,82.0,39.0,121.0
2026-06-26 22:00:00,20,7,27,2026-06-26,22,73.0,38.0,111.0
2026-06-26 22:15:00,17,4,21,2026-06-26,22,77.0,37.0,114.0
2026-06-26 22:30:00,11,3,14,2026-06-26,22,72.0,27.0,99.0
2026-06-26 22:45:00,3,1,4,2026-06-26,22,51.0,15.0,66.0
2026-06-26 23:00:00,1,3,4,2026-06-26,23,32.0,11.0,43.0
2026-06-26 23:15:00,0,3,3,2026-06-26,23,15.0,10.0,25.0
2026-06-26 23:30:00,0,4,4,2026-06-26,23,4.0,11.0,15.0
2026-06-26 23:45:00,0,6,6,2026-06-26,23,1.0,16.0,17.0
2026-06-27 03:00:00,43,41,84,2026-06-27,3,43.0,41.0,84.0
2026-06-27 03:15:00,90,47,137,2026-06-27,3,133.0,88.0,221.0
2026-06-27 03:30:00,262,72,334,2026-06-27,3,395.0,160.0,555.0
2026-06-27 03:45:00,484,66,550,2026-06-27,3,879.0,226.0,1105.0
2026-06-27 04:00:00,639,50,689,2026-06-27,4,1475.0,235.0,1710.0
2026-06-27 04:15:00,845,35,880,2026-06-27,4,2230.0,223.0,2453.0
2026-06-27 04:30:00,842,63,905,2026-06-27,4,2810.0,214.0,3024.0
2026-06-27 04:45:00,788,70,858,2026-06-27,4,3114.0,218.0,3332.0
2026-06-27 05:00:00,629,76,705,2026-06-27,5,3104.0,244.0,3348.0
2026-06-27 05:15:00,579,37,616,2026-06-27,5,2838.0,246.0,3084.0
2026-06-27 05:30:00,533,41,574,2026-06-27,5,2529.0,224.0,2753.0
2026-06-27 05:45:00,486,60,546,2026-06-27,5,2227.0,214.0,2441.0
2026-06-27 06:00:00,465,59,524,2026-06-27,6,2063.0,197.0,2260.0
2026-06-27 06:15:00,440,45,485,2026-06-27,6,1924.0,205.0,2129.0
2026-06-27 06:30:00,435,39,474,2026-06-27,6,1826.0,203.0,2029.0
2026-06-27 06:45:00,483,29,512,2026-06-27,6,1823.0,172.0,1995.0
2026-06-27 07:00:00,501,26,527,2026-06-27,7,1859.0,139.0,1998.0
2026-06-27 07:15:00,488,37,525,2026-06-27,7,1907.0,131.0,2038.0
2026-06-27 07:30:00,534,28,562,2026-06-27,7,2006.0,120.0,2126.0
2026-06-27 07:45:00,470,31,501,2026-06-27,7,1993.0,122.0,2115.0
2026-06-27 08:00:00,437,25,462,2026-06-27,8,1929.0,121.0,2050.0
2026-06-27 08:15:00,440,26,466,2026-06-27,8,1881.0,110.0,1991.0
2026-06-27 08:30:00,462,20,482,2026-06-27,8,1809.0,102.0,1911.0
2026-06-27 08:45:00,559,33,592,2026-06-27,8,1898.0,104.0,2002.0
2026-06-27 09:00:00,589,31,620,2026-06-27,9,2050.0,110.0,2160.0
2026-06-27 09:15:00,536,26,562,2026-06-27,9,2146.0,110.0,2256.0
2026-06-27 09:30:00,475,32,507,2026-06-27,9,2159.0,122.0,2281.0
2026-06-27 09:45:00,464,36,500,2026-06-27,9,2064.0,125.0,2189.0
2026-06-27 10:00:00,476,30,506,2026-06-27,10,1951.0,124.0,2075.0
2026-06-27 10:15:00,491,48,539,2026-06-27,10,1906.0,146.0,2052.0
2026-06-27 10:30:00,485,50,535,2026-06-27,10,1916.0,164.0,2080.0
2026-06-27 10:45:00,534,52,586,2026-06-27,10,1986.0,180.0,2166.0
2026-06-27 11:00:00,580,46,626,2026-06-27,11,2090.0,196.0,2286.0
2026-06-27 11:15:00,632,53,685,2026-06-27,11,2231.0,201.0,2432.0
2026-06-27 11:30:00,585,68,653,2026-06-27,11,2331.0,219.0,2550.0
2026-06-27 11:45:00,589,76,665,2026-06-27,11,2386.0,243.0,2629.0
2026-06-27 12:00:00,543,48,591,2026-06-27,12,2349.0,245.0,2594.0
2026-06-27 12:15:00,535,38,573,2026-06-27,12,2252.0,230.0,2482.0
2026-06-27 12:30:00,480,49,529,2026-06-27,12,2147.0,211.0,2358.0
2026-06-27 12:45:00,443,54,497,2026-06-27,12,2001.0,189.0,2190.0
2026-06-27 13:00:00,419,45,464,2026-06-27,13,1877.0,186.0,2063.0
2026-06-27 13:15:00,362,41,403,2026-06-27,13,1704.0,189.0,1893.0
2026-06-27 13:30:00,368,40,408,2026-06-27,13,1592.0,180.0,1772.0
2026-06-27 13:45:00,329,38,367,2026-06-27,13,1478.0,164.0,1642.0
2026-06-27 14:00:00,305,33,338,2026-06-27,14,1364.0,152.0,1516.0
2026-06-27 14:15:00,323,29,352,2026-06-27,14,1325.0,140.0,1465.0
2026-06-27 14:30:00,273,31,304,2026-06-27,14,1230.0,131.0,1361.0
2026-06-27 14:45:00,325,26,351,2026-06-27,14,1226.0,119.0,1345.0
2026-06-27 15:00:00,401,25,426,2026-06-27,15,1322.0,111.0,1433.0
2026-06-27 15:15:00,425,25,450,2026-06-27,15,1424.0,107.0,1531.0
2026-06-27 15:30:00,410,28,438,2026-06-27,15,1561.0,104.0,1665.0
2026-06-27 15:45:00,437,26,463,2026-06-27,15,1673.0,104.0,1777.0
2026-06-27 16:00:00,426,24,450,2026-06-27,16,1698.0,103.0,1801.0
2026-06-27 16:15:00,399,11,410,2026-06-27,16,1672.0,89.0,1761.0
2026-06-27 16:30:00,348,12,360,2026-06-27,16,1610.0,73.0,1683.0
2026-06-27 16:45:00,311,22,333,2026-06-27,16,1484.0,69.0,1553.0
2026-06-27 17:00:00,276,21,297,2026-06-27,17,1334.0,66.0,1400.0
2026-06-27 17:15:00,251,10,261,2026-06-27,17,1186.0,65.0,1251.0
2026-06-27 17:30:00,262,9,271,2026-06-27,17,1100.0,62.0,1162.0
2026-06-27 17:45:00,252,11,263,2026-06-27,17,1041.0,51.0,1092.0
2026-06-27 18:00:00,234,17,251,2026-06-27,18,999.0,47.0,1046.0
2026-06-27 18:15:00,221,12,233,2026-06-27,18,969.0,49.0,1018.0
2026-06-27 18:30:00,202,15,217,2026-06-27,18,909.0,55.0,964.0
2026-06-27 18:45:00,148,14,162,2026-06-27,18,805.0,58.0,863.0
2026-06-27 19:00:00,117,11,128,2026-06-27,19,688.0,52.0,740.0
2026-06-27 19:15:00,92,7,99,2026-06-27,19,559.0,47.0,606.0
2026-06-27 19:30:00,112,8,120,2026-06-27,19,469.0,40.0,509.0
2026-06-27 19:45:00,110,12,122,2026-06-27,19,431.0,38.0,469.0
2026-06-27 20:00:00,99,16,115,2026-06-27,20,413.0,43.0,456.0
2026-06-27 20:15:00,70,8,78,2026-06-27,20,391.0,44.0,435.0
2026-06-27 20:30:00,45,12,57,2026-06-27,20,324.0,48.0,372.0
2026-06-27 20:45:00,26,10,36,2026-06-27,20,240.0,46.0,286.0
2026-06-27 21:00:00,7,15,22,2026-06-27,21,148.0,45.0,193.0
2026-06-27 21:15:00,2,5,7,2026-06-27,21,80.0,42.0,122.0
2026-06-27 21:30:00,2,11,13,2026-06-27,21,37.0,41.0,78.0
2026-06-27 21:45:00,1,8,9,2026-06-27,21,12.0,39.0,51.0
2026-06-27 22:00:00,1,7,8,2026-06-27,22,6.0,31.0,37.0
2026-06-27 22:15:00,0,6,6,2026-06-27,22,4.0,32.0,36.0
2026-06-27 22:30:00,0,4,4,2026-06-27,22,2.0,25.0,27.0
2026-06-27 22:45:00,0,6,6,2026-06-27,22,1.0,23.0,24.0
2026-06-27 23:00:00,0,1,1,2026-06-27,23,0.0,17.0,17.0
2026-06-27 23:15:00,0,0,0,2026-06-27,23,0.0,11.0,11.0
2026-06-27 23:30:00,0,0,0,2026-06-27,23,0.0,7.0,7.0
2026-06-27 23:45:00,1,0,1,2026-06-27,23,1.0,1.0,2.0
2026-06-28 03:00:00,78,92,170,2026-06-28,3,78.0,92.0,170.0
2026-06-28 03:15:00,163,39,202,2026-06-28,3,241.0,131.0,372.0
2026-06-28 03:30:00,282,30,312,2026-06-28,3,523.0,161.0,684.0
2026-06-28 03:45:00,418,31,449,2026-06-28,3,941.0,192.0,1133.0
2026-06-28 04:00:00,543,29,572,2026-06-28,4,1406.0,129.0,1535.0
2026-06-28 04:15:00,597,29,626,2026-06-28,4,1840.0,119.0,1959.0
2026-06-28 04:30:00,668,38,706,2026-06-28,4,2226.0,127.0,2353.0
2026-06-28 04:45:00,712,46,758,2026-06-28,4,2520.0,142.0,2662.0
2026-06-28 05:00:00,739,62,801,2026-06-28,5,2716.0,175.0,2891.0
2026-06-28 05:15:00,638,33,671,2026-06-28,5,2757.0,179.0,2936.0
2026-06-28 05:30:00,574,29,603,2026-06-28,5,2663.0,170.0,2833.0
2026-06-28 05:45:00,433,36,469,2026-06-28,5,2384.0,160.0,2544.0
2026-06-28 06:00:00,437,41,478,2026-06-28,6,2082.0,139.0,2221.0
2026-06-28 06:15:00,453,45,498,2026-06-28,6,1897.0,151.0,2048.0
2026-06-28 06:30:00,489,22,511,2026-06-28,6,1812.0,144.0,1956.0
2026-06-28 06:45:00,449,18,467,2026-06-28,6,1828.0,126.0,1954.0
2026-06-28 07:00:00,426,35,461,2026-06-28,7,1817.0,120.0,1937.0
2026-06-28 07:15:00,436,37,473,2026-06-28,7,1800.0,112.0,1912.0
2026-06-28 07:30:00,406,23,429,2026-06-28,7,1717.0,113.0,1830.0
2026-06-28 07:45:00,380,27,407,2026-06-28,7,1648.0,122.0,1770.0
2026-06-28 08:00:00,436,29,465,2026-06-28,8,1658.0,116.0,1774.0
2026-06-28 08:15:00,490,40,530,2026-06-28,8,1712.0,119.0,1831.0
2026-06-28 08:30:00,515,17,532,2026-06-28,8,1821.0,113.0,1934.0
2026-06-28 08:45:00,512,41,553,2026-06-28,8,1953.0,127.0,2080.0
2026-06-28 09:00:00,572,47,619,2026-06-28,9,2089.0,145.0,2234.0
2026-06-28 09:15:00,588,56,644,2026-06-28,9,2187.0,161.0,2348.0
2026-06-28 09:30:00,673,38,711,2026-06-28,9,2345.0,182.0,2527.0
2026-06-28 09:45:00,643,38,681,2026-06-28,9,2476.0,179.0,2655.0
2026-06-28 10:00:00,658,49,707,2026-06-28,10,2562.0,181.0,2743.0
2026-06-28 10:15:00,582,48,630,2026-06-28,10,2556.0,173.0,2729.0
2026-06-28 10:30:00,532,41,573,2026-06-28,10,2415.0,176.0,2591.0
2026-06-28 10:45:00,536,44,580,2026-06-28,10,2308.0,182.0,2490.0
2026-06-28 11:00:00,566,30,596,2026-06-28,11,2216.0,163.0,2379.0
2026-06-28 11:15:00,560,33,593,2026-06-28,11,2194.0,148.0,2342.0
2026-06-28 11:30:00,568,49,617,2026-06-28,11,2230.0,156.0,2386.0
2026-06-28 11:45:00,555,56,611,2026-06-28,11,2249.0,168.0,2417.0
2026-06-28 12:00:00,564,37,601,2026-06-28,12,2247.0,175.0,2422.0
2026-06-28 12:15:00,554,35,589,2026-06-28,12,2241.0,177.0,2418.0
2026-06-28 12:30:00,515,32,547,2026-06-28,12,2188.0,160.0,2348.0
2026-06-28 12:45:00,395,41,436,2026-06-28,12,2028.0,145.0,2173.0
2026-06-28 13:00:00,367,55,422,2026-06-28,13,1831.0,163.0,1994.0
2026-06-28 13:15:00,357,40,397,2026-06-28,13,1634.0,168.0,1802.0
2026-06-28 13:30:00,415,46,461,2026-06-28,13,1534.0,182.0,1716.0
2026-06-28 13:45:00,488,38,526,2026-06-28,13,1627.0,179.0,1806.0
2026-06-28 14:00:00,516,41,557,2026-06-28,14,1776.0,165.0,1941.0
2026-06-28 14:15:00,508,31,539,2026-06-28,14,1927.0,156.0,2083.0
2026-06-28 14:30:00,504,13,517,2026-06-28,14,2016.0,123.0,2139.0
2026-06-28 14:45:00,528,15,543,2026-06-28,14,2056.0,100.0,2156.0
2026-06-28 15:00:00,611,23,634,2026-06-28,15,2151.0,82.0,2233.0
2026-06-28 15:15:00,605,25,630,2026-06-28,15,2248.0,76.0,2324.0
2026-06-28 15:30:00,563,23,586,2026-06-28,15,2307.0,86.0,2393.0
2026-06-28 15:45:00,551,21,572,2026-06-28,15,2330.0,92.0,2422.0
2026-06-28 16:00:00,472,16,488,2026-06-28,16,2191.0,85.0,2276.0
2026-06-28 16:15:00,400,22,422,2026-06-28,16,1986.0,82.0,2068.0
2026-06-28 16:30:00,328,21,349,2026-06-28,16,1751.0,80.0,1831.0
2026-06-28 16:45:00,342,17,359,2026-06-28,16,1542.0,76.0,1618.0
2026-06-28 17:00:00,387,21,408,2026-06-28,17,1457.0,81.0,1538.0
2026-06-28 17:15:00,419,19,438,2026-06-28,17,1476.0,78.0,1554.0
2026-06-28 17:30:00,389,24,413,2026-06-28,17,1537.0,81.0,1618.0
2026-06-28 17:45:00,429,26,455,2026-06-28,17,1624.0,90.0,1714.0
2026-06-28 18:00:00,443,24,467,2026-06-28,18,1680.0,93.0,1773.0
2026-06-28 18:15:00,410,15,425,2026-06-28,18,1671.0,89.0,1760.0
2026-06-28 18:30:00,385,11,396,2026-06-28,18,1667.0,76.0,1743.0
2026-06-28 18:45:00,318,9,327,2026-06-28,18,1556.0,59.0,1615.0
2026-06-28 19:00:00,265,19,284,2026-06-28,19,1378.0,54.0,1432.0
2026-06-28 19:15:00,256,11,267,2026-06-28,19,1224.0,50.0,1274.0
2026-06-28 19:30:00,213,24,237,2026-06-28,19,1052.0,63.0,1115.0
2026-06-28 19:45:00,186,44,230,2026-06-28,19,920.0,98.0,1018.0
2026-06-28 20:00:00,131,45,176,2026-06-28,20,786.0,124.0,910.0
2026-06-28 20:15:00,103,42,145,2026-06-28,20,633.0,155.0,788.0
2026-06-28 20:30:00,75,65,140,2026-06-28,20,495.0,196.0,691.0
2026-06-28 20:45:00,39,59,98,2026-06-28,20,348.0,211.0,559.0
2026-06-28 21:00:00,29,54,83,2026-06-28,21,246.0,220.0,466.0
2026-06-28 21:15:00,21,43,64,2026-06-28,21,164.0,221.0,385.0
2026-06-28 21:30:00,34,58,92,2026-06-28,21,123.0,214.0,337.0
2026-06-28 21:45:00,30,61,91,2026-06-28,21,114.0,216.0,330.0
2026-06-28 22:00:00,21,27,48,2026-06-28,22,106.0,189.0,295.0
2026-06-28 22:15:00,13,20,33,2026-06-28,22,98.0,166.0,264.0
2026-06-28 22:30:00,14,21,35,2026-06-28,22,78.0,129.0,207.0
2026-06-28 22:45:00,5,12,17,2026-06-28,22,53.0,80.0,133.0
2026-06-28 23:00:00,2,6,8,2026-06-28,23,34.0,59.0,93.0
2026-06-28 23:15:00,0,9,9,2026-06-28,23,21.0,48.0,69.0
2026-06-28 23:30:00,0,6,6,2026-06-28,23,7.0,33.0,40.0
2026-06-28 23:45:00,0,3,3,2026-06-28,23,2.0,24.0,26.0
2026-06-29 03:00:00,68,113,181,2026-06-29,3,68.0,113.0,181.0
2026-06-29 03:15:00,118,109,227,2026-06-29,3,186.0,222.0,408.0
2026-06-29 03:30:00,263,28,291,2026-06-29,3,449.0,250.0,699.0
2026-06-29 03:45:00,448,31,479,2026-06-29,3,897.0,281.0,1178.0
2026-06-29 04:00:00,550,25,575,2026-06-29,4,1379.0,193.0,1572.0
2026-06-29 04:15:00,643,35,678,2026-06-29,4,1904.0,119.0,2023.0
2026-06-29 04:30:00,708,54,762,2026-06-29,4,2349.0,145.0,2494.0
2026-06-29 04:45:00,718,50,768,2026-06-29,4,2619.0,164.0,2783.0
2026-06-29 05:00:00,680,56,736,2026-06-29,5,2749.0,195.0,2944.0
2026-06-29 05:15:00,604,42,646,2026-06-29,5,2710.0,202.0,2912.0
2026-06-29 05:30:00,528,28,556,2026-06-29,5,2530.0,176.0,2706.0
2026-06-29 05:45:00,582,54,636,2026-06-29,5,2394.0,180.0,2574.0
2026-06-29 06:00:00,577,50,627,2026-06-29,6,2291.0,174.0,2465.0
2026-06-29 06:15:00,489,53,542,2026-06-29,6,2176.0,185.0,2361.0
2026-06-29 06:30:00,458,20,478,2026-06-29,6,2106.0,177.0,2283.0
2026-06-29 06:45:00,515,30,545,2026-06-29,6,2039.0,153.0,2192.0
2026-06-29 07:00:00,529,20,549,2026-06-29,7,1991.0,123.0,2114.0
2026-06-29 07:15:00,535,28,563,2026-06-29,7,2037.0,98.0,2135.0
2026-06-29 07:30:00,516,21,537,2026-06-29,7,2095.0,99.0,2194.0
2026-06-29 07:45:00,489,20,509,2026-06-29,7,2069.0,89.0,2158.0
2026-06-29 08:00:00,541,28,569,2026-06-29,8,2081.0,97.0,2178.0
2026-06-29 08:15:00,528,35,563,2026-06-29,8,2074.0,104.0,2178.0
2026-06-29 08:30:00,533,22,555,2026-06-29,8,2091.0,105.0,2196.0
2026-06-29 08:45:00,548,32,580,2026-06-29,8,2150.0,117.0,2267.0
2026-06-29 09:00:00,490,27,517,2026-06-29,9,2099.0,116.0,2215.0
2026-06-29 09:15:00,501,39,540,2026-06-29,9,2072.0,120.0,2192.0
2026-06-29 09:30:00,501,42,543,2026-06-29,9,2040.0,140.0,2180.0
2026-06-29 09:45:00,487,35,522,2026-06-29,9,1979.0,143.0,2122.0
2026-06-29 10:00:00,454,39,493,2026-06-29,10,1943.0,155.0,2098.0
2026-06-29 10:15:00,435,55,490,2026-06-29,10,1877.0,171.0,2048.0
2026-06-29 10:30:00,438,38,476,2026-06-29,10,1814.0,167.0,1981.0
2026-06-29 10:45:00,463,42,505,2026-06-29,10,1790.0,174.0,1964.0
2026-06-29 11:00:00,543,40,583,2026-06-29,11,1879.0,175.0,2054.0
2026-06-29 11:15:00,585,37,622,2026-06-29,11,2029.0,157.0,2186.0
2026-06-29 11:30:00,588,46,634,2026-06-29,11,2179.0,165.0,2344.0
2026-06-29 11:45:00,553,47,600,2026-06-29,11,2269.0,170.0,2439.0
2026-06-29 12:00:00,558,47,605,2026-06-29,12,2284.0,177.0,2461.0
2026-06-29 12:15:00,531,37,568,2026-06-29,12,2230.0,177.0,2407.0
2026-06-29 12:30:00,495,47,542,2026-06-29,12,2137.0,178.0,2315.0
2026-06-29 12:45:00,474,40,514,2026-06-29,12,2058.0,171.0,2229.0
2026-06-29 13:00:00,511,28,539,2026-06-29,13,2011.0,152.0,2163.0
2026-06-29 13:15:00,503,25,528,2026-06-29,13,1983.0,140.0,2123.0
2026-06-29 13:30:00,474,34,508,2026-06-29,13,1962.0,127.0,2089.0
2026-06-29 13:45:00,461,37,498,2026-06-29,13,1949.0,124.0,2073.0
2026-06-29 14:00:00,456,21,477,2026-06-29,14,1894.0,117.0,2011.0
2026-06-29 14:15:00,436,35,471,2026-06-29,14,1827.0,127.0,1954.0
2026-06-29 14:30:00,435,33,468,2026-06-29,14,1788.0,126.0,1914.0
2026-06-29 14:45:00,468,28,496,2026-06-29,14,1795.0,117.0,1912.0
2026-06-29 15:00:00,490,32,522,2026-06-29,15,1829.0,128.0,1957.0
2026-06-29 15:15:00,532,27,559,2026-06-29,15,1925.0,120.0,2045.0
2026-06-29 15:30:00,499,31,530,2026-06-29,15,1989.0,118.0,2107.0
2026-06-29 15:45:00,403,30,433,2026-06-29,15,1924.0,120.0,2044.0
2026-06-29 16:00:00,322,17,339,2026-06-29,16,1756.0,105.0,1861.0
2026-06-29 16:15:00,336,18,354,2026-06-29,16,1560.0,96.0,1656.0
2026-06-29 16:30:00,355,18,373,2026-06-29,16,1416.0,83.0,1499.0
2026-06-29 16:45:00,338,13,351,2026-06-29,16,1351.0,66.0,1417.0
2026-06-29 17:00:00,384,19,403,2026-06-29,17,1413.0,68.0,1481.0
2026-06-29 17:15:00,419,16,435,2026-06-29,17,1496.0,66.0,1562.0
2026-06-29 17:30:00,421,9,430,2026-06-29,17,1562.0,57.0,1619.0
2026-06-29 17:45:00,403,12,415,2026-06-29,17,1627.0,56.0,1683.0
2026-06-29 18:00:00,317,37,354,2026-06-29,18,1560.0,74.0,1634.0
2026-06-29 18:15:00,271,17,288,2026-06-29,18,1412.0,75.0,1487.0
2026-06-29 18:30:00,245,18,263,2026-06-29,18,1236.0,84.0,1320.0
2026-06-29 18:45:00,243,38,281,2026-06-29,18,1076.0,110.0,1186.0
2026-06-29 19:00:00,213,45,258,2026-06-29,19,972.0,118.0,1090.0
2026-06-29 19:15:00,230,34,264,2026-06-29,19,931.0,135.0,1066.0
2026-06-29 19:30:00,196,33,229,2026-06-29,19,882.0,150.0,1032.0
2026-06-29 19:45:00,182,41,223,2026-06-29,19,821.0,153.0,974.0
2026-06-29 20:00:00,146,45,191,2026-06-29,20,754.0,153.0,907.0
2026-06-29 20:15:00,115,29,144,2026-06-29,20,639.0,148.0,787.0
2026-06-29 20:30:00,82,48,130,2026-06-29,20,525.0,163.0,688.0
2026-06-29 20:45:00,43,40,83,2026-06-29,20,386.0,162.0,548.0
2026-06-29 21:00:00,29,45,74,2026-06-29,21,269.0,162.0,431.0
2026-06-29 21:15:00,7,28,35,2026-06-29,21,161.0,161.0,322.0
2026-06-29 21:30:00,2,29,31,2026-06-29,21,81.0,142.0,223.0
2026-06-29 21:45:00,2,26,28,2026-06-29,21,40.0,128.0,168.0
2026-06-29 22:00:00,1,9,10,2026-06-29,22,12.0,92.0,104.0
2026-06-29 22:15:00,0,8,8,2026-06-29,22,5.0,72.0,77.0
2026-06-29 22:30:00,0,6,6,2026-06-29,22,3.0,49.0,52.0
2026-06-29 22:45:00,1,6,7,2026-06-29,22,2.0,29.0,31.0
2026-06-29 23:00:00,0,12,12,2026-06-29,23,1.0,32.0,33.0
2026-06-29 23:15:00,1,7,8,2026-06-29,23,2.0,31.0,33.0
2026-06-29 23:30:00,0,2,2,2026-06-29,23,2.0,27.0,29.0
2026-06-29 23:45:00,1,2,3,2026-06-29,23,2.0,23.0,25.0
2026-06-30 03:00:00,88,86,174,2026-06-30,3,88.0,86.0,174.0
2026-06-30 03:15:00,159,32,191,2026-06-30,3,247.0,118.0,365.0
2026-06-30 03:30:00,286,39,325,2026-06-30,3,533.0,157.0,690.0
2026-06-30 03:45:00,451,34,485,2026-06-30,3,984.0,191.0,1175.0
2026-06-30 04:00:00,574,30,604,2026-06-30,4,1470.0,135.0,1605.0
2026-06-30 04:15:00,698,34,732,2026-06-30,4,2009.0,137.0,2146.0
2026-06-30 04:30:00,720,38,758,2026-06-30,4,2443.0,136.0,2579.0
2026-06-30 04:45:00,693,50,743,2026-06-30,4,2685.0,152.0,2837.0
2026-06-30 05:00:00,675,61,736,2026-06-30,5,2786.0,183.0,2969.0
2026-06-30 05:15:00,553,36,589,2026-06-30,5,2641.0,185.0,2826.0
2026-06-30 05:30:00,490,36,526,2026-06-30,5,2411.0,183.0,2594.0
2026-06-30 05:45:00,455,53,508,2026-06-30,5,2173.0,186.0,2359.0
2026-06-30 06:00:00,386,66,452,2026-06-30,6,1884.0,191.0,2075.0
2026-06-30 06:15:00,290,45,335,2026-06-30,6,1621.0,200.0,1821.0
2026-06-30 06:30:00,310,36,346,2026-06-30,6,1441.0,200.0,1641.0
2026-06-30 06:45:00,373,32,405,2026-06-30,6,1359.0,179.0,1538.0
2026-06-30 07:00:00,364,31,395,2026-06-30,7,1337.0,144.0,1481.0
2026-06-30 07:15:00,394,43,437,2026-06-30,7,1441.0,142.0,1583.0
2026-06-30 07:30:00,436,34,470,2026-06-30,7,1567.0,140.0,1707.0
2026-06-30 07:45:00,470,25,495,2026-06-30,7,1664.0,133.0,1797.0
2026-06-30 08:00:00,445,34,479,2026-06-30,8,1745.0,136.0,1881.0
2026-06-30 08:15:00,470,38,508,2026-06-30,8,1821.0,131.0,1952.0
2026-06-30 08:30:00,511,33,544,2026-06-30,8,1896.0,130.0,2026.0
2026-06-30 08:45:00,525,20,545,2026-06-30,8,1951.0,125.0,2076.0
2026-06-30 09:00:00,502,37,539,2026-06-30,9,2008.0,128.0,2136.0
2026-06-30 09:15:00,507,28,535,2026-06-30,9,2045.0,118.0,2163.0
2026-06-30 09:30:00,514,42,556,2026-06-30,9,2048.0,127.0,2175.0
2026-06-30 09:45:00,468,23,491,2026-06-30,9,1991.0,130.0,2121.0
2026-06-30 10:00:00,442,36,478,2026-06-30,10,1931.0,129.0,2060.0
2026-06-30 10:15:00,435,47,482,2026-06-30,10,1859.0,148.0,2007.0
2026-06-30 10:30:00,463,35,498,2026-06-30,10,1808.0,141.0,1949.0
2026-06-30 10:45:00,490,60,550,2026-06-30,10,1830.0,178.0,2008.0
2026-06-30 11:00:00,506,34,540,2026-06-30,11,1894.0,176.0,2070.0
2026-06-30 11:15:00,522,43,565,2026-06-30,11,1981.0,172.0,2153.0
2026-06-30 11:30:00,538,48,586,2026-06-30,11,2056.0,185.0,2241.0
2026-06-30 11:45:00,521,45,566,2026-06-30,11,2087.0,170.0,2257.0
2026-06-30 12:00:00,502,36,538,2026-06-30,12,2083.0,172.0,2255.0
2026-06-30 12:15:00,458,51,509,2026-06-30,12,2019.0,180.0,2199.0
2026-06-30 12:30:00,476,51,527,2026-06-30,12,1957.0,183.0,2140.0
2026-06-30 12:45:00,508,30,538,2026-06-30,12,1944.0,168.0,2112.0
2026-06-30 13:00:00,487,39,526,2026-06-30,13,1929.0,171.0,2100.0
2026-06-30 13:15:00,464,34,498,2026-06-30,13,1935.0,154.0,2089.0
2026-06-30 13:30:00,504,30,534,2026-06-30,13,1963.0,133.0,2096.0
2026-06-30 13:45:00,449,39,488,2026-06-30,13,1904.0,142.0,2046.0
2026-06-30 14:00:00,414,38,452,2026-06-30,14,1831.0,141.0,1972.0
2026-06-30 14:15:00,352,33,385,2026-06-30,14,1719.0,140.0,1859.0
2026-06-30 14:30:00,369,30,399,2026-06-30,14,1584.0,140.0,1724.0
2026-06-30 14:45:00,346,30,376,2026-06-30,14,1481.0,131.0,1612.0
2026-06-30 15:00:00,397,25,422,2026-06-30,15,1464.0,118.0,1582.0
2026-06-30 15:15:00,416,25,441,2026-06-30,15,1528.0,110.0,1638.0
2026-06-30 15:30:00,476,33,509,2026-06-30,15,1635.0,113.0,1748.0
2026-06-30 15:45:00,432,29,461,2026-06-30,15,1721.0,112.0,1833.0
2026-06-30 16:00:00,414,31,445,2026-06-30,16,1738.0,118.0,1856.0
2026-06-30 16:15:00,336,25,361,2026-06-30,16,1658.0,118.0,1776.0
2026-06-30 16:30:00,277,32,309,2026-06-30,16,1459.0,117.0,1576.0
2026-06-30 16:45:00,260,24,284,2026-06-30,16,1287.0,112.0,1399.0
2026-06-30 17:00:00,243,8,251,2026-06-30,17,1116.0,89.0,1205.0
2026-06-30 17:15:00,269,8,277,2026-06-30,17,1049.0,72.0,1121.0
2026-06-30 17:30:00,258,17,275,2026-06-30,17,1030.0,57.0,1087.0
2026-06-30 17:45:00,272,13,285,2026-06-30,17,1042.0,46.0,1088.0
2026-06-30 18:00:00,273,29,302,2026-06-30,18,1072.0,67.0,1139.0
2026-06-30 18:15:00,217,27,244,2026-06-30,18,1020.0,86.0,1106.0
2026-06-30 18:30:00,174,32,206,2026-06-30,18,936.0,101.0,1037.0
2026-06-30 18:45:00,150,46,196,2026-06-30,18,814.0,134.0,948.0
2026-06-30 19:00:00,121,69,190,2026-06-30,19,662.0,174.0,836.0
2026-06-30 19:15:00,146,51,197,2026-06-30,19,591.0,198.0,789.0
2026-06-30 19:30:00,104,30,134,2026-06-30,19,521.0,196.0,717.0
2026-06-30 19:45:00,104,44,148,2026-06-30,19,475.0,194.0,669.0
2026-06-30 20:00:00,110,40,150,2026-06-30,20,464.0,165.0,629.0
2026-06-30 20:15:00,90,40,130,2026-06-30,20,408.0,154.0,562.0
2026-06-30 20:30:00,68,36,104,2026-06-30,20,372.0,160.0,532.0
2026-06-30 20:45:00,54,40,94,2026-06-30,20,322.0,156.0,478.0
2026-06-30 21:00:00,29,41,70,2026-06-30,21,241.0,157.0,398.0
2026-06-30 21:15:00,9,28,37,2026-06-30,21,160.0,145.0,305.0
2026-06-30 21:30:00,6,44,50,2026-06-30,21,98.0,153.0,251.0
2026-06-30 21:45:00,4,42,46,2026-06-30,21,48.0,155.0,203.0
2026-06-30 22:00:00,0,24,24,2026-06-30,22,19.0,138.0,157.0
2026-06-30 22:15:00,0,15,15,2026-06-30,22,10.0,125.0,135.0
2026-06-30 22:30:00,1,7,8,2026-06-30,22,5.0,88.0,93.0
2026-06-30 22:45:00,0,10,10,2026-06-30,22,1.0,56.0,57.0
2026-06-30 23:00:00,0,2,2,2026-06-30,23,1.0,34.0,35.0
2026-06-30 23:15:00,0,5,5,2026-06-30,23,1.0,24.0,25.0
2026-06-30 23:30:00,0,3,3,2026-06-30,23,0.0,20.0,20.0
2026-06-30 23:45:00,0,1,1,2026-06-30,23,0.0,11.0,11.0
2026-07-01 03:00:00,44,76,120,2026-07-01,3,44.0,76.0,120.0
2026-07-01 03:15:00,101,29,130,2026-07-01,3,145.0,105.0,250.0
2026-07-01 03:30:00,268,30,298,2026-07-01,3,413.0,135.0,548.0
2026-07-01 03:45:00,403,31,434,2026-07-01,3,816.0,166.0,982.0
2026-07-01 04:00:00,574,33,607,2026-07-01,4,1346.0,123.0,1469.0
2026-07-01 04:15:00,657,41,698,2026-07-01,4,1902.0,135.0,2037.0
2026-07-01 04:30:00,695,51,746,2026-07-01,4,2329.0,156.0,2485.0
2026-07-01 04:45:00,669,53,722,2026-07-01,4,2595.0,178.0,2773.0
2026-07-01 05:00:00,632,46,678,2026-07-01,5,2653.0,191.0,2844.0
2026-07-01 05:15:00,613,43,656,2026-07-01,5,2609.0,193.0,2802.0
2026-07-01 05:30:00,534,32,566,2026-07-01,5,2448.0,174.0,2622.0
2026-07-01 05:45:00,521,44,565,2026-07-01,5,2300.0,165.0,2465.0
2026-07-01 06:00:00,498,52,550,2026-07-01,6,2166.0,171.0,2337.0
2026-07-01 06:15:00,470,46,516,2026-07-01,6,2023.0,174.0,2197.0
2026-07-01 06:30:00,507,36,543,2026-07-01,6,1996.0,178.0,2174.0
2026-07-01 06:45:00,572,30,602,2026-07-01,6,2047.0,164.0,2211.0
2026-07-01 07:00:00,570,28,598,2026-07-01,7,2119.0,140.0,2259.0
2026-07-01 07:15:00,579,20,599,2026-07-01,7,2228.0,114.0,2342.0
2026-07-01 07:30:00,493,22,515,2026-07-01,7,2214.0,100.0,2314.0
2026-07-01 07:45:00,447,36,483,2026-07-01,7,2089.0,106.0,2195.0
2026-07-01 08:00:00,398,49,447,2026-07-01,8,1917.0,127.0,2044.0
2026-07-01 08:15:00,418,24,442,2026-07-01,8,1756.0,131.0,1887.0
2026-07-01 08:30:00,504,44,548,2026-07-01,8,1767.0,153.0,1920.0
2026-07-01 08:45:00,570,47,617,2026-07-01,8,1890.0,164.0,2054.0
2026-07-01 09:00:00,620,58,678,2026-07-01,9,2112.0,173.0,2285.0
2026-07-01 09:15:00,559,49,608,2026-07-01,9,2253.0,198.0,2451.0
2026-07-01 09:30:00,512,54,566,2026-07-01,9,2261.0,208.0,2469.0
2026-07-01 09:45:00,456,82,538,2026-07-01,9,2147.0,243.0,2390.0
2026-07-01 10:00:00,425,59,484,2026-07-01,10,1952.0,244.0,2196.0
2026-07-01 10:15:00,424,39,463,2026-07-01,10,1817.0,234.0,2051.0
2026-07-01 10:30:00,429,37,466,2026-07-01,10,1734.0,217.0,1951.0
2026-07-01 10:45:00,454,32,486,2026-07-01,10,1732.0,167.0,1899.0
2026-07-01 11:00:00,444,47,491,2026-07-01,11,1751.0,155.0,1906.0
2026-07-01 11:15:00,446,42,488,2026-07-01,11,1773.0,158.0,1931.0
2026-07-01 11:30:00,508,36,544,2026-07-01,11,1852.0,157.0,2009.0
2026-07-01 11:45:00,539,40,579,2026-07-01,11,1937.0,165.0,2102.0
2026-07-01 12:00:00,571,44,615,2026-07-01,12,2064.0,162.0,2226.0
2026-07-01 12:15:00,498,56,554,2026-07-01,12,2116.0,176.0,2292.0
2026-07-01 12:30:00,472,56,528,2026-07-01,12,2080.0,196.0,2276.0
2026-07-01 12:45:00,487,58,545,2026-07-01,12,2028.0,214.0,2242.0
2026-07-01 13:00:00,479,45,524,2026-07-01,13,1936.0,215.0,2151.0
2026-07-01 13:15:00,479,42,521,2026-07-01,13,1917.0,201.0,2118.0
2026-07-01 13:30:00,499,39,538,2026-07-01,13,1944.0,184.0,2128.0
2026-07-01 13:45:00,455,24,479,2026-07-01,13,1912.0,150.0,2062.0
2026-07-01 14:00:00,384,53,437,2026-07-01,14,1817.0,158.0,1975.0
2026-07-01 14:15:00,382,34,416,2026-07-01,14,1720.0,150.0,1870.0
2026-07-01 14:30:00,359,28,387,2026-07-01,14,1580.0,139.0,1719.0
2026-07-01 14:45:00,355,34,389,2026-07-01,14,1480.0,149.0,1629.0
2026-07-01 15:00:00,395,25,420,2026-07-01,15,1491.0,121.0,1612.0
2026-07-01 15:15:00,467,24,491,2026-07-01,15,1576.0,111.0,1687.0
2026-07-01 15:30:00,491,30,521,2026-07-01,15,1708.0,113.0,1821.0
2026-07-01 15:45:00,401,27,428,2026-07-01,15,1754.0,106.0,1860.0
2026-07-01 16:00:00,345,17,362,2026-07-01,16,1704.0,98.0,1802.0
2026-07-01 16:15:00,301,10,311,2026-07-01,16,1538.0,84.0,1622.0
2026-07-01 16:30:00,284,11,295,2026-07-01,16,1331.0,65.0,1396.0
2026-07-01 16:45:00,284,30,314,2026-07-01,16,1214.0,68.0,1282.0
2026-07-01 17:00:00,336,11,347,2026-07-01,17,1205.0,62.0,1267.0
2026-07-01 17:15:00,346,7,353,2026-07-01,17,1250.0,59.0,1309.0
2026-07-01 17:30:00,302,11,313,2026-07-01,17,1268.0,59.0,1327.0
2026-07-01 17:45:00,275,18,293,2026-07-01,17,1259.0,47.0,1306.0
2026-07-01 18:00:00,272,44,316,2026-07-01,18,1195.0,80.0,1275.0
2026-07-01 18:15:00,247,20,267,2026-07-01,18,1096.0,93.0,1189.0
2026-07-01 18:30:00,184,36,220,2026-07-01,18,978.0,118.0,1096.0
2026-07-01 18:45:00,152,56,208,2026-07-01,18,855.0,156.0,1011.0
2026-07-01 19:00:00,147,41,188,2026-07-01,19,730.0,153.0,883.0
2026-07-01 19:15:00,140,44,184,2026-07-01,19,623.0,177.0,800.0
2026-07-01 19:30:00,108,31,139,2026-07-01,19,547.0,172.0,719.0
2026-07-01 19:45:00,107,31,138,2026-07-01,19,502.0,147.0,649.0
2026-07-01 20:00:00,71,48,119,2026-07-01,20,426.0,154.0,580.0
2026-07-01 20:15:00,58,53,111,2026-07-01,20,344.0,163.0,507.0
2026-07-01 20:30:00,22,51,73,2026-07-01,20,258.0,183.0,441.0
2026-07-01 20:45:00,18,47,65,2026-07-01,20,169.0,199.0,368.0
2026-07-01 21:00:00,6,29,35,2026-07-01,21,104.0,180.0,284.0
2026-07-01 21:15:00,2,27,29,2026-07-01,21,48.0,154.0,202.0
2026-07-01 21:30:00,1,28,29,2026-07-01,21,27.0,131.0,158.0
2026-07-01 21:45:00,1,30,31,2026-07-01,21,10.0,114.0,124.0
2026-07-01 22:00:00,0,17,17,2026-07-01,22,4.0,102.0,106.0
2026-07-01 22:15:00,0,28,28,2026-07-01,22,2.0,103.0,105.0
2026-07-01 22:30:00,1,11,12,2026-07-01,22,2.0,86.0,88.0
2026-07-01 22:45:00,1,12,13,2026-07-01,22,2.0,68.0,70.0
2026-07-01 23:00:00,0,1,1,2026-07-01,23,2.0,52.0,54.0
2026-07-01 23:15:00,0,0,0,2026-07-01,23,2.0,24.0,26.0
2026-07-01 23:30:00,0,0,0,2026-07-01,23,1.0,13.0,14.0
2026-07-01 23:45:00,0,0,0,2026-07-01,23,0.0,1.0,1.0
2026-07-02 03:00:00,45,86,131,2026-07-02,3,45.0,86.0,131.0
2026-07-02 03:15:00,109,31,140,2026-07-02,3,154.0,117.0,271.0
2026-07-02 03:30:00,241,41,282,2026-07-02,3,395.0,158.0,553.0
2026-07-02 03:45:00,433,45,478,2026-07-02,3,828.0,203.0,1031.0
2026-07-02 04:00:00,631,30,661,2026-07-02,4,1414.0,147.0,1561.0
2026-07-02 04:15:00,717,35,752,2026-07-02,4,2022.0,151.0,2173.0
2026-07-02 04:30:00,720,37,757,2026-07-02,4,2501.0,147.0,2648.0
2026-07-02 04:45:00,723,53,776,2026-07-02,4,2791.0,155.0,2946.0
2026-07-02 05:00:00,698,62,760,2026-07-02,5,2858.0,187.0,3045.0
2026-07-02 05:15:00,724,48,772,2026-07-02,5,2865.0,200.0,3065.0
2026-07-02 05:30:00,684,30,714,2026-07-02,5,2829.0,193.0,3022.0
2026-07-02 05:45:00,587,40,627,2026-07-02,5,2693.0,180.0,2873.0
2026-07-02 06:00:00,551,64,615,2026-07-02,6,2546.0,182.0,2728.0
2026-07-02 06:15:00,545,31,576,2026-07-02,6,2367.0,165.0,2532.0
2026-07-02 06:30:00,633,33,666,2026-07-02,6,2316.0,168.0,2484.0
2026-07-02 06:45:00,611,44,655,2026-07-02,6,2340.0,172.0,2512.0
2026-07-02 07:00:00,501,34,535,2026-07-02,7,2290.0,142.0,2432.0
2026-07-02 07:15:00,476,42,518,2026-07-02,7,2221.0,153.0,2374.0
2026-07-02 07:30:00,453,28,481,2026-07-02,7,2041.0,148.0,2189.0
2026-07-02 07:45:00,376,31,407,2026-07-02,7,1806.0,135.0,1941.0
2026-07-02 08:00:00,358,23,381,2026-07-02,8,1663.0,124.0,1787.0
2026-07-02 08:15:00,379,28,407,2026-07-02,8,1566.0,110.0,1676.0
2026-07-02 08:30:00,477,29,506,2026-07-02,8,1590.0,111.0,1701.0
2026-07-02 08:45:00,542,33,575,2026-07-02,8,1756.0,113.0,1869.0
2026-07-02 09:00:00,580,37,617,2026-07-02,9,1978.0,127.0,2105.0
2026-07-02 09:15:00,647,27,674,2026-07-02,9,2246.0,126.0,2372.0
2026-07-02 09:30:00,687,26,713,2026-07-02,9,2456.0,123.0,2579.0
2026-07-02 09:45:00,642,35,677,2026-07-02,9,2556.0,125.0,2681.0
2026-07-02 10:00:00,573,44,617,2026-07-02,10,2549.0,132.0,2681.0
2026-07-02 10:15:00,573,52,625,2026-07-02,10,2475.0,157.0,2632.0
2026-07-02 10:30:00,512,36,548,2026-07-02,10,2300.0,167.0,2467.0
2026-07-02 10:45:00,491,54,545,2026-07-02,10,2149.0,186.0,2335.0
2026-07-02 11:00:00,491,54,545,2026-07-02,11,2067.0,196.0,2263.0
2026-07-02 11:15:00,526,39,565,2026-07-02,11,2020.0,183.0,2203.0
2026-07-02 11:30:00,515,51,566,2026-07-02,11,2023.0,198.0,2221.0
2026-07-02 11:45:00,500,58,558,2026-07-02,11,2032.0,202.0,2234.0
2026-07-02 12:00:00,470,44,514,2026-07-02,12,2011.0,192.0,2203.0
2026-07-02 12:15:00,496,43,539,2026-07-02,12,1981.0,196.0,2177.0
2026-07-02 12:30:00,509,49,558,2026-07-02,12,1975.0,194.0,2169.0
2026-07-02 12:45:00,475,56,531,2026-07-02,12,1950.0,192.0,2142.0
2026-07-02 13:00:00,498,54,552,2026-07-02,13,1978.0,202.0,2180.0
2026-07-02 13:15:00,467,51,518,2026-07-02,13,1949.0,210.0,2159.0
2026-07-02 13:30:00,493,38,531,2026-07-02,13,1933.0,199.0,2132.0
2026-07-02 13:45:00,475,44,519,2026-07-02,13,1933.0,187.0,2120.0
2026-07-02 14:00:00,425,40,465,2026-07-02,14,1860.0,173.0,2033.0
2026-07-02 14:15:00,438,37,475,2026-07-02,14,1831.0,159.0,1990.0
2026-07-02 14:30:00,380,53,433,2026-07-02,14,1718.0,174.0,1892.0
2026-07-02 14:45:00,370,55,425,2026-07-02,14,1613.0,185.0,1798.0
2026-07-02 15:00:00,436,38,474,2026-07-02,15,1624.0,183.0,1807.0
2026-07-02 15:15:00,420,23,443,2026-07-02,15,1606.0,169.0,1775.0
2026-07-02 15:30:00,361,35,396,2026-07-02,15,1587.0,151.0,1738.0
2026-07-02 15:45:00,373,31,404,2026-07-02,15,1590.0,127.0,1717.0
2026-07-02 16:00:00,388,26,414,2026-07-02,16,1542.0,115.0,1657.0
2026-07-02 16:15:00,382,27,409,2026-07-02,16,1504.0,119.0,1623.0
2026-07-02 16:30:00,366,20,386,2026-07-02,16,1509.0,104.0,1613.0
2026-07-02 16:45:00,384,23,407,2026-07-02,16,1520.0,96.0,1616.0
2026-07-02 17:00:00,459,25,484,2026-07-02,17,1591.0,95.0,1686.0
2026-07-02 17:15:00,491,14,505,2026-07-02,17,1700.0,82.0,1782.0
2026-07-02 17:30:00,490,15,505,2026-07-02,17,1824.0,77.0,1901.0
2026-07-02 17:45:00,437,32,469,2026-07-02,17,1877.0,86.0,1963.0
2026-07-02 18:00:00,370,27,397,2026-07-02,18,1788.0,88.0,1876.0
2026-07-02 18:15:00,290,21,311,2026-07-02,18,1587.0,95.0,1682.0
2026-07-02 18:30:00,269,41,310,2026-07-02,18,1366.0,121.0,1487.0
2026-07-02 18:45:00,225,55,280,2026-07-02,18,1154.0,144.0,1298.0
2026-07-02 19:00:00,210,30,240,2026-07-02,19,994.0,147.0,1141.0
2026-07-02 19:15:00,246,40,286,2026-07-02,19,950.0,166.0,1116.0
2026-07-02 19:30:00,245,45,290,2026-07-02,19,926.0,170.0,1096.0
2026-07-02 19:45:00,245,61,306,2026-07-02,19,946.0,176.0,1122.0
2026-07-02 20:00:00,219,32,251,2026-07-02,20,955.0,178.0,1133.0
2026-07-02 20:15:00,176,48,224,2026-07-02,20,885.0,186.0,1071.0
2026-07-02 20:30:00,106,50,156,2026-07-02,20,746.0,191.0,937.0
2026-07-02 20:45:00,63,49,112,2026-07-02,20,564.0,179.0,743.0
2026-07-02 21:00:00,46,63,109,2026-07-02,21,391.0,210.0,601.0
2026-07-02 21:15:00,11,34,45,2026-07-02,21,226.0,196.0,422.0
2026-07-02 21:30:00,3,49,52,2026-07-02,21,123.0,195.0,318.0
2026-07-02 21:45:00,1,45,46,2026-07-02,21,61.0,191.0,252.0
2026-07-02 22:00:00,1,31,32,2026-07-02,22,16.0,159.0,175.0
2026-07-02 22:15:00,0,25,25,2026-07-02,22,5.0,150.0,155.0
2026-07-02 22:30:00,0,5,5,2026-07-02,22,2.0,106.0,108.0
2026-07-02 22:45:00,0,5,5,2026-07-02,22,1.0,66.0,67.0
2026-07-02 23:00:00,0,26,26,2026-07-02,23,0.0,61.0,61.0
2026-07-02 23:15:00,0,9,9,2026-07-02,23,0.0,45.0,45.0
2026-07-02 23:30:00,0,0,0,2026-07-02,23,0.0,40.0,40.0
2026-07-02 23:45:00,0,0,0,2026-07-02,23,0.0,35.0,35.0
2026-07-03 03:00:00,79,39,118,2026-07-03,3,79.0,39.0,118.0
2026-07-03 03:15:00,151,50,201,2026-07-03,3,230.0,89.0,319.0
2026-07-03 03:30:00,247,66,313,2026-07-03,3,477.0,155.0,632.0
2026-07-03 03:45:00,459,79,538,2026-07-03,3,936.0,234.0,1170.0
2026-07-03 04:00:00,717,43,760,2026-07-03,4,1574.0,238.0,1812.0
2026-07-03 04:15:00,947,37,984,2026-07-03,4,2370.0,225.0,2595.0
2026-07-03 04:30:00,885,87,972,2026-07-03,4,3008.0,246.0,3254.0
2026-07-03 04:45:00,839,95,934,2026-07-03,4,3388.0,262.0,3650.0
2026-07-03 05:00:00,766,66,832,2026-07-03,5,3437.0,285.0,3722.0
2026-07-03 05:15:00,624,52,676,2026-07-03,5,3114.0,300.0,3414.0
2026-07-03 05:30:00,449,50,499,2026-07-03,5,2678.0,263.0,2941.0
2026-07-03 05:45:00,389,61,450,2026-07-03,5,2228.0,229.0,2457.0
2026-07-03 06:00:00,436,46,482,2026-07-03,6,1898.0,209.0,2107.0
2026-07-03 06:15:00,472,58,530,2026-07-03,6,1746.0,215.0,1961.0
2026-07-03 06:30:00,528,46,574,2026-07-03,6,1825.0,211.0,2036.0
2026-07-03 06:45:00,667,37,704,2026-07-03,6,2103.0,187.0,2290.0
2026-07-03 07:00:00,682,34,716,2026-07-03,7,2349.0,175.0,2524.0
2026-07-03 07:15:00,634,42,676,2026-07-03,7,2511.0,159.0,2670.0
2026-07-03 07:30:00,605,27,632,2026-07-03,7,2588.0,140.0,2728.0
2026-07-03 07:45:00,543,27,570,2026-07-03,7,2464.0,130.0,2594.0
2026-07-03 08:00:00,539,43,582,2026-07-03,8,2321.0,139.0,2460.0
2026-07-03 08:15:00,483,43,526,2026-07-03,8,2170.0,140.0,2310.0
2026-07-03 08:30:00,405,34,439,2026-07-03,8,1970.0,147.0,2117.0
2026-07-03 08:45:00,359,33,392,2026-07-03,8,1786.0,153.0,1939.0
2026-07-03 09:00:00,383,36,419,2026-07-03,9,1630.0,146.0,1776.0
2026-07-03 09:15:00,392,41,433,2026-07-03,9,1539.0,144.0,1683.0
2026-07-03 09:30:00,422,52,474,2026-07-03,9,1556.0,162.0,1718.0
2026-07-03 09:45:00,432,54,486,2026-07-03,9,1629.0,183.0,1812.0
2026-07-03 10:00:00,464,66,530,2026-07-03,10,1710.0,213.0,1923.0
2026-07-03 10:15:00,458,49,507,2026-07-03,10,1776.0,221.0,1997.0
2026-07-03 10:30:00,432,73,505,2026-07-03,10,1786.0,242.0,2028.0
2026-07-03 10:45:00,415,62,477,2026-07-03,10,1769.0,250.0,2019.0
2026-07-03 11:00:00,438,48,486,2026-07-03,11,1743.0,232.0,1975.0
2026-07-03 11:15:00,490,62,552,2026-07-03,11,1775.0,245.0,2020.0
2026-07-03 11:30:00,553,72,625,2026-07-03,11,1896.0,244.0,2140.0
2026-07-03 11:45:00,606,76,682,2026-07-03,11,2087.0,258.0,2345.0
2026-07-03 12:00:00,646,79,725,2026-07-03,12,2295.0,289.0,2584.0
2026-07-03 12:15:00,620,67,687,2026-07-03,12,2425.0,294.0,2719.0
2026-07-03 12:30:00,608,58,666,2026-07-03,12,2480.0,280.0,2760.0
2026-07-03 12:45:00,582,70,652,2026-07-03,12,2456.0,274.0,2730.0
2026-07-03 13:00:00,541,56,597,2026-07-03,13,2351.0,251.0,2602.0
2026-07-03 13:15:00,516,41,557,2026-07-03,13,2247.0,225.0,2472.0
2026-07-03 13:30:00,428,59,487,2026-07-03,13,2067.0,226.0,2293.0
2026-07-03 13:45:00,391,53,444,2026-07-03,13,1876.0,209.0,2085.0
2026-07-03 14:00:00,345,37,382,2026-07-03,14,1680.0,190.0,1870.0
2026-07-03 14:15:00,331,38,369,2026-07-03,14,1495.0,187.0,1682.0
2026-07-03 14:30:00,318,34,352,2026-07-03,14,1385.0,162.0,1547.0
2026-07-03 14:45:00,374,41,415,2026-07-03,14,1368.0,150.0,1518.0
2026-07-03 15:00:00,441,36,477,2026-07-03,15,1464.0,149.0,1613.0
2026-07-03 15:15:00,421,21,442,2026-07-03,15,1554.0,132.0,1686.0
2026-07-03 15:30:00,508,20,528,2026-07-03,15,1744.0,118.0,1862.0
2026-07-03 15:45:00,599,21,620,2026-07-03,15,1969.0,98.0,2067.0
2026-07-03 16:00:00,530,18,548,2026-07-03,16,2058.0,80.0,2138.0
2026-07-03 16:15:00,557,21,578,2026-07-03,16,2194.0,80.0,2274.0
2026-07-03 16:30:00,490,16,506,2026-07-03,16,2176.0,76.0,2252.0
2026-07-03 16:45:00,450,31,481,2026-07-03,16,2027.0,86.0,2113.0
2026-07-03 17:00:00,484,30,514,2026-07-03,17,1981.0,98.0,2079.0
2026-07-03 17:15:00,517,16,533,2026-07-03,17,1941.0,93.0,2034.0
2026-07-03 17:30:00,463,15,478,2026-07-03,17,1914.0,92.0,2006.0
2026-07-03 17:45:00,465,22,487,2026-07-03,17,1929.0,83.0,2012.0
2026-07-03 18:00:00,366,23,389,2026-07-03,18,1811.0,76.0,1887.0
2026-07-03 18:15:00,306,9,315,2026-07-03,18,1600.0,69.0,1669.0
2026-07-03 18:30:00,216,12,228,2026-07-03,18,1353.0,66.0,1419.0
2026-07-03 18:45:00,177,13,190,2026-07-03,18,1065.0,57.0,1122.0
2026-07-03 19:00:00,166,13,179,2026-07-03,19,865.0,47.0,912.0
2026-07-03 19:15:00,135,13,148,2026-07-03,19,694.0,51.0,745.0
2026-07-03 19:30:00,160,15,175,2026-07-03,19,638.0,54.0,692.0
2026-07-03 19:45:00,177,12,189,2026-07-03,19,638.0,53.0,691.0
2026-07-03 20:00:00,186,11,197,2026-07-03,20,658.0,51.0,709.0
2026-07-03 20:15:00,151,13,164,2026-07-03,20,674.0,51.0,725.0
2026-07-03 20:30:00,93,9,102,2026-07-03,20,607.0,45.0,652.0
2026-07-03 20:45:00,63,13,76,2026-07-03,20,493.0,46.0,539.0
2026-07-03 21:00:00,25,8,33,2026-07-03,21,332.0,43.0,375.0
2026-07-03 21:15:00,10,6,16,2026-07-03,21,191.0,36.0,227.0
2026-07-03 21:30:00,10,14,24,2026-07-03,21,108.0,41.0,149.0
2026-07-03 21:45:00,15,13,28,2026-07-03,21,60.0,41.0,101.0
2026-07-03 22:00:00,13,7,20,2026-07-03,22,48.0,40.0,88.0
2026-07-03 22:15:00,11,4,15,2026-07-03,22,49.0,38.0,87.0
2026-07-03 22:30:00,7,4,11,2026-07-03,22,46.0,28.0,74.0
2026-07-03 22:45:00,2,1,3,2026-07-03,22,33.0,16.0,49.0
2026-07-03 23:00:00,1,4,5,2026-07-03,23,21.0,13.0,34.0
2026-07-03 23:15:00,0,4,4,2026-07-03,23,10.0,13.0,23.0
2026-07-03 23:30:00,0,4,4,2026-07-03,23,3.0,13.0,16.0
2026-07-03 23:45:00,0,6,6,2026-07-03,23,1.0,18.0,19.0
2026-07-04 03:00:00,48,42,90,2026-07-04,3,48.0,42.0,90.0
2026-07-04 03:15:00,99,48,147,2026-07-04,3,147.0,90.0,237.0
2026-07-04 03:30:00,272,74,346,2026-07-04,3,419.0,164.0,583.0
2026-07-04 03:45:00,501,68,569,2026-07-04,3,920.0,232.0,1152.0
2026-07-04 04:00:00,651,51,702,2026-07-04,4,1523.0,241.0,1764.0
2026-07-04 04:15:00,858,35,893,2026-07-04,4,2282.0,228.0,2510.0
2026-07-04 04:30:00,853,65,918,2026-07-04,4,2863.0,219.0,3082.0
2026-07-04 04:45:00,800,72,872,2026-07-04,4,3162.0,223.0,3385.0
2026-07-04 05:00:00,650,77,727,2026-07-04,5,3161.0,249.0,3410.0
2026-07-04 05:15:00,607,38,645,2026-07-04,5,2910.0,252.0,3162.0
2026-07-04 05:30:00,564,42,606,2026-07-04,5,2621.0,229.0,2850.0
2026-07-04 05:45:00,510,62,572,2026-07-04,5,2331.0,219.0,2550.0
2026-07-04 06:00:00,497,61,558,2026-07-04,6,2178.0,203.0,2381.0
2026-07-04 06:15:00,474,46,520,2026-07-04,6,2045.0,211.0,2256.0
2026-07-04 06:30:00,467,39,506,2026-07-04,6,1948.0,208.0,2156.0
2026-07-04 06:45:00,517,30,547,2026-07-04,6,1955.0,176.0,2131.0
2026-07-04 07:00:00,528,26,554,2026-07-04,7,1986.0,141.0,2127.0
2026-07-04 07:15:00,514,38,552,2026-07-04,7,2026.0,133.0,2159.0
2026-07-04 07:30:00,554,29,583,2026-07-04,7,2113.0,123.0,2236.0
2026-07-04 07:45:00,485,31,516,2026-07-04,7,2081.0,124.0,2205.0
2026-07-04 08:00:00,452,25,477,2026-07-04,8,2005.0,123.0,2128.0
2026-07-04 08:15:00,457,27,484,2026-07-04,8,1948.0,112.0,2060.0
2026-07-04 08:30:00,488,20,508,2026-07-04,8,1882.0,103.0,1985.0
2026-07-04 08:45:00,595,34,629,2026-07-04,8,1992.0,106.0,2098.0
2026-07-04 09:00:00,642,32,674,2026-07-04,9,2182.0,113.0,2295.0
2026-07-04 09:15:00,587,27,614,2026-07-04,9,2312.0,113.0,2425.0
2026-07-04 09:30:00,526,32,558,2026-07-04,9,2350.0,125.0,2475.0
2026-07-04 09:45:00,508,37,545,2026-07-04,9,2263.0,128.0,2391.0
2026-07-04 10:00:00,496,31,527,2026-07-04,10,2117.0,127.0,2244.0
2026-07-04 10:15:00,503,49,552,2026-07-04,10,2033.0,149.0,2182.0
2026-07-04 10:30:00,504,51,555,2026-07-04,10,2011.0,168.0,2179.0
2026-07-04 10:45:00,557,53,610,2026-07-04,10,2060.0,184.0,2244.0
2026-07-04 11:00:00,593,47,640,2026-07-04,11,2157.0,200.0,2357.0
2026-07-04 11:15:00,646,54,700,2026-07-04,11,2300.0,205.0,2505.0
2026-07-04 11:30:00,594,69,663,2026-07-04,11,2390.0,223.0,2613.0
2026-07-04 11:45:00,590,78,668,2026-07-04,11,2423.0,248.0,2671.0
2026-07-04 12:00:00,533,50,583,2026-07-04,12,2363.0,251.0,2614.0
2026-07-04 12:15:00,508,39,547,2026-07-04,12,2225.0,236.0,2461.0
2026-07-04 12:30:00,464,50,514,2026-07-04,12,2095.0,217.0,2312.0
2026-07-04 12:45:00,449,55,504,2026-07-04,12,1954.0,194.0,2148.0
2026-07-04 13:00:00,440,46,486,2026-07-04,13,1861.0,190.0,2051.0
2026-07-04 13:15:00,387,42,429,2026-07-04,13,1740.0,193.0,1933.0
2026-07-04 13:30:00,401,41,442,2026-07-04,13,1677.0,184.0,1861.0
2026-07-04 13:45:00,348,39,387,2026-07-04,13,1576.0,168.0,1744.0
2026-07-04 14:00:00,323,34,357,2026-07-04,14,1459.0,156.0,1615.0
2026-07-04 14:15:00,342,30,372,2026-07-04,14,1414.0,144.0,1558.0
2026-07-04 14:30:00,285,32,317,2026-07-04,14,1298.0,135.0,1433.0
2026-07-04 14:45:00,363,26,389,2026-07-04,14,1313.0,122.0,1435.0
2026-07-04 15:00:00,425,25,450,2026-07-04,15,1415.0,113.0,1528.0
2026-07-04 15:15:00,422,26,448,2026-07-04,15,1495.0,109.0,1604.0
2026-07-04 15:30:00,405,29,434,2026-07-04,15,1615.0,106.0,1721.0
2026-07-04 15:45:00,448,26,474,2026-07-04,15,1700.0,106.0,1806.0
2026-07-04 16:00:00,430,25,455,2026-07-04,16,1705.0,106.0,1811.0
2026-07-04 16:15:00,407,11,418,2026-07-04,16,1690.0,91.0,1781.0
2026-07-04 16:30:00,371,13,384,2026-07-04,16,1656.0,75.0,1731.0
2026-07-04 16:45:00,329,22,351,2026-07-04,16,1537.0,71.0,1608.0
2026-07-04 17:00:00,289,21,310,2026-07-04,17,1396.0,67.0,1463.0
2026-07-04 17:15:00,255,11,266,2026-07-04,17,1244.0,67.0,1311.0
2026-07-04 17:30:00,263,9,272,2026-07-04,17,1136.0,63.0,1199.0
2026-07-04 17:45:00,247,11,258,2026-07-04,17,1054.0,52.0,1106.0
2026-07-04 18:00:00,229,18,247,2026-07-04,18,994.0,49.0,1043.0
2026-07-04 18:15:00,202,13,215,2026-07-04,18,941.0,51.0,992.0
2026-07-04 18:30:00,169,15,184,2026-07-04,18,847.0,57.0,904.0
2026-07-04 18:45:00,125,15,140,2026-07-04,18,725.0,61.0,786.0
2026-07-04 19:00:00,99,12,111,2026-07-04,19,595.0,55.0,650.0
2026-07-04 19:15:00,93,7,100,2026-07-04,19,486.0,49.0,535.0
2026-07-04 19:30:00,114,8,122,2026-07-04,19,431.0,42.0,473.0
2026-07-04 19:45:00,111,12,123,2026-07-04,19,417.0,39.0,456.0
2026-07-04 20:00:00,97,16,113,2026-07-04,20,415.0,43.0,458.0
2026-07-04 20:15:00,73,8,81,2026-07-04,20,395.0,44.0,439.0
2026-07-04 20:30:00,46,12,58,2026-07-04,20,327.0,48.0,375.0
2026-07-04 20:45:00,26,10,36,2026-07-04,20,242.0,46.0,288.0
2026-07-04 21:00:00,6,16,22,2026-07-04,21,151.0,46.0,197.0
2026-07-04 21:15:00,2,5,7,2026-07-04,21,80.0,43.0,123.0
2026-07-04 21:30:00,2,11,13,2026-07-04,21,36.0,42.0,78.0
2026-07-04 21:45:00,1,9,10,2026-07-04,21,11.0,41.0,52.0
2026-07-04 22:00:00,1,8,9,2026-07-04,22,6.0,33.0,39.0
2026-07-04 22:15:00,0,6,6,2026-07-04,22,4.0,34.0,38.0
2026-07-04 22:30:00,0,4,4,2026-07-04,22,2.0,27.0,29.0
2026-07-04 22:45:00,0,6,6,2026-07-04,22,1.0,24.0,25.0
2026-07-04 23:00:00,0,1,1,2026-07-04,23,0.0,17.0,17.0
2026-07-04 23:15:00,0,0,0,2026-07-04,23,0.0,11.0,11.0
2026-07-04 23:30:00,0,0,0,2026-07-04,23,0.0,7.0,7.0
2026-07-04 23:45:00,1,0,1,2026-07-04,23,1.0,1.0,2.0
2026-07-05 03:00:00,78,92,170,2026-07-05,3,78.0,92.0,170.0
2026-07-05 03:15:00,162,39,201,2026-07-05,3,240.0,131.0,371.0
2026-07-05 03:30:00,284,30,314,2026-07-05,3,524.0,161.0,685.0
2026-07-05 03:45:00,418,31,449,2026-07-05,3,942.0,192.0,1134.0
2026-07-05 04:00:00,540,29,569,2026-07-05,4,1404.0,129.0,1533.0
2026-07-05 04:15:00,588,29,617,2026-07-05,4,1830.0,119.0,1949.0
2026-07-05 04:30:00,651,38,689,2026-07-05,4,2197.0,127.0,2324.0
2026-07-05 04:45:00,687,46,733,2026-07-05,4,2466.0,142.0,2608.0
2026-07-05 05:00:00,721,62,783,2026-07-05,5,2647.0,175.0,2822.0
2026-07-05 05:15:00,630,34,664,2026-07-05,5,2689.0,180.0,2869.0
2026-07-05 05:30:00,571,29,600,2026-07-05,5,2609.0,171.0,2780.0
2026-07-05 05:45:00,422,36,458,2026-07-05,5,2344.0,161.0,2505.0
2026-07-05 06:00:00,423,41,464,2026-07-05,6,2046.0,140.0,2186.0
2026-07-05 06:15:00,422,45,467,2026-07-05,6,1838.0,151.0,1989.0
2026-07-05 06:30:00,452,22,474,2026-07-05,6,1719.0,144.0,1863.0
2026-07-05 06:45:00,405,18,423,2026-07-05,6,1702.0,126.0,1828.0
2026-07-05 07:00:00,380,35,415,2026-07-05,7,1659.0,120.0,1779.0
2026-07-05 07:15:00,400,37,437,2026-07-05,7,1637.0,112.0,1749.0
2026-07-05 07:30:00,367,23,390,2026-07-05,7,1552.0,113.0,1665.0
2026-07-05 07:45:00,347,27,374,2026-07-05,7,1494.0,122.0,1616.0
2026-07-05 08:00:00,409,29,438,2026-07-05,8,1523.0,116.0,1639.0
2026-07-05 08:15:00,471,40,511,2026-07-05,8,1594.0,119.0,1713.0
2026-07-05 08:30:00,496,17,513,2026-07-05,8,1723.0,113.0,1836.0
2026-07-05 08:45:00,504,41,545,2026-07-05,8,1880.0,127.0,2007.0
2026-07-05 09:00:00,564,47,611,2026-07-05,9,2035.0,145.0,2180.0
2026-07-05 09:15:00,582,56,638,2026-07-05,9,2146.0,161.0,2307.0
2026-07-05 09:30:00,667,38,705,2026-07-05,9,2317.0,182.0,2499.0
2026-07-05 09:45:00,632,38,670,2026-07-05,9,2445.0,179.0,2624.0
2026-07-05 10:00:00,647,50,697,2026-07-05,10,2528.0,182.0,2710.0
2026-07-05 10:15:00,572,48,620,2026-07-05,10,2518.0,174.0,2692.0
2026-07-05 10:30:00,516,42,558,2026-07-05,10,2367.0,178.0,2545.0
2026-07-05 10:45:00,517,44,561,2026-07-05,10,2252.0,184.0,2436.0
2026-07-05 11:00:00,568,30,598,2026-07-05,11,2173.0,164.0,2337.0
2026-07-05 11:15:00,539,33,572,2026-07-05,11,2140.0,149.0,2289.0
2026-07-05 11:30:00,561,49,610,2026-07-05,11,2185.0,156.0,2341.0
2026-07-05 11:45:00,521,56,577,2026-07-05,11,2189.0,168.0,2357.0
2026-07-05 12:00:00,539,37,576,2026-07-05,12,2160.0,175.0,2335.0
2026-07-05 12:15:00,526,35,561,2026-07-05,12,2147.0,177.0,2324.0
2026-07-05 12:30:00,497,32,529,2026-07-05,12,2083.0,160.0,2243.0
2026-07-05 12:45:00,426,41,467,2026-07-05,12,1988.0,145.0,2133.0
2026-07-05 13:00:00,401,55,456,2026-07-05,13,1850.0,163.0,2013.0
2026-07-05 13:15:00,392,40,432,2026-07-05,13,1716.0,168.0,1884.0
2026-07-05 13:30:00,427,46,473,2026-07-05,13,1646.0,182.0,1828.0
2026-07-05 13:45:00,500,39,539,2026-07-05,13,1720.0,180.0,1900.0
2026-07-05 14:00:00,510,41,551,2026-07-05,14,1829.0,166.0,1995.0
2026-07-05 14:15:00,491,31,522,2026-07-05,14,1928.0,157.0,2085.0
2026-07-05 14:30:00,488,13,501,2026-07-05,14,1989.0,124.0,2113.0
2026-07-05 14:45:00,515,15,530,2026-07-05,14,2004.0,100.0,2104.0
2026-07-05 15:00:00,598,23,621,2026-07-05,15,2092.0,82.0,2174.0
2026-07-05 15:15:00,591,25,616,2026-07-05,15,2192.0,76.0,2268.0
2026-07-05 15:30:00,552,23,575,2026-07-05,15,2256.0,86.0,2342.0
2026-07-05 15:45:00,545,21,566,2026-07-05,15,2286.0,92.0,2378.0
2026-07-05 16:00:00,470,16,486,2026-07-05,16,2158.0,85.0,2243.0
2026-07-05 16:15:00,396,22,418,2026-07-05,16,1963.0,82.0,2045.0
2026-07-05 16:30:00,311,21,332,2026-07-05,16,1722.0,80.0,1802.0
2026-07-05 16:45:00,306,17,323,2026-07-05,16,1483.0,76.0,1559.0
2026-07-05 17:00:00,324,21,345,2026-07-05,17,1337.0,81.0,1418.0
2026-07-05 17:15:00,352,19,371,2026-07-05,17,1293.0,78.0,1371.0
2026-07-05 17:30:00,332,24,356,2026-07-05,17,1314.0,81.0,1395.0
2026-07-05 17:45:00,371,26,397,2026-07-05,17,1379.0,90.0,1469.0
2026-07-05 18:00:00,405,24,429,2026-07-05,18,1460.0,93.0,1553.0
2026-07-05 18:15:00,392,15,407,2026-07-05,18,1500.0,89.0,1589.0
2026-07-05 18:30:00,393,11,404,2026-07-05,18,1561.0,76.0,1637.0
2026-07-05 18:45:00,345,10,355,2026-07-05,18,1535.0,60.0,1595.0
2026-07-05 19:00:00,288,19,307,2026-07-05,19,1418.0,55.0,1473.0
2026-07-05 19:15:00,284,11,295,2026-07-05,19,1310.0,51.0,1361.0
2026-07-05 19:30:00,240,24,264,2026-07-05,19,1157.0,64.0,1221.0
2026-07-05 19:45:00,204,45,249,2026-07-05,19,1016.0,99.0,1115.0
2026-07-05 20:00:00,154,45,199,2026-07-05,20,882.0,125.0,1007.0
2026-07-05 20:15:00,123,42,165,2026-07-05,20,721.0,156.0,877.0
2026-07-05 20:30:00,88,65,153,2026-07-05,20,569.0,197.0,766.0
2026-07-05 20:45:00,44,60,104,2026-07-05,20,409.0,212.0,621.0
2026-07-05 21:00:00,30,54,84,2026-07-05,21,285.0,221.0,506.0
2026-07-05 21:15:00,21,44,65,2026-07-05,21,183.0,223.0,406.0
2026-07-05 21:30:00,34,58,92,2026-07-05,21,129.0,216.0,345.0
2026-07-05 21:45:00,30,61,91,2026-07-05,21,115.0,217.0,332.0
2026-07-05 22:00:00,21,27,48,2026-07-05,22,106.0,190.0,296.0
2026-07-05 22:15:00,13,20,33,2026-07-05,22,98.0,166.0,264.0
2026-07-05 22:30:00,14,22,36,2026-07-05,22,78.0,130.0,208.0
2026-07-05 22:45:00,5,12,17,2026-07-05,22,53.0,81.0,134.0
2026-07-05 23:00:00,2,6,8,2026-07-05,23,34.0,60.0,94.0
2026-07-05 23:15:00,0,9,9,2026-07-05,23,21.0,49.0,70.0
2026-07-05 23:30:00,0,6,6,2026-07-05,23,7.0,33.0,40.0
2026-07-05 23:45:00,0,3,3,2026-07-05,23,2.0,24.0,26.0
2026-07-06 03:00:00,66,111,177,2026-07-06,3,66.0,111.0,177.0
2026-07-06 03:15:00,114,107,221,2026-07-06,3,180.0,218.0,398.0
2026-07-06 03:30:00,259,28,287,2026-07-06,3,439.0,246.0,685.0
2026-07-06 03:45:00,444,31,475,2026-07-06,3,883.0,277.0,1160.0
2026-07-06 04:00:00,543,24,567,2026-07-06,4,1360.0,190.0,1550.0
2026-07-06 04:15:00,637,34,671,2026-07-06,4,1883.0,117.0,2000.0
2026-07-06 04:30:00,696,53,749,2026-07-06,4,2320.0,142.0,2462.0
2026-07-06 04:45:00,710,49,759,2026-07-06,4,2586.0,160.0,2746.0
2026-07-06 05:00:00,679,55,734,2026-07-06,5,2722.0,191.0,2913.0
2026-07-06 05:15:00,624,41,665,2026-07-06,5,2709.0,198.0,2907.0
2026-07-06 05:30:00,558,27,585,2026-07-06,5,2571.0,172.0,2743.0
2026-07-06 05:45:00,602,53,655,2026-07-06,5,2463.0,176.0,2639.0
2026-07-06 06:00:00,593,49,642,2026-07-06,6,2377.0,170.0,2547.0
2026-07-06 06:15:00,504,52,556,2026-07-06,6,2257.0,181.0,2438.0
2026-07-06 06:30:00,469,20,489,2026-07-06,6,2168.0,174.0,2342.0
2026-07-06 06:45:00,526,30,556,2026-07-06,6,2092.0,151.0,2243.0
2026-07-06 07:00:00,547,20,567,2026-07-06,7,2046.0,122.0,2168.0
2026-07-06 07:15:00,556,28,584,2026-07-06,7,2098.0,98.0,2196.0
2026-07-06 07:30:00,527,21,548,2026-07-06,7,2156.0,99.0,2255.0
2026-07-06 07:45:00,505,20,525,2026-07-06,7,2135.0,89.0,2224.0
2026-07-06 08:00:00,538,28,566,2026-07-06,8,2126.0,97.0,2223.0
2026-07-06 08:15:00,544,34,578,2026-07-06,8,2114.0,103.0,2217.0
2026-07-06 08:30:00,535,22,557,2026-07-06,8,2122.0,104.0,2226.0
2026-07-06 08:45:00,568,32,600,2026-07-06,8,2185.0,116.0,2301.0
2026-07-06 09:00:00,532,27,559,2026-07-06,9,2179.0,115.0,2294.0
2026-07-06 09:15:00,532,39,571,2026-07-06,9,2167.0,120.0,2287.0
2026-07-06 09:30:00,549,41,590,2026-07-06,9,2181.0,139.0,2320.0
2026-07-06 09:45:00,520,35,555,2026-07-06,9,2133.0,142.0,2275.0
2026-07-06 10:00:00,476,38,514,2026-07-06,10,2077.0,153.0,2230.0
2026-07-06 10:15:00,452,54,506,2026-07-06,10,1997.0,168.0,2165.0
2026-07-06 10:30:00,452,38,490,2026-07-06,10,1900.0,165.0,2065.0
2026-07-06 10:45:00,481,42,523,2026-07-06,10,1861.0,172.0,2033.0
2026-07-06 11:00:00,576,39,615,2026-07-06,11,1961.0,173.0,2134.0
2026-07-06 11:15:00,621,36,657,2026-07-06,11,2130.0,155.0,2285.0
2026-07-06 11:30:00,622,45,667,2026-07-06,11,2300.0,162.0,2462.0
2026-07-06 11:45:00,588,46,634,2026-07-06,11,2407.0,166.0,2573.0
2026-07-06 12:00:00,594,46,640,2026-07-06,12,2425.0,173.0,2598.0
2026-07-06 12:15:00,566,36,602,2026-07-06,12,2370.0,173.0,2543.0
2026-07-06 12:30:00,523,46,569,2026-07-06,12,2271.0,174.0,2445.0
2026-07-06 12:45:00,486,39,525,2026-07-06,12,2169.0,167.0,2336.0
2026-07-06 13:00:00,506,28,534,2026-07-06,13,2081.0,149.0,2230.0
2026-07-06 13:15:00,482,25,507,2026-07-06,13,1997.0,138.0,2135.0
2026-07-06 13:30:00,450,34,484,2026-07-06,13,1924.0,126.0,2050.0
2026-07-06 13:45:00,443,37,480,2026-07-06,13,1881.0,124.0,2005.0
2026-07-06 14:00:00,437,21,458,2026-07-06,14,1812.0,117.0,1929.0
2026-07-06 14:15:00,422,34,456,2026-07-06,14,1752.0,126.0,1878.0
2026-07-06 14:30:00,424,32,456,2026-07-06,14,1726.0,124.0,1850.0
2026-07-06 14:45:00,460,27,487,2026-07-06,14,1743.0,114.0,1857.0
2026-07-06 15:00:00,487,31,518,2026-07-06,15,1793.0,124.0,1917.0
2026-07-06 15:15:00,532,27,559,2026-07-06,15,1903.0,117.0,2020.0
2026-07-06 15:30:00,499,31,530,2026-07-06,15,1978.0,116.0,2094.0
2026-07-06 15:45:00,409,29,438,2026-07-06,15,1927.0,118.0,2045.0
2026-07-06 16:00:00,331,16,347,2026-07-06,16,1771.0,103.0,1874.0
2026-07-06 16:15:00,337,18,355,2026-07-06,16,1576.0,94.0,1670.0
2026-07-06 16:30:00,356,18,374,2026-07-06,16,1433.0,81.0,1514.0
2026-07-06 16:45:00,340,13,353,2026-07-06,16,1364.0,65.0,1429.0
2026-07-06 17:00:00,390,19,409,2026-07-06,17,1423.0,68.0,1491.0
2026-07-06 17:15:00,423,16,439,2026-07-06,17,1509.0,66.0,1575.0
2026-07-06 17:30:00,419,9,428,2026-07-06,17,1572.0,57.0,1629.0
2026-07-06 17:45:00,400,12,412,2026-07-06,17,1632.0,56.0,1688.0
2026-07-06 18:00:00,305,36,341,2026-07-06,18,1547.0,73.0,1620.0
2026-07-06 18:15:00,262,16,278,2026-07-06,18,1386.0,73.0,1459.0
2026-07-06 18:30:00,235,18,253,2026-07-06,18,1202.0,82.0,1284.0
2026-07-06 18:45:00,234,37,271,2026-07-06,18,1036.0,107.0,1143.0
2026-07-06 19:00:00,202,44,246,2026-07-06,19,933.0,115.0,1048.0
2026-07-06 19:15:00,221,33,254,2026-07-06,19,892.0,132.0,1024.0
2026-07-06 19:30:00,196,33,229,2026-07-06,19,853.0,147.0,1000.0
2026-07-06 19:45:00,183,40,223,2026-07-06,19,802.0,150.0,952.0
2026-07-06 20:00:00,151,44,195,2026-07-06,20,751.0,150.0,901.0
2026-07-06 20:15:00,120,28,148,2026-07-06,20,650.0,145.0,795.0
2026-07-06 20:30:00,87,47,134,2026-07-06,20,541.0,159.0,700.0
2026-07-06 20:45:00,46,40,86,2026-07-06,20,404.0,159.0,563.0
2026-07-06 21:00:00,30,44,74,2026-07-06,21,283.0,159.0,442.0
2026-07-06 21:15:00,7,27,34,2026-07-06,21,170.0,158.0,328.0
2026-07-06 21:30:00,2,29,31,2026-07-06,21,85.0,140.0,225.0
2026-07-06 21:45:00,2,26,28,2026-07-06,21,41.0,126.0,167.0
2026-07-06 22:00:00,1,9,10,2026-07-06,22,12.0,91.0,103.0
2026-07-06 22:15:00,0,8,8,2026-07-06,22,5.0,72.0,77.0
2026-07-06 22:30:00,0,6,6,2026-07-06,22,3.0,49.0,52.0
2026-07-06 22:45:00,1,6,7,2026-07-06,22,2.0,29.0,31.0
2026-07-06 23:00:00,0,12,12,2026-07-06,23,1.0,32.0,33.0
2026-07-06 23:15:00,1,7,8,2026-07-06,23,2.0,31.0,33.0
2026-07-06 23:30:00,0,2,2,2026-07-06,23,2.0,27.0,29.0
2026-07-06 23:45:00,1,2,3,2026-07-06,23,2.0,23.0,25.0
2026-07-07 03:00:00,89,82,171,2026-07-07,3,89.0,82.0,171.0
2026-07-07 03:15:00,158,31,189,2026-07-07,3,247.0,113.0,360.0
2026-07-07 03:30:00,280,37,317,2026-07-07,3,527.0,150.0,677.0
2026-07-07 03:45:00,448,32,480,2026-07-07,3,975.0,182.0,1157.0
2026-07-07 04:00:00,571,29,600,2026-07-07,4,1457.0,129.0,1586.0
2026-07-07 04:15:00,702,32,734,2026-07-07,4,2001.0,130.0,2131.0
2026-07-07 04:30:00,728,36,764,2026-07-07,4,2449.0,129.0,2578.0
2026-07-07 04:45:00,710,48,758,2026-07-07,4,2711.0,145.0,2856.0
2026-07-07 05:00:00,695,58,753,2026-07-07,5,2835.0,174.0,3009.0
2026-07-07 05:15:00,564,34,598,2026-07-07,5,2697.0,176.0,2873.0
2026-07-07 05:30:00,496,34,530,2026-07-07,5,2465.0,174.0,2639.0
2026-07-07 05:45:00,466,51,517,2026-07-07,5,2221.0,177.0,2398.0
2026-07-07 06:00:00,399,63,462,2026-07-07,6,1925.0,182.0,2107.0
2026-07-07 06:15:00,312,43,355,2026-07-07,6,1673.0,191.0,1864.0
2026-07-07 06:30:00,333,34,367,2026-07-07,6,1510.0,191.0,1701.0
2026-07-07 06:45:00,392,30,422,2026-07-07,6,1436.0,170.0,1606.0
2026-07-07 07:00:00,386,30,416,2026-07-07,7,1423.0,137.0,1560.0
2026-07-07 07:15:00,414,41,455,2026-07-07,7,1525.0,135.0,1660.0
2026-07-07 07:30:00,446,32,478,2026-07-07,7,1638.0,133.0,1771.0
2026-07-07 07:45:00,467,24,491,2026-07-07,7,1713.0,127.0,1840.0
2026-07-07 08:00:00,440,32,472,2026-07-07,8,1767.0,129.0,1896.0
2026-07-07 08:15:00,475,36,511,2026-07-07,8,1828.0,124.0,1952.0
2026-07-07 08:30:00,521,31,552,2026-07-07,8,1903.0,123.0,2026.0
2026-07-07 08:45:00,529,19,548,2026-07-07,8,1965.0,118.0,2083.0
2026-07-07 09:00:00,523,35,558,2026-07-07,9,2048.0,121.0,2169.0
2026-07-07 09:15:00,554,27,581,2026-07-07,9,2127.0,112.0,2239.0
2026-07-07 09:30:00,568,40,608,2026-07-07,9,2174.0,121.0,2295.0
2026-07-07 09:45:00,492,22,514,2026-07-07,9,2137.0,124.0,2261.0
2026-07-07 10:00:00,435,34,469,2026-07-07,10,2049.0,123.0,2172.0
2026-07-07 10:15:00,410,45,455,2026-07-07,10,1905.0,141.0,2046.0
2026-07-07 10:30:00,436,33,469,2026-07-07,10,1773.0,134.0,1907.0
2026-07-07 10:45:00,458,57,515,2026-07-07,10,1739.0,169.0,1908.0
2026-07-07 11:00:00,489,33,522,2026-07-07,11,1793.0,168.0,1961.0
2026-07-07 11:15:00,509,41,550,2026-07-07,11,1892.0,164.0,2056.0
2026-07-07 11:30:00,546,46,592,2026-07-07,11,2002.0,177.0,2179.0
2026-07-07 11:45:00,529,43,572,2026-07-07,11,2073.0,163.0,2236.0
2026-07-07 12:00:00,516,34,550,2026-07-07,12,2100.0,164.0,2264.0
2026-07-07 12:15:00,458,49,507,2026-07-07,12,2049.0,172.0,2221.0
2026-07-07 12:30:00,468,48,516,2026-07-07,12,1971.0,174.0,2145.0
2026-07-07 12:45:00,500,29,529,2026-07-07,12,1942.0,160.0,2102.0
2026-07-07 13:00:00,481,38,519,2026-07-07,13,1907.0,164.0,2071.0
2026-07-07 13:15:00,450,32,482,2026-07-07,13,1899.0,147.0,2046.0
2026-07-07 13:30:00,490,28,518,2026-07-07,13,1921.0,127.0,2048.0
2026-07-07 13:45:00,422,38,460,2026-07-07,13,1843.0,136.0,1979.0
2026-07-07 14:00:00,384,36,420,2026-07-07,14,1746.0,134.0,1880.0
2026-07-07 14:15:00,323,32,355,2026-07-07,14,1619.0,134.0,1753.0
2026-07-07 14:30:00,330,28,358,2026-07-07,14,1459.0,134.0,1593.0
2026-07-07 14:45:00,322,29,351,2026-07-07,14,1359.0,125.0,1484.0
2026-07-07 15:00:00,399,24,423,2026-07-07,15,1374.0,113.0,1487.0
2026-07-07 15:15:00,405,24,429,2026-07-07,15,1456.0,105.0,1561.0
2026-07-07 15:30:00,474,31,505,2026-07-07,15,1600.0,108.0,1708.0
2026-07-07 15:45:00,437,27,464,2026-07-07,15,1715.0,106.0,1821.0
2026-07-07 16:00:00,419,29,448,2026-07-07,16,1735.0,111.0,1846.0
2026-07-07 16:15:00,347,24,371,2026-07-07,16,1677.0,111.0,1788.0
2026-07-07 16:30:00,282,30,312,2026-07-07,16,1485.0,110.0,1595.0
2026-07-07 16:45:00,266,23,289,2026-07-07,16,1314.0,106.0,1420.0
2026-07-07 17:00:00,243,8,251,2026-07-07,17,1138.0,85.0,1223.0
2026-07-07 17:15:00,263,8,271,2026-07-07,17,1054.0,69.0,1123.0
2026-07-07 17:30:00,254,16,270,2026-07-07,17,1026.0,55.0,1081.0
2026-07-07 17:45:00,262,12,274,2026-07-07,17,1022.0,44.0,1066.0
2026-07-07 18:00:00,266,27,293,2026-07-07,18,1045.0,63.0,1108.0
2026-07-07 18:15:00,211,26,237,2026-07-07,18,993.0,81.0,1074.0
2026-07-07 18:30:00,185,30,215,2026-07-07,18,924.0,95.0,1019.0
2026-07-07 18:45:00,162,44,206,2026-07-07,18,824.0,127.0,951.0
2026-07-07 19:00:00,129,66,195,2026-07-07,19,687.0,166.0,853.0
2026-07-07 19:15:00,153,49,202,2026-07-07,19,629.0,189.0,818.0
2026-07-07 19:30:00,116,29,145,2026-07-07,19,560.0,188.0,748.0
2026-07-07 19:45:00,114,42,156,2026-07-07,19,512.0,186.0,698.0
2026-07-07 20:00:00,122,38,160,2026-07-07,20,505.0,158.0,663.0
2026-07-07 20:15:00,109,38,147,2026-07-07,20,461.0,147.0,608.0
2026-07-07 20:30:00,91,35,126,2026-07-07,20,436.0,153.0,589.0
2026-07-07 20:45:00,71,38,109,2026-07-07,20,393.0,149.0,542.0
2026-07-07 21:00:00,49,39,88,2026-07-07,21,320.0,150.0,470.0
2026-07-07 21:15:00,12,27,39,2026-07-07,21,223.0,139.0,362.0
2026-07-07 21:30:00,10,42,52,2026-07-07,21,142.0,146.0,288.0
2026-07-07 21:45:00,4,40,44,2026-07-07,21,75.0,148.0,223.0
2026-07-07 22:00:00,0,23,23,2026-07-07,22,26.0,132.0,158.0
2026-07-07 22:15:00,0,14,14,2026-07-07,22,14.0,119.0,133.0
2026-07-07 22:30:00,1,7,8,2026-07-07,22,5.0,84.0,89.0
2026-07-07 22:45:00,0,10,10,2026-07-07,22,1.0,54.0,55.0
2026-07-07 23:00:00,0,2,2,2026-07-07,23,1.0,33.0,34.0
2026-07-07 23:15:00,0,5,5,2026-07-07,23,1.0,24.0,25.0
2026-07-07 23:30:00,0,2,2,2026-07-07,23,0.0,19.0,19.0
2026-07-07 23:45:00,0,1,1,2026-07-07,23,0.0,10.0,10.0
2026-07-08 03:00:00,45,74,119,2026-07-08,3,45.0,74.0,119.0
2026-07-08 03:15:00,103,28,131,2026-07-08,3,148.0,102.0,250.0
2026-07-08 03:30:00,265,29,294,2026-07-08,3,413.0,131.0,544.0
2026-07-08 03:45:00,400,30,430,2026-07-08,3,813.0,161.0,974.0
2026-07-08 04:00:00,565,32,597,2026-07-08,4,1333.0,119.0,1452.0
2026-07-08 04:15:00,651,40,691,2026-07-08,4,1881.0,131.0,2012.0
2026-07-08 04:30:00,695,50,745,2026-07-08,4,2311.0,152.0,2463.0
2026-07-08 04:45:00,666,52,718,2026-07-08,4,2577.0,174.0,2751.0
2026-07-08 05:00:00,634,45,679,2026-07-08,5,2646.0,187.0,2833.0
2026-07-08 05:15:00,624,42,666,2026-07-08,5,2619.0,189.0,2808.0
2026-07-08 05:30:00,537,31,568,2026-07-08,5,2461.0,170.0,2631.0
2026-07-08 05:45:00,526,43,569,2026-07-08,5,2321.0,161.0,2482.0
2026-07-08 06:00:00,505,50,555,2026-07-08,6,2192.0,166.0,2358.0
2026-07-08 06:15:00,470,45,515,2026-07-08,6,2038.0,169.0,2207.0
2026-07-08 06:30:00,478,35,513,2026-07-08,6,1979.0,173.0,2152.0
2026-07-08 06:45:00,537,30,567,2026-07-08,6,1990.0,160.0,2150.0
2026-07-08 07:00:00,523,28,551,2026-07-08,7,2008.0,138.0,2146.0
2026-07-08 07:15:00,535,19,554,2026-07-08,7,2073.0,112.0,2185.0
2026-07-08 07:30:00,479,22,501,2026-07-08,7,2074.0,99.0,2173.0
2026-07-08 07:45:00,428,35,463,2026-07-08,7,1965.0,104.0,2069.0
2026-07-08 08:00:00,388,47,435,2026-07-08,8,1830.0,123.0,1953.0
2026-07-08 08:15:00,409,24,433,2026-07-08,8,1704.0,128.0,1832.0
2026-07-08 08:30:00,499,42,541,2026-07-08,8,1724.0,148.0,1872.0
2026-07-08 08:45:00,570,45,615,2026-07-08,8,1866.0,158.0,2024.0
2026-07-08 09:00:00,622,56,678,2026-07-08,9,2100.0,167.0,2267.0
2026-07-08 09:15:00,586,48,634,2026-07-08,9,2277.0,191.0,2468.0
2026-07-08 09:30:00,545,52,597,2026-07-08,9,2323.0,201.0,2524.0
2026-07-08 09:45:00,474,80,554,2026-07-08,9,2227.0,236.0,2463.0
2026-07-08 10:00:00,427,57,484,2026-07-08,10,2032.0,237.0,2269.0
2026-07-08 10:15:00,420,38,458,2026-07-08,10,1866.0,227.0,2093.0
2026-07-08 10:30:00,421,36,457,2026-07-08,10,1742.0,211.0,1953.0
2026-07-08 10:45:00,445,31,476,2026-07-08,10,1713.0,162.0,1875.0
2026-07-08 11:00:00,444,45,489,2026-07-08,11,1730.0,150.0,1880.0
2026-07-08 11:15:00,451,41,492,2026-07-08,11,1761.0,153.0,1914.0
2026-07-08 11:30:00,509,35,544,2026-07-08,11,1849.0,152.0,2001.0
2026-07-08 11:45:00,544,39,583,2026-07-08,11,1948.0,160.0,2108.0
2026-07-08 12:00:00,574,43,617,2026-07-08,12,2078.0,158.0,2236.0
2026-07-08 12:15:00,505,54,559,2026-07-08,12,2132.0,171.0,2303.0
2026-07-08 12:30:00,480,55,535,2026-07-08,12,2103.0,191.0,2294.0
2026-07-08 12:45:00,507,57,564,2026-07-08,12,2066.0,209.0,2275.0
2026-07-08 13:00:00,501,44,545,2026-07-08,13,1993.0,210.0,2203.0
2026-07-08 13:15:00,497,41,538,2026-07-08,13,1985.0,197.0,2182.0
2026-07-08 13:30:00,509,38,547,2026-07-08,13,2014.0,180.0,2194.0
2026-07-08 13:45:00,466,23,489,2026-07-08,13,1973.0,146.0,2119.0
2026-07-08 14:00:00,393,51,444,2026-07-08,14,1865.0,153.0,2018.0
2026-07-08 14:15:00,389,33,422,2026-07-08,14,1757.0,145.0,1902.0
2026-07-08 14:30:00,363,27,390,2026-07-08,14,1611.0,134.0,1745.0
2026-07-08 14:45:00,365,33,398,2026-07-08,14,1510.0,144.0,1654.0
2026-07-08 15:00:00,402,24,426,2026-07-08,15,1519.0,117.0,1636.0
2026-07-08 15:15:00,472,23,495,2026-07-08,15,1602.0,107.0,1709.0
2026-07-08 15:30:00,492,29,521,2026-07-08,15,1731.0,109.0,1840.0
2026-07-08 15:45:00,401,27,428,2026-07-08,15,1767.0,103.0,1870.0
2026-07-08 16:00:00,344,16,360,2026-07-08,16,1709.0,95.0,1804.0
2026-07-08 16:15:00,304,10,314,2026-07-08,16,1541.0,82.0,1623.0
2026-07-08 16:30:00,293,11,304,2026-07-08,16,1342.0,64.0,1406.0
2026-07-08 16:45:00,294,29,323,2026-07-08,16,1235.0,66.0,1301.0
2026-07-08 17:00:00,342,11,353,2026-07-08,17,1233.0,61.0,1294.0
2026-07-08 17:15:00,350,7,357,2026-07-08,17,1279.0,58.0,1337.0
2026-07-08 17:30:00,297,11,308,2026-07-08,17,1283.0,58.0,1341.0
2026-07-08 17:45:00,277,18,295,2026-07-08,17,1266.0,47.0,1313.0
2026-07-08 18:00:00,274,43,317,2026-07-08,18,1198.0,79.0,1277.0
2026-07-08 18:15:00,265,19,284,2026-07-08,18,1113.0,91.0,1204.0
2026-07-08 18:30:00,196,35,231,2026-07-08,18,1012.0,115.0,1127.0
2026-07-08 18:45:00,170,55,225,2026-07-08,18,905.0,152.0,1057.0
2026-07-08 19:00:00,165,40,205,2026-07-08,19,796.0,149.0,945.0
2026-07-08 19:15:00,156,43,199,2026-07-08,19,687.0,173.0,860.0
2026-07-08 19:30:00,122,30,152,2026-07-08,19,613.0,168.0,781.0
2026-07-08 19:45:00,115,30,145,2026-07-08,19,558.0,143.0,701.0
2026-07-08 20:00:00,77,47,124,2026-07-08,20,470.0,150.0,620.0
2026-07-08 20:15:00,63,51,114,2026-07-08,20,377.0,158.0,535.0
2026-07-08 20:30:00,26,50,76,2026-07-08,20,281.0,178.0,459.0
2026-07-08 20:45:00,20,46,66,2026-07-08,20,186.0,194.0,380.0
2026-07-08 21:00:00,8,29,37,2026-07-08,21,117.0,176.0,293.0
2026-07-08 21:15:00,2,26,28,2026-07-08,21,56.0,151.0,207.0
2026-07-08 21:30:00,1,27,28,2026-07-08,21,31.0,128.0,159.0
2026-07-08 21:45:00,1,29,30,2026-07-08,21,12.0,111.0,123.0
2026-07-08 22:00:00,0,17,17,2026-07-08,22,4.0,99.0,103.0
2026-07-08 22:15:00,0,27,27,2026-07-08,22,2.0,100.0,102.0
2026-07-08 22:30:00,1,10,11,2026-07-08,22,2.0,83.0,85.0
2026-07-08 22:45:00,1,12,13,2026-07-08,22,2.0,66.0,68.0
2026-07-08 23:00:00,0,1,1,2026-07-08,23,2.0,50.0,52.0
2026-07-08 23:15:00,0,0,0,2026-07-08,23,2.0,23.0,25.0
2026-07-08 23:30:00,0,0,0,2026-07-08,23,1.0,13.0,14.0
2026-07-08 23:45:00,0,0,0,2026-07-08,23,0.0,1.0,1.0
2026-07-09 03:00:00,44,79,123,2026-07-09,3,44.0,79.0,123.0
2026-07-09 03:15:00,109,28,137,2026-07-09,3,153.0,107.0,260.0
2026-07-09 03:30:00,236,37,273,2026-07-09,3,389.0,144.0,533.0
2026-07-09 03:45:00,419,41,460,2026-07-09,3,808.0,185.0,993.0
2026-07-09 04:00:00,613,28,641,2026-07-09,4,1377.0,134.0,1511.0
2026-07-09 04:15:00,708,32,740,2026-07-09,4,1976.0,138.0,2114.0
2026-07-09 04:30:00,712,34,746,2026-07-09,4,2452.0,135.0,2587.0
2026-07-09 04:45:00,724,49,773,2026-07-09,4,2757.0,143.0,2900.0
2026-07-09 05:00:00,705,57,762,2026-07-09,5,2849.0,172.0,3021.0
2026-07-09 05:15:00,742,44,786,2026-07-09,5,2883.0,184.0,3067.0
2026-07-09 05:30:00,702,27,729,2026-07-09,5,2873.0,177.0,3050.0
2026-07-09 05:45:00,614,37,651,2026-07-09,5,2763.0,165.0,2928.0
2026-07-09 06:00:00,575,59,634,2026-07-09,6,2633.0,167.0,2800.0
2026-07-09 06:15:00,556,29,585,2026-07-09,6,2447.0,152.0,2599.0
2026-07-09 06:30:00,640,30,670,2026-07-09,6,2385.0,155.0,2540.0
2026-07-09 06:45:00,602,40,642,2026-07-09,6,2373.0,158.0,2531.0
2026-07-09 07:00:00,491,31,522,2026-07-09,7,2289.0,130.0,2419.0
2026-07-09 07:15:00,473,38,511,2026-07-09,7,2206.0,139.0,2345.0
2026-07-09 07:30:00,455,25,480,2026-07-09,7,2021.0,134.0,2155.0
2026-07-09 07:45:00,377,28,405,2026-07-09,7,1796.0,122.0,1918.0
2026-07-09 08:00:00,358,21,379,2026-07-09,8,1663.0,112.0,1775.0
2026-07-09 08:15:00,375,26,401,2026-07-09,8,1565.0,100.0,1665.0
2026-07-09 08:30:00,476,27,503,2026-07-09,8,1586.0,102.0,1688.0
2026-07-09 08:45:00,545,30,575,2026-07-09,8,1754.0,104.0,1858.0
2026-07-09 09:00:00,587,34,621,2026-07-09,9,1983.0,117.0,2100.0
2026-07-09 09:15:00,662,24,686,2026-07-09,9,2270.0,115.0,2385.0
2026-07-09 09:30:00,720,24,744,2026-07-09,9,2514.0,112.0,2626.0
2026-07-09 09:45:00,663,32,695,2026-07-09,9,2632.0,114.0,2746.0
2026-07-09 10:00:00,589,41,630,2026-07-09,10,2634.0,121.0,2755.0
2026-07-09 10:15:00,580,47,627,2026-07-09,10,2552.0,144.0,2696.0
2026-07-09 10:30:00,517,33,550,2026-07-09,10,2349.0,153.0,2502.0
2026-07-09 10:45:00,486,50,536,2026-07-09,10,2172.0,171.0,2343.0
2026-07-09 11:00:00,479,50,529,2026-07-09,11,2062.0,180.0,2242.0
2026-07-09 11:15:00,511,36,547,2026-07-09,11,1993.0,169.0,2162.0
2026-07-09 11:30:00,508,47,555,2026-07-09,11,1984.0,183.0,2167.0
2026-07-09 11:45:00,492,53,545,2026-07-09,11,1990.0,186.0,2176.0
2026-07-09 12:00:00,473,40,513,2026-07-09,12,1984.0,176.0,2160.0
2026-07-09 12:15:00,510,40,550,2026-07-09,12,1983.0,180.0,2163.0
2026-07-09 12:30:00,523,44,567,2026-07-09,12,1998.0,177.0,2175.0
2026-07-09 12:45:00,482,51,533,2026-07-09,12,1988.0,175.0,2163.0
2026-07-09 13:00:00,503,49,552,2026-07-09,13,2018.0,184.0,2202.0
2026-07-09 13:15:00,468,47,515,2026-07-09,13,1976.0,191.0,2167.0
2026-07-09 13:30:00,500,35,535,2026-07-09,13,1953.0,182.0,2135.0
2026-07-09 13:45:00,488,40,528,2026-07-09,13,1959.0,171.0,2130.0
2026-07-09 14:00:00,432,36,468,2026-07-09,14,1888.0,158.0,2046.0
2026-07-09 14:15:00,442,34,476,2026-07-09,14,1862.0,145.0,2007.0
2026-07-09 14:30:00,378,49,427,2026-07-09,14,1740.0,159.0,1899.0
2026-07-09 14:45:00,367,50,417,2026-07-09,14,1619.0,169.0,1788.0
2026-07-09 15:00:00,433,35,468,2026-07-09,15,1620.0,168.0,1788.0
2026-07-09 15:15:00,411,21,432,2026-07-09,15,1589.0,155.0,1744.0
2026-07-09 15:30:00,352,32,384,2026-07-09,15,1563.0,138.0,1701.0
2026-07-09 15:45:00,359,28,387,2026-07-09,15,1555.0,116.0,1671.0
2026-07-09 16:00:00,371,24,395,2026-07-09,16,1493.0,105.0,1598.0
2026-07-09 16:15:00,371,25,396,2026-07-09,16,1453.0,109.0,1562.0
2026-07-09 16:30:00,355,18,373,2026-07-09,16,1456.0,95.0,1551.0
2026-07-09 16:45:00,379,21,400,2026-07-09,16,1476.0,88.0,1564.0
2026-07-09 17:00:00,458,23,481,2026-07-09,17,1563.0,87.0,1650.0
2026-07-09 17:15:00,484,13,497,2026-07-09,17,1676.0,75.0,1751.0
2026-07-09 17:30:00,477,14,491,2026-07-09,17,1798.0,71.0,1869.0
2026-07-09 17:45:00,413,30,443,2026-07-09,17,1832.0,80.0,1912.0
2026-07-09 18:00:00,349,25,374,2026-07-09,18,1723.0,82.0,1805.0
2026-07-09 18:15:00,272,19,291,2026-07-09,18,1511.0,88.0,1599.0
2026-07-09 18:30:00,244,38,282,2026-07-09,18,1278.0,112.0,1390.0
2026-07-09 18:45:00,204,50,254,2026-07-09,18,1069.0,132.0,1201.0
2026-07-09 19:00:00,195,28,223,2026-07-09,19,915.0,135.0,1050.0
2026-07-09 19:15:00,229,36,265,2026-07-09,19,872.0,152.0,1024.0
2026-07-09 19:30:00,229,41,270,2026-07-09,19,857.0,155.0,1012.0
2026-07-09 19:45:00,234,56,290,2026-07-09,19,887.0,161.0,1048.0
2026-07-09 20:00:00,210,29,239,2026-07-09,20,902.0,162.0,1064.0
2026-07-09 20:15:00,172,44,216,2026-07-09,20,845.0,170.0,1015.0
2026-07-09 20:30:00,105,46,151,2026-07-09,20,721.0,175.0,896.0
2026-07-09 20:45:00,63,45,108,2026-07-09,20,550.0,164.0,714.0
2026-07-09 21:00:00,46,58,104,2026-07-09,21,386.0,193.0,579.0
2026-07-09 21:15:00,11,31,42,2026-07-09,21,225.0,180.0,405.0
2026-07-09 21:30:00,2,45,47,2026-07-09,21,122.0,179.0,301.0
2026-07-09 21:45:00,1,41,42,2026-07-09,21,60.0,175.0,235.0
2026-07-09 22:00:00,1,28,29,2026-07-09,22,15.0,145.0,160.0
2026-07-09 22:15:00,0,23,23,2026-07-09,22,4.0,137.0,141.0
2026-07-09 22:30:00,0,4,4,2026-07-09,22,2.0,96.0,98.0
2026-07-09 22:45:00,0,4,4,2026-07-09,22,1.0,59.0,60.0
2026-07-09 23:00:00,0,24,24,2026-07-09,23,0.0,55.0,55.0
2026-07-09 23:15:00,0,8,8,2026-07-09,23,0.0,40.0,40.0
2026-07-09 23:30:00,0,0,0,2026-07-09,23,0.0,36.0,36.0
2026-07-09 23:45:00,0,0,0,2026-07-09,23,0.0,32.0,32.0
2026-07-10 03:00:00,80,37,117,2026-07-10,3,80.0,37.0,117.0
2026-07-10 03:15:00,152,47,199,2026-07-10,3,232.0,84.0,316.0
2026-07-10 03:30:00,245,63,308,2026-07-10,3,477.0,147.0,624.0
2026-07-10 03:45:00,451,75,526,2026-07-10,3,928.0,222.0,1150.0
2026-07-10 04:00:00,705,41,746,2026-07-10,4,1553.0,226.0,1779.0
2026-07-10 04:15:00,927,35,962,2026-07-10,4,2328.0,214.0,2542.0
2026-07-10 04:30:00,868,83,951,2026-07-10,4,2951.0,234.0,3185.0
2026-07-10 04:45:00,830,90,920,2026-07-10,4,3330.0,249.0,3579.0
2026-07-10 05:00:00,752,63,815,2026-07-10,5,3377.0,271.0,3648.0
2026-07-10 05:15:00,628,50,678,2026-07-10,5,3078.0,286.0,3364.0
2026-07-10 05:30:00,471,48,519,2026-07-10,5,2681.0,251.0,2932.0
2026-07-10 05:45:00,418,58,476,2026-07-10,5,2269.0,219.0,2488.0
2026-07-10 06:00:00,479,43,522,2026-07-10,6,1996.0,199.0,2195.0
2026-07-10 06:15:00,518,55,573,2026-07-10,6,1886.0,204.0,2090.0
2026-07-10 06:30:00,576,44,620,2026-07-10,6,1991.0,200.0,2191.0
2026-07-10 06:45:00,698,35,733,2026-07-10,6,2271.0,177.0,2448.0
2026-07-10 07:00:00,689,33,722,2026-07-10,7,2481.0,167.0,2648.0
2026-07-10 07:15:00,637,40,677,2026-07-10,7,2600.0,152.0,2752.0
2026-07-10 07:30:00,604,25,629,2026-07-10,7,2628.0,133.0,2761.0
2026-07-10 07:45:00,551,26,577,2026-07-10,7,2481.0,124.0,2605.0
2026-07-10 08:00:00,561,41,602,2026-07-10,8,2353.0,132.0,2485.0
2026-07-10 08:15:00,507,41,548,2026-07-10,8,2223.0,133.0,2356.0
2026-07-10 08:30:00,425,33,458,2026-07-10,8,2044.0,141.0,2185.0
2026-07-10 08:45:00,398,32,430,2026-07-10,8,1891.0,147.0,2038.0
2026-07-10 09:00:00,423,35,458,2026-07-10,9,1753.0,141.0,1894.0
2026-07-10 09:15:00,422,39,461,2026-07-10,9,1668.0,139.0,1807.0
2026-07-10 09:30:00,454,50,504,2026-07-10,9,1697.0,156.0,1853.0
2026-07-10 09:45:00,456,51,507,2026-07-10,9,1755.0,175.0,1930.0
2026-07-10 10:00:00,470,63,533,2026-07-10,10,1802.0,203.0,2005.0
2026-07-10 10:15:00,453,47,500,2026-07-10,10,1833.0,211.0,2044.0
2026-07-10 10:30:00,426,70,496,2026-07-10,10,1805.0,231.0,2036.0
2026-07-10 10:45:00,396,59,455,2026-07-10,10,1745.0,239.0,1984.0
2026-07-10 11:00:00,434,46,480,2026-07-10,11,1709.0,222.0,1931.0
2026-07-10 11:15:00,494,59,553,2026-07-10,11,1750.0,234.0,1984.0
2026-07-10 11:30:00,553,69,622,2026-07-10,11,1877.0,233.0,2110.0
2026-07-10 11:45:00,614,72,686,2026-07-10,11,2095.0,246.0,2341.0
2026-07-10 12:00:00,647,75,722,2026-07-10,12,2308.0,275.0,2583.0
2026-07-10 12:15:00,631,64,695,2026-07-10,12,2445.0,280.0,2725.0
2026-07-10 12:30:00,615,55,670,2026-07-10,12,2507.0,266.0,2773.0
2026-07-10 12:45:00,590,67,657,2026-07-10,12,2483.0,261.0,2744.0
2026-07-10 13:00:00,548,53,601,2026-07-10,13,2384.0,239.0,2623.0
2026-07-10 13:15:00,526,39,565,2026-07-10,13,2279.0,214.0,2493.0
2026-07-10 13:30:00,437,56,493,2026-07-10,13,2101.0,215.0,2316.0
2026-07-10 13:45:00,400,51,451,2026-07-10,13,1911.0,199.0,2110.0
2026-07-10 14:00:00,351,35,386,2026-07-10,14,1714.0,181.0,1895.0
2026-07-10 14:15:00,331,36,367,2026-07-10,14,1519.0,178.0,1697.0
2026-07-10 14:30:00,314,32,346,2026-07-10,14,1396.0,154.0,1550.0
2026-07-10 14:45:00,367,39,406,2026-07-10,14,1363.0,142.0,1505.0
2026-07-10 15:00:00,436,34,470,2026-07-10,15,1448.0,141.0,1589.0
2026-07-10 15:15:00,410,20,430,2026-07-10,15,1527.0,125.0,1652.0
2026-07-10 15:30:00,482,19,501,2026-07-10,15,1695.0,112.0,1807.0
2026-07-10 15:45:00,584,20,604,2026-07-10,15,1912.0,93.0,2005.0
2026-07-10 16:00:00,518,18,536,2026-07-10,16,1994.0,77.0,2071.0
2026-07-10 16:15:00,542,20,562,2026-07-10,16,2126.0,77.0,2203.0
2026-07-10 16:30:00,477,16,493,2026-07-10,16,2121.0,74.0,2195.0
2026-07-10 16:45:00,438,29,467,2026-07-10,16,1975.0,83.0,2058.0
2026-07-10 17:00:00,473,29,502,2026-07-10,17,1930.0,94.0,2024.0
2026-07-10 17:15:00,501,16,517,2026-07-10,17,1889.0,90.0,1979.0
2026-07-10 17:30:00,442,15,457,2026-07-10,17,1854.0,89.0,1943.0
2026-07-10 17:45:00,440,21,461,2026-07-10,17,1856.0,81.0,1937.0
2026-07-10 18:00:00,352,22,374,2026-07-10,18,1735.0,74.0,1809.0
2026-07-10 18:15:00,295,9,304,2026-07-10,18,1529.0,67.0,1596.0
2026-07-10 18:30:00,212,12,224,2026-07-10,18,1299.0,64.0,1363.0
2026-07-10 18:45:00,176,12,188,2026-07-10,18,1035.0,55.0,1090.0
2026-07-10 19:00:00,168,12,180,2026-07-10,19,851.0,45.0,896.0
2026-07-10 19:15:00,138,12,150,2026-07-10,19,694.0,48.0,742.0
2026-07-10 19:30:00,165,14,179,2026-07-10,19,647.0,50.0,697.0
2026-07-10 19:45:00,183,12,195,2026-07-10,19,654.0,50.0,704.0
2026-07-10 20:00:00,191,10,201,2026-07-10,20,677.0,48.0,725.0
2026-07-10 20:15:00,155,12,167,2026-07-10,20,694.0,48.0,742.0
2026-07-10 20:30:00,95,9,104,2026-07-10,20,624.0,43.0,667.0
2026-07-10 20:45:00,67,13,80,2026-07-10,20,508.0,44.0,552.0
2026-07-10 21:00:00,28,8,36,2026-07-10,21,345.0,42.0,387.0
2026-07-10 21:15:00,12,5,17,2026-07-10,21,202.0,35.0,237.0
2026-07-10 21:30:00,16,14,30,2026-07-10,21,123.0,40.0,163.0
2026-07-10 21:45:00,24,13,37,2026-07-10,21,80.0,40.0,120.0
2026-07-10 22:00:00,20,7,27,2026-07-10,22,72.0,39.0,111.0
2026-07-10 22:15:00,17,4,21,2026-07-10,22,77.0,38.0,115.0
2026-07-10 22:30:00,11,3,14,2026-07-10,22,72.0,27.0,99.0
2026-07-10 22:45:00,3,1,4,2026-07-10,22,51.0,15.0,66.0
2026-07-10 23:00:00,1,3,4,2026-07-10,23,32.0,11.0,43.0
2026-07-10 23:15:00,0,3,3,2026-07-10,23,15.0,10.0,25.0
2026-07-10 23:30:00,0,4,4,2026-07-10,23,4.0,11.0,15.0
2026-07-10 23:45:00,0,6,6,2026-07-10,23,1.0,16.0,17.0
2026-07-11 03:00:00,46,41,87,2026-07-11,3,46.0,41.0,87.0
2026-07-11 03:15:00,95,47,142,2026-07-11,3,141.0,88.0,229.0
2026-07-11 03:30:00,261,73,334,2026-07-11,3,402.0,161.0,563.0
2026-07-11 03:45:00,478,67,545,2026-07-11,3,880.0,228.0,1108.0
2026-07-11 04:00:00,626,50,676,2026-07-11,4,1460.0,237.0,1697.0
2026-07-11 04:15:00,831,35,866,2026-07-11,4,2196.0,225.0,2421.0
2026-07-11 04:30:00,827,63,890,2026-07-11,4,2762.0,215.0,2977.0
2026-07-11 04:45:00,782,70,852,2026-07-11,4,3066.0,218.0,3284.0
2026-07-11 05:00:00,634,76,710,2026-07-11,5,3074.0,244.0,3318.0
2026-07-11 05:15:00,595,37,632,2026-07-11,5,2838.0,246.0,3084.0
2026-07-11 05:30:00,553,41,594,2026-07-11,5,2564.0,224.0,2788.0
2026-07-11 05:45:00,511,61,572,2026-07-11,5,2293.0,215.0,2508.0
2026-07-11 06:00:00,505,60,565,2026-07-11,6,2164.0,199.0,2363.0
2026-07-11 06:15:00,483,45,528,2026-07-11,6,2052.0,207.0,2259.0
2026-07-11 06:30:00,477,39,516,2026-07-11,6,1976.0,205.0,2181.0
2026-07-11 06:45:00,522,29,551,2026-07-11,6,1987.0,173.0,2160.0
2026-07-11 07:00:00,525,26,551,2026-07-11,7,2007.0,139.0,2146.0
2026-07-11 07:15:00,504,37,541,2026-07-11,7,2028.0,131.0,2159.0
2026-07-11 07:30:00,543,28,571,2026-07-11,7,2094.0,120.0,2214.0
2026-07-11 07:45:00,476,31,507,2026-07-11,7,2048.0,122.0,2170.0
2026-07-11 08:00:00,442,25,467,2026-07-11,8,1965.0,121.0,2086.0
2026-07-11 08:15:00,451,26,477,2026-07-11,8,1912.0,110.0,2022.0
2026-07-11 08:30:00,482,20,502,2026-07-11,8,1851.0,102.0,1953.0
2026-07-11 08:45:00,589,33,622,2026-07-11,8,1964.0,104.0,2068.0
2026-07-11 09:00:00,634,31,665,2026-07-11,9,2156.0,110.0,2266.0
2026-07-11 09:15:00,579,26,605,2026-07-11,9,2284.0,110.0,2394.0
2026-07-11 09:30:00,519,32,551,2026-07-11,9,2321.0,122.0,2443.0
2026-07-11 09:45:00,495,36,531,2026-07-11,9,2227.0,125.0,2352.0
2026-07-11 10:00:00,485,30,515,2026-07-11,10,2078.0,124.0,2202.0
2026-07-11 10:15:00,492,48,540,2026-07-11,10,1991.0,146.0,2137.0
2026-07-11 10:30:00,487,51,538,2026-07-11,10,1959.0,165.0,2124.0
2026-07-11 10:45:00,540,52,592,2026-07-11,10,2004.0,181.0,2185.0
2026-07-11 11:00:00,583,46,629,2026-07-11,11,2102.0,197.0,2299.0
2026-07-11 11:15:00,635,53,688,2026-07-11,11,2245.0,202.0,2447.0
2026-07-11 11:30:00,584,68,652,2026-07-11,11,2342.0,219.0,2561.0
2026-07-11 11:45:00,578,76,654,2026-07-11,11,2380.0,243.0,2623.0
2026-07-11 12:00:00,522,49,571,2026-07-11,12,2319.0,246.0,2565.0
2026-07-11 12:15:00,501,38,539,2026-07-11,12,2185.0,231.0,2416.0
2026-07-11 12:30:00,457,49,506,2026-07-11,12,2058.0,212.0,2270.0
2026-07-11 12:45:00,439,54,493,2026-07-11,12,1919.0,190.0,2109.0
2026-07-11 13:00:00,432,45,477,2026-07-11,13,1829.0,186.0,2015.0
2026-07-11 13:15:00,383,41,424,2026-07-11,13,1711.0,189.0,1900.0
2026-07-11 13:30:00,395,41,436,2026-07-11,13,1649.0,181.0,1830.0
2026-07-11 13:45:00,343,38,381,2026-07-11,13,1553.0,165.0,1718.0
2026-07-11 14:00:00,321,33,354,2026-07-11,14,1442.0,153.0,1595.0
2026-07-11 14:15:00,340,29,369,2026-07-11,14,1399.0,141.0,1540.0
2026-07-11 14:30:00,284,31,315,2026-07-11,14,1288.0,131.0,1419.0
2026-07-11 14:45:00,360,26,386,2026-07-11,14,1305.0,119.0,1424.0
2026-07-11 15:00:00,424,25,449,2026-07-11,15,1408.0,111.0,1519.0
2026-07-11 15:15:00,417,25,442,2026-07-11,15,1485.0,107.0,1592.0
2026-07-11 15:30:00,401,28,429,2026-07-11,15,1602.0,104.0,1706.0
2026-07-11 15:45:00,439,26,465,2026-07-11,15,1681.0,104.0,1785.0
2026-07-11 16:00:00,421,24,445,2026-07-11,16,1678.0,103.0,1781.0
2026-07-11 16:15:00,397,11,408,2026-07-11,16,1658.0,89.0,1747.0
2026-07-11 16:30:00,366,12,378,2026-07-11,16,1623.0,73.0,1696.0
2026-07-11 16:45:00,327,22,349,2026-07-11,16,1511.0,69.0,1580.0
2026-07-11 17:00:00,292,21,313,2026-07-11,17,1382.0,66.0,1448.0
2026-07-11 17:15:00,263,11,274,2026-07-11,17,1248.0,66.0,1314.0
2026-07-11 17:30:00,269,9,278,2026-07-11,17,1151.0,63.0,1214.0
2026-07-11 17:45:00,255,11,266,2026-07-11,17,1079.0,52.0,1131.0
2026-07-11 18:00:00,239,17,256,2026-07-11,18,1026.0,48.0,1074.0
2026-07-11 18:15:00,215,12,227,2026-07-11,18,978.0,49.0,1027.0
2026-07-11 18:30:00,179,15,194,2026-07-11,18,888.0,55.0,943.0
2026-07-11 18:45:00,126,14,140,2026-07-11,18,759.0,58.0,817.0
2026-07-11 19:00:00,98,11,109,2026-07-11,19,618.0,52.0,670.0
2026-07-11 19:15:00,91,7,98,2026-07-11,19,494.0,47.0,541.0
2026-07-11 19:30:00,115,8,123,2026-07-11,19,430.0,40.0,470.0
2026-07-11 19:45:00,114,12,126,2026-07-11,19,418.0,38.0,456.0
2026-07-11 20:00:00,100,16,116,2026-07-11,20,420.0,43.0,463.0
2026-07-11 20:15:00,75,8,83,2026-07-11,20,404.0,44.0,448.0
2026-07-11 20:30:00,48,12,60,2026-07-11,20,337.0,48.0,385.0
2026-07-11 20:45:00,27,10,37,2026-07-11,20,250.0,46.0,296.0
2026-07-11 21:00:00,7,15,22,2026-07-11,21,157.0,45.0,202.0
2026-07-11 21:15:00,2,5,7,2026-07-11,21,84.0,42.0,126.0
2026-07-11 21:30:00,2,11,13,2026-07-11,21,38.0,41.0,79.0
2026-07-11 21:45:00,1,8,9,2026-07-11,21,12.0,39.0,51.0
2026-07-11 22:00:00,1,7,8,2026-07-11,22,6.0,31.0,37.0
2026-07-11 22:15:00,0,6,6,2026-07-11,22,4.0,32.0,36.0
2026-07-11 22:30:00,0,4,4,2026-07-11,22,2.0,25.0,27.0
2026-07-11 22:45:00,0,6,6,2026-07-11,22,1.0,23.0,24.0
2026-07-11 23:00:00,0,1,1,2026-07-11,23,0.0,17.0,17.0
2026-07-11 23:15:00,0,0,0,2026-07-11,23,0.0,11.0,11.0
2026-07-11 23:30:00,0,0,0,2026-07-11,23,0.0,7.0,7.0
2026-07-11 23:45:00,1,0,1,2026-07-11,23,1.0,1.0,2.0
2026-07-12 03:00:00,78,90,168,2026-07-12,3,78.0,90.0,168.0
2026-07-12 03:15:00,162,38,200,2026-07-12,3,240.0,128.0,368.0
2026-07-12 03:30:00,288,30,318,2026-07-12,3,528.0,158.0,686.0
2026-07-12 03:45:00,424,30,454,2026-07-12,3,952.0,188.0,1140.0
2026-07-12 04:00:00,548,29,577,2026-07-12,4,1422.0,127.0,1549.0
2026-07-12 04:15:00,593,29,622,2026-07-12,4,1853.0,118.0,1971.0
2026-07-12 04:30:00,663,37,700,2026-07-12,4,2228.0,125.0,2353.0
2026-07-12 04:45:00,697,45,742,2026-07-12,4,2501.0,140.0,2641.0
2026-07-12 05:00:00,726,61,787,2026-07-12,5,2679.0,172.0,2851.0
2026-07-12 05:15:00,633,33,666,2026-07-12,5,2719.0,176.0,2895.0
2026-07-12 05:30:00,570,28,598,2026-07-12,5,2626.0,167.0,2793.0
2026-07-12 05:45:00,422,35,457,2026-07-12,5,2351.0,157.0,2508.0
2026-07-12 06:00:00,416,41,457,2026-07-12,6,2041.0,137.0,2178.0
2026-07-12 06:15:00,410,44,454,2026-07-12,6,1818.0,148.0,1966.0
2026-07-12 06:30:00,438,21,459,2026-07-12,6,1686.0,141.0,1827.0
2026-07-12 06:45:00,394,18,412,2026-07-12,6,1658.0,124.0,1782.0
2026-07-12 07:00:00,372,35,407,2026-07-12,7,1614.0,118.0,1732.0
2026-07-12 07:15:00,394,36,430,2026-07-12,7,1598.0,110.0,1708.0
2026-07-12 07:30:00,363,22,385,2026-07-12,7,1523.0,111.0,1634.0
2026-07-12 07:45:00,349,27,376,2026-07-12,7,1478.0,120.0,1598.0
2026-07-12 08:00:00,410,28,438,2026-07-12,8,1516.0,113.0,1629.0
2026-07-12 08:15:00,470,39,509,2026-07-12,8,1592.0,116.0,1708.0
2026-07-12 08:30:00,497,17,514,2026-07-12,8,1726.0,111.0,1837.0
2026-07-12 08:45:00,501,40,541,2026-07-12,8,1878.0,124.0,2002.0
2026-07-12 09:00:00,560,46,606,2026-07-12,9,2028.0,142.0,2170.0
2026-07-12 09:15:00,575,55,630,2026-07-12,9,2133.0,158.0,2291.0
2026-07-12 09:30:00,654,37,691,2026-07-12,9,2290.0,178.0,2468.0
2026-07-12 09:45:00,629,37,666,2026-07-12,9,2418.0,175.0,2593.0
2026-07-12 10:00:00,640,49,689,2026-07-12,10,2498.0,178.0,2676.0
2026-07-12 10:15:00,571,47,618,2026-07-12,10,2494.0,170.0,2664.0
2026-07-12 10:30:00,525,41,566,2026-07-12,10,2365.0,174.0,2539.0
2026-07-12 10:45:00,527,43,570,2026-07-12,10,2263.0,180.0,2443.0
2026-07-12 11:00:00,566,30,596,2026-07-12,11,2189.0,161.0,2350.0
2026-07-12 11:15:00,545,32,577,2026-07-12,11,2163.0,146.0,2309.0
2026-07-12 11:30:00,554,48,602,2026-07-12,11,2192.0,153.0,2345.0
2026-07-12 11:45:00,542,55,597,2026-07-12,11,2207.0,165.0,2372.0
2026-07-12 12:00:00,556,36,592,2026-07-12,12,2197.0,171.0,2368.0
2026-07-12 12:15:00,555,34,589,2026-07-12,12,2207.0,173.0,2380.0
2026-07-12 12:30:00,530,32,562,2026-07-12,12,2183.0,157.0,2340.0
2026-07-12 12:45:00,439,40,479,2026-07-12,12,2080.0,142.0,2222.0
2026-07-12 13:00:00,407,54,461,2026-07-12,13,1931.0,160.0,2091.0
2026-07-12 13:15:00,397,39,436,2026-07-12,13,1773.0,165.0,1938.0
2026-07-12 13:30:00,431,46,477,2026-07-12,13,1674.0,179.0,1853.0
2026-07-12 13:45:00,499,38,537,2026-07-12,13,1734.0,177.0,1911.0
2026-07-12 14:00:00,512,41,553,2026-07-12,14,1839.0,164.0,2003.0
2026-07-12 14:15:00,494,31,525,2026-07-12,14,1936.0,156.0,2092.0
2026-07-12 14:30:00,490,13,503,2026-07-12,14,1995.0,123.0,2118.0
2026-07-12 14:45:00,516,15,531,2026-07-12,14,2012.0,100.0,2112.0
2026-07-12 15:00:00,594,23,617,2026-07-12,15,2094.0,82.0,2176.0
2026-07-12 15:15:00,582,25,607,2026-07-12,15,2182.0,76.0,2258.0
2026-07-12 15:30:00,533,23,556,2026-07-12,15,2225.0,86.0,2311.0
2026-07-12 15:45:00,522,21,543,2026-07-12,15,2231.0,92.0,2323.0
2026-07-12 16:00:00,451,16,467,2026-07-12,16,2088.0,85.0,2173.0
2026-07-12 16:15:00,381,22,403,2026-07-12,16,1887.0,82.0,1969.0
2026-07-12 16:30:00,306,20,326,2026-07-12,16,1660.0,79.0,1739.0
2026-07-12 16:45:00,301,17,318,2026-07-12,16,1439.0,75.0,1514.0
2026-07-12 17:00:00,320,21,341,2026-07-12,17,1308.0,80.0,1388.0
2026-07-12 17:15:00,347,19,366,2026-07-12,17,1274.0,77.0,1351.0
2026-07-12 17:30:00,330,24,354,2026-07-12,17,1298.0,81.0,1379.0
2026-07-12 17:45:00,377,26,403,2026-07-12,17,1374.0,90.0,1464.0
2026-07-12 18:00:00,413,23,436,2026-07-12,18,1467.0,92.0,1559.0
2026-07-12 18:15:00,399,15,414,2026-07-12,18,1519.0,88.0,1607.0
2026-07-12 18:30:00,396,11,407,2026-07-12,18,1585.0,75.0,1660.0
2026-07-12 18:45:00,353,9,362,2026-07-12,18,1561.0,58.0,1619.0
2026-07-12 19:00:00,290,18,308,2026-07-12,19,1438.0,53.0,1491.0
2026-07-12 19:15:00,281,11,292,2026-07-12,19,1320.0,49.0,1369.0
2026-07-12 19:30:00,238,23,261,2026-07-12,19,1162.0,61.0,1223.0
2026-07-12 19:45:00,204,44,248,2026-07-12,19,1013.0,96.0,1109.0
2026-07-12 20:00:00,153,44,197,2026-07-12,20,876.0,122.0,998.0
2026-07-12 20:15:00,124,41,165,2026-07-12,20,719.0,152.0,871.0
2026-07-12 20:30:00,89,63,152,2026-07-12,20,570.0,192.0,762.0
2026-07-12 20:45:00,45,58,103,2026-07-12,20,411.0,206.0,617.0
2026-07-12 21:00:00,31,53,84,2026-07-12,21,289.0,215.0,504.0
2026-07-12 21:15:00,21,43,64,2026-07-12,21,186.0,217.0,403.0
2026-07-12 21:30:00,34,57,91,2026-07-12,21,131.0,211.0,342.0
2026-07-12 21:45:00,30,60,90,2026-07-12,21,116.0,213.0,329.0
2026-07-12 22:00:00,20,26,46,2026-07-12,22,105.0,186.0,291.0
2026-07-12 22:15:00,13,20,33,2026-07-12,22,97.0,163.0,260.0
2026-07-12 22:30:00,14,21,35,2026-07-12,22,77.0,127.0,204.0
2026-07-12 22:45:00,5,12,17,2026-07-12,22,52.0,79.0,131.0
2026-07-12 23:00:00,2,6,8,2026-07-12,23,34.0,59.0,93.0
2026-07-12 23:15:00,0,9,9,2026-07-12,23,21.0,48.0,69.0
2026-07-12 23:30:00,0,6,6,2026-07-12,23,7.0,33.0,40.0
2026-07-12 23:45:00,0,3,3,2026-07-12,23,2.0,24.0,26.0
2026-07-13 03:00:00,69,112,181,2026-07-13,3,69.0,112.0,181.0
2026-07-13 03:15:00,119,108,227,2026-07-13,3,188.0,220.0,408.0
2026-07-13 03:30:00,263,28,291,2026-07-13,3,451.0,248.0,699.0
2026-07-13 03:45:00,457,31,488,2026-07-13,3,908.0,279.0,1187.0
2026-07-13 04:00:00,558,24,582,2026-07-13,4,1397.0,191.0,1588.0
2026-07-13 04:15:00,650,35,685,2026-07-13,4,1928.0,118.0,2046.0
2026-07-13 04:30:00,702,54,756,2026-07-13,4,2367.0,144.0,2511.0
2026-07-13 04:45:00,705,49,754,2026-07-13,4,2615.0,162.0,2777.0
2026-07-13 05:00:00,662,56,718,2026-07-13,5,2719.0,194.0,2913.0
2026-07-13 05:15:00,577,41,618,2026-07-13,5,2646.0,200.0,2846.0
2026-07-13 05:30:00,507,27,534,2026-07-13,5,2451.0,173.0,2624.0
2026-07-13 05:45:00,568,53,621,2026-07-13,5,2314.0,177.0,2491.0
2026-07-13 06:00:00,567,50,617,2026-07-13,6,2219.0,171.0,2390.0
2026-07-13 06:15:00,509,53,562,2026-07-13,6,2151.0,183.0,2334.0
2026-07-13 06:30:00,487,20,507,2026-07-13,6,2131.0,176.0,2307.0
2026-07-13 06:45:00,539,30,569,2026-07-13,6,2102.0,153.0,2255.0
2026-07-13 07:00:00,549,20,569,2026-07-13,7,2084.0,123.0,2207.0
2026-07-13 07:15:00,546,28,574,2026-07-13,7,2121.0,98.0,2219.0
2026-07-13 07:30:00,520,21,541,2026-07-13,7,2154.0,99.0,2253.0
2026-07-13 07:45:00,497,20,517,2026-07-13,7,2112.0,89.0,2201.0
2026-07-13 08:00:00,531,28,559,2026-07-13,8,2094.0,97.0,2191.0
2026-07-13 08:15:00,541,35,576,2026-07-13,8,2089.0,104.0,2193.0
2026-07-13 08:30:00,537,22,559,2026-07-13,8,2106.0,105.0,2211.0
2026-07-13 08:45:00,568,32,600,2026-07-13,8,2177.0,117.0,2294.0
2026-07-13 09:00:00,534,27,561,2026-07-13,9,2180.0,116.0,2296.0
2026-07-13 09:15:00,534,39,573,2026-07-13,9,2173.0,120.0,2293.0
2026-07-13 09:30:00,549,42,591,2026-07-13,9,2185.0,140.0,2325.0
2026-07-13 09:45:00,517,35,552,2026-07-13,9,2134.0,143.0,2277.0
2026-07-13 10:00:00,474,38,512,2026-07-13,10,2074.0,154.0,2228.0
2026-07-13 10:15:00,449,55,504,2026-07-13,10,1989.0,170.0,2159.0
2026-07-13 10:30:00,453,38,491,2026-07-13,10,1893.0,166.0,2059.0
2026-07-13 10:45:00,483,42,525,2026-07-13,10,1859.0,173.0,2032.0
2026-07-13 11:00:00,575,39,614,2026-07-13,11,1960.0,174.0,2134.0
2026-07-13 11:15:00,623,36,659,2026-07-13,11,2134.0,155.0,2289.0
2026-07-13 11:30:00,617,45,662,2026-07-13,11,2298.0,162.0,2460.0
2026-07-13 11:45:00,577,47,624,2026-07-13,11,2392.0,167.0,2559.0
2026-07-13 12:00:00,557,47,604,2026-07-13,12,2374.0,175.0,2549.0
2026-07-13 12:15:00,525,36,561,2026-07-13,12,2276.0,175.0,2451.0
2026-07-13 12:30:00,492,47,539,2026-07-13,12,2151.0,177.0,2328.0
2026-07-13 12:45:00,470,40,510,2026-07-13,12,2044.0,170.0,2214.0
2026-07-13 13:00:00,514,28,542,2026-07-13,13,2001.0,151.0,2152.0
2026-07-13 13:15:00,507,25,532,2026-07-13,13,1983.0,140.0,2123.0
2026-07-13 13:30:00,478,34,512,2026-07-13,13,1969.0,127.0,2096.0
2026-07-13 13:45:00,453,37,490,2026-07-13,13,1952.0,124.0,2076.0
2026-07-13 14:00:00,447,21,468,2026-07-13,14,1885.0,117.0,2002.0
2026-07-13 14:15:00,429,35,464,2026-07-13,14,1807.0,127.0,1934.0
2026-07-13 14:30:00,426,33,459,2026-07-13,14,1755.0,126.0,1881.0
2026-07-13 14:45:00,464,28,492,2026-07-13,14,1766.0,117.0,1883.0
2026-07-13 15:00:00,492,32,524,2026-07-13,15,1811.0,128.0,1939.0
2026-07-13 15:15:00,537,27,564,2026-07-13,15,1919.0,120.0,2039.0
2026-07-13 15:30:00,508,31,539,2026-07-13,15,2001.0,118.0,2119.0
2026-07-13 15:45:00,419,29,448,2026-07-13,15,1956.0,119.0,2075.0
2026-07-13 16:00:00,335,17,352,2026-07-13,16,1799.0,104.0,1903.0
2026-07-13 16:15:00,337,18,355,2026-07-13,16,1599.0,95.0,1694.0
2026-07-13 16:30:00,360,18,378,2026-07-13,16,1451.0,82.0,1533.0
2026-07-13 16:45:00,346,13,359,2026-07-13,16,1378.0,66.0,1444.0
2026-07-13 17:00:00,395,19,414,2026-07-13,17,1438.0,68.0,1506.0
2026-07-13 17:15:00,419,16,435,2026-07-13,17,1520.0,66.0,1586.0
2026-07-13 17:30:00,415,9,424,2026-07-13,17,1575.0,57.0,1632.0
2026-07-13 17:45:00,394,12,406,2026-07-13,17,1623.0,56.0,1679.0
2026-07-13 18:00:00,298,37,335,2026-07-13,18,1526.0,74.0,1600.0
2026-07-13 18:15:00,260,16,276,2026-07-13,18,1367.0,74.0,1441.0
2026-07-13 18:30:00,233,18,251,2026-07-13,18,1185.0,83.0,1268.0
2026-07-13 18:45:00,234,37,271,2026-07-13,18,1025.0,108.0,1133.0
2026-07-13 19:00:00,203,44,247,2026-07-13,19,930.0,115.0,1045.0
2026-07-13 19:15:00,226,33,259,2026-07-13,19,896.0,132.0,1028.0
2026-07-13 19:30:00,198,33,231,2026-07-13,19,861.0,147.0,1008.0
2026-07-13 19:45:00,184,40,224,2026-07-13,19,811.0,150.0,961.0
2026-07-13 20:00:00,151,44,195,2026-07-13,20,759.0,150.0,909.0
2026-07-13 20:15:00,119,29,148,2026-07-13,20,652.0,146.0,798.0
2026-07-13 20:30:00,86,47,133,2026-07-13,20,540.0,160.0,700.0
2026-07-13 20:45:00,45,40,85,2026-07-13,20,401.0,160.0,561.0
2026-07-13 21:00:00,29,45,74,2026-07-13,21,279.0,161.0,440.0
2026-07-13 21:15:00,7,28,35,2026-07-13,21,167.0,160.0,327.0
2026-07-13 21:30:00,2,29,31,2026-07-13,21,83.0,142.0,225.0
2026-07-13 21:45:00,2,26,28,2026-07-13,21,40.0,128.0,168.0
2026-07-13 22:00:00,1,9,10,2026-07-13,22,12.0,92.0,104.0
2026-07-13 22:15:00,0,8,8,2026-07-13,22,5.0,72.0,77.0
2026-07-13 22:30:00,0,6,6,2026-07-13,22,3.0,49.0,52.0
2026-07-13 22:45:00,1,6,7,2026-07-13,22,2.0,29.0,31.0
2026-07-13 23:00:00,0,12,12,2026-07-13,23,1.0,32.0,33.0
2026-07-13 23:15:00,1,7,8,2026-07-13,23,2.0,31.0,33.0
2026-07-13 23:30:00,0,2,2,2026-07-13,23,2.0,27.0,29.0
2026-07-13 23:45:00,1,2,3,2026-07-13,23,2.0,23.0,25.0
2026-07-14 03:00:00,86,81,167,2026-07-14,3,86.0,81.0,167.0
2026-07-14 03:15:00,152,30,182,2026-07-14,3,238.0,111.0,349.0
2026-07-14 03:30:00,279,36,315,2026-07-14,3,517.0,147.0,664.0
2026-07-14 03:45:00,430,32,462,2026-07-14,3,947.0,179.0,1126.0
2026-07-14 04:00:00,549,29,578,2026-07-14,4,1410.0,127.0,1537.0
2026-07-14 04:15:00,680,32,712,2026-07-14,4,1938.0,129.0,2067.0
2026-07-14 04:30:00,705,35,740,2026-07-14,4,2364.0,128.0,2492.0
2026-07-14 04:45:00,697,47,744,2026-07-14,4,2631.0,143.0,2774.0
2026-07-14 05:00:00,691,57,748,2026-07-14,5,2773.0,171.0,2944.0
2026-07-14 05:15:00,586,34,620,2026-07-14,5,2679.0,173.0,2852.0
2026-07-14 05:30:00,515,33,548,2026-07-14,5,2489.0,171.0,2660.0
2026-07-14 05:45:00,490,50,540,2026-07-14,5,2282.0,174.0,2456.0
2026-07-14 06:00:00,418,62,480,2026-07-14,6,2009.0,179.0,2188.0
2026-07-14 06:15:00,324,42,366,2026-07-14,6,1747.0,187.0,1934.0
2026-07-14 06:30:00,347,34,381,2026-07-14,6,1579.0,188.0,1767.0
2026-07-14 06:45:00,408,30,438,2026-07-14,6,1497.0,168.0,1665.0
2026-07-14 07:00:00,400,29,429,2026-07-14,7,1479.0,135.0,1614.0
2026-07-14 07:15:00,425,41,466,2026-07-14,7,1580.0,134.0,1714.0
2026-07-14 07:30:00,456,32,488,2026-07-14,7,1689.0,132.0,1821.0
2026-07-14 07:45:00,474,23,497,2026-07-14,7,1755.0,125.0,1880.0
2026-07-14 08:00:00,444,32,476,2026-07-14,8,1799.0,128.0,1927.0
2026-07-14 08:15:00,475,35,510,2026-07-14,8,1849.0,122.0,1971.0
2026-07-14 08:30:00,526,31,557,2026-07-14,8,1919.0,121.0,2040.0
2026-07-14 08:45:00,535,19,554,2026-07-14,8,1980.0,117.0,2097.0
2026-07-14 09:00:00,526,35,561,2026-07-14,9,2062.0,120.0,2182.0
2026-07-14 09:15:00,557,27,584,2026-07-14,9,2144.0,112.0,2256.0
2026-07-14 09:30:00,582,39,621,2026-07-14,9,2200.0,120.0,2320.0
2026-07-14 09:45:00,514,22,536,2026-07-14,9,2179.0,123.0,2302.0
2026-07-14 10:00:00,459,34,493,2026-07-14,10,2112.0,122.0,2234.0
2026-07-14 10:15:00,441,45,486,2026-07-14,10,1996.0,140.0,2136.0
2026-07-14 10:30:00,464,33,497,2026-07-14,10,1878.0,134.0,2012.0
2026-07-14 10:45:00,493,56,549,2026-07-14,10,1857.0,168.0,2025.0
2026-07-14 11:00:00,528,32,560,2026-07-14,11,1926.0,166.0,2092.0
2026-07-14 11:15:00,546,40,586,2026-07-14,11,2031.0,161.0,2192.0
2026-07-14 11:30:00,556,45,601,2026-07-14,11,2123.0,173.0,2296.0
2026-07-14 11:45:00,550,42,592,2026-07-14,11,2180.0,159.0,2339.0
2026-07-14 12:00:00,548,34,582,2026-07-14,12,2200.0,161.0,2361.0
2026-07-14 12:15:00,469,48,517,2026-07-14,12,2123.0,169.0,2292.0
2026-07-14 12:30:00,473,48,521,2026-07-14,12,2040.0,172.0,2212.0
2026-07-14 12:45:00,501,28,529,2026-07-14,12,1991.0,158.0,2149.0
2026-07-14 13:00:00,477,37,514,2026-07-14,13,1920.0,161.0,2081.0
2026-07-14 13:15:00,450,32,482,2026-07-14,13,1901.0,145.0,2046.0
2026-07-14 13:30:00,496,28,524,2026-07-14,13,1924.0,125.0,2049.0
2026-07-14 13:45:00,428,37,465,2026-07-14,13,1851.0,134.0,1985.0
2026-07-14 14:00:00,389,35,424,2026-07-14,14,1763.0,132.0,1895.0
2026-07-14 14:15:00,329,31,360,2026-07-14,14,1642.0,131.0,1773.0
2026-07-14 14:30:00,334,28,362,2026-07-14,14,1480.0,131.0,1611.0
2026-07-14 14:45:00,324,28,352,2026-07-14,14,1376.0,122.0,1498.0
2026-07-14 15:00:00,400,24,424,2026-07-14,15,1387.0,111.0,1498.0
2026-07-14 15:15:00,402,23,425,2026-07-14,15,1460.0,103.0,1563.0
2026-07-14 15:30:00,475,31,506,2026-07-14,15,1601.0,106.0,1707.0
2026-07-14 15:45:00,440,27,467,2026-07-14,15,1717.0,105.0,1822.0
2026-07-14 16:00:00,417,29,446,2026-07-14,16,1734.0,110.0,1844.0
2026-07-14 16:15:00,338,23,361,2026-07-14,16,1670.0,110.0,1780.0
2026-07-14 16:30:00,276,30,306,2026-07-14,16,1471.0,109.0,1580.0
2026-07-14 16:45:00,266,22,288,2026-07-14,16,1297.0,104.0,1401.0
2026-07-14 17:00:00,247,8,255,2026-07-14,17,1127.0,83.0,1210.0
2026-07-14 17:15:00,270,8,278,2026-07-14,17,1059.0,68.0,1127.0
2026-07-14 17:30:00,264,16,280,2026-07-14,17,1047.0,54.0,1101.0
2026-07-14 17:45:00,279,12,291,2026-07-14,17,1060.0,44.0,1104.0
2026-07-14 18:00:00,290,27,317,2026-07-14,18,1103.0,63.0,1166.0
2026-07-14 18:15:00,232,25,257,2026-07-14,18,1065.0,80.0,1145.0
2026-07-14 18:30:00,206,30,236,2026-07-14,18,1007.0,94.0,1101.0
2026-07-14 18:45:00,186,44,230,2026-07-14,18,914.0,126.0,1040.0
2026-07-14 19:00:00,152,65,217,2026-07-14,19,776.0,164.0,940.0
2026-07-14 19:15:00,171,48,219,2026-07-14,19,715.0,187.0,902.0
2026-07-14 19:30:00,136,29,165,2026-07-14,19,645.0,186.0,831.0
2026-07-14 19:45:00,129,42,171,2026-07-14,19,588.0,184.0,772.0
2026-07-14 20:00:00,129,37,166,2026-07-14,20,565.0,156.0,721.0
2026-07-14 20:15:00,115,38,153,2026-07-14,20,509.0,146.0,655.0
2026-07-14 20:30:00,95,34,129,2026-07-14,20,468.0,151.0,619.0
2026-07-14 20:45:00,73,38,111,2026-07-14,20,412.0,147.0,559.0
2026-07-14 21:00:00,50,39,89,2026-07-14,21,333.0,149.0,482.0
2026-07-14 21:15:00,12,26,38,2026-07-14,21,230.0,137.0,367.0
2026-07-14 21:30:00,11,42,53,2026-07-14,21,146.0,145.0,291.0
2026-07-14 21:45:00,4,39,43,2026-07-14,21,77.0,146.0,223.0
2026-07-14 22:00:00,0,22,22,2026-07-14,22,27.0,129.0,156.0
2026-07-14 22:15:00,0,14,14,2026-07-14,22,15.0,117.0,132.0
2026-07-14 22:30:00,1,7,8,2026-07-14,22,5.0,82.0,87.0
2026-07-14 22:45:00,0,10,10,2026-07-14,22,1.0,53.0,54.0
2026-07-14 23:00:00,0,2,2,2026-07-14,23,1.0,33.0,34.0
2026-07-14 23:15:00,0,5,5,2026-07-14,23,1.0,24.0,25.0
2026-07-14 23:30:00,0,2,2,2026-07-14,23,0.0,19.0,19.0
2026-07-14 23:45:00,0,1,1,2026-07-14,23,0.0,10.0,10.0
2026-07-15 03:00:00,44,78,122,2026-07-15,3,44.0,78.0,122.0
2026-07-15 03:15:00,103,29,132,2026-07-15,3,147.0,107.0,254.0
2026-07-15 03:30:00,262,30,292,2026-07-15,3,409.0,137.0,546.0
2026-07-15 03:45:00,397,32,429,2026-07-15,3,806.0,169.0,975.0
2026-07-15 04:00:00,553,33,586,2026-07-15,4,1315.0,124.0,1439.0
2026-07-15 04:15:00,635,42,677,2026-07-15,4,1847.0,137.0,1984.0
2026-07-15 04:30:00,678,52,730,2026-07-15,4,2263.0,159.0,2422.0
2026-07-15 04:45:00,655,55,710,2026-07-15,4,2521.0,182.0,2703.0
2026-07-15 05:00:00,629,47,676,2026-07-15,5,2597.0,196.0,2793.0
2026-07-15 05:15:00,633,44,677,2026-07-15,5,2595.0,198.0,2793.0
2026-07-15 05:30:00,538,33,571,2026-07-15,5,2455.0,179.0,2634.0
2026-07-15 05:45:00,542,45,587,2026-07-15,5,2342.0,169.0,2511.0
2026-07-15 06:00:00,509,53,562,2026-07-15,6,2222.0,175.0,2397.0
2026-07-15 06:15:00,461,47,508,2026-07-15,6,2050.0,178.0,2228.0
2026-07-15 06:30:00,461,37,498,2026-07-15,6,1973.0,182.0,2155.0
2026-07-15 06:45:00,520,31,551,2026-07-15,6,1951.0,168.0,2119.0
2026-07-15 07:00:00,514,29,543,2026-07-15,7,1956.0,144.0,2100.0
2026-07-15 07:15:00,531,20,551,2026-07-15,7,2026.0,117.0,2143.0
2026-07-15 07:30:00,476,23,499,2026-07-15,7,2041.0,103.0,2144.0
2026-07-15 07:45:00,428,37,465,2026-07-15,7,1949.0,109.0,2058.0
2026-07-15 08:00:00,390,50,440,2026-07-15,8,1825.0,130.0,1955.0
2026-07-15 08:15:00,416,25,441,2026-07-15,8,1710.0,135.0,1845.0
2026-07-15 08:30:00,504,44,548,2026-07-15,8,1738.0,156.0,1894.0
2026-07-15 08:45:00,578,48,626,2026-07-15,8,1888.0,167.0,2055.0
2026-07-15 09:00:00,636,59,695,2026-07-15,9,2134.0,176.0,2310.0
2026-07-15 09:15:00,602,50,652,2026-07-15,9,2320.0,201.0,2521.0
2026-07-15 09:30:00,558,55,613,2026-07-15,9,2374.0,212.0,2586.0
2026-07-15 09:45:00,486,84,570,2026-07-15,9,2282.0,248.0,2530.0
2026-07-15 10:00:00,441,60,501,2026-07-15,10,2087.0,249.0,2336.0
2026-07-15 10:15:00,433,40,473,2026-07-15,10,1918.0,239.0,2157.0
2026-07-15 10:30:00,433,37,470,2026-07-15,10,1793.0,221.0,2014.0
2026-07-15 10:45:00,460,32,492,2026-07-15,10,1767.0,169.0,1936.0
2026-07-15 11:00:00,451,48,499,2026-07-15,11,1777.0,157.0,1934.0
2026-07-15 11:15:00,450,43,493,2026-07-15,11,1794.0,160.0,1954.0
2026-07-15 11:30:00,512,37,549,2026-07-15,11,1873.0,160.0,2033.0
2026-07-15 11:45:00,552,41,593,2026-07-15,11,1965.0,169.0,2134.0
2026-07-15 12:00:00,579,45,624,2026-07-15,12,2093.0,166.0,2259.0
2026-07-15 12:15:00,509,57,566,2026-07-15,12,2152.0,180.0,2332.0
2026-07-15 12:30:00,487,58,545,2026-07-15,12,2127.0,201.0,2328.0
2026-07-15 12:45:00,511,59,570,2026-07-15,12,2086.0,219.0,2305.0
2026-07-15 13:00:00,501,46,547,2026-07-15,13,2008.0,220.0,2228.0
2026-07-15 13:15:00,501,43,544,2026-07-15,13,2000.0,206.0,2206.0
2026-07-15 13:30:00,511,40,551,2026-07-15,13,2024.0,188.0,2212.0
2026-07-15 13:45:00,472,25,497,2026-07-15,13,1985.0,154.0,2139.0
2026-07-15 14:00:00,397,54,451,2026-07-15,14,1881.0,162.0,2043.0
2026-07-15 14:15:00,390,34,424,2026-07-15,14,1770.0,153.0,1923.0
2026-07-15 14:30:00,363,28,391,2026-07-15,14,1622.0,141.0,1763.0
2026-07-15 14:45:00,364,34,398,2026-07-15,14,1514.0,150.0,1664.0
2026-07-15 15:00:00,402,26,428,2026-07-15,15,1519.0,122.0,1641.0
2026-07-15 15:15:00,476,24,500,2026-07-15,15,1605.0,112.0,1717.0
2026-07-15 15:30:00,497,31,528,2026-07-15,15,1739.0,115.0,1854.0
2026-07-15 15:45:00,403,28,431,2026-07-15,15,1778.0,109.0,1887.0
2026-07-15 16:00:00,346,17,363,2026-07-15,16,1722.0,100.0,1822.0
2026-07-15 16:15:00,298,11,309,2026-07-15,16,1544.0,87.0,1631.0
2026-07-15 16:30:00,286,12,298,2026-07-15,16,1333.0,68.0,1401.0
2026-07-15 16:45:00,286,31,317,2026-07-15,16,1216.0,71.0,1287.0
2026-07-15 17:00:00,334,11,345,2026-07-15,17,1204.0,65.0,1269.0
2026-07-15 17:15:00,344,8,352,2026-07-15,17,1250.0,62.0,1312.0
2026-07-15 17:30:00,292,11,303,2026-07-15,17,1256.0,61.0,1317.0
2026-07-15 17:45:00,270,19,289,2026-07-15,17,1240.0,49.0,1289.0
2026-07-15 18:00:00,266,45,311,2026-07-15,18,1172.0,83.0,1255.0
2026-07-15 18:15:00,252,20,272,2026-07-15,18,1080.0,95.0,1175.0
2026-07-15 18:30:00,181,37,218,2026-07-15,18,969.0,121.0,1090.0
2026-07-15 18:45:00,152,57,209,2026-07-15,18,851.0,159.0,1010.0
2026-07-15 19:00:00,149,42,191,2026-07-15,19,734.0,156.0,890.0
2026-07-15 19:15:00,140,45,185,2026-07-15,19,622.0,181.0,803.0
2026-07-15 19:30:00,115,32,147,2026-07-15,19,556.0,176.0,732.0
2026-07-15 19:45:00,109,32,141,2026-07-15,19,513.0,151.0,664.0
2026-07-15 20:00:00,74,49,123,2026-07-15,20,438.0,158.0,596.0
2026-07-15 20:15:00,61,54,115,2026-07-15,20,359.0,167.0,526.0
2026-07-15 20:30:00,27,52,79,2026-07-15,20,271.0,187.0,458.0
2026-07-15 20:45:00,20,48,68,2026-07-15,20,182.0,203.0,385.0
2026-07-15 21:00:00,8,30,38,2026-07-15,21,116.0,184.0,300.0
2026-07-15 21:15:00,3,27,30,2026-07-15,21,58.0,157.0,215.0
2026-07-15 21:30:00,1,28,29,2026-07-15,21,32.0,133.0,165.0
2026-07-15 21:45:00,1,31,32,2026-07-15,21,13.0,116.0,129.0
2026-07-15 22:00:00,0,18,18,2026-07-15,22,5.0,104.0,109.0
2026-07-15 22:15:00,0,29,29,2026-07-15,22,2.0,106.0,108.0
2026-07-15 22:30:00,1,11,12,2026-07-15,22,2.0,89.0,91.0
2026-07-15 22:45:00,1,12,13,2026-07-15,22,2.0,70.0,72.0
2026-07-15 23:00:00,0,1,1,2026-07-15,23,2.0,53.0,55.0
2026-07-15 23:15:00,0,0,0,2026-07-15,23,2.0,24.0,26.0
2026-07-15 23:30:00,0,0,0,2026-07-15,23,1.0,13.0,14.0
2026-07-15 23:45:00,0,0,0,2026-07-15,23,0.0,1.0,1.0
2026-07-16 03:00:00,43,79,122,2026-07-16,3,43.0,79.0,122.0
2026-07-16 03:15:00,106,28,134,2026-07-16,3,149.0,107.0,256.0
2026-07-16 03:30:00,227,38,265,2026-07-16,3,376.0,145.0,521.0
2026-07-16 03:45:00,401,42,443,2026-07-16,3,777.0,187.0,964.0
2026-07-16 04:00:00,583,28,611,2026-07-16,4,1317.0,136.0,1453.0
2026-07-16 04:15:00,677,32,709,2026-07-16,4,1888.0,140.0,2028.0
2026-07-16 04:30:00,685,34,719,2026-07-16,4,2346.0,136.0,2482.0
2026-07-16 04:45:00,691,49,740,2026-07-16,4,2636.0,143.0,2779.0
2026-07-16 05:00:00,668,57,725,2026-07-16,5,2721.0,172.0,2893.0
2026-07-16 05:15:00,703,44,747,2026-07-16,5,2747.0,184.0,2931.0
2026-07-16 05:30:00,671,27,698,2026-07-16,5,2733.0,177.0,2910.0
2026-07-16 05:45:00,587,37,624,2026-07-16,5,2629.0,165.0,2794.0
2026-07-16 06:00:00,548,59,607,2026-07-16,6,2509.0,167.0,2676.0
2026-07-16 06:15:00,534,29,563,2026-07-16,6,2340.0,152.0,2492.0
2026-07-16 06:30:00,616,30,646,2026-07-16,6,2285.0,155.0,2440.0
2026-07-16 06:45:00,570,40,610,2026-07-16,6,2268.0,158.0,2426.0
2026-07-16 07:00:00,451,31,482,2026-07-16,7,2171.0,130.0,2301.0
2026-07-16 07:15:00,430,39,469,2026-07-16,7,2067.0,140.0,2207.0
2026-07-16 07:30:00,416,25,441,2026-07-16,7,1867.0,135.0,2002.0
2026-07-16 07:45:00,343,29,372,2026-07-16,7,1640.0,124.0,1764.0
2026-07-16 08:00:00,336,21,357,2026-07-16,8,1525.0,114.0,1639.0
2026-07-16 08:15:00,361,26,387,2026-07-16,8,1456.0,101.0,1557.0
2026-07-16 08:30:00,458,27,485,2026-07-16,8,1498.0,103.0,1601.0
2026-07-16 08:45:00,526,30,556,2026-07-16,8,1681.0,104.0,1785.0
2026-07-16 09:00:00,553,34,587,2026-07-16,9,1898.0,117.0,2015.0
2026-07-16 09:15:00,608,24,632,2026-07-16,9,2145.0,115.0,2260.0
2026-07-16 09:30:00,651,24,675,2026-07-16,9,2338.0,112.0,2450.0
2026-07-16 09:45:00,594,32,626,2026-07-16,9,2406.0,114.0,2520.0
2026-07-16 10:00:00,519,41,560,2026-07-16,10,2372.0,121.0,2493.0
2026-07-16 10:15:00,509,47,556,2026-07-16,10,2273.0,144.0,2417.0
2026-07-16 10:30:00,450,33,483,2026-07-16,10,2072.0,153.0,2225.0
2026-07-16 10:45:00,428,50,478,2026-07-16,10,1906.0,171.0,2077.0
2026-07-16 11:00:00,432,50,482,2026-07-16,11,1819.0,180.0,1999.0
2026-07-16 11:15:00,467,36,503,2026-07-16,11,1777.0,169.0,1946.0
2026-07-16 11:30:00,467,47,514,2026-07-16,11,1794.0,183.0,1977.0
2026-07-16 11:45:00,471,53,524,2026-07-16,11,1837.0,186.0,2023.0
2026-07-16 12:00:00,442,40,482,2026-07-16,12,1847.0,176.0,2023.0
2026-07-16 12:15:00,482,40,522,2026-07-16,12,1862.0,180.0,2042.0
2026-07-16 12:30:00,506,45,551,2026-07-16,12,1901.0,178.0,2079.0
2026-07-16 12:45:00,471,51,522,2026-07-16,12,1901.0,176.0,2077.0
2026-07-16 13:00:00,498,49,547,2026-07-16,13,1957.0,185.0,2142.0
2026-07-16 13:15:00,464,47,511,2026-07-16,13,1939.0,192.0,2131.0
2026-07-16 13:30:00,496,35,531,2026-07-16,13,1929.0,182.0,2111.0
2026-07-16 13:45:00,478,40,518,2026-07-16,13,1936.0,171.0,2107.0
2026-07-16 14:00:00,425,36,461,2026-07-16,14,1863.0,158.0,2021.0
2026-07-16 14:15:00,441,34,475,2026-07-16,14,1840.0,145.0,1985.0
2026-07-16 14:30:00,380,49,429,2026-07-16,14,1724.0,159.0,1883.0
2026-07-16 14:45:00,366,50,416,2026-07-16,14,1612.0,169.0,1781.0
2026-07-16 15:00:00,432,35,467,2026-07-16,15,1619.0,168.0,1787.0
2026-07-16 15:15:00,412,21,433,2026-07-16,15,1590.0,155.0,1745.0
2026-07-16 15:30:00,356,32,388,2026-07-16,15,1566.0,138.0,1704.0
2026-07-16 15:45:00,361,28,389,2026-07-16,15,1561.0,116.0,1677.0
2026-07-16 16:00:00,367,24,391,2026-07-16,16,1496.0,105.0,1601.0
2026-07-16 16:15:00,362,25,387,2026-07-16,16,1446.0,109.0,1555.0
2026-07-16 16:30:00,341,18,359,2026-07-16,16,1431.0,95.0,1526.0
2026-07-16 16:45:00,361,21,382,2026-07-16,16,1431.0,88.0,1519.0
2026-07-16 17:00:00,440,23,463,2026-07-16,17,1504.0,87.0,1591.0
2026-07-16 17:15:00,445,13,458,2026-07-16,17,1587.0,75.0,1662.0
2026-07-16 17:30:00,430,14,444,2026-07-16,17,1676.0,71.0,1747.0
2026-07-16 17:45:00,377,30,407,2026-07-16,17,1692.0,80.0,1772.0
2026-07-16 18:00:00,348,25,373,2026-07-16,18,1600.0,82.0,1682.0
2026-07-16 18:15:00,281,19,300,2026-07-16,18,1436.0,88.0,1524.0
2026-07-16 18:30:00,259,38,297,2026-07-16,18,1265.0,112.0,1377.0
2026-07-16 18:45:00,216,50,266,2026-07-16,18,1104.0,132.0,1236.0
2026-07-16 19:00:00,203,28,231,2026-07-16,19,959.0,135.0,1094.0
2026-07-16 19:15:00,238,37,275,2026-07-16,19,916.0,153.0,1069.0
2026-07-16 19:30:00,239,41,280,2026-07-16,19,896.0,156.0,1052.0
2026-07-16 19:45:00,236,56,292,2026-07-16,19,916.0,162.0,1078.0
2026-07-16 20:00:00,212,29,241,2026-07-16,20,925.0,163.0,1088.0
2026-07-16 20:15:00,172,44,216,2026-07-16,20,859.0,170.0,1029.0
2026-07-16 20:30:00,105,46,151,2026-07-16,20,725.0,175.0,900.0
2026-07-16 20:45:00,62,45,107,2026-07-16,20,551.0,164.0,715.0
2026-07-16 21:00:00,46,58,104,2026-07-16,21,385.0,193.0,578.0
2026-07-16 21:15:00,11,31,42,2026-07-16,21,224.0,180.0,404.0
2026-07-16 21:30:00,2,45,47,2026-07-16,21,121.0,179.0,300.0
2026-07-16 21:45:00,1,41,42,2026-07-16,21,60.0,175.0,235.0
2026-07-16 22:00:00,1,28,29,2026-07-16,22,15.0,145.0,160.0
2026-07-16 22:15:00,0,23,23,2026-07-16,22,4.0,137.0,141.0
2026-07-16 22:30:00,0,4,4,2026-07-16,22,2.0,96.0,98.0
2026-07-16 22:45:00,0,4,4,2026-07-16,22,1.0,59.0,60.0
2026-07-16 23:00:00,0,24,24,2026-07-16,23,0.0,55.0,55.0
2026-07-16 23:15:00,0,8,8,2026-07-16,23,0.0,40.0,40.0
2026-07-16 23:30:00,0,0,0,2026-07-16,23,0.0,36.0,36.0
2026-07-16 23:45:00,0,0,0,2026-07-16,23,0.0,32.0,32.0
2026-07-17 03:00:00,77,38,115,2026-07-17,3,77.0,38.0,115.0
2026-07-17 03:15:00,148,48,196,2026-07-17,3,225.0,86.0,311.0
2026-07-17 03:30:00,238,64,302,2026-07-17,3,463.0,150.0,613.0
2026-07-17 03:45:00,439,77,516,2026-07-17,3,902.0,227.0,1129.0
2026-07-17 04:00:00,684,42,726,2026-07-17,4,1509.0,231.0,1740.0
2026-07-17 04:15:00,897,36,933,2026-07-17,4,2258.0,219.0,2477.0
2026-07-17 04:30:00,842,85,927,2026-07-17,4,2862.0,240.0,3102.0
2026-07-17 04:45:00,803,93,896,2026-07-17,4,3226.0,256.0,3482.0
2026-07-17 05:00:00,733,65,798,2026-07-17,5,3275.0,279.0,3554.0
2026-07-17 05:15:00,608,51,659,2026-07-17,5,2986.0,294.0,3280.0
2026-07-17 05:30:00,446,49,495,2026-07-17,5,2590.0,258.0,2848.0
2026-07-17 05:45:00,398,59,457,2026-07-17,5,2185.0,224.0,2409.0
2026-07-17 06:00:00,453,44,497,2026-07-17,6,1905.0,203.0,2108.0
2026-07-17 06:15:00,484,56,540,2026-07-17,6,1781.0,208.0,1989.0
2026-07-17 06:30:00,532,45,577,2026-07-17,6,1867.0,204.0,2071.0
2026-07-17 06:45:00,660,36,696,2026-07-17,6,2129.0,181.0,2310.0
2026-07-17 07:00:00,648,34,682,2026-07-17,7,2324.0,171.0,2495.0
2026-07-17 07:15:00,590,41,631,2026-07-17,7,2430.0,156.0,2586.0
2026-07-17 07:30:00,558,26,584,2026-07-17,7,2456.0,137.0,2593.0
2026-07-17 07:45:00,507,26,533,2026-07-17,7,2303.0,127.0,2430.0
2026-07-17 08:00:00,510,42,552,2026-07-17,8,2165.0,135.0,2300.0
2026-07-17 08:15:00,474,42,516,2026-07-17,8,2049.0,136.0,2185.0
2026-07-17 08:30:00,405,33,438,2026-07-17,8,1896.0,143.0,2039.0
2026-07-17 08:45:00,379,32,411,2026-07-17,8,1768.0,149.0,1917.0
2026-07-17 09:00:00,416,35,451,2026-07-17,9,1674.0,142.0,1816.0
2026-07-17 09:15:00,419,40,459,2026-07-17,9,1619.0,140.0,1759.0
2026-07-17 09:30:00,457,51,508,2026-07-17,9,1671.0,158.0,1829.0
2026-07-17 09:45:00,459,52,511,2026-07-17,9,1751.0,178.0,1929.0
2026-07-17 10:00:00,475,64,539,2026-07-17,10,1810.0,207.0,2017.0
2026-07-17 10:15:00,459,48,507,2026-07-17,10,1850.0,215.0,2065.0
2026-07-17 10:30:00,432,72,504,2026-07-17,10,1825.0,236.0,2061.0
2026-07-17 10:45:00,404,60,464,2026-07-17,10,1770.0,244.0,2014.0
2026-07-17 11:00:00,421,47,468,2026-07-17,11,1716.0,227.0,1943.0
2026-07-17 11:15:00,472,60,532,2026-07-17,11,1729.0,239.0,1968.0
2026-07-17 11:30:00,532,70,602,2026-07-17,11,1829.0,237.0,2066.0
2026-07-17 11:45:00,586,74,660,2026-07-17,11,2011.0,251.0,2262.0
2026-07-17 12:00:00,633,77,710,2026-07-17,12,2223.0,281.0,2504.0
2026-07-17 12:15:00,614,66,680,2026-07-17,12,2365.0,287.0,2652.0
2026-07-17 12:30:00,612,57,669,2026-07-17,12,2445.0,274.0,2719.0
2026-07-17 12:45:00,589,68,657,2026-07-17,12,2448.0,268.0,2716.0
2026-07-17 13:00:00,551,54,605,2026-07-17,13,2366.0,245.0,2611.0
2026-07-17 13:15:00,529,40,569,2026-07-17,13,2281.0,219.0,2500.0
2026-07-17 13:30:00,439,58,497,2026-07-17,13,2108.0,220.0,2328.0
2026-07-17 13:45:00,402,52,454,2026-07-17,13,1921.0,204.0,2125.0
2026-07-17 14:00:00,355,36,391,2026-07-17,14,1725.0,186.0,1911.0
2026-07-17 14:15:00,339,37,376,2026-07-17,14,1535.0,183.0,1718.0
2026-07-17 14:30:00,323,33,356,2026-07-17,14,1419.0,158.0,1577.0
2026-07-17 14:45:00,372,40,412,2026-07-17,14,1389.0,146.0,1535.0
2026-07-17 15:00:00,436,35,471,2026-07-17,15,1470.0,145.0,1615.0
2026-07-17 15:15:00,414,20,434,2026-07-17,15,1545.0,128.0,1673.0
2026-07-17 15:30:00,495,20,515,2026-07-17,15,1717.0,115.0,1832.0
2026-07-17 15:45:00,590,21,611,2026-07-17,15,1935.0,96.0,2031.0
2026-07-17 16:00:00,522,18,540,2026-07-17,16,2021.0,79.0,2100.0
2026-07-17 16:15:00,558,21,579,2026-07-17,16,2165.0,80.0,2245.0
2026-07-17 16:30:00,494,16,510,2026-07-17,16,2164.0,76.0,2240.0
2026-07-17 16:45:00,452,30,482,2026-07-17,16,2026.0,85.0,2111.0
2026-07-17 17:00:00,480,29,509,2026-07-17,17,1984.0,96.0,2080.0
2026-07-17 17:15:00,496,16,512,2026-07-17,17,1922.0,91.0,2013.0
2026-07-17 17:30:00,415,15,430,2026-07-17,17,1843.0,90.0,1933.0
2026-07-17 17:45:00,416,22,438,2026-07-17,17,1807.0,82.0,1889.0
2026-07-17 18:00:00,330,23,353,2026-07-17,18,1657.0,76.0,1733.0
2026-07-17 18:15:00,278,9,287,2026-07-17,18,1439.0,69.0,1508.0
2026-07-17 18:30:00,204,12,216,2026-07-17,18,1228.0,66.0,1294.0
2026-07-17 18:45:00,171,12,183,2026-07-17,18,983.0,56.0,1039.0
2026-07-17 19:00:00,164,13,177,2026-07-17,19,817.0,46.0,863.0
2026-07-17 19:15:00,134,12,146,2026-07-17,19,673.0,49.0,722.0
2026-07-17 19:30:00,159,15,174,2026-07-17,19,628.0,52.0,680.0
2026-07-17 19:45:00,175,12,187,2026-07-17,19,632.0,52.0,684.0
2026-07-17 20:00:00,180,10,190,2026-07-17,20,648.0,49.0,697.0
2026-07-17 20:15:00,147,13,160,2026-07-17,20,661.0,50.0,711.0
2026-07-17 20:30:00,90,9,99,2026-07-17,20,592.0,44.0,636.0
2026-07-17 20:45:00,62,13,75,2026-07-17,20,479.0,45.0,524.0
2026-07-17 21:00:00,27,8,35,2026-07-17,21,326.0,43.0,369.0
2026-07-17 21:15:00,13,6,19,2026-07-17,21,192.0,36.0,228.0
2026-07-17 21:30:00,17,14,31,2026-07-17,21,119.0,41.0,160.0
2026-07-17 21:45:00,26,13,39,2026-07-17,21,83.0,41.0,124.0
2026-07-17 22:00:00,22,7,29,2026-07-17,22,78.0,40.0,118.0
2026-07-17 22:15:00,18,4,22,2026-07-17,22,83.0,38.0,121.0
2026-07-17 22:30:00,12,3,15,2026-07-17,22,78.0,27.0,105.0
2026-07-17 22:45:00,4,1,5,2026-07-17,22,56.0,15.0,71.0
2026-07-17 23:00:00,1,3,4,2026-07-17,23,35.0,11.0,46.0
2026-07-17 23:15:00,0,3,3,2026-07-17,23,17.0,10.0,27.0
2026-07-17 23:30:00,0,4,4,2026-07-17,23,5.0,11.0,16.0
2026-07-17 23:45:00,0,6,6,2026-07-17,23,1.0,16.0,17.0
2026-07-18 03:00:00,43,42,85,2026-07-18,3,43.0,42.0,85.0
2026-07-18 03:15:00,91,48,139,2026-07-18,3,134.0,90.0,224.0
2026-07-18 03:30:00,251,74,325,2026-07-18,3,385.0,164.0,549.0
2026-07-18 03:45:00,458,68,526,2026-07-18,3,843.0,232.0,1075.0
2026-07-18 04:00:00,596,51,647,2026-07-18,4,1396.0,241.0,1637.0
2026-07-18 04:15:00,801,35,836,2026-07-18,4,2106.0,228.0,2334.0
2026-07-18 04:30:00,790,64,854,2026-07-18,4,2645.0,218.0,2863.0
2026-07-18 04:45:00,742,72,814,2026-07-18,4,2929.0,222.0,3151.0
2026-07-18 05:00:00,595,77,672,2026-07-18,5,2928.0,248.0,3176.0
2026-07-18 05:15:00,553,38,591,2026-07-18,5,2680.0,251.0,2931.0
2026-07-18 05:30:00,508,42,550,2026-07-18,5,2398.0,229.0,2627.0
2026-07-18 05:45:00,471,62,533,2026-07-18,5,2127.0,219.0,2346.0
2026-07-18 06:00:00,490,61,551,2026-07-18,6,2022.0,203.0,2225.0
2026-07-18 06:15:00,488,46,534,2026-07-18,6,1957.0,211.0,2168.0
2026-07-18 06:30:00,478,39,517,2026-07-18,6,1927.0,208.0,2135.0
2026-07-18 06:45:00,521,30,551,2026-07-18,6,1977.0,176.0,2153.0
2026-07-18 07:00:00,533,26,559,2026-07-18,7,2020.0,141.0,2161.0
2026-07-18 07:15:00,518,38,556,2026-07-18,7,2050.0,133.0,2183.0
2026-07-18 07:30:00,555,29,584,2026-07-18,7,2127.0,123.0,2250.0
2026-07-18 07:45:00,475,31,506,2026-07-18,7,2081.0,124.0,2205.0
2026-07-18 08:00:00,446,25,471,2026-07-18,8,1994.0,123.0,2117.0
2026-07-18 08:15:00,453,27,480,2026-07-18,8,1929.0,112.0,2041.0
2026-07-18 08:30:00,483,20,503,2026-07-18,8,1857.0,103.0,1960.0
2026-07-18 08:45:00,593,34,627,2026-07-18,8,1975.0,106.0,2081.0
2026-07-18 09:00:00,637,32,669,2026-07-18,9,2166.0,113.0,2279.0
2026-07-18 09:15:00,580,27,607,2026-07-18,9,2293.0,113.0,2406.0
2026-07-18 09:30:00,519,32,551,2026-07-18,9,2329.0,125.0,2454.0
2026-07-18 09:45:00,496,37,533,2026-07-18,9,2232.0,128.0,2360.0
2026-07-18 10:00:00,485,31,516,2026-07-18,10,2080.0,127.0,2207.0
2026-07-18 10:15:00,492,49,541,2026-07-18,10,1992.0,149.0,2141.0
2026-07-18 10:30:00,485,51,536,2026-07-18,10,1958.0,168.0,2126.0
2026-07-18 10:45:00,530,53,583,2026-07-18,10,1992.0,184.0,2176.0
2026-07-18 11:00:00,561,47,608,2026-07-18,11,2068.0,200.0,2268.0
2026-07-18 11:15:00,614,54,668,2026-07-18,11,2190.0,205.0,2395.0
2026-07-18 11:30:00,554,69,623,2026-07-18,11,2259.0,223.0,2482.0
2026-07-18 11:45:00,547,78,625,2026-07-18,11,2276.0,248.0,2524.0
2026-07-18 12:00:00,485,50,535,2026-07-18,12,2200.0,251.0,2451.0
2026-07-18 12:15:00,440,39,479,2026-07-18,12,2026.0,236.0,2262.0
2026-07-18 12:30:00,392,50,442,2026-07-18,12,1864.0,217.0,2081.0
2026-07-18 12:45:00,411,55,466,2026-07-18,12,1728.0,194.0,1922.0
2026-07-18 13:00:00,421,45,466,2026-07-18,13,1664.0,189.0,1853.0
2026-07-18 13:15:00,385,42,427,2026-07-18,13,1609.0,192.0,1801.0
2026-07-18 13:30:00,398,41,439,2026-07-18,13,1615.0,183.0,1798.0
2026-07-18 13:45:00,360,39,399,2026-07-18,13,1564.0,167.0,1731.0
2026-07-18 14:00:00,314,34,348,2026-07-18,14,1457.0,156.0,1613.0
2026-07-18 14:15:00,340,30,370,2026-07-18,14,1412.0,144.0,1556.0
2026-07-18 14:30:00,273,32,305,2026-07-18,14,1287.0,135.0,1422.0
2026-07-18 14:45:00,354,26,380,2026-07-18,14,1281.0,122.0,1403.0
2026-07-18 15:00:00,426,25,451,2026-07-18,15,1393.0,113.0,1506.0
2026-07-18 15:15:00,418,26,444,2026-07-18,15,1471.0,109.0,1580.0
2026-07-18 15:30:00,400,29,429,2026-07-18,15,1598.0,106.0,1704.0
2026-07-18 15:45:00,437,26,463,2026-07-18,15,1681.0,106.0,1787.0
2026-07-18 16:00:00,416,25,441,2026-07-18,16,1671.0,106.0,1777.0
2026-07-18 16:15:00,386,11,397,2026-07-18,16,1639.0,91.0,1730.0
2026-07-18 16:30:00,344,13,357,2026-07-18,16,1583.0,75.0,1658.0
2026-07-18 16:45:00,313,22,335,2026-07-18,16,1459.0,71.0,1530.0
2026-07-18 17:00:00,280,21,301,2026-07-18,17,1323.0,67.0,1390.0
2026-07-18 17:15:00,257,11,268,2026-07-18,17,1194.0,67.0,1261.0
2026-07-18 17:30:00,267,9,276,2026-07-18,17,1117.0,63.0,1180.0
2026-07-18 17:45:00,261,11,272,2026-07-18,17,1065.0,52.0,1117.0
2026-07-18 18:00:00,245,18,263,2026-07-18,18,1030.0,49.0,1079.0
2026-07-18 18:15:00,216,13,229,2026-07-18,18,989.0,51.0,1040.0
2026-07-18 18:30:00,182,15,197,2026-07-18,18,904.0,57.0,961.0
2026-07-18 18:45:00,133,15,148,2026-07-18,18,776.0,61.0,837.0
2026-07-18 19:00:00,104,12,116,2026-07-18,19,635.0,55.0,690.0
2026-07-18 19:15:00,98,7,105,2026-07-18,19,517.0,49.0,566.0
2026-07-18 19:30:00,120,8,128,2026-07-18,19,455.0,42.0,497.0
2026-07-18 19:45:00,117,12,129,2026-07-18,19,439.0,39.0,478.0
2026-07-18 20:00:00,101,16,117,2026-07-18,20,436.0,43.0,479.0
2026-07-18 20:15:00,76,8,84,2026-07-18,20,414.0,44.0,458.0
2026-07-18 20:30:00,48,12,60,2026-07-18,20,342.0,48.0,390.0
2026-07-18 20:45:00,27,10,37,2026-07-18,20,252.0,46.0,298.0
2026-07-18 21:00:00,7,16,23,2026-07-18,21,158.0,46.0,204.0
2026-07-18 21:15:00,2,5,7,2026-07-18,21,84.0,43.0,127.0
2026-07-18 21:30:00,2,11,13,2026-07-18,21,38.0,42.0,80.0
2026-07-18 21:45:00,1,9,10,2026-07-18,21,12.0,41.0,53.0
2026-07-18 22:00:00,1,8,9,2026-07-18,22,6.0,33.0,39.0
2026-07-18 22:15:00,0,6,6,2026-07-18,22,4.0,34.0,38.0
2026-07-18 22:30:00,0,4,4,2026-07-18,22,2.0,27.0,29.0
2026-07-18 22:45:00,0,6,6,2026-07-18,22,1.0,24.0,25.0
2026-07-18 23:00:00,0,1,1,2026-07-18,23,0.0,17.0,17.0
2026-07-18 23:15:00,0,0,0,2026-07-18,23,0.0,11.0,11.0
2026-07-18 23:30:00,0,0,0,2026-07-18,23,0.0,7.0,7.0
2026-07-18 23:45:00,1,0,1,2026-07-18,23,1.0,1.0,2.0
2026-07-19 03:00:00,75,88,163,2026-07-19,3,75.0,88.0,163.0
2026-07-19 03:15:00,155,37,192,2026-07-19,3,230.0,125.0,355.0
2026-07-19 03:30:00,279,29,308,2026-07-19,3,509.0,154.0,663.0
2026-07-19 03:45:00,403,30,433,2026-07-19,3,912.0,184.0,1096.0
2026-07-19 04:00:00,522,28,550,2026-07-19,4,1359.0,124.0,1483.0
2026-07-19 04:15:00,556,28,584,2026-07-19,4,1760.0,115.0,1875.0
2026-07-19 04:30:00,622,36,658,2026-07-19,4,2103.0,122.0,2225.0
2026-07-19 04:45:00,660,44,704,2026-07-19,4,2360.0,136.0,2496.0
2026-07-19 05:00:00,684,59,743,2026-07-19,5,2522.0,167.0,2689.0
2026-07-19 05:15:00,608,32,640,2026-07-19,5,2574.0,171.0,2745.0
2026-07-19 05:30:00,558,27,585,2026-07-19,5,2510.0,162.0,2672.0
2026-07-19 05:45:00,427,34,461,2026-07-19,5,2277.0,152.0,2429.0
2026-07-19 06:00:00,429,40,469,2026-07-19,6,2022.0,133.0,2155.0
2026-07-19 06:15:00,421,43,464,2026-07-19,6,1835.0,144.0,1979.0
2026-07-19 06:30:00,448,21,469,2026-07-19,6,1725.0,138.0,1863.0
2026-07-19 06:45:00,402,17,419,2026-07-19,6,1700.0,121.0,1821.0
2026-07-19 07:00:00,368,34,402,2026-07-19,7,1639.0,115.0,1754.0
2026-07-19 07:15:00,373,35,408,2026-07-19,7,1591.0,107.0,1698.0
2026-07-19 07:30:00,335,22,357,2026-07-19,7,1478.0,108.0,1586.0
2026-07-19 07:45:00,332,26,358,2026-07-19,7,1408.0,117.0,1525.0
2026-07-19 08:00:00,402,27,429,2026-07-19,8,1442.0,110.0,1552.0
2026-07-19 08:15:00,462,38,500,2026-07-19,8,1531.0,113.0,1644.0
2026-07-19 08:30:00,493,17,510,2026-07-19,8,1689.0,108.0,1797.0
2026-07-19 08:45:00,502,39,541,2026-07-19,8,1859.0,121.0,1980.0
2026-07-19 09:00:00,563,45,608,2026-07-19,9,2020.0,139.0,2159.0
2026-07-19 09:15:00,579,53,632,2026-07-19,9,2137.0,154.0,2291.0
2026-07-19 09:30:00,659,36,695,2026-07-19,9,2303.0,173.0,2476.0
2026-07-19 09:45:00,632,36,668,2026-07-19,9,2433.0,170.0,2603.0
2026-07-19 10:00:00,646,47,693,2026-07-19,10,2516.0,172.0,2688.0
2026-07-19 10:15:00,584,46,630,2026-07-19,10,2521.0,165.0,2686.0
2026-07-19 10:30:00,532,40,572,2026-07-19,10,2394.0,169.0,2563.0
2026-07-19 10:45:00,553,42,595,2026-07-19,10,2315.0,175.0,2490.0
2026-07-19 11:00:00,596,29,625,2026-07-19,11,2265.0,157.0,2422.0
2026-07-19 11:15:00,574,32,606,2026-07-19,11,2255.0,143.0,2398.0
2026-07-19 11:30:00,568,47,615,2026-07-19,11,2291.0,150.0,2441.0
2026-07-19 11:45:00,532,54,586,2026-07-19,11,2270.0,162.0,2432.0
2026-07-19 12:00:00,540,35,575,2026-07-19,12,2214.0,168.0,2382.0
2026-07-19 12:15:00,539,33,572,2026-07-19,12,2179.0,169.0,2348.0
2026-07-19 12:30:00,488,31,519,2026-07-19,12,2099.0,153.0,2252.0
2026-07-19 12:45:00,410,39,449,2026-07-19,12,1977.0,138.0,2115.0
2026-07-19 13:00:00,391,53,444,2026-07-19,13,1828.0,156.0,1984.0
2026-07-19 13:15:00,393,38,431,2026-07-19,13,1682.0,161.0,1843.0
2026-07-19 13:30:00,425,44,469,2026-07-19,13,1619.0,174.0,1793.0
2026-07-19 13:45:00,491,37,528,2026-07-19,13,1700.0,172.0,1872.0
2026-07-19 14:00:00,497,39,536,2026-07-19,14,1806.0,158.0,1964.0
2026-07-19 14:15:00,470,30,500,2026-07-19,14,1883.0,150.0,2033.0
2026-07-19 14:30:00,462,12,474,2026-07-19,14,1920.0,118.0,2038.0
2026-07-19 14:45:00,477,14,491,2026-07-19,14,1906.0,95.0,2001.0
2026-07-19 15:00:00,553,22,575,2026-07-19,15,1962.0,78.0,2040.0
2026-07-19 15:15:00,559,24,583,2026-07-19,15,2051.0,72.0,2123.0
2026-07-19 15:30:00,534,22,556,2026-07-19,15,2123.0,82.0,2205.0
2026-07-19 15:45:00,531,20,551,2026-07-19,15,2177.0,88.0,2265.0
2026-07-19 16:00:00,460,15,475,2026-07-19,16,2084.0,81.0,2165.0
2026-07-19 16:15:00,396,21,417,2026-07-19,16,1921.0,78.0,1999.0
2026-07-19 16:30:00,327,20,347,2026-07-19,16,1714.0,76.0,1790.0
2026-07-19 16:45:00,333,16,349,2026-07-19,16,1516.0,72.0,1588.0
2026-07-19 17:00:00,377,20,397,2026-07-19,17,1433.0,77.0,1510.0
2026-07-19 17:15:00,406,18,424,2026-07-19,17,1443.0,74.0,1517.0
2026-07-19 17:30:00,357,23,380,2026-07-19,17,1473.0,77.0,1550.0
2026-07-19 17:45:00,356,25,381,2026-07-19,17,1496.0,86.0,1582.0
2026-07-19 18:00:00,395,23,418,2026-07-19,18,1514.0,89.0,1603.0
2026-07-19 18:15:00,374,14,388,2026-07-19,18,1482.0,85.0,1567.0
2026-07-19 18:30:00,371,11,382,2026-07-19,18,1496.0,73.0,1569.0
2026-07-19 18:45:00,348,9,357,2026-07-19,18,1488.0,57.0,1545.0
2026-07-19 19:00:00,285,18,303,2026-07-19,19,1378.0,52.0,1430.0
2026-07-19 19:15:00,285,11,296,2026-07-19,19,1289.0,49.0,1338.0
2026-07-19 19:30:00,237,23,260,2026-07-19,19,1155.0,61.0,1216.0
2026-07-19 19:45:00,201,43,244,2026-07-19,19,1008.0,95.0,1103.0
2026-07-19 20:00:00,159,43,202,2026-07-19,20,882.0,120.0,1002.0
2026-07-19 20:15:00,122,40,162,2026-07-19,20,719.0,149.0,868.0
2026-07-19 20:30:00,92,62,154,2026-07-19,20,574.0,188.0,762.0
2026-07-19 20:45:00,49,57,106,2026-07-19,20,422.0,202.0,624.0
2026-07-19 21:00:00,38,51,89,2026-07-19,21,301.0,210.0,511.0
2026-07-19 21:15:00,25,42,67,2026-07-19,21,204.0,212.0,416.0
2026-07-19 21:30:00,36,56,92,2026-07-19,21,148.0,206.0,354.0
2026-07-19 21:45:00,31,59,90,2026-07-19,21,130.0,208.0,338.0
2026-07-19 22:00:00,21,26,47,2026-07-19,22,113.0,183.0,296.0
2026-07-19 22:15:00,13,19,32,2026-07-19,22,101.0,160.0,261.0
2026-07-19 22:30:00,14,21,35,2026-07-19,22,79.0,125.0,204.0
2026-07-19 22:45:00,5,12,17,2026-07-19,22,53.0,78.0,131.0
2026-07-19 23:00:00,2,6,8,2026-07-19,23,34.0,58.0,92.0
2026-07-19 23:15:00,0,9,9,2026-07-19,23,21.0,48.0,69.0
2026-07-19 23:30:00,0,5,5,2026-07-19,23,7.0,32.0,39.0
2026-07-19 23:45:00,0,3,3,2026-07-19,23,2.0,23.0,25.0
2026-07-20 03:00:00,57,112,169,2026-07-20,3,57.0,112.0,169.0
2026-07-20 03:15:00,102,109,211,2026-07-20,3,159.0,221.0,380.0
2026-07-20 03:30:00,239,28,267,2026-07-20,3,398.0,249.0,647.0
2026-07-20 03:45:00,405,31,436,2026-07-20,3,803.0,280.0,1083.0
2026-07-20 04:00:00,504,24,528,2026-07-20,4,1250.0,192.0,1442.0
2026-07-20 04:15:00,604,35,639,2026-07-20,4,1752.0,118.0,1870.0
2026-07-20 04:30:00,670,54,724,2026-07-20,4,2183.0,144.0,2327.0
2026-07-20 04:45:00,699,49,748,2026-07-20,4,2477.0,162.0,2639.0
2026-07-20 05:00:00,668,56,724,2026-07-20,5,2641.0,194.0,2835.0
2026-07-20 05:15:00,596,41,637,2026-07-20,5,2633.0,200.0,2833.0
2026-07-20 05:30:00,531,27,558,2026-07-20,5,2494.0,173.0,2667.0
2026-07-20 05:45:00,587,53,640,2026-07-20,5,2382.0,177.0,2559.0
2026-07-20 06:00:00,585,50,635,2026-07-20,6,2299.0,171.0,2470.0
2026-07-20 06:15:00,511,53,564,2026-07-20,6,2214.0,183.0,2397.0
2026-07-20 06:30:00,478,20,498,2026-07-20,6,2161.0,176.0,2337.0
2026-07-20 06:45:00,532,30,562,2026-07-20,6,2106.0,153.0,2259.0
2026-07-20 07:00:00,545,20,565,2026-07-20,7,2066.0,123.0,2189.0
2026-07-20 07:15:00,543,28,571,2026-07-20,7,2098.0,98.0,2196.0
2026-07-20 07:30:00,512,21,533,2026-07-20,7,2132.0,99.0,2231.0
2026-07-20 07:45:00,484,20,504,2026-07-20,7,2084.0,89.0,2173.0
2026-07-20 08:00:00,511,28,539,2026-07-20,8,2050.0,97.0,2147.0
2026-07-20 08:15:00,522,35,557,2026-07-20,8,2029.0,104.0,2133.0
2026-07-20 08:30:00,515,22,537,2026-07-20,8,2032.0,105.0,2137.0
2026-07-20 08:45:00,550,32,582,2026-07-20,8,2098.0,117.0,2215.0
2026-07-20 09:00:00,517,27,544,2026-07-20,9,2104.0,116.0,2220.0
2026-07-20 09:15:00,509,39,548,2026-07-20,9,2091.0,120.0,2211.0
2026-07-20 09:30:00,523,42,565,2026-07-20,9,2099.0,140.0,2239.0
2026-07-20 09:45:00,491,35,526,2026-07-20,9,2040.0,143.0,2183.0
2026-07-20 10:00:00,455,39,494,2026-07-20,10,1978.0,155.0,2133.0
2026-07-20 10:15:00,429,55,484,2026-07-20,10,1898.0,171.0,2069.0
2026-07-20 10:30:00,441,38,479,2026-07-20,10,1816.0,167.0,1983.0
2026-07-20 10:45:00,481,42,523,2026-07-20,10,1806.0,174.0,1980.0
2026-07-20 11:00:00,569,40,609,2026-07-20,11,1920.0,175.0,2095.0
2026-07-20 11:15:00,628,37,665,2026-07-20,11,2119.0,157.0,2276.0
2026-07-20 11:30:00,615,46,661,2026-07-20,11,2293.0,165.0,2458.0
2026-07-20 11:45:00,568,47,615,2026-07-20,11,2380.0,170.0,2550.0
2026-07-20 12:00:00,587,47,634,2026-07-20,12,2398.0,177.0,2575.0
2026-07-20 12:15:00,565,36,601,2026-07-20,12,2335.0,176.0,2511.0
2026-07-20 12:30:00,534,47,581,2026-07-20,12,2254.0,177.0,2431.0
2026-07-20 12:45:00,506,40,546,2026-07-20,12,2192.0,170.0,2362.0
2026-07-20 13:00:00,527,28,555,2026-07-20,13,2132.0,151.0,2283.0
2026-07-20 13:15:00,510,25,535,2026-07-20,13,2077.0,140.0,2217.0
2026-07-20 13:30:00,476,34,510,2026-07-20,13,2019.0,127.0,2146.0
2026-07-20 13:45:00,463,37,500,2026-07-20,13,1976.0,124.0,2100.0
2026-07-20 14:00:00,451,21,472,2026-07-20,14,1900.0,117.0,2017.0
2026-07-20 14:15:00,428,35,463,2026-07-20,14,1818.0,127.0,1945.0
2026-07-20 14:30:00,420,33,453,2026-07-20,14,1762.0,126.0,1888.0
2026-07-20 14:45:00,459,28,487,2026-07-20,14,1758.0,117.0,1875.0
2026-07-20 15:00:00,489,32,521,2026-07-20,15,1796.0,128.0,1924.0
2026-07-20 15:15:00,508,27,535,2026-07-20,15,1876.0,120.0,1996.0
2026-07-20 15:30:00,470,31,501,2026-07-20,15,1926.0,118.0,2044.0
2026-07-20 15:45:00,373,29,402,2026-07-20,15,1840.0,119.0,1959.0
2026-07-20 16:00:00,296,17,313,2026-07-20,16,1647.0,104.0,1751.0
2026-07-20 16:15:00,320,18,338,2026-07-20,16,1459.0,95.0,1554.0
2026-07-20 16:30:00,343,18,361,2026-07-20,16,1332.0,82.0,1414.0
2026-07-20 16:45:00,338,13,351,2026-07-20,16,1297.0,66.0,1363.0
2026-07-20 17:00:00,388,19,407,2026-07-20,17,1389.0,68.0,1457.0
2026-07-20 17:15:00,414,16,430,2026-07-20,17,1483.0,66.0,1549.0
2026-07-20 17:30:00,407,9,416,2026-07-20,17,1547.0,57.0,1604.0
2026-07-20 17:45:00,383,12,395,2026-07-20,17,1592.0,56.0,1648.0
2026-07-20 18:00:00,289,37,326,2026-07-20,18,1493.0,74.0,1567.0
2026-07-20 18:15:00,253,17,270,2026-07-20,18,1332.0,75.0,1407.0
2026-07-20 18:30:00,228,18,246,2026-07-20,18,1153.0,84.0,1237.0
2026-07-20 18:45:00,228,38,266,2026-07-20,18,998.0,110.0,1108.0
2026-07-20 19:00:00,202,44,246,2026-07-20,19,911.0,117.0,1028.0
2026-07-20 19:15:00,227,34,261,2026-07-20,19,885.0,134.0,1019.0
2026-07-20 19:30:00,200,33,233,2026-07-20,19,857.0,149.0,1006.0
2026-07-20 19:45:00,190,41,231,2026-07-20,19,819.0,152.0,971.0
2026-07-20 20:00:00,157,45,202,2026-07-20,20,774.0,153.0,927.0
2026-07-20 20:15:00,122,29,151,2026-07-20,20,669.0,148.0,817.0
2026-07-20 20:30:00,89,48,137,2026-07-20,20,558.0,163.0,721.0
2026-07-20 20:45:00,48,40,88,2026-07-20,20,416.0,162.0,578.0
2026-07-20 21:00:00,32,45,77,2026-07-20,21,291.0,162.0,453.0
2026-07-20 21:15:00,7,28,35,2026-07-20,21,176.0,161.0,337.0
2026-07-20 21:30:00,3,29,32,2026-07-20,21,90.0,142.0,232.0
2026-07-20 21:45:00,2,26,28,2026-07-20,21,44.0,128.0,172.0
2026-07-20 22:00:00,1,9,10,2026-07-20,22,13.0,92.0,105.0
2026-07-20 22:15:00,0,8,8,2026-07-20,22,6.0,72.0,78.0
2026-07-20 22:30:00,0,6,6,2026-07-20,22,3.0,49.0,52.0
2026-07-20 22:45:00,1,6,7,2026-07-20,22,2.0,29.0,31.0
2026-07-20 23:00:00,0,12,12,2026-07-20,23,1.0,32.0,33.0
2026-07-20 23:15:00,1,7,8,2026-07-20,23,2.0,31.0,33.0
2026-07-20 23:30:00,0,2,2,2026-07-20,23,2.0,27.0,29.0
2026-07-20 23:45:00,1,2,3,2026-07-20,23,2.0,23.0,25.0
