Arr_Operator,Arr_Aircraft_Type,Arr_Origin/Dest,Arr_Scheduled_Date,Arr_Flight_No,Arr_Flight_Type,Dep_Operator,Dep_Aircraft_Type,Dep_Origin/Dest,Dep_Scheduled_Date,Dep_Flight_No,Dep_Flight_Type,TurnID,seats,slf,DI_arr,DI_dep,ACcode,tow_pen,stand,leg,tow to/from
NPT,73K,EMA,2027-01-02 06:15:00,NPT7224,H,NPT,73K,EMA,2027-01-04 22:55:00,NPT4S,M,T0,0,0.0,DOM,DOM,C,1.0,210-FRT,,
LM,AT7,LSI,2027-01-02 18:30:00,LM353,J,LM,AT7,EXT,2027-01-03 12:05:00,LM315,J,T2,72,0.53,DOM,DOM,C,1.0,5-T1,,
U2,32A,STN,2027-01-03 10:55:00,U2310,J,U2,32A,GVA,2027-01-03 12:00:00,U23295,J,T4,186,0.8,DOM,INT,C,1.0,1A-T1,,
U2,32A,CDG,2027-01-03 11:20:00,U23242,J,U2,32A,BHX,2027-01-03 12:00:00,U2341,J,T5,186,0.8,INT,DOM,C,1.0,15A-T1,,
FR,7M8,GDN,2027-01-03 11:25:00,FR6123,J,FR,7M8,DUB,2027-01-03 12:25:00,FR817,J,T6,197,0.85,INT,IRISH,C,1.0,22-T1,,
SN,319,BRU,2027-01-03 11:30:00,SN2063,J,SN,319,BRU,2027-01-03 12:20:00,SN2064,J,T7,141,0.91,INT,INT,C,1.0,1-T1,,
BA,32Q,LHR,2027-01-03 11:40:00,BA1446,J,BA,32Q,LHR,2027-01-03 12:40:00,BA1447,J,T8,220,0.72,DOM,DOM,C,0.5,4-T1,,
FR,73H,POZ,2027-01-03 11:40:00,FR6619,J,FR,73H,PRG,2027-01-03 13:15:00,FR1054,J,T9,189,0.85,INT,INT,C,1.0,15B-T1,,
EA,AT7,DUB,2027-01-03 11:40:00,EA3252,J,EA,AT7,DUB,2027-01-03 12:20:00,EA3253,J,T10,72,0.77,IRISH,IRISH,C,1.0,7-T1,,
EA,AT7,BHD,2027-01-03 11:50:00,EA3652,J,EA,AT7,BHD,2027-01-03 12:20:00,EA3653,J,T11,72,0.77,NIRISH,NIRISH,C,1.0,6-T1,,
EC,319,AMS,2027-01-03 11:50:00,EC7837,J,EC,319,AMS,2027-01-03 12:20:00,EC7838,J,T12,156,0.83,INT,INT,C,1.0,20-T1,,
LH,32N,FRA,2027-01-03 11:55:00,LH960,J,LH,32N,FRA,2027-01-03 12:40:00,LH961,J,T13,172,0.8,INT,INT,C,1.0,16B-T1,,
FR,7M8,OPO,2027-01-03 11:55:00,FR5680,J,FR,7M8,BUD,2027-01-03 12:30:00,FR1017,J,T14,197,0.85,INT,INT,C,1.0,3-T1,,
U2,32N,GVA,2027-01-03 12:05:00,U23292,J,U2,32N,ATH,2027-01-03 13:00:00,U23237,J,T15,186,0.8,INT,INT,C,1.0,2-T1,,
FR,7M8,VIE,2027-01-03 12:05:00,FR1624,J,FR,7M8,BVA,2027-01-03 13:45:00,FR5591,J,T16,197,0.85,INT,INT,C,1.0,16A-T1,,
U2,32A,KRK,2027-01-03 12:15:00,U23314,J,U2,32N,BFS,2027-01-03 13:10:00,U2331,J,T17,186,0.8,INT,NIRISH,C,1.0,1B-T1,,
U2,32N,INN,2027-01-03 12:30:00,U23308,J,U2,32A,MUC,2027-01-03 13:40:00,U23263,J,T18,186,0.8,INT,INT,C,1.0,1A-T1,,
KL,32Q,AMS,2027-01-03 12:30:00,KL927,J,KL,32Q,AMS,2027-01-03 13:25:00,KL928,J,T19,227,0.74,INT,INT,C,1.0,15A-T1,,
QR,789,DOH,2027-01-03 12:35:00,QR29,J,QR,789,DOH,2027-01-03 14:05:00,QR30,J,T20,311,0.92,INT,INT,E,1.0,18-T1,,
LS,73H,TRN,2027-01-03 12:40:00,LS720,J,LS,73H,FAO,2027-01-03 14:35:00,LS769,J,T21,189,0.87,INT,INT,C,0.8,20-T1,,
EA,AT7,DUB,2027-01-03 12:40:00,EA3254,J,EA,AT7,DUB,2027-01-03 13:10:00,EA3255,J,T22,72,0.77,IRISH,IRISH,C,1.0,1-T1,,
U2,32A,RVN,2027-01-03 12:45:00,U23312,J,U2,32A,PRG,2027-01-03 13:50:00,U23325,J,T23,186,0.8,INT,INT,C,1.0,22-T1,,
U2,32A,LTN,2027-01-03 12:55:00,U2304,J,U2,32Q,CDG,2027-01-03 14:20:00,U23245,J,T24,186,0.8,DOM,INT,C,1.0,6-T1,,
BA,320,LHR,2027-01-03 13:05:00,BA1450,J,BA,320,LHR,2027-01-03 14:35:00,BA1451,J,T25,180,0.72,DOM,DOM,C,0.5,4-T1,,
FR,73H,NRN,2027-01-03 13:10:00,FR5688,J,FR,73H,NRN,2027-01-03 13:35:00,FR5687,J,T26,189,0.85,INT,INT,C,1.0,3-T1,,
FR,7M8,DUB,2027-01-03 13:30:00,FR812,J,FR,7M8,DUB,2027-01-03 13:55:00,FR813,J,T27,197,0.85,IRISH,IRISH,C,1.0,1-T1,,
U2,32Q,KEF,2027-01-03 13:30:00,U23316,J,U2,32A,BFS,2027-01-03 14:35:00,U254,J,T28,235,0.8,INT,NIRISH,C,1.0,2-T1,,
LS,73H,ALC,2027-01-03 13:35:00,LS776,J,LS,73H,PRG,2027-01-03 14:40:00,LS3923,J,T29,189,0.87,INT,INT,C,0.8,16B-T1,,
RK,73H,TIA,2027-01-03 13:35:00,RK8295,J,RK,73H,STN,2027-01-03 15:05:00,RK9816,J,T30,189,0.85,INT,DOM,C,1.0,15B-T1,,
FR,7M8,CPH,2027-01-03 13:40:00,FR2675,J,FR,7M8,ACE,2027-01-03 15:05:00,FR5593,J,T31,197,0.85,INT,INT,C,1.0,406-T1,,
FR,7M8,KUN,2027-01-03 13:40:00,FR2885,J,FR,7M8,TFS,2027-01-03 14:30:00,FR2969,J,T32,197,0.85,INT,INT,C,1.0,1B-T1,,
LS,73H,GVA,2027-01-03 13:45:00,LS780,J,LS,73H,VIE,2027-01-03 14:50:00,LS701,J,T33,189,0.87,INT,INT,C,0.8,15A-T1,,
U2,32A,BFS,2027-01-03 14:05:00,U253,J,U2,32A,STN,2027-01-03 14:40:00,U2313,J,T34,186,0.8,NIRISH,DOM,C,1.0,1A-T1,,
RK,73H,STN,2027-01-03 14:15:00,RK8605,J,RK,73H,BOH,2027-01-03 15:25:00,RK1133,J,T35,189,0.85,DOM,DOM,C,1.0,3-T1,,
EC,32A,LIN,2027-01-03 14:25:00,EC5421,J,EC,32A,LIN,2027-01-03 15:00:00,EC5422,J,T36,186,0.83,INT,INT,C,1.0,19-T1,,
FR,7M8,BCN,2027-01-03 14:25:00,FR6267,J,FR,7M8,DUB,2027-01-03 15:50:00,FR819,J,T37,197,0.85,INT,IRISH,C,1.0,22-T1,,
FR,73H,ALC,2027-01-03 14:30:00,FR5578,J,FR,73H,ALC,2027-01-03 14:55:00,FR5579,J,T38,189,0.85,INT,INT,C,1.0,17-T1,,
U2,319,LGW,2027-01-03 14:30:00,U2809,J,U2,319,LGW,2027-01-03 15:05:00,U2810,J,T39,156,0.8,DOM,DOM,C,1.0,1-T1,,
U2,32Q,LIS,2027-01-03 14:35:00,U23322,J,U2,32Q,BHX,2027-01-03 15:35:00,U2339,J,T40,235,0.8,INT,DOM,C,1.0,16A-T1,,
U2,32A,BHX,2027-01-03 14:50:00,U2342,J,U2,32A,BHD,2027-01-03 15:35:00,U2343,J,T41,186,0.8,DOM,NIRISH,C,1.0,6-T1,,
FR,7M8,DUB,2027-01-03 15:00:00,FR816,J,FR,7M8,OTP,2027-01-03 16:40:00,FR5614,J,T42,197,0.85,IRISH,INT,C,1.0,1B-T1,,
DS,32A,BSL,2027-01-03 15:05:00,DS1231,J,DS,32A,BSL,2027-01-03 15:40:00,DS1232,J,T43,186,0.81,INT,INT,C,1.0,16B-T1,,
EC,32N,AMS,2027-01-03 15:20:00,EC7835,J,EC,32N,AMS,2027-01-03 15:50:00,EC7836,J,T44,186,0.83,INT,INT,C,1.0,17-T1,,
TK,32Q,IST,2027-01-03 15:20:00,TK1345,J,TK,32Q,IST,2027-01-03 16:20:00,TK1346,J,T45,190,0.84,INT,INT,C,1.0,15A-T1,,
FR,7M8,RZE,2027-01-03 15:20:00,FR4536,J,FR,7M8,CIA,2027-01-03 16:50:00,FR5589,J,T46,197,0.85,INT,INT,C,1.0,19-T1,,
U2,32N,BFS,2027-01-03 15:25:00,U2332,J,U2,32N,MAD,2027-01-03 16:00:00,U23209,J,T47,186,0.8,NIRISH,INT,C,1.0,4-T1,,
FR,73H,CRL,2027-01-03 15:40:00,FR7323,J,FR,73H,BER,2027-01-03 16:30:00,FR2376,J,T48,189,0.85,INT,INT,C,1.0,15B-T1,,
BA,32Q,LHR,2027-01-03 15:40:00,BA1452,J,BA,32Q,LHR,2027-01-03 16:30:00,BA1453,J,T49,220,0.72,DOM,DOM,C,0.5,2-T1,,
U2,32A,LTN,2027-01-03 15:40:00,U2603,J,U2,32A,LTN,2027-01-03 16:20:00,U2604,J,T50,186,0.8,DOM,DOM,C,1.0,1A-T1,,
EA,AT7,DUB,2027-01-03 15:45:00,EA3256,J,EA,AT7,DUB,2027-01-03 16:15:00,EA3257,J,T51,72,0.77,IRISH,IRISH,C,1.0,1-T1,,
U2,32A,LGW,2027-01-03 15:50:00,U2811,J,U2,32A,LGW,2027-01-03 16:30:00,U2812,J,T52,180,0.8,DOM,DOM,C,1.0,3-T1,,
AF,223,CDG,2027-01-03 16:05:00,AF1486,J,AF,223,CDG,2027-01-03 17:00:00,AF1487,J,T53,148,0.84,INT,INT,C,1.0,16B-T1,,
KL,32Q,AMS,2027-01-03 16:05:00,KL931,J,KL,32Q,AMS,2027-01-03 17:00:00,KL932,J,T54,227,0.74,INT,INT,C,1.0,16A-T1,,
LM,AT7,EXT,2027-01-03 16:15:00,LM316,J,LM,AT7,LSI,2027-01-03 16:45:00,LM357,J,T55,72,0.53,DOM,DOM,C,1.0,5-T1,,
EA,AT7,BHD,2027-01-03 16:20:00,EA3656,J,EA,AT7,BHD,2027-01-03 16:50:00,EA3657,J,T56,72,0.77,NIRISH,NIRISH,C,1.0,6-T1,,
FR,73H,TFS,2027-01-03 16:20:00,FR2977,J,FR,73H,MXP,2027-01-03 17:10:00,FR7052,J,T57,189,0.85,INT,INT,C,1.0,20-T1,,
FR,7M8,CIA,2027-01-03 16:25:00,FR5590,J,FR,7M8,AGP,2027-01-03 17:05:00,FR5091,J,T58,197,0.85,INT,INT,C,1.0,17-T1,,
U2,32N,BRS,2027-01-03 16:40:00,U2213,J,U2,32N,BRS,2027-01-03 17:10:00,U2214,J,T59,186,0.8,DOM,DOM,C,1.0,1-T1,,
LM,AT7,SOU,2027-01-03 16:45:00,LM326,J,LM,AT7,KOI,2027-01-03 17:20:00,LM397,J,T60,72,0.53,DOM,DOM,C,1.0,4-T1,,
EA,AT7,DUB,2027-01-03 16:50:00,EA3554,J,EA,AT7,DUB,2027-01-03 17:20:00,EA3555,J,T61,72,0.77,IRISH,IRISH,C,1.0,1A-T1,,
TO,73H,ORY,2027-01-03 17:00:00,TO7928,J,TO,73H,ORY,2027-01-03 17:45:00,TO7929,J,T62,189,0.84,INT,INT,C,1.0,15A-T1,,
U2,32A,GVA,2027-01-03 17:20:00,U23296,J,U2,32A,BER,2027-01-03 17:55:00,U23261,J,T63,186,0.8,INT,INT,C,1.0,16B-T1,,
U2,32A,FUE,2027-01-03 17:20:00,U23208,J,U2,32A,CPH,2027-01-03 18:05:00,U23323,J,T64,186,0.8,INT,INT,C,1.0,16A-T1,,
FR,7M8,BVA,2027-01-03 17:30:00,FR5592,J,FR,7M8,GDN,2027-01-03 17:55:00,FR6591,J,T65,197,0.85,INT,INT,C,1.0,22-T1,,
BA,32Q,LHR,2027-01-03 17:40:00,BA1454,J,BA,32Q,LHR,2027-01-03 18:35:00,BA1455,J,T66,220,0.72,DOM,DOM,C,0.5,2-T1,,
LM,AT7,SYY,2027-01-03 17:50:00,LM344,J,LM,AT7,SOU,2027-01-03 18:30:00,LM329,J,T67,72,0.53,DOM,DOM,C,1.0,1B-T1,,
U2,32A,BHD,2027-01-03 17:50:00,U2344,J,U2,32A,AMS,2027-01-03 18:35:00,U23301,J,T68,186,0.8,NIRISH,INT,C,1.0,15B-T1,,
U2,32A,STN,2027-01-03 17:55:00,U2314,J,U2,32A,CDG,2027-01-03 18:40:00,U23243,J,T69,186,0.8,DOM,INT,C,1.0,4-T1,,
CJ,E90,LCY,2027-01-03 18:15:00,CJ8716,J,CJ,E90,LCY,2027-01-03 18:55:00,CJ8709,J,T70,106,0.66,DOM,DOM,C,0.5,5-T1,,
RK,73H,STN,2027-01-03 18:15:00,RK9817,J,RK,73H,STN,2027-01-03 18:40:00,RK9822,J,T71,189,0.85,DOM,DOM,C,1.0,1A-T1,,
FR,73H,PRG,2027-01-03 18:25:00,FR1053,J,FR,73H,CPH,2027-01-03 18:55:00,FR3760,J,T72,189,0.85,INT,INT,C,1.0,15A-T1,,
FR,7M8,DUB,2027-01-03 18:25:00,FR818,J,FR,7M8,KRK,2027-01-03 18:50:00,FR6624,J,T73,197,0.85,IRISH,INT,C,1.0,1-T1,,
SK,319,CPH,2027-01-03 18:25:00,SK2513,J,SK,319,CPH,2027-01-03 19:10:00,SK2514,J,T74,150,0.84,INT,INT,C,1.0,22-T1,,
WK,320,ZRH,2027-01-03 18:25:00,WK292,J,WK,320,ZRH,2027-01-03 19:10:00,WK293,J,T75,180,0.73,INT,INT,C,1.0,100-T1,,
U2,32Q,BHX,2027-01-03 18:30:00,U2340,J,U2,32Q,STN,2027-01-03 19:25:00,U2317,J,T77,235,0.8,DOM,DOM,C,1.0,6-T1,,
EW,32A,DUS,2027-01-03 18:35:00,EW9364,J,EW,32A,DUS,2027-01-03 19:25:00,EW9365,J,T78,180,0.77,INT,INT,C,1.0,8-T1,,
U2,32Q,CDG,2027-01-03 18:45:00,U23246,J,U2,319,LGW,2027-01-03 19:25:00,U2814,J,T79,235,0.8,INT,DOM,C,1.0,7-T1,,
RK,73H,BOH,2027-01-03 18:45:00,RK1132,J,RK,73H,WRO,2027-01-03 19:10:00,RK1159,J,T80,189,0.85,DOM,INT,C,1.0,3-T1,,
FR,7M8,BUD,2027-01-03 18:50:00,FR1018,J,FR,7M8,DUB,2027-01-03 19:15:00,FR809,J,T81,197,0.85,INT,IRISH,C,1.0,16A-T1,,
U2,319,LGW,2027-01-03 18:50:00,U2813,J,U2,32Q,BFS,2027-01-03 19:30:00,U2333,J,T82,156,0.8,DOM,NIRISH,C,1.0,1B-T1,,
FR,7M8,LIS,2027-01-03 18:50:00,FR478,J,FR,7M8,LIS,2027-01-03 19:15:00,FR479,J,T83,197,0.85,INT,INT,C,1.0,16B-T1,,
EK,359,DXB,2027-01-03 18:55:00,EK23,J,EK,359,DXB,2027-01-03 20:50:00,EK24,J,T84,312,0.78,INT,INT,E,1.0,18-T1,,
RK,73H,BFS,2027-01-03 19:00:00,RK5968,J,RK,73H,BFS,2027-01-03 19:20:00,RK5969,J,T85,189,0.85,NIRISH,NIRISH,C,1.0,4-T1,,
U2,32A,MUC,2027-01-03 19:05:00,U23264,J,U2,32A,BRS,2027-01-03 19:45:00,U2323,J,T86,186,0.8,INT,DOM,C,1.0,2-T1,,
U2,32A,PRG,2027-01-03 19:05:00,U23326,J,U2,32A,BHX,2027-01-03 19:35:00,U2337,J,T87,186,0.8,INT,DOM,C,1.0,15B-T1,,
EW,319,CGN,2027-01-03 19:05:00,EW362,J,EW,319,CGN,2027-01-03 19:45:00,EW363,J,T88,150,0.77,INT,INT,C,1.0,20-T1,,
EW,32A,STR,2027-01-03 19:05:00,EW2480,J,EW,32A,STR,2027-01-03 19:45:00,EW2481,J,T89,180,0.77,INT,INT,C,1.0,1A-T1,,
EA,AT7,BHD,2027-01-03 19:30:00,EA3658,J,EA,AT7,BHD,2027-01-03 20:00:00,EA3659,J,T90,72,0.77,NIRISH,NIRISH,C,1.0,5-T1,,
BA,32N,LHR,2027-01-03 19:35:00,BA1458,J,BA,32N,LHR,2027-01-03 20:30:00,BA1459,J,T91,180,0.72,DOM,DOM,C,0.5,3-T1,,
VY,32N,BCN,2027-01-03 19:40:00,VY7752,J,VY,32N,BCN,2027-01-03 20:20:00,VY7753,J,T92,186,0.83,INT,INT,C,1.0,16B-T1,,
KL,E7W,AMS,2027-01-03 20:00:00,KL929,J,KL,E7W,AMS,2027-01-03 20:30:00,KL930,J,T93,88,0.74,INT,INT,C,1.0,16A-T1,,
U2,319,LTN,2027-01-03 20:05:00,U2605,J,U2,319,LTN,2027-01-03 20:40:00,U2606,J,T94,156,0.8,DOM,DOM,C,1.0,1B-T1,,
U2,32A,LGW,2027-01-03 20:05:00,U2815,J,U2,32A,LGW,2027-01-03 20:45:00,U2816,J,T95,180,0.8,DOM,DOM,C,1.0,4-T1,,
LM,AT7,KOI,2027-01-03 20:10:00,LM398,J,LM,AT7,LSI,2027-01-04 06:50:00,LM353,J,T96,72,0.53,DOM,DOM,C,1.0,8-T1,,
LM,AT7,LSI,2027-01-03 20:10:00,LM356,J,LM,AT7,SOU,2027-01-04 06:40:00,LM321,J,T97,72,0.53,DOM,DOM,C,1.0,36-T1,,
EA,AT7,DUB,2027-01-03 20:15:00,EA3258,J,EA,AT7,DUB,2027-01-03 20:45:00,EA3259,J,T99,72,0.77,IRISH,IRISH,C,1.0,1-T1,,
LS,73H,PRG,2027-01-03 20:25:00,LS3924,J,LS,73H,AGP,2027-01-04 09:15:00,LS759,J,T101,189,0.87,INT,INT,C,0.8,106-T1,,
U2,32N,SEN,2027-01-03 20:30:00,U2983,J,U2,32N,SEN,2027-01-03 21:00:00,U2984,J,T103,186,0.8,DOM,DOM,C,1.0,6-T1,,
BA,32N,LHR,2027-01-03 20:40:00,BA1460,J,BA,32N,LHR,2027-01-04 05:50:00,BA1461,J,T104,180,0.72,DOM,DOM,C,0.5,15B-T1,,
U2,32N,BRS,2027-01-03 20:50:00,U2215,J,U2,32N,BRS,2027-01-03 21:20:00,U2216,J,T105,186,0.8,DOM,DOM,C,1.0,3-T1,,
FR,73H,BGY,2027-01-03 21:15:00,FR3657,J,FR,73H,BGY,2027-01-03 21:40:00,FR3658,J,T106,189,0.85,INT,INT,C,1.0,22-T1,,
FR,73H,BER,2027-01-03 21:15:00,FR2377,J,FR,73H,DUB,2027-01-03 21:40:00,FR823,J,T108,189,0.85,INT,IRISH,C,1.0,17-T1,,
FR,7M8,DUB,2027-01-03 21:50:00,FR808,J,FR,7M8,SNN,2027-01-03 23:10:00,FR1677,J,T110,197,0.85,IRISH,IRISH,C,1.0,1B-T1,,
RK,73H,STN,2027-01-03 21:50:00,RK9823,J,RK,73H,STN,2027-01-04 07:10:00,RK1274,J,T111,189,0.85,DOM,DOM,C,1.0,405-T1,,
U2,32Q,BFS,2027-01-03 21:55:00,U2334,J,U2,32A,STN,2027-01-04 06:10:00,U2309,J,T112,235,0.8,NIRISH,DOM,C,1.0,6-T1,,
U2,32N,ATH,2027-01-03 22:15:00,U23238,J,U2,32A,GVA,2027-01-04 06:20:00,U23291,J,T113,186,0.8,INT,INT,C,1.0,3-T1,,
U2,32A,AMS,2027-01-03 22:15:00,U23302,J,U2,32Q,CDG,2027-01-04 06:25:00,U23245,J,T114,186,0.8,INT,INT,C,1.0,2-T1,,
AF,223,CDG,2027-01-03 22:15:00,AF1886,J,AF,223,CDG,2027-01-04 05:50:00,AF1887,J,T115,148,0.84,INT,INT,C,1.0,15A-T1,,
U2,32A,BHX,2027-01-03 22:20:00,U2338,J,U2,32A,BHX,2027-01-04 06:40:00,U2337,J,T116,186,0.8,DOM,DOM,C,1.0,104-T1,,
U2,32A,CPH,2027-01-03 22:25:00,U23324,J,U2,32A,TOS,2027-01-04 06:45:00,U23215,J,T117,186,0.8,INT,INT,C,1.0,1-T1,,
LM,AT7,SOU,2027-01-03 22:30:00,LM328,J,LM,AT7,KOI,2027-01-04 07:00:00,LM391,J,T119,72,0.53,DOM,DOM,C,1.0,5-T1,,
FR,73H,MXP,2027-01-03 22:40:00,FR7053,J,FR,73H,ORK,2027-01-03 23:25:00,FR3740,J,T120,189,0.85,INT,IRISH,C,1.0,22-T1,,
U2,32Q,STN,2027-01-03 22:40:00,U2318,J,U2,32A,BFS,2027-01-04 06:45:00,U2327,J,T121,235,0.8,DOM,NIRISH,C,1.0,1A-T1,,
FR,7M8,SNN,2027-01-03 22:45:00,FR1676,J,FR,7M8,TFS,2027-01-04 06:05:00,FR2969,J,T123,197,0.85,IRISH,INT,C,1.0,404-T1,,
U2,32A,BRS,2027-01-03 22:45:00,U2324,J,U2,32A,LTN,2027-01-04 07:00:00,U2301,J,T124,186,0.8,DOM,DOM,C,1.0,407-T1,,
U2,32N,MAD,2027-01-03 22:50:00,U23210,J,U2,32A,LGW,2027-01-04 07:00:00,U2860,J,T125,186,0.8,INT,DOM,C,1.0,403-T1,,
U2,32A,CDG,2027-01-03 22:55:00,U23244,J,U2,32Q,PRG,2027-01-04 07:20:00,U23325,J,T126,186,0.8,INT,INT,C,1.0,29-T1,,
FR,73H,ORK,2027-01-03 23:00:00,FR3739,J,FR,73H,BER,2027-01-04 07:05:00,FR2376,J,T127,189,0.85,IRISH,INT,C,1.0,103-T1,,
KL,32Q,AMS,2027-01-03 23:10:00,KL933,J,KL,32Q,AMS,2027-01-04 05:40:00,KL922,J,T129,227,0.74,INT,INT,C,1.0,4-T1,,
FR,7M8,GDN,2027-01-03 23:15:00,FR6590,J,FR,7M8,SOF,2027-01-04 06:05:00,FR5160,J,T131,197,0.85,INT,INT,C,1.0,406-T1,,
FR,73H,DUB,2027-01-04 00:15:00,FR822,J,FR,73H,CRL,2027-01-04 07:35:00,FR7322,J,T133,189,0.85,IRISH,INT,C,1.0,1B-T1,,
FR,7M8,OTP,2027-01-04 00:20:00,FR5615,J,FR,7M8,OPO,2027-01-04 06:10:00,FR5679,J,T134,197,0.85,INT,INT,C,1.0,16B-T1,,
FR,7M8,AGP,2027-01-04 00:25:00,FR5664,J,FR,7M8,BCN,2027-01-04 06:25:00,FR6266,J,T135,197,0.85,INT,INT,C,1.0,22-T1,,
FR,7M8,TFS,2027-01-04 00:40:00,FR2970,J,FR,7M8,VIE,2027-01-04 06:30:00,FR1625,J,T137,197,0.85,INT,INT,C,1.0,20-T1,,
FR,7M8,KRK,2027-01-04 00:55:00,FR359,J,FR,7M8,SVQ,2027-01-04 07:20:00,FR6760,J,T139,197,0.85,INT,INT,C,1.0,16A-T1,,
MUK,76X,EMA,2027-01-04 05:30:00,MUK6566,F,MUK,76X,EMA,2027-01-04 20:10:00,MUK6565,F,T140,0,0.0,DOM,DOM,D,1.0,211-FRT,,
QR,789,DOH,2027-01-04 06:00:00,QR31,J,QR,789,DOH,2027-01-04 07:30:00,QR32,J,T141,311,0.92,INT,INT,E,1.0,18-T1,,
D0,75C,LEJ,2027-01-04 06:05:00,D02134,F,D0,75C,LEJ,2027-01-04 20:10:00,D02135,F,T142,0,0.0,INT,INT,D,1.0,212-FRT,,
HU,333,PEK,2027-01-04 06:35:00,HU407,J,HU,333,PEK,2027-01-04 10:50:00,HU408,J,T143,292,0.78,INT,INT,E,1.0,15-T1,,
FR,73H,CRL,2027-01-04 07:10:00,FR7323,J,FR,73H,VCE,2027-01-04 07:40:00,FR1652,J,T144,189,0.85,INT,INT,C,1.0,20-T1,,
FR,7M8,DUB,2027-01-04 07:10:00,FR818,J,FR,7M8,DUB,2027-01-04 07:35:00,FR819,J,T145,197,0.85,IRISH,IRISH,C,1.0,1-T1,,
EC,32N,AMS,2027-01-04 07:40:00,EC7835,J,EC,32N,AMS,2027-01-04 08:30:00,EC7836,J,T146,186,0.83,INT,INT,C,1.0,22-T1,,
FR,73H,KUN,2027-01-04 07:50:00,FR2885,J,FR,73H,KUN,2027-01-04 08:15:00,FR2886,J,T147,189,0.85,INT,INT,C,1.0,17-T1,,
EA,AT7,BHD,2027-01-04 07:55:00,EA3650,J,EA,AT7,BHD,2027-01-04 08:25:00,EA3651,J,T148,72,0.77,NIRISH,NIRISH,C,1.0,5-T1,,
EA,AT7,DUB,2027-01-04 07:55:00,EA3250,J,EA,AT7,DUB,2027-01-04 08:30:00,EA3251,J,T149,72,0.77,IRISH,IRISH,C,1.0,1B-T1,,
UA,75W,EWR,2027-01-04 07:55:00,UA36,J,UA,75W,EWR,2027-01-04 09:25:00,UA37,J,T150,176,0.93,INT,INT,D,1.0,3-T1,,
BA,32N,LHR,2027-01-04 08:05:00,BA1438,J,BA,32N,LHR,2027-01-04 08:55:00,BA1439,J,T151,180,0.72,DOM,DOM,C,0.5,20-T1,,
FR,73H,BUD,2027-01-04 08:25:00,FR1018,J,FR,73H,BUD,2027-01-04 08:50:00,FR1017,J,T152,189,0.85,INT,INT,C,1.0,19-T1,,
EA,AT7,DUB,2027-01-04 08:30:00,EA3552,J,EA,AT7,DUB,2027-01-04 09:15:00,EA3553,J,T153,72,0.77,IRISH,IRISH,C,1.0,1-T1,,
EA,AT7,DUB,2027-01-04 08:55:00,EA3550,J,EA,AT7,DUB,2027-01-04 09:30:00,EA3551,J,T154,72,0.77,IRISH,IRISH,C,1.0,5-T1,,
U2,32A,BFS,2027-01-04 09:00:00,U2328,J,U2,32A,LDY,2027-01-04 09:50:00,U2307,J,T155,186,0.8,NIRISH,DOM,C,1.0,16B-T1,,
FR,73H,BGY,2027-01-04 09:00:00,FR9009,J,FR,73H,BGY,2027-01-04 09:25:00,FR9008,J,T156,189,0.85,INT,INT,C,1.0,22-T1,,
BA,320,LHR,2027-01-04 09:05:00,BA1440,J,BA,320,LHR,2027-01-04 09:55:00,BA1441,J,T157,180,0.72,DOM,DOM,C,0.5,4-T1,,
AA,32Q,PHL,2027-01-04 09:05:00,AA278,J,AA,32Q,PHL,2027-01-04 11:05:00,AA279,J,T158,155,0.95,INT,INT,C,1.0,102-T1,,
U2,32Q,BRS,2027-01-04 09:15:00,U2211,J,U2,32Q,BRS,2027-01-04 09:55:00,U2212,J,T159,235,0.8,DOM,DOM,C,1.0,1B-T1,,
U2,32A,BHX,2027-01-04 09:25:00,U2338,J,U2,32A,STN,2027-01-04 09:55:00,U2311,J,T160,186,0.8,DOM,DOM,C,1.0,6-T1,,
U2,32A,STN,2027-01-04 09:25:00,U2310,J,U2,32A,GVA,2027-01-04 10:10:00,U23293,J,T161,186,0.8,DOM,INT,C,1.0,1A-T1,,
FR,73H,MAD,2027-01-04 09:35:00,FR188,J,FR,73H,MAD,2027-01-04 10:00:00,FR189,J,T162,189,0.85,INT,INT,C,1.0,16A-T1,,
TK,32Q,IST,2027-01-04 09:40:00,TK1343,J,TK,32Q,IST,2027-01-04 10:40:00,TK1344,J,T163,190,0.84,INT,INT,C,1.0,1-T1,,
DL,764,JFK,2027-01-04 09:40:00,DL208,J,DL,764,JFK,2027-01-04 11:35:00,DL209,J,T164,238,0.88,INT,INT,D,1.0,18-T1,,
FR,7M8,FAO,2027-01-04 09:40:00,FR5668,J,FR,7M8,FAO,2027-01-04 10:05:00,FR5667,J,T165,197,0.85,INT,INT,C,1.0,20-T1,,
AY,E90,HEL,2027-01-04 09:40:00,AY1371,J,AY,E90,HEL,2027-01-04 10:25:00,AY1372,J,T166,100,0.61,INT,INT,C,1.0,103-T1,,
LM,AT7,KOI,2027-01-04 09:50:00,LM392,J,LM,AT7,SOU,2027-01-04 13:00:00,LM325,J,T167,72,0.53,DOM,DOM,C,1.0,106-T1,,
D8,7M8,CPH,2027-01-04 10:00:00,D83502,J,D8,7M8,CPH,2027-01-04 10:40:00,D83503,J,T168,189,0.82,INT,INT,C,1.0,22-T1,,
U2,32N,LTN,2027-01-04 10:05:00,U2302,J,U2,32A,CPH,2027-01-04 11:10:00,U23323,J,T169,186,0.8,DOM,INT,C,1.0,3-T1,,
BA,320,LHR,2027-01-04 10:10:00,BA1442,J,BA,320,LHR,2027-01-04 11:15:00,BA1443,J,T170,180,0.72,DOM,DOM,C,0.5,2-T1,,
KL,73H,AMS,2027-01-04 10:10:00,KL925,J,KL,73H,AMS,2027-01-04 11:00:00,KL926,J,T171,186,0.74,INT,INT,C,1.0,16B-T1,,
CJ,E90,LCY,2027-01-04 10:15:00,CJ8702,J,CJ,E90,LCY,2027-01-04 10:50:00,CJ8715,J,T172,106,0.66,DOM,DOM,C,0.5,4-T1,,
LM,AT7,LSI,2027-01-04 10:15:00,LM352,J,LM,AT7,SYY,2027-01-04 14:00:00,LM343,J,T173,72,0.53,DOM,DOM,C,1.0,8-T1,,
RK,73H,STN,2027-01-04 10:20:00,RK1273,J,RK,73H,BFS,2027-01-04 10:55:00,RK179,J,T174,189,0.85,DOM,NIRISH,C,1.0,1B-T1,,
AF,223,CDG,2027-01-04 10:30:00,AF1686,J,AF,223,CDG,2027-01-04 11:30:00,AF1687,J,T175,148,0.84,INT,INT,C,1.0,16A-T1,,
RK,73H,BFS,2027-01-04 10:30:00,RK178,J,RK,73H,STN,2027-01-04 11:35:00,RK9816,J,T176,189,0.85,NIRISH,DOM,C,1.0,6-T1,,
LM,AT7,SOU,2027-01-04 10:40:00,LM322,J,LM,AT7,EXT,2027-01-04 11:00:00,LM315,J,T177,72,0.53,DOM,DOM,C,1.0,5-T1,,
U2,32A,LGW,2027-01-04 10:40:00,U2861,J,U2,32Q,MAD,2027-01-04 11:40:00,U23209,J,T178,186,0.8,DOM,INT,C,1.0,1A-T1,,
PC,32Q,SAW,2027-01-04 10:50:00,PC1187,J,PC,32Q,SAW,2027-01-04 11:55:00,PC1188,J,T179,239,0.88,INT,INT,C,1.0,20-T1,,
U2,32Q,CDG,2027-01-04 10:55:00,U23246,J,U2,32A,BFS,2027-01-04 12:05:00,U252,J,T180,235,0.8,INT,NIRISH,C,1.0,405-T1,,
RK,73H,BOH,2027-01-04 11:05:00,RK1132,J,RK,73H,STN,2027-01-04 13:50:00,RK8604,J,T181,189,0.85,DOM,DOM,C,1.0,407-T1,,
FR,73H,GDN,2027-01-04 11:15:00,FR6123,J,FR,73H,GDN,2027-01-04 11:40:00,FR6124,J,T182,189,0.85,INT,INT,C,1.0,1-T1,,
EC,32N,AMS,2027-01-04 11:30:00,EC7837,J,EC,32N,AMS,2027-01-04 12:05:00,EC7838,J,T183,186,0.83,INT,INT,C,1.0,22-T1,,
U2,32A,BFS,2027-01-04 11:35:00,U251,J,U2,32A,BER,2027-01-04 12:45:00,U23261,J,T184,186,0.8,NIRISH,INT,C,1.0,3-T1,,
EA,AT7,DUB,2027-01-04 11:40:00,EA3252,J,EA,AT7,BHD,2027-01-04 12:20:00,EA3653,J,T185,72,0.77,IRISH,NIRISH,C,1.0,1B-T1,,
U2,32A,GVA,2027-01-04 11:45:00,U23292,J,U2,32A,LTN,2027-01-04 12:50:00,U2305,J,T186,186,0.8,INT,DOM,C,1.0,4-T1,,
EA,AT7,BHD,2027-01-04 11:50:00,EA3652,J,EA,AT7,DUB,2027-01-04 12:20:00,EA3253,J,T187,72,0.77,NIRISH,IRISH,C,1.0,5-T1,,
FR,73H,BER,2027-01-04 11:50:00,FR2377,J,FR,73H,DUB,2027-01-04 12:15:00,FR817,J,T188,189,0.85,INT,IRISH,C,1.0,16A-T1,,
LH,32N,FRA,2027-01-04 11:55:00,LH960,J,LH,32N,FRA,2027-01-04 12:40:00,LH961,J,T189,172,0.8,INT,INT,C,1.0,2-T1,,
U2,32N,LGW,2027-01-04 12:05:00,U2804,J,U2,32N,BHX,2027-01-04 12:50:00,U26642,J,T190,186,0.8,DOM,DOM,C,1.0,19-T1,,
BA,32Q,LHR,2027-01-04 12:10:00,BA1446,J,BA,32Q,LHR,2027-01-04 13:05:00,BA1447,J,T191,220,0.72,DOM,DOM,C,0.5,16B-T1,,
U2,32A,LDY,2027-01-04 12:10:00,U2308,J,U2,32N,TFS,2027-01-04 13:05:00,U23231,J,T192,186,0.8,DOM,INT,C,1.0,17-T1,,
FR,7M8,OPO,2027-01-04 12:10:00,FR5680,J,FR,7M8,BVA,2027-01-04 12:45:00,FR5591,J,T193,197,0.85,INT,INT,C,1.0,1A-T1,,
FR,7M8,BGY,2027-01-04 12:15:00,FR3657,J,FR,7M8,ORK,2027-01-04 13:00:00,FR3732,J,T194,197,0.85,INT,IRISH,C,1.0,20-T1,,
FR,7M8,VIE,2027-01-04 12:20:00,FR1624,J,FR,7M8,RZE,2027-01-04 13:15:00,FR4535,J,T195,197,0.85,INT,INT,C,1.0,1-T1,,
U2,32N,BHX,2027-01-04 12:20:00,U26641,J,U2,32Q,KRK,2027-01-04 13:35:00,U23313,J,T196,186,0.8,DOM,INT,C,1.0,6-T1,,
FR,7M8,BCN,2027-01-04 12:35:00,FR6267,J,FR,7M8,POZ,2027-01-04 13:20:00,FR6618,J,T197,197,0.85,INT,INT,C,1.0,22-T1,,
QR,789,DOH,2027-01-04 12:35:00,QR29,J,QR,789,DOH,2027-01-04 14:05:00,QR30,J,T198,311,0.92,INT,INT,E,1.0,15-T1,,
EA,AT7,DUB,2027-01-04 12:40:00,EA3254,J,EA,AT7,DUB,2027-01-04 13:10:00,EA3255,J,T199,72,0.77,IRISH,IRISH,C,1.0,5-T1,,
U2,32Q,PRG,2027-01-04 12:50:00,U23326,J,U2,32N,RAK,2027-01-04 13:55:00,U23223,J,T200,235,0.8,INT,INT,C,1.0,16A-T1,,
DY,73H,OSL,2027-01-04 12:55:00,DY1640,J,DY,73H,OSL,2027-01-04 13:35:00,DY1641,J,T201,186,0.86,INT,INT,C,1.0,1B-T1,,
U2,32A,STN,2027-01-04 13:10:00,U2312,J,U2,32A,BHD,2027-01-04 14:00:00,U2343,J,T202,186,0.8,DOM,NIRISH,C,1.0,19-T1,,
FR,73H,KRK,2027-01-04 13:20:00,FR6625,J,FR,73H,DUB,2027-01-04 13:45:00,FR809,J,T203,189,0.85,INT,IRISH,C,1.0,1A-T1,,
BA,320,LHR,2027-01-04 13:25:00,BA1448,J,BA,320,LHR,2027-01-04 14:10:00,BA1449,J,T204,180,0.72,DOM,DOM,C,0.5,16B-T1,,
U2,32A,TOS,2027-01-04 13:25:00,U23216,J,U2,32N,NBE,2027-01-04 15:15:00,U23329,J,T205,186,0.8,INT,INT,C,1.0,20-T1,,
FR,73H,VCE,2027-01-04 13:25:00,FR1653,J,FR,73H,NOC,2027-01-04 14:15:00,FR890,J,T206,189,0.85,INT,IRISH,C,1.0,17-T1,,
FR,7M8,SNN,2027-01-04 13:35:00,FR1676,J,FR,7M8,SNN,2027-01-04 14:00:00,FR3599,J,T207,197,0.85,IRISH,IRISH,C,1.0,1-T1,,
LG,295,LUX,2027-01-04 13:35:00,LG4731,J,LG,295,LUX,2027-01-04 15:25:00,LG4732,J,T208,136,0.79,INT,INT,C,1.0,3-T1,,
EC,32A,LIN,2027-01-04 13:40:00,EC5421,J,EC,32A,LIN,2027-01-04 14:15:00,EC5422,J,T209,186,0.83,INT,INT,C,1.0,4-T1,,
FR,7M8,SOF,2027-01-04 13:50:00,FR5161,J,FR,7M8,MLA,2027-01-04 14:55:00,FR6695,J,T210,197,0.85,INT,INT,C,1.0,2-T1,,
EC,32A,CDG,2027-01-04 13:55:00,EC4689,J,EC,32A,CDG,2027-01-04 14:35:00,EC4690,J,T211,186,0.83,INT,INT,C,1.0,22-T1,,
FR,7M8,SVQ,2027-01-04 14:20:00,FR6761,J,FR,7M8,NAP,2027-01-04 16:20:00,FR7409,J,T212,197,0.85,INT,INT,C,1.0,19-T1,,
DS,32A,BSL,2027-01-04 14:35:00,DS1231,J,DS,32A,BSL,2027-01-04 15:15:00,DS1232,J,T213,186,0.81,INT,INT,C,1.0,16A-T1,,
RK,73H,STN,2027-01-04 14:45:00,RK9817,J,RK,73H,AGA,2027-01-04 15:35:00,RK861,J,T214,189,0.85,DOM,INT,C,1.0,1B-T1,,
FR,73H,DUB,2027-01-04 14:50:00,FR816,J,FR,73H,CIA,2027-01-04 16:10:00,FR5589,J,T215,189,0.85,IRISH,INT,C,1.0,1-T1,,
U2,32A,BRS,2027-01-04 15:00:00,U2215,J,U2,32A,ZRH,2027-01-04 15:30:00,U22755,J,T216,186,0.8,DOM,INT,C,1.0,1A-T1,,
SN,319,BRU,2027-01-04 15:00:00,SN2063,J,SN,319,BRU,2027-01-04 15:50:00,SN2064,J,T217,141,0.91,INT,INT,C,1.0,15A-T1,,
LM,AT7,EXT,2027-01-04 15:10:00,LM316,J,LM,AT7,LSI,2027-01-04 16:45:00,LM357,J,T218,72,0.53,DOM,DOM,C,1.0,403-T1,,
TO,73H,ORY,2027-01-04 15:10:00,TO7928,J,TO,73H,ORY,2027-01-04 15:55:00,TO7929,J,T219,189,0.84,INT,INT,C,1.0,22-T1,,
U2,32A,GVA,2027-01-04 15:20:00,U23294,J,U2,32A,BFS,2027-01-04 16:00:00,U2331,J,T220,186,0.8,INT,NIRISH,C,1.0,15B-T1,,
TK,32Q,IST,2027-01-04 15:20:00,TK1345,J,TK,32Q,IST,2027-01-04 16:20:00,TK1346,J,T221,190,0.84,INT,INT,C,1.0,16B-T1,,
BA,320,LHR,2027-01-04 15:20:00,BA1450,J,BA,320,LHR,2027-01-04 16:05:00,BA1451,J,T222,180,0.72,DOM,DOM,C,0.5,4-T1,,
CJ,E90,LCY,2027-01-04 15:25:00,CJ8716,J,CJ,E90,LCY,2027-01-04 16:00:00,CJ8707,J,T223,106,0.66,DOM,DOM,C,0.5,2-T1,,
U2,32A,CPH,2027-01-04 15:30:00,U23324,J,U2,32A,STN,2027-01-04 16:05:00,U2313,J,T224,186,0.8,INT,DOM,C,1.0,17-T1,,
EA,AT7,DUB,2027-01-04 15:45:00,EA3256,J,EA,AT7,DUB,2027-01-04 16:15:00,EA3257,J,T225,72,0.77,IRISH,IRISH,C,1.0,5-T1,,
U2,32A,LTN,2027-01-04 15:45:00,U2306,J,U2,32A,NCE,2027-01-04 16:20:00,U23251,J,T226,186,0.8,DOM,INT,C,1.0,6-T1,,
FR,7M8,ORK,2027-01-04 16:05:00,FR3731,J,FR,7M8,AGP,2027-01-04 16:55:00,FR5091,J,T227,197,0.85,IRISH,INT,C,1.0,1B-T1,,
KL,32Q,AMS,2027-01-04 16:05:00,KL931,J,KL,32Q,AMS,2027-01-04 17:00:00,KL932,J,T228,227,0.74,INT,INT,C,1.0,16A-T1,,
AF,223,CDG,2027-01-04 16:05:00,AF1486,J,AF,223,CDG,2027-01-04 17:00:00,AF1487,J,T229,148,0.84,INT,INT,C,1.0,20-T1,,
U2,32A,BHD,2027-01-04 16:15:00,U2344,J,U2,32A,GVA,2027-01-04 16:50:00,U23295,J,T230,186,0.8,NIRISH,INT,C,1.0,22-T1,,
FR,7M8,TFS,2027-01-04 16:15:00,FR2977,J,FR,7M8,OTP,2027-01-04 17:05:00,FR5614,J,T231,197,0.85,INT,INT,C,1.0,15A-T1,,
BA,32Q,LHR,2027-01-04 16:20:00,BA1452,J,BA,32Q,LHR,2027-01-04 17:30:00,BA1453,J,T232,220,0.72,DOM,DOM,C,0.5,2-T1,,
U2,319,LGW,2027-01-04 16:20:00,U2811,J,U2,319,LGW,2027-01-04 16:50:00,U2812,J,T233,156,0.8,DOM,DOM,C,1.0,15B-T1,,
FR,73H,DUB,2027-01-04 16:20:00,FR808,J,FR,73H,DUB,2027-01-04 17:10:00,FR813,J,T234,189,0.85,IRISH,IRISH,C,1.0,1A-T1,,
EA,AT7,BHD,2027-01-04 16:20:00,EA3656,J,EA,AT7,BHD,2027-01-04 16:50:00,EA3657,J,T235,72,0.77,NIRISH,NIRISH,C,1.0,3-T1,,
FR,7M8,BVA,2027-01-04 16:30:00,FR5592,J,FR,7M8,BCN,2027-01-04 17:20:00,FR6274,J,T236,197,0.85,INT,INT,C,1.0,17-T1,,
LM,AT7,SYY,2027-01-04 16:45:00,LM344,J,LM,AT7,KOI,2027-01-04 17:20:00,LM397,J,T237,72,0.53,DOM,DOM,C,1.0,5-T1,,
U2,32N,BRS,2027-01-04 16:50:00,U2219,J,U2,32N,BRS,2027-01-04 17:20:00,U2220,J,T238,186,0.8,DOM,DOM,C,1.0,6-T1,,
EA,AT7,DUB,2027-01-04 16:50:00,EA3554,J,EA,AT7,DUB,2027-01-04 17:20:00,EA3555,J,T239,72,0.77,IRISH,IRISH,C,1.0,405-T1,,
LM,AT7,SOU,2027-01-04 17:00:00,LM326,J,LM,AT7,SOU,2027-01-04 17:40:00,LM329,J,T240,72,0.53,DOM,DOM,C,1.0,4-T1,,
FR,73H,NOC,2027-01-04 17:00:00,FR891,J,FR,73H,BGY,2027-01-04 17:25:00,FR3646,J,T241,189,0.85,IRISH,INT,C,1.0,1-T1,,
RK,73H,STN,2027-01-04 17:00:00,RK8605,J,RK,73H,ALC,2027-01-04 17:50:00,RK5579,J,T243,189,0.85,DOM,INT,C,1.0,19-T1,,
BA,320,LHR,2027-01-04 17:25:00,BA1454,J,BA,320,LHR,2027-01-04 18:25:00,BA1455,J,T244,180,0.72,DOM,DOM,C,0.5,3-T1,,
FR,73H,PRG,2027-01-04 17:30:00,FR1053,J,FR,73H,PRG,2027-01-04 17:55:00,FR1054,J,T245,189,0.85,INT,INT,C,1.0,15A-T1,,
EC,32N,MXP,2027-01-04 17:30:00,EC3933,J,EC,32N,MXP,2027-01-04 18:00:00,EC3934,J,T246,186,0.83,INT,INT,C,1.0,15B-T1,,
AY,E90,HEL,2027-01-04 17:50:00,AY1373,J,AY,E90,HEL,2027-01-04 18:35:00,AY1374,J,T247,100,0.61,INT,INT,C,1.0,2-T1,,
EW,32N,DUS,2027-01-04 17:55:00,EW9364,J,EW,32N,DUS,2027-01-04 18:40:00,EW9365,J,T248,180,0.77,INT,INT,C,1.0,22-T1,,
U2,32A,BER,2027-01-04 17:55:00,U23262,J,U2,32A,BHX,2027-01-04 18:35:00,U2339,J,T249,186,0.8,INT,DOM,C,1.0,20-T1,,
U2,32A,BFS,2027-01-04 18:15:00,U2332,J,U2,32Q,AMS,2027-01-04 18:45:00,U23301,J,T250,186,0.8,NIRISH,INT,C,1.0,1B-T1,,
SK,319,CPH,2027-01-04 18:25:00,SK2513,J,SK,319,CPH,2027-01-04 19:10:00,SK2514,J,T251,150,0.84,INT,INT,C,1.0,15A-T1,,
U2,32Q,MAD,2027-01-04 18:30:00,U23210,J,U2,32Q,CDG,2027-01-04 19:15:00,U23243,J,T252,235,0.8,INT,INT,C,1.0,15B-T1,,
BA,320,LHR,2027-01-04 18:30:00,BA1456,J,BA,320,LHR,2027-01-04 19:20:00,BA1457,J,T253,180,0.72,DOM,DOM,C,0.5,4-T1,,
FR,7M8,POZ,2027-01-04 18:35:00,FR6619,J,FR,7M8,DUB,2027-01-04 19:00:00,FR815,J,T254,197,0.85,INT,IRISH,C,1.0,16B-T1,,
EK,359,DXB,2027-01-04 18:55:00,EK23,J,EK,359,DXB,2027-01-04 20:50:00,EK24,J,T257,312,0.78,INT,INT,E,1.0,18-T1,,
U2,32A,BRS,2027-01-04 19:10:00,U2217,J,U2,32A,BRS,2027-01-04 19:40:00,U2218,J,T258,186,0.8,DOM,DOM,C,1.0,6-T1,,
U2,32A,STN,2027-01-04 19:10:00,U2314,J,U2,32A,LTN,2027-01-04 19:55:00,U2606,J,T259,186,0.8,DOM,DOM,C,1.0,1-T1,,
EC,319,BCN,2027-01-04 19:25:00,EC7199,J,EC,319,BCN,2027-01-04 19:55:00,EC7200,J,T260,156,0.83,INT,INT,C,1.0,16B-T1,,
U2,32A,LTN,2027-01-04 19:25:00,U2605,J,U2,32A,BFS,2027-01-04 20:30:00,U254,J,T261,186,0.8,DOM,NIRISH,C,1.0,1A-T1,,
CJ,E90,LCY,2027-01-04 19:25:00,CJ8708,J,CJ,E90,LCY,2027-01-04 20:00:00,CJ8719,J,T262,106,0.66,DOM,DOM,C,0.5,3-T1,,
EA,AT7,BHD,2027-01-04 19:30:00,EA3658,J,EA,AT7,BHD,2027-01-04 20:00:00,EA3659,J,T264,72,0.77,NIRISH,NIRISH,C,1.0,5-T1,,
FR,73H,NRN,2027-01-04 19:30:00,FR5688,J,FR,73H,NRN,2027-01-04 19:55:00,FR5687,J,T265,189,0.85,INT,INT,C,1.0,15A-T1,,
FR,7M8,RZE,2027-01-04 19:35:00,FR4536,J,FR,7M8,ORK,2027-01-04 20:15:00,FR1166,J,T266,197,0.85,INT,IRISH,C,1.0,15B-T1,,
FR,73H,DUB,2027-01-04 19:45:00,FR812,J,FR,73H,CPH,2027-01-04 20:10:00,FR2674,J,T267,189,0.85,IRISH,INT,C,1.0,1B-T1,,
U2,32A,BFS,2027-01-04 19:55:00,U253,J,U2,319,LGW,2027-01-04 20:55:00,U2816,J,T269,186,0.8,NIRISH,DOM,C,1.0,4-T1,,
U2,32Q,KRK,2027-01-04 20:05:00,U23314,J,U2,32A,BRS,2027-01-04 21:00:00,U2216,J,T270,235,0.8,INT,DOM,C,1.0,22-T1,,
LM,AT7,LSI,2027-01-04 20:10:00,LM356,J,LM,AT7,SOU,2027-01-05 06:40:00,LM321,J,T271,72,0.53,DOM,DOM,C,1.0,100-T1,,
LM,AT7,KOI,2027-01-04 20:10:00,LM398,J,LM,AT7,LSI,2027-01-05 06:50:00,LM353,J,T272,72,0.53,DOM,DOM,C,1.0,407-T1,,
EA,AT7,DUB,2027-01-04 20:15:00,EA3258,J,EA,AT7,DUB,2027-01-04 20:45:00,EA3259,J,T273,72,0.77,IRISH,IRISH,C,1.0,1-T1,,
U2,319,LGW,2027-01-04 20:25:00,U2815,J,U2,32A,ALC,2027-01-05 06:05:00,U23205,J,T274,156,0.8,DOM,INT,C,1.0,6-T1,,
LM,AT7,SOU,2027-01-04 21:40:00,LM328,J,LM,AT7,KOI,2027-01-05 07:00:00,LM391,J,T281,72,0.53,DOM,DOM,C,1.0,5-T1,,
RK,73H,STN,2027-01-04 22:10:00,RK596,J,RK,73H,STN,2027-01-04 22:35:00,RK880,J,T283,189,0.85,DOM,DOM,C,1.0,1-T1,,
AF,223,CDG,2027-01-04 22:15:00,AF1886,J,AF,223,CDG,2027-01-05 05:50:00,AF1887,J,T284,148,0.84,INT,INT,C,1.0,16B-T1,,
U2,32A,AMS,2027-01-04 22:15:00,U23302,J,U2,32Q,LIS,2027-01-05 07:00:00,U23321,J,T285,186,0.8,INT,INT,C,1.0,4-T1,,
U2,32A,NCE,2027-01-04 22:15:00,U23252,J,U2,32A,LTN,2027-01-05 07:00:00,U2301,J,T286,186,0.8,INT,DOM,C,1.0,16A-T1,,
FR,73H,CIA,2027-01-04 22:45:00,FR5590,J,FR,73H,DUB,2027-01-04 23:35:00,FR823,J,T288,189,0.85,INT,IRISH,C,1.0,20-T1,,
U2,32N,RAK,2027-01-04 23:00:00,U23266,J,U2,32A,STN,2027-01-05 07:05:00,U2309,J,T290,186,0.8,INT,DOM,C,1.0,1A-T1,,
FR,7M8,MLA,2027-01-04 23:05:00,FR6696,J,FR,7M8,BGY,2027-01-05 06:15:00,FR3646,J,T291,197,0.85,INT,INT,C,1.0,17-T1,,
FR,7M8,ORK,2027-01-04 23:05:00,FR3739,J,FR,7M8,LPA,2027-01-05 06:20:00,FR6698,J,T292,197,0.85,IRISH,INT,C,1.0,1B-T1,,
FR,73H,DUB,2027-01-04 23:10:00,FR840,J,FR,73H,LIS,2027-01-06 14:05:00,FR479,J,T293,189,0.85,IRISH,INT,C,1.0,403-T1,,
KL,32Q,AMS,2027-01-04 23:10:00,KL933,J,KL,32Q,AMS,2027-01-05 05:40:00,KL922,J,T294,227,0.74,INT,INT,C,1.0,1-T1,,
LH,32N,FRA,2027-01-04 23:15:00,LH964,J,LH,32N,FRA,2027-01-05 06:45:00,LH965,J,T295,172,0.8,INT,INT,C,1.0,2-T1,,
FR,7M8,NAP,2027-01-04 23:15:00,FR7410,J,FR,7M8,CIA,2027-01-05 09:05:00,FR5739,J,T296,197,0.85,INT,INT,C,1.0,3-T1,,
U2,32N,NBE,2027-01-04 23:25:00,U23330,J,U2,32A,AMS,2027-01-05 07:20:00,U23301,J,T297,186,0.8,INT,INT,C,1.0,15B-T1,,
U2,32Q,CDG,2027-01-04 23:40:00,U23244,J,U2,32N,BRS,2027-01-05 08:25:00,U2212,J,T300,235,0.8,INT,DOM,C,1.0,19-T1,,
FR,73H,CPH,2027-01-05 00:25:00,FR2675,J,FR,73H,NRN,2027-01-06 19:00:00,FR5687,J,T302,189,0.85,INT,INT,C,1.0,106-T1,,
RK,73H,AGA,2027-01-05 00:30:00,RK860,J,RK,73H,RAK,2027-01-05 08:10:00,RK514,J,T303,189,0.85,INT,INT,C,1.0,22-T1,,
RK,73H,ALC,2027-01-05 00:45:00,RK5581,J,RK,73H,STN,2027-01-05 17:40:00,RK597,J,T305,189,0.85,INT,DOM,C,1.0,102-T1,,
NPT,73K,EMA,2027-01-05 02:25:00,NPT4N,M,NPT,73K,EMA,2027-01-05 22:55:00,NPT4S,M,T306,0,0.0,DOM,DOM,C,1.0,210-FRT,,
NPT,73K,EMA,2027-01-05 03:15:00,NPT5U,M,NPT,73K,EMA,2027-01-05 23:50:00,NPT5D,M,T307,0,0.0,DOM,DOM,C,1.0,212-FRT,,
FX,73K,CDG,2027-01-05 06:05:00,FX4617,F,FX,73K,CDG,2027-01-05 20:05:00,FX4717,F,T308,0,0.0,INT,INT,C,1.0,208-FRT,,
D0,75C,LEJ,2027-01-05 06:05:00,D02134,F,D0,75C,LEJ,2027-01-05 20:10:00,D02135,F,T309,0,0.0,INT,INT,D,1.0,Unallocated,,
MUK,76X,EMA,2027-01-05 06:30:00,MUK6566,F,MUK,76X,EMA,2027-01-05 20:10:00,MUK6565,F,T310,0,0.0,DOM,DOM,D,1.0,211-FRT,,
BA,32N,LHR,2027-01-05 07:50:00,BA1438,J,BA,32N,LHR,2027-01-05 08:40:00,BA1439,J,T311,180,0.72,DOM,DOM,C,0.5,4-T1,,
U2,32N,BRS,2027-01-05 07:55:00,U2211,J,U2,32N,HRG,2027-01-05 09:55:00,U23319,J,T312,186,0.8,DOM,INT,C,1.0,1B-T1,,
EA,AT7,DUB,2027-01-05 07:55:00,EA3250,J,EA,AT7,DUB,2027-01-05 08:30:00,EA3251,J,T313,72,0.77,IRISH,IRISH,C,1.0,1-T1,,
UA,75W,EWR,2027-01-05 07:55:00,UA36,J,UA,75W,EWR,2027-01-05 09:25:00,UA37,J,T314,176,0.93,INT,INT,D,1.0,15-T1,,
EA,AT7,BHD,2027-01-05 07:55:00,EA3650,J,EA,AT7,BHD,2027-01-05 08:25:00,EA3651,J,T315,72,0.77,NIRISH,NIRISH,C,1.0,5-T1,,
EA,AT7,DUB,2027-01-05 08:30:00,EA3552,J,EA,AT7,DUB,2027-01-05 09:15:00,EA3553,J,T316,72,0.77,IRISH,IRISH,C,1.0,1A-T1,,
EA,AT7,DUB,2027-01-05 08:55:00,EA3550,J,EA,AT7,DUB,2027-01-05 09:30:00,EA3551,J,T318,72,0.77,IRISH,IRISH,C,1.0,1-T1,,
U2,32A,BFS,2027-01-05 09:00:00,U2328,J,U2,32A,LGW,2027-01-05 10:45:00,U2803,J,T319,186,0.8,NIRISH,DOM,C,1.0,16B-T1,,
AA,32Q,PHL,2027-01-05 09:05:00,AA278,J,AA,32Q,PHL,2027-01-05 11:05:00,AA279,J,T320,155,0.95,INT,INT,C,1.0,19-T1,,
BA,32Q,LHR,2027-01-05 09:10:00,BA1440,J,BA,32Q,LHR,2027-01-05 10:00:00,BA1441,J,T321,220,0.72,DOM,DOM,C,0.5,4-T1,,
AY,E90,HEL,2027-01-05 09:25:00,AY1371,J,AY,E90,HEL,2027-01-05 10:10:00,AY1372,J,T322,100,0.61,INT,INT,C,1.0,20-T1,,
LM,AT7,KOI,2027-01-05 09:50:00,LM392,J,LM,AT7,SYY,2027-01-05 10:20:00,LM343,J,T323,72,0.53,DOM,DOM,C,1.0,1A-T1,,
GR,AT7,GCI,2027-01-05 10:00:00,GR634,J,GR,AT7,GCI,2027-01-05 10:45:00,GR635,J,T324,72,0.82,INT,INT,C,1.0,1-T1,,
U2,32Q,LGW,2027-01-05 10:00:00,U2807,J,U2,32A,CDG,2027-01-05 10:55:00,U23241,J,T325,235,0.8,DOM,INT,C,1.0,15B-T1,,
KL,73H,AMS,2027-01-05 10:10:00,KL925,J,KL,73H,AMS,2027-01-05 11:00:00,KL926,J,T326,186,0.74,INT,INT,C,1.0,15A-T1,,
BA,32Q,LHR,2027-01-05 10:10:00,BA1442,J,BA,32Q,LHR,2027-01-05 11:05:00,BA1443,J,T327,220,0.72,DOM,DOM,C,0.5,2-T1,,
CJ,E90,LCY,2027-01-05 10:15:00,CJ8702,J,CJ,E90,LCY,2027-01-05 10:50:00,CJ8715,J,T328,106,0.66,DOM,DOM,C,0.5,3-T1,,
U2,32A,LTN,2027-01-05 10:15:00,U2302,J,U2,32N,SSH,2027-01-05 11:35:00,U23221,J,T329,186,0.8,DOM,INT,C,1.0,1B-T1,,
LM,AT7,LSI,2027-01-05 10:15:00,LM352,J,LM,AT7,LSI,2027-01-05 16:30:00,LM357,J,T330,72,0.53,DOM,DOM,C,1.0,5-T1,,
FI,7M8,KEF,2027-01-05 10:20:00,FI434,J,FI,7M8,KEF,2027-01-05 11:20:00,FI435,J,T331,160,0.75,INT,INT,C,1.0,22-T1,,
U2,32A,STN,2027-01-05 10:20:00,U2310,J,U2,32A,TFS,2027-01-05 12:35:00,U23231,J,T332,186,0.8,DOM,INT,C,1.0,4-T1,,
AF,223,CDG,2027-01-05 10:30:00,AF1686,J,AF,223,CDG,2027-01-05 11:30:00,AF1687,J,T333,148,0.84,INT,INT,C,1.0,20-T1,,
FR,7M8,TFS,2027-01-05 10:45:00,FR2970,J,FR,7M8,ACE,2027-01-05 13:15:00,FR5593,J,T335,197,0.85,INT,INT,C,1.0,1A-T1,,
PC,32Q,SAW,2027-01-05 10:50:00,PC1187,J,PC,32Q,SAW,2027-01-05 11:55:00,PC1188,J,T336,239,0.88,INT,INT,C,1.0,16A-T1,,
A3,32N,ATH,2027-01-05 11:05:00,A3632,J,A3,32N,ATH,2027-01-05 11:55:00,A3633,J,T337,180,0.8,INT,INT,C,1.0,16B-T1,,
U2,32A,AMS,2027-01-05 11:15:00,U23302,J,U2,32A,BHD,2027-01-05 12:40:00,U2249,J,T338,186,0.8,INT,NIRISH,C,1.0,15B-T1,,
U2,32A,GVA,2027-01-05 11:40:00,U23292,J,U2,32A,BHX,2027-01-05 14:50:00,U2339,J,T339,186,0.8,INT,DOM,C,1.0,22-T1,,
EA,AT7,DUB,2027-01-05 11:40:00,EA3252,J,EA,AT7,BHD,2027-01-05 12:20:00,EA3653,J,T340,72,0.77,IRISH,NIRISH,C,1.0,1-T1,,
FR,7M8,BGY,2027-01-05 11:45:00,FR3645,J,FR,7M8,CIA,2027-01-05 15:45:00,FR5589,J,T341,197,0.85,INT,INT,C,1.0,19-T1,,
EA,AT7,BHD,2027-01-05 11:50:00,EA3652,J,EA,AT7,DUB,2027-01-05 12:20:00,EA3253,J,T342,72,0.77,NIRISH,IRISH,C,1.0,15A-T1,,
LH,32N,FRA,2027-01-05 11:55:00,LH960,J,LH,32N,FRA,2027-01-05 12:40:00,LH961,J,T343,172,0.8,INT,INT,C,1.0,20-T1,,
U2,32A,BRS,2027-01-05 12:10:00,U2217,J,U2,32Q,MAD,2027-01-05 15:25:00,U23209,J,T344,186,0.8,DOM,INT,C,1.0,6-T1,,
BA,32N,LHR,2027-01-05 12:10:00,BA1446,J,BA,32N,LHR,2027-01-05 13:00:00,BA1447,J,T345,180,0.72,DOM,DOM,C,0.5,2-T1,,
FR,7M8,MAD,2027-01-05 12:25:00,FR188,J,FR,7M8,KRK,2027-01-05 16:40:00,FR6624,J,T346,197,0.85,INT,INT,C,1.0,17-T1,,
QR,789,DOH,2027-01-05 12:35:00,QR29,J,QR,789,DOH,2027-01-05 14:05:00,QR30,J,T347,311,0.92,INT,INT,E,1.0,16-T1,,
EA,AT7,DUB,2027-01-05 12:40:00,EA3254,J,EA,AT7,DUB,2027-01-05 13:10:00,EA3255,J,T348,72,0.77,IRISH,IRISH,C,1.0,1-T1,,
DY,73H,OSL,2027-01-05 12:55:00,DY1640,J,DY,73H,OSL,2027-01-05 13:35:00,DY1641,J,T349,186,0.86,INT,INT,C,1.0,15A-T1,,
LM,AT7,SYY,2027-01-05 13:05:00,LM344,J,LM,AT7,SOU,2027-01-05 17:40:00,LM329,J,T350,72,0.53,DOM,DOM,C,1.0,3-T1,,
U2,32A,ALC,2027-01-05 13:15:00,U23206,J,U2,32A,STN,2027-01-05 15:35:00,U2315,J,T351,186,0.8,INT,DOM,C,1.0,15B-T1,,
BA,32N,LHR,2027-01-05 13:15:00,BA1448,J,BA,32N,LHR,2027-01-05 14:05:00,BA1449,J,T352,180,0.72,DOM,DOM,C,0.5,4-T1,,
EC,32A,LIN,2027-01-05 13:40:00,EC5421,J,EC,32A,LIN,2027-01-05 14:15:00,EC5422,J,T353,186,0.83,INT,INT,C,1.0,20-T1,,
U2,32Q,LIS,2027-01-05 14:15:00,U23322,J,U2,32A,BRS,2027-01-05 15:45:00,U2218,J,T354,235,0.8,INT,DOM,C,1.0,15A-T1,,
U2,32A,LGW,2027-01-05 14:30:00,U2804,J,U2,32A,BFS,2027-01-05 15:55:00,U2331,J,T355,186,0.8,DOM,NIRISH,C,1.0,16A-T1,,
U2,32A,AGP,2027-01-05 15:05:00,U23220,J,U2,32A,BHX,2027-01-05 16:15:00,U26642,J,T356,186,0.8,INT,DOM,C,1.0,16B-T1,,
BA,32Q,LHR,2027-01-05 15:15:00,BA1452,J,BA,32Q,LHR,2027-01-05 16:15:00,BA1453,J,T357,220,0.72,DOM,DOM,C,0.5,2-T1,,
U2,32A,BHD,2027-01-05 15:15:00,U2250,J,U2,32Q,KEF,2027-01-05 17:05:00,U23315,J,T358,186,0.8,NIRISH,INT,C,1.0,4-T1,,
FR,7M8,DUB,2027-01-05 15:20:00,FR808,J,FR,7M8,LIS,2027-01-05 17:10:00,FR479,J,T359,197,0.85,IRISH,INT,C,1.0,1B-T1,,
U2,32A,CDG,2027-01-05 15:20:00,U23242,J,U2,32A,LTN,2027-01-05 19:40:00,U2305,J,T360,186,0.8,INT,DOM,C,1.0,22-T1,,
TK,32Q,IST,2027-01-05 15:20:00,TK1345,J,TK,32Q,IST,2027-01-05 16:20:00,TK1346,J,T361,190,0.84,INT,INT,C,1.0,20-T1,,
EA,AT7,DUB,2027-01-05 15:45:00,EA3256,J,EA,AT7,DUB,2027-01-05 16:15:00,EA3257,J,T362,72,0.77,IRISH,IRISH,C,1.0,1-T1,,
U2,32A,BHX,2027-01-05 15:45:00,U26641,J,U2,32N,BRS,2027-01-05 19:45:00,U2216,J,T363,186,0.8,DOM,DOM,C,1.0,1A-T1,,
KL,32Q,AMS,2027-01-05 16:05:00,KL931,J,KL,32Q,AMS,2027-01-05 17:00:00,KL932,J,T364,227,0.74,INT,INT,C,1.0,15A-T1,,
FR,7M8,CRL,2027-01-05 16:10:00,FR7323,J,FR,7M8,BUD,2027-01-05 17:15:00,FR1017,J,T365,197,0.85,INT,INT,C,1.0,15B-T1,,
EA,AT7,BHD,2027-01-05 16:20:00,EA3656,J,EA,AT7,BHD,2027-01-05 16:50:00,EA3657,J,T366,72,0.77,NIRISH,NIRISH,C,1.0,19-T1,,
FR,7M8,LPA,2027-01-05 16:25:00,FR6697,J,FR,7M8,ALC,2027-01-05 19:00:00,FR5579,J,T367,197,0.85,INT,INT,C,1.0,16A-T1,,
EA,AT7,DUB,2027-01-05 16:50:00,EA3554,J,EA,AT7,DUB,2027-01-05 17:20:00,EA3555,J,T368,72,0.77,IRISH,IRISH,C,1.0,1-T1,,
BA,319,LHR,2027-01-05 17:30:00,BA1454,J,BA,319,LHR,2027-01-05 18:15:00,BA1455,J,T370,144,0.72,DOM,DOM,C,0.5,2-T1,,
U2,32A,BHX,2027-01-05 17:35:00,U2340,J,U2,32Q,LGW,2027-01-05 19:50:00,U2814,J,T371,186,0.8,DOM,DOM,C,1.0,4-T1,,
AY,E90,HEL,2027-01-05 17:50:00,AY1373,J,AY,E90,HEL,2027-01-05 18:35:00,AY1374,J,T372,100,0.61,INT,INT,C,1.0,15A-T1,,
U2,32A,BFS,2027-01-05 18:10:00,U2332,J,U2,32Q,LGW,2027-01-06 06:05:00,U2860,J,T374,186,0.8,NIRISH,DOM,C,1.0,1-T1,,
BA,319,LHR,2027-01-05 18:25:00,BA1456,J,BA,319,LHR,2027-01-05 19:15:00,BA1457,J,T375,144,0.72,DOM,DOM,C,0.5,3-T1,,
SK,319,CPH,2027-01-05 18:25:00,SK2513,J,SK,319,CPH,2027-01-05 19:10:00,SK2514,J,T376,150,0.84,INT,INT,C,1.0,20-T1,,
FR,7M8,ALC,2027-01-05 18:35:00,FR5578,J,FR,7M8,DUB,2027-01-05 19:55:00,FR813,J,T377,197,0.85,INT,IRISH,C,1.0,15B-T1,,
U2,32A,STN,2027-01-05 18:50:00,U2316,J,U2,32N,STN,2027-01-06 06:25:00,U2309,J,T379,186,0.8,DOM,DOM,C,1.0,2-T1,,
EK,359,DXB,2027-01-05 18:55:00,EK23,J,EK,359,DXB,2027-01-05 20:50:00,EK24,J,T380,312,0.78,INT,INT,E,1.0,18-T1,,
U2,32Q,LGW,2027-01-05 19:10:00,U2813,J,U2,32Q,KRK,2027-01-06 06:25:00,U23313,J,T382,235,0.8,DOM,INT,C,1.0,6-T1,,
U2,32N,BRS,2027-01-05 19:15:00,U2215,J,U2,32A,GVA,2027-01-06 06:35:00,U23291,J,T383,186,0.8,DOM,INT,C,1.0,1B-T1,,
CJ,E90,LCY,2027-01-05 19:25:00,CJ8708,J,CJ,E90,LCY,2027-01-05 20:00:00,CJ8719,J,T384,106,0.66,DOM,DOM,C,0.5,16B-T1,,
FR,7M8,BCN,2027-01-05 19:30:00,FR6267,J,FR,7M8,DUB,2027-01-06 06:00:00,FR813,J,T385,197,0.85,INT,IRISH,C,1.0,20-T1,,
EA,AT7,BHD,2027-01-05 19:30:00,EA3658,J,EA,AT7,BHD,2027-01-05 20:00:00,EA3659,J,T386,72,0.77,NIRISH,NIRISH,C,1.0,5-T1,,
LM,AT7,KOI,2027-01-05 20:10:00,LM398,J,LM,AT7,SOU,2027-01-06 06:40:00,LM321,J,T388,72,0.53,DOM,DOM,C,1.0,104-T1,,
EA,AT7,DUB,2027-01-05 20:10:00,EA3258,J,EA,AT7,DUB,2027-01-05 20:40:00,EA3259,J,T389,72,0.77,IRISH,IRISH,C,1.0,1A-T1,,
LM,AT7,KOI,2027-01-05 20:35:00,LM357,J,LM,AT7,LSI,2027-01-06 06:55:00,LM353,J,T391,72,0.53,DOM,DOM,C,1.0,5-T1,,
BA,32Q,LHR,2027-01-05 20:40:00,BA1462,J,BA,32Q,LHR,2027-01-06 07:05:00,BA1463,J,T392,220,0.72,DOM,DOM,C,0.5,3-T1,,
AF,223,CDG,2027-01-05 22:15:00,AF1886,J,AF,223,CDG,2027-01-06 05:50:00,AF1887,J,T397,148,0.84,INT,INT,C,1.0,15A-T1,,
FR,7M8,CIA,2027-01-05 22:20:00,FR5590,J,FR,7M8,FUE,2027-01-06 06:25:00,FR5683,J,T399,197,0.85,INT,INT,C,1.0,16A-T1,,
FR,7M8,DUB,2027-01-05 22:30:00,FR812,J,FR,7M8,VIE,2027-01-06 06:45:00,FR1625,J,T400,197,0.85,IRISH,INT,C,1.0,1A-T1,,
U2,32Q,KEF,2027-01-05 22:45:00,U23316,J,U2,32A,LTN,2027-01-06 07:00:00,U2301,J,T401,235,0.8,INT,DOM,C,1.0,22-T1,,
U2,32A,LTN,2027-01-05 22:50:00,U2306,J,U2,32A,AGA,2027-01-06 07:00:00,U23327,J,T403,186,0.8,DOM,INT,C,1.0,4-T1,,
FR,7M8,ACE,2027-01-05 23:00:00,FR5594,J,FR,7M8,CRL,2027-01-06 09:30:00,FR7322,J,T404,197,0.85,INT,INT,C,1.0,102-T1,,
KL,32Q,AMS,2027-01-05 23:10:00,KL933,J,KL,32Q,AMS,2027-01-06 05:40:00,KL922,J,T406,227,0.74,INT,INT,C,1.0,15B-T1,,
LH,32N,FRA,2027-01-05 23:20:00,LH964,J,LH,32N,FRA,2027-01-06 06:10:00,LH965,J,T407,172,0.8,INT,INT,C,1.0,16B-T1,,
FR,7M8,BUD,2027-01-05 23:35:00,FR1018,J,FR,7M8,MLA,2027-01-06 11:00:00,FR6695,J,T409,197,0.85,INT,INT,C,1.0,7-T1,,
NPT,73K,EMA,2027-01-06 02:25:00,NPT4N,M,NPT,73K,EMA,2027-01-06 22:55:00,NPT4S,M,T412,0,0.0,DOM,DOM,C,1.0,208-FRT,,
NPT,73K,EMA,2027-01-06 03:15:00,NPT5U,M,NPT,73K,EMA,2027-01-06 23:50:00,NPT5D,M,T413,0,0.0,DOM,DOM,C,1.0,Unallocated,,
QR,789,DOH,2027-01-06 06:00:00,QR31,J,QR,789,DOH,2027-01-06 07:30:00,QR32,J,T414,311,0.92,INT,INT,E,1.0,18-T1,,
FX,73K,CDG,2027-01-06 06:05:00,FX4617,F,FX,73K,CDG,2027-01-06 20:05:00,FX4717,F,T415,0,0.0,INT,INT,C,1.0,212-FRT,,
D0,75C,LEJ,2027-01-06 06:05:00,D02134,F,D0,75C,LEJ,2027-01-06 20:10:00,D02135,F,T416,0,0.0,INT,INT,D,1.0,210-FRT,,
MUK,76X,EMA,2027-01-06 06:30:00,MUK6566,F,MUK,76X,EMA,2027-01-06 20:10:00,MUK6565,F,T417,0,0.0,DOM,DOM,D,1.0,211-FRT,,
HU,333,PEK,2027-01-06 06:35:00,HU407,J,HU,333,PEK,2027-01-06 10:50:00,HU408,J,T418,292,0.78,INT,INT,E,1.0,15-T1,,
BA,32N,LHR,2027-01-06 07:50:00,BA1438,J,BA,32N,LHR,2027-01-06 08:45:00,BA1439,J,T419,180,0.72,DOM,DOM,C,0.5,20-T1,,
EA,AT7,BHD,2027-01-06 07:55:00,EA3650,J,EA,AT7,DUB,2027-01-06 08:30:00,EA3251,J,T420,72,0.77,NIRISH,IRISH,C,1.0,5-T1,,
UA,75W,EWR,2027-01-06 07:55:00,UA36,J,UA,75W,EWR,2027-01-06 09:25:00,UA37,J,T421,176,0.93,INT,INT,D,1.0,18-T1,,
EA,AT7,DUB,2027-01-06 07:55:00,EA3250,J,EA,AT7,BHD,2027-01-06 08:25:00,EA3651,J,T422,72,0.77,IRISH,NIRISH,C,1.0,1A-T1,,
U2,32N,BHX,2027-01-06 08:05:00,U26641,J,U2,32A,BRS,2027-01-06 11:05:00,U2214,J,T423,186,0.8,DOM,DOM,C,1.0,2-T1,,
EC,32A,BER,2027-01-06 08:10:00,EC5311,J,EC,32A,BER,2027-01-06 08:40:00,EC5312,J,T424,186,0.83,INT,INT,C,1.0,16A-T1,,
EA,AT7,DUB,2027-01-06 08:30:00,EA3552,J,EA,AT7,DUB,2027-01-06 09:15:00,EA3553,J,T425,72,0.77,IRISH,IRISH,C,1.0,1-T1,,
BA,320,LHR,2027-01-06 08:35:00,BA1440,J,BA,320,LHR,2027-01-06 09:30:00,BA1441,J,T426,180,0.72,DOM,DOM,C,0.5,3-T1,,
FR,7M8,DUB,2027-01-06 08:35:00,FR812,J,FR,7M8,BUD,2027-01-06 12:15:00,FR1017,J,T427,197,0.85,IRISH,INT,C,1.0,1B-T1,,
EA,AT7,DUB,2027-01-06 08:55:00,EA3550,J,EA,AT7,DUB,2027-01-06 09:30:00,EA3551,J,T428,72,0.77,IRISH,IRISH,C,1.0,1A-T1,,
AA,32Q,PHL,2027-01-06 09:05:00,AA278,J,AA,32Q,PHL,2027-01-06 11:05:00,AA279,J,T429,155,0.95,INT,INT,C,1.0,20-T1,,
U2,32A,BFS,2027-01-06 09:20:00,U2328,J,U2,32Q,PFO,2027-01-06 11:10:00,U23317,J,T430,186,0.8,NIRISH,INT,C,1.0,22-T1,,
TK,32Q,IST,2027-01-06 09:40:00,TK1343,J,TK,32Q,IST,2027-01-06 10:40:00,TK1344,J,T431,190,0.84,INT,INT,C,1.0,16A-T1,,
U2,32N,STN,2027-01-06 09:50:00,U2310,J,U2,32A,LPA,2027-01-06 13:05:00,U23213,J,T432,186,0.8,DOM,INT,C,1.0,4-T1,,
U2,32Q,LGW,2027-01-06 10:05:00,U2861,J,U2,32N,ACE,2027-01-06 13:35:00,U23203,J,T433,235,0.8,DOM,INT,C,1.0,407-T1,,
U2,32N,LTN,2027-01-06 10:05:00,U2302,J,U2,32Q,LGW,2027-01-06 13:40:00,U2803,J,T434,186,0.8,DOM,DOM,C,1.0,1A-T1,,
BA,32Q,LHR,2027-01-06 10:05:00,BA1442,J,BA,32Q,LHR,2027-01-06 10:55:00,BA1443,J,T435,220,0.72,DOM,DOM,C,0.5,1-T1,,
KL,73H,AMS,2027-01-06 10:10:00,KL925,J,KL,73H,AMS,2027-01-06 11:00:00,KL926,J,T436,186,0.74,INT,INT,C,1.0,19-T1,,
CJ,E90,LCY,2027-01-06 10:15:00,CJ8702,J,CJ,E90,LCY,2027-01-06 10:50:00,CJ8715,J,T437,106,0.66,DOM,DOM,C,0.5,5-T1,,
AF,223,CDG,2027-01-06 10:30:00,AF1686,J,AF,223,CDG,2027-01-06 11:30:00,AF1687,J,T438,148,0.84,INT,INT,C,1.0,16B-T1,,
U2,32A,BRS,2027-01-06 10:35:00,U2213,J,U2,32A,MAD,2027-01-06 13:50:00,U23209,J,T440,186,0.8,DOM,INT,C,1.0,3-T1,,
PC,32Q,SAW,2027-01-06 10:50:00,PC1187,J,PC,32Q,SAW,2027-01-06 11:55:00,PC1188,J,T442,239,0.88,INT,INT,C,1.0,17-T1,,
LM,AT7,KOI,2027-01-06 11:05:00,LM353,J,LM,AT7,SYY,2027-01-06 11:45:00,LM343,J,T444,72,0.53,DOM,DOM,C,1.0,6-T1,,
EA,AT7,DUB,2027-01-06 11:40:00,EA3252,J,EA,AT7,BHD,2027-01-06 12:20:00,EA3653,J,T445,72,0.77,IRISH,NIRISH,C,1.0,1-T1,,
U2,32A,GVA,2027-01-06 11:45:00,U23292,J,U2,32A,BHX,2027-01-06 15:30:00,U2337,J,T446,186,0.8,INT,DOM,C,1.0,22-T1,,
EA,AT7,BHD,2027-01-06 11:50:00,EA3652,J,EA,AT7,DUB,2027-01-06 12:20:00,EA3253,J,T447,72,0.77,NIRISH,IRISH,C,1.0,5-T1,,
LH,32N,FRA,2027-01-06 11:55:00,LH960,J,LH,32N,FRA,2027-01-06 12:40:00,LH961,J,T448,172,0.8,INT,INT,C,1.0,15A-T1,,
XQ,73H,AYT,2027-01-06 12:10:00,XQ598,J,XQ,73H,AYT,2027-01-06 13:10:00,XQ599,J,T449,189,0.74,INT,INT,C,1.0,16B-T1,,
BA,32Q,LHR,2027-01-06 12:20:00,BA1446,J,BA,32Q,LHR,2027-01-06 13:15:00,BA1447,J,T450,220,0.72,DOM,DOM,C,0.5,2-T1,,
QR,789,DOH,2027-01-06 12:35:00,QR29,J,QR,789,DOH,2027-01-06 14:05:00,QR30,J,T451,311,0.92,INT,INT,E,1.0,18-T1,,
FR,7M8,VIE,2027-01-06 12:35:00,FR1624,J,FR,7M8,CIA,2027-01-06 14:55:00,FR5589,J,T452,197,0.85,INT,INT,C,1.0,15B-T1,,
U2,32Q,KRK,2027-01-06 12:40:00,U23314,J,U2,32A,BFS,2027-01-06 16:10:00,U2333,J,T453,235,0.8,INT,NIRISH,C,1.0,16A-T1,,
EA,AT7,DUB,2027-01-06 12:40:00,EA3254,J,EA,AT7,DUB,2027-01-06 13:10:00,EA3255,J,T454,72,0.77,IRISH,IRISH,C,1.0,5-T1,,
DY,73H,OSL,2027-01-06 12:55:00,DY1640,J,DY,73H,OSL,2027-01-06 13:35:00,DY1641,J,T455,186,0.86,INT,INT,C,1.0,20-T1,,
FR,73H,RZE,2027-01-06 13:15:00,FR4536,J,FR,73H,KRK,2027-01-07 06:15:00,FR6624,J,T456,189,0.85,INT,INT,C,1.0,100-T1,,
FR,7M8,CRL,2027-01-06 13:25:00,FR7323,J,FR,7M8,BGY,2027-01-06 15:45:00,FR3646,J,T457,197,0.85,INT,INT,C,1.0,15A-T1,,
LM,AT7,IOM,2027-01-06 13:25:00,LM314,J,LM,AT7,IOM,2027-01-06 13:55:00,LM313,J,T458,72,0.53,INT,INT,C,1.0,1-T1,,
BA,320,LHR,2027-01-06 13:25:00,BA1448,J,BA,320,LHR,2027-01-06 14:15:00,BA1449,J,T459,180,0.72,DOM,DOM,C,0.5,4-T1,,
EC,32A,LIN,2027-01-06 13:40:00,EC5421,J,EC,32A,LIN,2027-01-06 14:15:00,EC5422,J,T460,186,0.83,INT,INT,C,1.0,16B-T1,,
LM,AT7,SYY,2027-01-06 14:30:00,LM344,J,LM,AT7,SOU,2027-01-06 17:40:00,LM329,J,T461,72,0.53,DOM,DOM,C,1.0,5-T1,,
RK,73H,MAD,2027-01-06 14:40:00,RK188,J,RK,73H,BOH,2027-01-06 15:30:00,RK1133,J,T462,189,0.85,INT,DOM,C,1.0,17-T1,,
U2,32A,CDG,2027-01-06 14:50:00,U23242,J,U2,32A,BRS,2027-01-06 17:10:00,U2216,J,T463,186,0.8,INT,DOM,C,1.0,16B-T1,,
FR,7M8,KRK,2027-01-06 14:50:00,FR6625,J,FR,7M8,AGP,2027-01-06 16:35:00,FR5091,J,T464,197,0.85,INT,INT,C,1.0,20-T1,,
BA,320,LHR,2027-01-06 15:15:00,BA1452,J,BA,320,LHR,2027-01-06 16:15:00,BA1453,J,T465,180,0.72,DOM,DOM,C,0.5,2-T1,,
FR,7M8,BGY,2027-01-06 15:20:00,FR3645,J,FR,7M8,BCN,2027-01-06 17:40:00,FR6266,J,T466,197,0.85,INT,INT,C,1.0,15B-T1,,
CJ,E90,LCY,2027-01-06 15:25:00,CJ8716,J,CJ,E90,LCY,2027-01-06 16:00:00,CJ8707,J,T467,106,0.66,DOM,DOM,C,0.5,3-T1,,
EA,AT7,DUB,2027-01-06 15:45:00,EA3256,J,EA,AT7,DUB,2027-01-06 16:15:00,EA3257,J,T468,72,0.77,IRISH,IRISH,C,1.0,1-T1,,
KL,32Q,AMS,2027-01-06 16:05:00,KL931,J,KL,32Q,AMS,2027-01-06 17:00:00,KL932,J,T469,227,0.74,INT,INT,C,1.0,15A-T1,,
FR,7M8,FUE,2027-01-06 16:15:00,FR5684,J,FR,7M8,DUB,2027-01-06 19:00:00,FR809,J,T470,197,0.85,INT,IRISH,C,1.0,19-T1,,
EA,AT7,BHD,2027-01-06 16:20:00,EA3656,J,EA,AT7,BHD,2027-01-06 16:50:00,EA3657,J,T471,72,0.77,NIRISH,NIRISH,C,1.0,4-T1,,
U2,32A,AGA,2027-01-06 16:20:00,U23328,J,U2,32Q,STN,2027-01-06 18:25:00,U2317,J,T472,186,0.8,INT,DOM,C,1.0,17-T1,,
U2,32A,BRS,2027-01-06 16:40:00,U2215,J,U2,32A,BHX,2027-01-06 19:15:00,U2339,J,T473,186,0.8,DOM,DOM,C,1.0,3-T1,,
EA,AT7,DUB,2027-01-06 16:50:00,EA3554,J,EA,AT7,DUB,2027-01-06 17:20:00,EA3555,J,T474,72,0.77,IRISH,IRISH,C,1.0,1-T1,,
FR,7M8,DUB,2027-01-06 16:50:00,FR814,J,FR,7M8,TFS,2027-01-07 06:05:00,FR2969,J,T475,197,0.85,IRISH,INT,C,1.0,406-T1,,
BA,32Q,LHR,2027-01-06 17:05:00,BA1454,J,BA,32Q,LHR,2027-01-06 18:00:00,BA1455,J,T477,220,0.72,DOM,DOM,C,0.5,2-T1,,
U2,32Q,LGW,2027-01-06 17:30:00,U2804,J,U2,319,LGW,2027-01-06 19:45:00,U2814,J,T478,235,0.8,DOM,DOM,C,1.0,1A-T1,,
BA,32Q,LHR,2027-01-06 18:10:00,BA1456,J,BA,32Q,LHR,2027-01-06 19:00:00,BA1457,J,T479,220,0.72,DOM,DOM,C,0.5,1-T1,,
DS,32Q,GVA,2027-01-06 18:15:00,DS1561,J,DS,32Q,GVA,2027-01-06 19:00:00,DS1562,J,T480,235,0.81,INT,INT,C,1.0,20-T1,,
U2,32A,BHX,2027-01-06 18:15:00,U2338,J,U2,32N,LTN,2027-01-06 20:15:00,U2606,J,T481,186,0.8,DOM,DOM,C,1.0,1B-T1,,
SK,319,CPH,2027-01-06 18:25:00,SK2513,J,SK,319,CPH,2027-01-06 19:10:00,SK2514,J,T482,150,0.84,INT,INT,C,1.0,22-T1,,
U2,32A,BFS,2027-01-06 18:25:00,U2334,J,U2,32A,BRS,2027-01-06 21:00:00,U2218,J,T483,186,0.8,NIRISH,DOM,C,1.0,6-T1,,
EC,32N,MXP,2027-01-06 18:35:00,EC3933,J,EC,32N,MXP,2027-01-06 19:10:00,EC3934,J,T484,186,0.83,INT,INT,C,1.0,16B-T1,,
FR,73H,NRN,2027-01-06 18:35:00,FR5688,J,FR,73H,BCN,2027-01-07 07:05:00,FR6274,J,T485,189,0.85,INT,INT,C,1.0,35-T1,,
FR,7M8,BUD,2027-01-06 18:35:00,FR1018,J,FR,7M8,ACE,2027-01-07 06:10:00,FR5593,J,T486,197,0.85,INT,INT,C,1.0,8-T1,,
RK,73H,BOH,2027-01-06 18:50:00,RK1132,J,RK,73H,STN,2027-01-06 20:20:00,RK597,J,T488,189,0.85,DOM,DOM,C,1.0,2-T1,,
EK,359,DXB,2027-01-06 18:55:00,EK23,J,EK,359,DXB,2027-01-06 20:50:00,EK24,J,T489,312,0.78,INT,INT,E,1.0,15-T1,,
EC,319,AMS,2027-01-06 19:15:00,EC7837,J,EC,319,AMS,2027-01-06 19:50:00,EC7836,J,T490,156,0.83,INT,INT,C,1.0,17-T1,,
U2,319,LGW,2027-01-06 19:15:00,U2813,J,U2,32Q,KEF,2027-01-07 06:00:00,U23315,J,T491,156,0.8,DOM,INT,C,1.0,4-T1,,
CJ,E90,LCY,2027-01-06 19:25:00,CJ8708,J,CJ,E90,LCY,2027-01-06 20:00:00,CJ8719,J,T493,106,0.66,DOM,DOM,C,0.5,1-T1,,
EA,AT7,BHD,2027-01-06 19:30:00,EA3658,J,EA,AT7,BHD,2027-01-06 20:00:00,EA3659,J,T494,72,0.77,NIRISH,NIRISH,C,1.0,5-T1,,
RK,73H,STN,2027-01-06 19:40:00,RK596,J,RK,73H,WRO,2027-01-07 08:00:00,RK1159,J,T496,189,0.85,DOM,INT,C,1.0,30-T1,,
BA,320,LHR,2027-01-06 19:50:00,BA1460,J,BA,320,LHR,2027-01-07 06:05:00,BA1461,J,T497,180,0.72,DOM,DOM,C,0.5,3-T1,,
LM,AT7,LSI,2027-01-06 20:10:00,LM356,J,LM,AT7,SOU,2027-01-07 06:40:00,LM321,J,T498,72,0.53,DOM,DOM,C,1.0,102-T1,,
LM,AT7,KOI,2027-01-06 20:10:00,LM398,J,LM,AT7,LSI,2027-01-07 06:50:00,LM353,J,T499,72,0.53,DOM,DOM,C,1.0,407-T1,,
EA,AT7,DUB,2027-01-06 20:15:00,EA3258,J,EA,AT7,DUB,2027-01-06 20:45:00,EA3259,J,T500,72,0.77,IRISH,IRISH,C,1.0,1A-T1,,
VY,32N,BCN,2027-01-06 20:20:00,VY7752,J,VY,32N,BCN,2027-01-06 21:15:00,VY7753,J,T501,186,0.83,INT,INT,C,1.0,16A-T1,,
U2,32A,BRS,2027-01-06 20:30:00,U2217,J,U2,32N,CDG,2027-01-07 06:30:00,U23245,J,T502,186,0.8,DOM,INT,C,1.0,1-T1,,
LS,32Q,LPA,2027-01-06 20:45:00,LS748,J,LS,32Q,ACE,2027-01-07 08:25:00,LS785,J,T505,232,0.87,INT,INT,C,0.8,20-T1,,
BA,32Q,LHR,2027-01-06 21:05:00,BA1462,J,BA,32Q,LHR,2027-01-07 06:50:00,BA1463,J,T508,220,0.72,DOM,DOM,C,0.5,2-T1,,
FR,7M8,CIA,2027-01-06 21:30:00,FR5590,J,FR,7M8,GDN,2027-01-07 06:20:00,FR6124,J,T510,197,0.85,INT,INT,C,1.0,15A-T1,,
FR,7M8,DUB,2027-01-06 21:35:00,FR808,J,FR,7M8,KUN,2027-01-07 06:25:00,FR2886,J,T512,197,0.85,IRISH,INT,C,1.0,1B-T1,,
U2,32Q,STN,2027-01-06 21:40:00,U2318,J,U2,32A,STN,2027-01-07 07:00:00,U2309,J,T513,235,0.8,DOM,DOM,C,1.0,6-T1,,
LM,AT7,SOU,2027-01-06 21:40:00,LM328,J,LM,AT7,KOI,2027-01-07 07:00:00,LM391,J,T514,72,0.53,DOM,DOM,C,1.0,5-T1,,
U2,32A,BHX,2027-01-06 22:00:00,U2340,J,U2,32A,GVA,2027-01-07 07:05:00,U23293,J,T516,186,0.8,DOM,INT,C,1.0,1A-T1,,
U2,32Q,PFO,2027-01-06 22:25:00,U23318,J,U2,32A,BHX,2027-01-07 07:10:00,U2337,J,T518,235,0.8,INT,DOM,C,1.0,19-T1,,
KL,32Q,AMS,2027-01-06 23:10:00,KL933,J,KL,32Q,AMS,2027-01-07 05:40:00,KL922,J,T519,227,0.74,INT,INT,C,1.0,16A-T1,,
LH,32N,FRA,2027-01-06 23:20:00,LH964,J,LH,32N,FRA,2027-01-07 06:00:00,LH965,J,T520,172,0.8,INT,INT,C,1.0,405-T1,,
U2,32A,LPA,2027-01-06 23:25:00,U23214,J,U2,32A,LTN,2027-01-07 07:15:00,U2301,J,T521,186,0.8,INT,DOM,C,1.0,15B-T1,,
U2,32N,ACE,2027-01-06 23:35:00,U23204,J,U2,32N,LGW,2027-01-07 07:20:00,U2860,J,T522,186,0.8,INT,DOM,C,1.0,16B-T1,,
FR,7M8,ACE,2027-01-06 23:50:00,FR5594,J,FR,7M8,BUD,2027-01-07 07:15:00,FR1017,J,T523,197,0.85,INT,INT,C,1.0,17-T1,,
FR,7M8,BCN,2027-01-06 23:50:00,FR6267,J,FR,7M8,CIA,2027-01-07 07:15:00,FR5589,J,T524,197,0.85,INT,INT,C,1.0,22-T1,,
NPT,73K,EMA,2027-01-07 02:25:00,NPT4N,M,NPT,73K,EMA,2027-01-07 22:55:00,NPT4S,M,T526,0,0.0,DOM,DOM,C,1.0,211-FRT,,
NPT,73K,EMA,2027-01-07 03:15:00,NPT5U,M,NPT,73K,EMA,2027-01-07 23:50:00,NPT5D,M,T527,0,0.0,DOM,DOM,C,1.0,208-FRT,,
FX,73K,CDG,2027-01-07 06:05:00,FX4617,F,FX,73K,CDG,2027-01-07 20:05:00,FX4717,F,T528,0,0.0,INT,INT,C,1.0,210-FRT,,
D0,75C,LEJ,2027-01-07 06:05:00,D02134,F,D0,75C,LEJ,2027-01-07 20:10:00,D02135,F,T529,0,0.0,INT,INT,D,1.0,212-FRT,,
MUK,76X,EMA,2027-01-07 06:30:00,MUK6566,F,MUK,76X,EMA,2027-01-07 20:10:00,MUK6565,F,T530,0,0.0,DOM,DOM,D,1.0,Unallocated,,
FR,73H,DUB,2027-01-07 07:05:00,FR814,J,FR,73H,BGY,2027-01-07 08:30:00,FR3646,J,T531,189,0.85,IRISH,INT,C,1.0,1B-T1,,
AY,E90,HEL,2027-01-07 07:25:00,AY1371,J,AY,E90,HEL,2027-01-07 08:10:00,AY1372,J,T532,100,0.61,INT,INT,C,1.0,15A-T1,,
BA,32Q,LHR,2027-01-07 07:45:00,BA1438,J,BA,32Q,LHR,2027-01-07 08:35:00,BA1439,J,T533,220,0.72,DOM,DOM,C,0.5,16B-T1,,
UA,75W,EWR,2027-01-07 07:55:00,UA36,J,UA,75W,EWR,2027-01-07 09:25:00,UA37,J,T534,176,0.93,INT,INT,D,1.0,18-T1,,
EA,AT7,BHD,2027-01-07 07:55:00,EA3650,J,EA,AT7,BHD,2027-01-07 08:25:00,EA3651,J,T535,72,0.77,NIRISH,NIRISH,C,1.0,6-T1,,
EA,AT7,DUB,2027-01-07 07:55:00,EA3250,J,EA,AT7,DUB,2027-01-07 08:30:00,EA3251,J,T536,72,0.77,IRISH,IRISH,C,1.0,1A-T1,,
FR,73H,BGY,2027-01-07 08:05:00,FR3645,J,FR,73H,WMI,2027-01-07 08:35:00,FR4524,J,T537,189,0.85,INT,INT,C,1.0,22-T1,,
FR,73H,WMI,2027-01-07 08:10:00,FR4525,J,FR,73H,PRG,2027-01-07 09:50:00,FR1054,J,T538,189,0.85,INT,INT,C,1.0,15B-T1,,
EA,AT7,DUB,2027-01-07 08:30:00,EA3552,J,EA,AT7,DUB,2027-01-07 09:15:00,EA3553,J,T539,72,0.77,IRISH,IRISH,C,1.0,1-T1,,
BA,32N,LHR,2027-01-07 08:30:00,BA1440,J,BA,32N,LHR,2027-01-07 09:20:00,BA1441,J,T540,180,0.72,DOM,DOM,C,0.5,4-T1,,
EC,32N,AMS,2027-01-07 08:35:00,EC7835,J,EC,32N,AMS,2027-01-07 09:05:00,EC7836,J,T541,186,0.83,INT,INT,C,1.0,16A-T1,,
EA,AT7,DUB,2027-01-07 08:55:00,EA3550,J,EA,AT7,DUB,2027-01-07 09:30:00,EA3551,J,T542,72,0.77,IRISH,IRISH,C,1.0,1B-T1,,
U2,32A,BRS,2027-01-07 08:55:00,U2211,J,U2,32A,BRS,2027-01-07 09:25:00,U2212,J,T543,186,0.8,DOM,DOM,C,1.0,20-T1,,
U2,32A,BFS,2027-01-07 09:15:00,U2328,J,U2,32A,MUC,2027-01-07 09:45:00,U23263,J,T544,186,0.8,NIRISH,INT,C,1.0,6-T1,,
FR,73H,PRG,2027-01-07 09:25:00,FR1053,J,FR,73H,BCN,2027-01-07 13:10:00,FR6266,J,T545,189,0.85,INT,INT,C,1.0,22-T1,,
BA,32N,LHR,2027-01-07 09:40:00,BA1442,J,BA,32N,LHR,2027-01-07 10:30:00,BA1443,J,T546,180,0.72,DOM,DOM,C,0.5,4-T1,,
TK,32Q,IST,2027-01-07 09:40:00,TK1343,J,TK,32Q,IST,2027-01-07 10:40:00,TK1344,J,T547,190,0.84,INT,INT,C,1.0,16B-T1,,
DL,76W,JFK,2027-01-07 09:40:00,DL208,J,DL,76W,JFK,2027-01-07 11:35:00,DL209,J,T548,216,0.88,INT,INT,D,1.0,2-T1,,
LM,AT7,KOI,2027-01-07 09:50:00,LM392,J,LM,AT7,SYY,2027-01-07 10:20:00,LM343,J,T549,72,0.53,DOM,DOM,C,1.0,15A-T1,,
U2,32A,BHX,2027-01-07 09:55:00,U2338,J,U2,32A,CDG,2027-01-07 10:50:00,U23241,J,T550,186,0.8,DOM,INT,C,1.0,3-T1,,
KL,73H,AMS,2027-01-07 10:10:00,KL925,J,KL,73H,AMS,2027-01-07 11:00:00,KL926,J,T551,186,0.74,INT,INT,C,1.0,20-T1,,
LM,AT7,LSI,2027-01-07 10:15:00,LM352,J,LM,AT7,SOU,2027-01-07 13:00:00,LM325,J,T552,72,0.53,DOM,DOM,C,1.0,5-T1,,
FI,7M8,KEF,2027-01-07 10:20:00,FI434,J,FI,7M8,KEF,2027-01-07 11:20:00,FI435,J,T553,160,0.75,INT,INT,C,1.0,19-T1,,
U2,32A,LTN,2027-01-07 10:20:00,U2302,J,U2,32A,LTN,2027-01-07 11:00:00,U2303,J,T554,186,0.8,DOM,DOM,C,1.0,6-T1,,
RK,73H,STN,2027-01-07 10:20:00,RK8605,J,RK,73H,SDR,2027-01-07 10:45:00,RK5631,J,T555,189,0.85,DOM,INT,C,1.0,1B-T1,,
U2,32A,STN,2027-01-07 10:20:00,U2310,J,U2,32N,FUE,2027-01-07 11:30:00,U23207,J,T556,186,0.8,DOM,INT,C,1.0,1-T1,,
AF,223,CDG,2027-01-07 10:30:00,AF1686,J,AF,223,CDG,2027-01-07 11:30:00,AF1687,J,T557,148,0.84,INT,INT,C,1.0,16A-T1,,
LM,AT7,SOU,2027-01-07 10:40:00,LM322,J,LM,AT7,EXT,2027-01-07 11:00:00,LM315,J,T558,72,0.53,DOM,DOM,C,1.0,15B-T1,,
U2,32N,CDG,2027-01-07 10:50:00,U23246,J,U2,32Q,TFS,2027-01-07 12:40:00,U23231,J,T559,186,0.8,INT,INT,C,1.0,17-T1,,
PC,32Q,SAW,2027-01-07 10:50:00,PC1187,J,PC,32Q,SAW,2027-01-07 11:55:00,PC1188,J,T560,239,0.88,INT,INT,C,1.0,15A-T1,,
A3,32N,ATH,2027-01-07 11:05:00,A3632,J,A3,32N,ATH,2027-01-07 11:55:00,A3633,J,T561,180,0.8,INT,INT,C,1.0,16B-T1,,
U2,32N,LGW,2027-01-07 11:10:00,U2861,J,U2,319,LGW,2027-01-07 13:05:00,U2810,J,T562,186,0.8,DOM,DOM,C,1.0,1B-T1,,
FR,320,VIE,2027-01-07 11:30:00,FR1624,J,FR,320,VIE,2027-01-07 11:55:00,FR1625,J,T563,180,0.85,INT,INT,C,1.0,15B-T1,,
FR,7M8,GDN,2027-01-07 11:40:00,FR6123,J,FR,7M8,POZ,2027-01-07 13:20:00,FR6618,J,T564,197,0.85,INT,INT,C,1.0,19-T1,,
EA,AT7,DUB,2027-01-07 11:40:00,EA3252,J,EA,AT7,BHD,2027-01-07 12:20:00,EA3653,J,T565,72,0.77,IRISH,NIRISH,C,1.0,1A-T1,,
U2,32Q,KEF,2027-01-07 11:45:00,U23316,J,U2,32A,PRG,2027-01-07 13:15:00,U22753,J,T566,235,0.8,INT,INT,C,1.0,20-T1,,
EA,AT7,BHD,2027-01-07 11:50:00,EA3652,J,EA,AT7,DUB,2027-01-07 12:20:00,EA3253,J,T567,72,0.77,NIRISH,IRISH,C,1.0,3-T1,,
LH,32N,FRA,2027-01-07 11:55:00,LH960,J,LH,32N,FRA,2027-01-07 12:40:00,LH961,J,T568,172,0.8,INT,INT,C,1.0,16A-T1,,
U2,32A,GVA,2027-01-07 12:15:00,U23294,J,U2,32A,BHD,2027-01-07 13:35:00,U2343,J,T569,186,0.8,INT,NIRISH,C,1.0,16B-T1,,
FR,73H,KRK,2027-01-07 12:20:00,FR6625,J,FR,73H,LPA,2027-01-07 14:40:00,FR6698,J,T570,189,0.85,INT,INT,C,1.0,1-T1,,
FR,7M8,KUN,2027-01-07 12:30:00,FR2885,J,FR,7M8,DUB,2027-01-07 14:05:00,FR813,J,T571,197,0.85,INT,IRISH,C,1.0,2-T1,,
BA,32N,LHR,2027-01-07 12:35:00,BA1446,J,BA,32N,LHR,2027-01-07 13:25:00,BA1447,J,T572,180,0.72,DOM,DOM,C,0.5,4-T1,,
QR,789,DOH,2027-01-07 12:35:00,QR29,J,QR,789,DOH,2027-01-07 14:05:00,QR30,J,T573,311,0.92,INT,INT,E,1.0,15-T1,,
U2,319,LGW,2027-01-07 12:35:00,U2809,J,U2,32A,STN,2027-01-07 14:25:00,U2313,J,T574,156,0.8,DOM,DOM,C,1.0,6-T1,,
EA,AT7,DUB,2027-01-07 12:40:00,EA3254,J,EA,AT7,DUB,2027-01-07 13:10:00,EA3255,J,T575,72,0.77,IRISH,IRISH,C,1.0,7-T1,,
U2,32A,BRS,2027-01-07 12:45:00,U2213,J,U2,32A,ATH,2027-01-07 14:40:00,U23225,J,T576,186,0.8,DOM,INT,C,1.0,3-T1,,
DY,73H,OSL,2027-01-07 12:55:00,DY1640,J,DY,73H,OSL,2027-01-07 13:35:00,DY1641,J,T577,186,0.86,INT,INT,C,1.0,1A-T1,,
LM,AT7,SYY,2027-01-07 13:05:00,LM344,J,LM,AT7,LSI,2027-01-07 16:45:00,LM357,J,T578,72,0.53,DOM,DOM,C,1.0,29-T1,,
U2,32A,ALC,2027-01-07 13:15:00,U23206,J,U2,32Q,MAD,2027-01-07 15:05:00,U23209,J,T579,186,0.8,INT,INT,C,1.0,17-T1,,
D8,7M8,ARN,2027-01-07 13:15:00,D84463,J,D8,7M8,ARN,2027-01-07 13:55:00,D84464,J,T580,189,0.82,INT,INT,C,1.0,16A-T1,,
RK,73H,WRO,2027-01-07 13:30:00,RK1158,J,RK,73H,OTP,2027-01-07 14:20:00,RK5614,J,T581,189,0.85,INT,INT,C,1.0,22-T1,,
FR,7M8,BUD,2027-01-07 13:35:00,FR1018,J,FR,7M8,MAD,2027-01-07 14:40:00,FR189,J,T582,197,0.85,INT,INT,C,1.0,20-T1,,
EC,32A,LIN,2027-01-07 13:40:00,EC5421,J,EC,32A,LIN,2027-01-07 14:15:00,EC5422,J,T583,186,0.83,INT,INT,C,1.0,19-T1,,
FR,73H,BCN,2027-01-07 13:45:00,FR6275,J,FR,73H,ORK,2027-01-07 17:00:00,FR3732,J,T584,189,0.85,INT,IRISH,C,1.0,103-T1,,
FR,7M8,CIA,2027-01-07 13:50:00,FR5590,J,FR,7M8,ALC,2027-01-07 16:55:00,FR5579,J,T585,197,0.85,INT,INT,C,1.0,7-T1,,
U2,32A,LTN,2027-01-07 13:55:00,U2304,J,U2,32A,NBE,2027-01-07 15:45:00,U23329,J,T586,186,0.8,DOM,INT,C,1.0,1A-T1,,
U2,32Q,LIS,2027-01-07 14:10:00,U23322,J,U2,32A,LGW,2027-01-07 16:15:00,U2812,J,T587,235,0.8,INT,DOM,C,1.0,1B-T1,,
BA,319,LHR,2027-01-07 14:20:00,BA1450,J,BA,319,LHR,2027-01-07 15:15:00,BA1451,J,T588,144,0.72,DOM,DOM,C,0.5,4-T1,,
U2,32A,MUC,2027-01-07 15:00:00,U23264,J,U2,32A,BRS,2027-01-07 16:30:00,U2216,J,T589,186,0.8,INT,DOM,C,1.0,20-T1,,
U2,32A,CDG,2027-01-07 15:05:00,U23244,J,U2,32A,GVA,2027-01-07 16:35:00,U23295,J,T590,186,0.8,INT,INT,C,1.0,19-T1,,
RK,7M8,STN,2027-01-07 15:05:00,RK1273,J,RK,7M8,STN,2027-01-07 15:30:00,RK1274,J,T591,197,0.85,DOM,DOM,C,1.0,16B-T1,,
LM,AT7,EXT,2027-01-07 15:10:00,LM316,J,LM,AT7,SOU,2027-01-07 17:40:00,LM329,J,T592,72,0.53,DOM,DOM,C,1.0,104-T1,,
TK,32Q,IST,2027-01-07 15:20:00,TK1345,J,TK,32Q,IST,2027-01-07 16:20:00,TK1346,J,T593,190,0.84,INT,INT,C,1.0,15A-T1,,
CJ,E90,LCY,2027-01-07 15:25:00,CJ8716,J,CJ,E90,LCY,2027-01-07 16:00:00,CJ8707,J,T594,106,0.66,DOM,DOM,C,0.5,5-T1,,
BA,32N,LHR,2027-01-07 15:30:00,BA1452,J,BA,32N,LHR,2027-01-07 16:20:00,BA1453,J,T595,180,0.72,DOM,DOM,C,0.5,1-T1,,
EA,AT7,DUB,2027-01-07 15:45:00,EA3256,J,EA,AT7,DUB,2027-01-07 16:15:00,EA3257,J,T596,72,0.77,IRISH,IRISH,C,1.0,36-T1,,
U2,32A,LGW,2027-01-07 15:45:00,U2811,J,U2,32A,BHX,2027-01-07 16:45:00,U26642,J,T597,180,0.8,DOM,DOM,C,1.0,4-T1,,
U2,32A,BHD,2027-01-07 15:50:00,U2344,J,U2,32A,TOS,2027-01-07 17:25:00,U23215,J,T598,186,0.8,NIRISH,INT,C,1.0,3-T1,,
RK,73H,SDR,2027-01-07 15:55:00,RK5632,J,RK,73H,BFS,2027-01-07 16:25:00,RK179,J,T599,189,0.85,INT,NIRISH,C,1.0,17-T1,,
FR,7M8,ACE,2027-01-07 15:55:00,FR5594,J,FR,7M8,NAP,2027-01-07 17:00:00,FR7409,J,T600,197,0.85,INT,INT,C,1.0,15B-T1,,
U2,32A,BRS,2027-01-07 16:00:00,U2215,J,U2,32A,BFS,2027-01-07 18:20:00,U2333,J,T601,186,0.8,DOM,NIRISH,C,1.0,6-T1,,
RK,73H,BFS,2027-01-07 16:00:00,RK178,J,RK,73H,BGY,2027-01-07 16:45:00,RK3658,J,T602,189,0.85,NIRISH,INT,C,1.0,2-T1,,
AF,223,CDG,2027-01-07 16:05:00,AF1486,J,AF,223,CDG,2027-01-07 17:00:00,AF1487,J,T603,148,0.84,INT,INT,C,1.0,16B-T1,,
FR,7M8,CRL,2027-01-07 16:05:00,FR7323,J,FR,7M8,CIA,2027-01-07 17:20:00,FR5739,J,T604,197,0.85,INT,INT,C,1.0,22-T1,,
KL,32Q,AMS,2027-01-07 16:05:00,KL931,J,KL,32Q,AMS,2027-01-07 17:00:00,KL932,J,T605,227,0.74,INT,INT,C,1.0,16A-T1,,
U2,32A,BHX,2027-01-07 16:10:00,U26641,J,U2,32N,STN,2027-01-07 18:40:00,U2317,J,T606,186,0.8,DOM,DOM,C,1.0,1A-T1,,
FR,7M8,TFS,2027-01-07 16:15:00,FR2970,J,FR,7M8,AGP,2027-01-07 17:30:00,FR5091,J,T607,197,0.85,INT,INT,C,1.0,407-T1,,
EA,AT7,BHD,2027-01-07 16:20:00,EA3656,J,EA,AT7,BHD,2027-01-07 16:50:00,EA3657,J,T608,72,0.77,NIRISH,NIRISH,C,1.0,5-T1,,
LS,73H,ALC,2027-01-07 16:20:00,LS776,J,LS,73H,SZG,2027-01-09 06:20:00,LS777,J,T609,189,0.87,INT,INT,C,0.8,404-T1,,
FR,73H,ORK,2027-01-07 16:35:00,FR3731,J,FR,73H,DUB,2027-01-07 20:05:00,FR809,J,T610,189,0.85,IRISH,IRISH,C,1.0,1B-T1,,
FR,7M8,DUB,2027-01-07 16:40:00,FR812,J,FR,7M8,CPH,2027-01-07 19:00:00,FR2674,J,T611,197,0.85,IRISH,INT,C,1.0,1-T1,,
EA,AT7,DUB,2027-01-07 16:50:00,EA3554,J,EA,AT7,DUB,2027-01-07 17:20:00,EA3555,J,T612,72,0.77,IRISH,IRISH,C,1.0,20-T1,,
LM,AT7,SOU,2027-01-07 17:00:00,LM326,J,LM,AT7,KOI,2027-01-07 17:20:00,LM397,J,T613,72,0.53,DOM,DOM,C,1.0,17-T1,,
CJ,E90,LCY,2027-01-07 17:00:00,CJ8706,J,CJ,E90,LCY,2027-01-07 17:35:00,CJ8709,J,T614,106,0.66,DOM,DOM,C,0.5,15A-T1,,
BA,320,LHR,2027-01-07 17:30:00,BA1454,J,BA,320,LHR,2027-01-07 18:15:00,BA1455,J,T615,180,0.72,DOM,DOM,C,0.5,16B-T1,,
U2,32A,STN,2027-01-07 17:30:00,U2314,J,U2,32A,BHX,2027-01-07 18:45:00,U2339,J,T616,186,0.8,DOM,DOM,C,1.0,4-T1,,
AY,E90,HEL,2027-01-07 17:50:00,AY1373,J,AY,E90,HEL,2027-01-07 18:35:00,AY1374,J,T617,100,0.61,INT,INT,C,1.0,16A-T1,,
SK,319,CPH,2027-01-07 18:25:00,SK2513,J,SK,319,CPH,2027-01-07 19:10:00,SK2514,J,T618,150,0.84,INT,INT,C,1.0,15A-T1,,
BA,320,LHR,2027-01-07 18:30:00,BA1456,J,BA,320,LHR,2027-01-07 19:20:00,BA1457,J,T619,180,0.72,DOM,DOM,C,0.5,2-T1,,
U2,32A,PRG,2027-01-07 18:30:00,U22754,J,U2,32A,BRS,2027-01-07 19:00:00,U2214,J,T620,186,0.8,INT,DOM,C,1.0,15B-T1,,
FR,7M8,POZ,2027-01-07 18:35:00,FR6619,J,FR,7M8,MAD,2027-01-08 05:50:00,FR189,J,T621,197,0.85,INT,INT,C,1.0,3-T1,,
EC,32Q,CDG,2027-01-07 18:35:00,EC4693,J,EC,32Q,CDG,2027-01-07 19:20:00,EC4694,J,T623,235,0.83,INT,INT,C,1.0,16B-T1,,
EC,319,AMS,2027-01-07 18:50:00,EC7837,J,EC,319,AMS,2027-01-07 19:25:00,EC7838,J,T626,156,0.83,INT,INT,C,1.0,22-T1,,
D8,73H,CPH,2027-01-07 18:55:00,D83502,J,D8,73H,CPH,2027-01-07 19:40:00,D83503,J,T627,186,0.82,INT,INT,C,1.0,16A-T1,,
EK,359,DXB,2027-01-07 18:55:00,EK23,J,EK,359,DXB,2027-01-07 20:50:00,EK24,J,T628,312,0.78,INT,INT,E,1.0,18-T1,,
CJ,E90,LCY,2027-01-07 19:25:00,CJ8708,J,CJ,E90,LCY,2027-01-07 20:00:00,CJ8719,J,T630,106,0.66,DOM,DOM,C,0.5,1-T1,,
EA,AT7,BHD,2027-01-07 19:30:00,EA3658,J,EA,AT7,BHD,2027-01-07 20:00:00,EA3659,J,T631,72,0.77,NIRISH,NIRISH,C,1.0,15A-T1,,
RK,73H,STN,2027-01-07 19:50:00,RK596,J,RK,73H,STN,2027-01-07 20:15:00,RK597,J,T632,189,0.85,DOM,DOM,C,1.0,22-T1,,
BA,32Q,LHR,2027-01-07 19:50:00,BA1460,J,BA,32Q,LHR,2027-01-08 06:20:00,BA1461,J,T633,220,0.72,DOM,DOM,C,0.5,4-T1,,
U2,319,LTN,2027-01-07 20:00:00,U2605,J,U2,319,LTN,2027-01-07 20:40:00,U2606,J,T634,156,0.8,DOM,DOM,C,1.0,6-T1,,
LM,AT7,LSI,2027-01-07 20:10:00,LM356,J,LM,AT7,SOU,2027-01-08 06:40:00,LM321,J,T635,72,0.53,DOM,DOM,C,1.0,35-T1,,
LM,AT7,KOI,2027-01-07 20:10:00,LM398,J,LM,AT7,LSI,2027-01-08 06:50:00,LM353,J,T636,72,0.53,DOM,DOM,C,1.0,5-T1,,
EA,AT7,DUB,2027-01-07 20:15:00,EA3258,J,EA,AT7,DUB,2027-01-07 20:45:00,EA3259,J,T637,72,0.77,IRISH,IRISH,C,1.0,1A-T1,,
U2,32Q,LGW,2027-01-07 20:15:00,U2815,J,U2,32A,LGW,2027-01-07 20:45:00,U2816,J,T638,235,0.8,DOM,DOM,C,1.0,16A-T1,,
U2,32A,BFS,2027-01-07 20:35:00,U2334,J,U2,32N,SEN,2027-01-07 21:15:00,U2984,J,T640,186,0.8,NIRISH,DOM,C,1.0,15A-T1,,
U2,32N,SEN,2027-01-07 20:40:00,U2983,J,U2,32A,NCE,2027-01-08 06:00:00,U23251,J,T641,186,0.8,DOM,INT,C,1.0,1-T1,,
U2,32A,BHX,2027-01-07 21:30:00,U2340,J,U2,32Q,KRK,2027-01-08 06:20:00,U23313,J,T644,186,0.8,DOM,INT,C,1.0,6-T1,,
LM,AT7,SOU,2027-01-07 21:40:00,LM328,J,LM,AT7,KOI,2027-01-08 07:00:00,LM391,J,T645,72,0.53,DOM,DOM,C,1.0,30-T1,,
U2,32N,STN,2027-01-07 21:45:00,U2318,J,U2,32A,BFS,2027-01-08 07:00:00,U2325,J,T646,186,0.8,DOM,NIRISH,C,1.0,1A-T1,,
RK,73H,OTP,2027-01-07 22:00:00,RK5615,J,RK,73H,STN,2027-01-08 06:45:00,RK8604,J,T650,189,0.85,INT,DOM,C,1.0,102-T1,,
U2,32A,GVA,2027-01-07 22:05:00,U23296,J,U2,32A,RAK,2027-01-08 07:00:00,U23223,J,T651,186,0.8,INT,INT,C,1.0,16A-T1,,
U2,32Q,MAD,2027-01-07 22:10:00,U23210,J,U2,32A,LTN,2027-01-08 07:15:00,U2301,J,T652,235,0.8,INT,DOM,C,1.0,16B-T1,,
AF,223,CDG,2027-01-07 22:15:00,AF1886,J,AF,223,CDG,2027-01-08 05:50:00,AF1887,J,T654,148,0.84,INT,INT,C,1.0,19-T1,,
FR,73H,DUB,2027-01-07 22:40:00,FR808,J,FR,73H,PRG,2027-01-08 06:10:00,FR1054,J,T655,189,0.85,IRISH,INT,C,1.0,1B-T1,,
KL,32Q,AMS,2027-01-07 23:10:00,KL933,J,KL,32Q,AMS,2027-01-08 05:40:00,KL922,J,T657,227,0.74,INT,INT,C,1.0,17-T1,,
FR,7M8,CPH,2027-01-07 23:15:00,FR2675,J,FR,7M8,BUD,2027-01-08 06:05:00,FR1017,J,T658,197,0.85,INT,INT,C,1.0,104-T1,,
U2,32A,ATH,2027-01-07 23:50:00,U23226,J,U2,32A,LGW,2027-01-08 07:30:00,U2806,J,T660,186,0.8,INT,DOM,C,1.0,20-T1,,
FR,7M8,CIA,2027-01-07 23:55:00,FR5740,J,FR,7M8,CRL,2027-01-08 06:25:00,FR7322,J,T662,197,0.85,INT,INT,C,1.0,405-T1,,
FR,7M8,NAP,2027-01-07 23:55:00,FR7410,J,FR,7M8,ALC,2027-01-08 07:35:00,FR5579,J,T663,197,0.85,INT,INT,C,1.0,36-T1,,
U2,32A,NBE,2027-01-07 23:55:00,U23330,J,U2,32A,CPH,2027-01-08 09:45:00,U23323,J,T665,186,0.8,INT,INT,C,1.0,103-T1,,
FR,73H,LPA,2027-01-08 00:45:00,FR6697,J,FR,73H,BCN,2027-01-08 07:05:00,FR6266,J,T666,189,0.85,INT,INT,C,1.0,22-T1,,
NPT,73K,EMA,2027-01-08 02:25:00,NPT4N,M,NPT,73K,EMA,2027-01-08 22:55:00,NPT4S,M,T668,0,0.0,DOM,DOM,C,1.0,208-FRT,,
NPT,73K,EMA,2027-01-08 03:15:00,NPT5U,M,NPT,73K,EMA,2027-01-08 23:50:00,NPT5D,M,T669,0,0.0,DOM,DOM,C,1.0,211-FRT,,
QR,789,DOH,2027-01-08 06:00:00,QR31,J,QR,789,DOH,2027-01-08 07:30:00,QR32,J,T670,311,0.92,INT,INT,E,1.0,15-T1,,
D0,75C,LEJ,2027-01-08 06:05:00,D02134,F,D0,75C,LEJ,2027-01-08 20:45:00,D02135,F,T671,0,0.0,INT,INT,D,1.0,212-FRT,,
FX,73K,CDG,2027-01-08 06:05:00,FX4617,F,FX,73K,CDG,2027-01-11 20:05:00,FX4717,F,T672,0,0.0,INT,INT,C,1.0,Unallocated,,
MUK,76X,EMA,2027-01-08 06:30:00,MUK6566,F,MUK,76X,EMA,2027-01-08 20:10:00,MUK6565,F,T673,0,0.0,DOM,DOM,D,1.0,210-FRT,,
HU,333,PEK,2027-01-08 06:35:00,HU407,J,HU,333,PEK,2027-01-08 10:50:00,HU408,J,T674,292,0.78,INT,INT,E,1.0,18-T1,,
BA,32N,LHR,2027-01-08 07:30:00,BA1438,J,BA,32N,LHR,2027-01-08 08:25:00,BA1439,J,T675,180,0.72,DOM,DOM,C,0.5,4-T1,,
U2,32N,BRS,2027-01-08 07:40:00,U2211,J,U2,32A,GVA,2027-01-08 09:55:00,U23293,J,T676,186,0.8,DOM,INT,C,1.0,2-T1,,
UA,75W,EWR,2027-01-08 07:55:00,UA36,J,UA,75W,EWR,2027-01-08 09:25:00,UA37,J,T677,176,0.93,INT,INT,D,1.0,3-T1,,
EA,AT7,BHD,2027-01-08 07:55:00,EA3650,J,EA,AT7,BHD,2027-01-08 08:25:00,EA3651,J,T678,72,0.77,NIRISH,NIRISH,C,1.0,15A-T1,,
EA,AT7,DUB,2027-01-08 07:55:00,EA3250,J,EA,AT7,DUB,2027-01-08 08:30:00,EA3251,J,T679,72,0.77,IRISH,IRISH,C,1.0,1A-T1,,
FR,7M8,WMI,2027-01-08 08:00:00,FR4525,J,FR,7M8,AGP,2027-01-08 09:00:00,FR5091,J,T680,197,0.85,INT,INT,C,1.0,16A-T1,,
FR,73H,SNN,2027-01-08 08:20:00,FR1676,J,FR,73H,SNN,2027-01-08 08:45:00,FR1677,J,T681,189,0.85,IRISH,IRISH,C,1.0,1-T1,,
EA,AT7,DUB,2027-01-08 08:30:00,EA3552,J,EA,AT7,DUB,2027-01-08 09:15:00,EA3553,J,T682,72,0.77,IRISH,IRISH,C,1.0,5-T1,,
FR,7M8,AGP,2027-01-08 08:35:00,FR5090,J,FR,7M8,BER,2027-01-08 10:50:00,FR2376,J,T683,197,0.85,INT,INT,C,1.0,22-T1,,
FR,73H,DUB,2027-01-08 08:40:00,FR818,J,FR,73H,ORK,2027-01-08 09:05:00,FR3740,J,T684,189,0.85,IRISH,IRISH,C,1.0,1B-T1,,
EC,319,AMS,2027-01-08 08:50:00,EC7835,J,EC,319,AMS,2027-01-08 09:20:00,EC7836,J,T685,156,0.83,INT,INT,C,1.0,15A-T1,,
EA,AT7,DUB,2027-01-08 08:55:00,EA3550,J,EA,AT7,DUB,2027-01-08 09:30:00,EA3551,J,T686,72,0.77,IRISH,IRISH,C,1.0,1A-T1,,
BA,320,LHR,2027-01-08 09:00:00,BA1440,J,BA,320,LHR,2027-01-08 09:55:00,BA1441,J,T687,180,0.72,DOM,DOM,C,0.5,4-T1,,
FR,73H,BGY,2027-01-08 09:00:00,FR3645,J,FR,73H,BGY,2027-01-08 09:25:00,FR3646,J,T688,189,0.85,INT,INT,C,1.0,15B-T1,,
EC,319,BCN,2027-01-08 09:15:00,EC7199,J,EC,319,BCN,2027-01-08 09:45:00,EC7200,J,T689,156,0.83,INT,INT,C,1.0,20-T1,,
U2,32A,BFS,2027-01-08 09:15:00,U2326,J,U2,32N,ZRH,2027-01-08 10:35:00,U22755,J,T690,186,0.8,NIRISH,INT,C,1.0,6-T1,,
LM,AT7,IOM,2027-01-08 09:20:00,LM314,J,LM,AT7,IOM,2027-01-08 09:50:00,LM313,J,T691,72,0.53,INT,INT,C,1.0,1-T1,,
TK,32Q,IST,2027-01-08 09:40:00,TK1343,J,TK,32Q,IST,2027-01-08 10:40:00,TK1344,J,T692,190,0.84,INT,INT,C,1.0,15A-T1,,
LM,AT7,KOI,2027-01-08 09:50:00,LM392,J,LM,AT7,SYY,2027-01-08 10:20:00,LM343,J,T693,72,0.53,DOM,DOM,C,1.0,5-T1,,
RK,73H,STN,2027-01-08 09:55:00,RK8605,J,RK,73H,STN,2027-01-08 10:20:00,RK9816,J,T694,189,0.85,DOM,DOM,C,1.0,1B-T1,,
U2,32N,BRS,2027-01-08 10:05:00,U2213,J,U2,32A,CDG,2027-01-08 10:50:00,U23245,J,T695,186,0.8,DOM,INT,C,1.0,1A-T1,,
KL,73H,AMS,2027-01-08 10:10:00,KL925,J,KL,73H,AMS,2027-01-08 11:00:00,KL926,J,T696,186,0.74,INT,INT,C,1.0,16B-T1,,
LM,AT7,LSI,2027-01-08 10:15:00,LM352,J,LM,AT7,SOU,2027-01-08 13:00:00,LM325,J,T697,72,0.53,DOM,DOM,C,1.0,30-T1,,
U2,32A,LTN,2027-01-08 10:20:00,U2302,J,U2,32N,HRG,2027-01-08 11:25:00,U23319,J,T698,186,0.8,DOM,INT,C,1.0,1-T1,,
BA,319,LHR,2027-01-08 10:25:00,BA1442,J,BA,319,LHR,2027-01-08 11:30:00,BA1443,J,T699,144,0.72,DOM,DOM,C,0.5,2-T1,,
FR,7M8,CRL,2027-01-08 10:25:00,FR7323,J,FR,7M8,TFS,2027-01-08 12:05:00,FR2969,J,T700,197,0.85,INT,INT,C,1.0,15B-T1,,
AF,223,CDG,2027-01-08 10:30:00,AF1686,J,AF,223,CDG,2027-01-08 11:30:00,AF1687,J,T701,148,0.84,INT,INT,C,1.0,20-T1,,
U2,32N,STN,2027-01-08 10:35:00,U2310,J,U2,32N,BHX,2027-01-08 11:35:00,U26642,J,T702,186,0.8,DOM,DOM,C,1.0,3-T1,,
LM,AT7,SOU,2027-01-08 10:40:00,LM322,J,LM,AT7,EXT,2027-01-08 11:00:00,LM315,J,T703,72,0.53,DOM,DOM,C,1.0,5-T1,,
PC,32Q,SAW,2027-01-08 10:50:00,PC1187,J,PC,32Q,SAW,2027-01-08 11:55:00,PC1188,J,T704,239,0.88,INT,INT,C,1.0,16A-T1,,
U2,32N,BHX,2027-01-08 11:00:00,U26641,J,U2,32A,LTN,2027-01-08 12:45:00,U2303,J,T705,186,0.8,DOM,DOM,C,1.0,6-T1,,
FR,7M8,GDN,2027-01-08 11:10:00,FR6123,J,FR,7M8,VCE,2027-01-08 13:10:00,FR1652,J,T706,197,0.85,INT,INT,C,1.0,19-T1,,
U2,32A,LGW,2027-01-08 11:15:00,U2807,J,U2,32N,TFS,2027-01-08 12:55:00,U23231,J,T707,186,0.8,DOM,INT,C,1.0,1B-T1,,
FR,73H,PRG,2027-01-08 11:20:00,FR1053,J,FR,73H,DUB,2027-01-08 11:45:00,FR817,J,T708,189,0.85,INT,IRISH,C,1.0,16B-T1,,
EA,AT7,DUB,2027-01-08 11:40:00,EA3252,J,EA,AT7,BHD,2027-01-08 12:20:00,EA3653,J,T709,72,0.77,IRISH,NIRISH,C,1.0,1A-T1,,
U2,32A,GVA,2027-01-08 11:45:00,U23292,J,U2,32Q,BER,2027-01-08 12:55:00,U23261,J,T710,186,0.8,INT,INT,C,1.0,22-T1,,
EA,AT7,BHD,2027-01-08 11:50:00,EA3652,J,EA,AT7,DUB,2027-01-08 12:20:00,EA3253,J,T711,72,0.77,NIRISH,IRISH,C,1.0,2-T1,,
LH,32N,FRA,2027-01-08 11:55:00,LH960,J,LH,32N,FRA,2027-01-08 12:40:00,LH961,J,T712,172,0.8,INT,INT,C,1.0,15A-T1,,
U2,32A,NCE,2027-01-08 12:00:00,U23252,J,U2,32A,MAD,2027-01-08 13:50:00,U23209,J,T713,186,0.8,INT,INT,C,1.0,20-T1,,
FR,73H,ORK,2027-01-08 12:10:00,FR3731,J,FR,73H,CRL,2027-01-08 13:05:00,FR7352,J,T714,189,0.85,IRISH,INT,C,1.0,1-T1,,
FR,7M8,MAD,2027-01-08 12:15:00,FR188,J,FR,7M8,DUB,2027-01-08 13:15:00,FR809,J,T715,197,0.85,INT,IRISH,C,1.0,17-T1,,
CJ,E90,LCY,2027-01-08 12:20:00,CJ8704,J,CJ,E90,LCY,2027-01-08 12:55:00,CJ8705,J,T716,106,0.66,DOM,DOM,C,0.5,5-T1,,
FR,7M8,BUD,2027-01-08 12:25:00,FR1018,J,FR,7M8,BVA,2027-01-08 14:05:00,FR5591,J,T717,197,0.85,INT,INT,C,1.0,4-T1,,
LG,295,LUX,2027-01-08 12:35:00,LG4731,J,LG,295,LUX,2027-01-08 13:25:00,LG4732,J,T718,136,0.79,INT,INT,C,1.0,3-T1,,
QR,789,DOH,2027-01-08 12:35:00,QR29,J,QR,789,DOH,2027-01-08 14:05:00,QR30,J,T719,311,0.92,INT,INT,E,1.0,16-T1,,
U2,32Q,KRK,2027-01-08 12:40:00,U23314,J,U2,32A,STN,2027-01-08 14:45:00,U2315,J,T720,235,0.8,INT,DOM,C,1.0,15B-T1,,
EA,AT7,DUB,2027-01-08 12:40:00,EA3254,J,EA,AT7,DUB,2027-01-08 13:10:00,EA3255,J,T721,72,0.77,IRISH,IRISH,C,1.0,103-T1,,
BA,32Q,LHR,2027-01-08 12:45:00,BA1446,J,BA,32Q,LHR,2027-01-08 13:35:00,BA1447,J,T722,220,0.72,DOM,DOM,C,0.5,2-T1,,
DY,73H,OSL,2027-01-08 12:55:00,DY1640,J,DY,73H,OSL,2027-01-08 13:35:00,DY1641,J,T723,186,0.86,INT,INT,C,1.0,1A-T1,,
LM,AT7,SYY,2027-01-08 13:05:00,LM344,J,LM,AT7,LSI,2027-01-08 16:45:00,LM357,J,T724,72,0.53,DOM,DOM,C,1.0,106-T1,,
FR,73H,BCN,2027-01-08 13:15:00,FR6267,J,FR,73H,POZ,2027-01-08 14:05:00,FR6618,J,T725,189,0.85,INT,INT,C,1.0,22-T1,,
FR,7M8,LIS,2027-01-08 13:15:00,FR478,J,FR,7M8,DUB,2027-01-08 15:20:00,FR813,J,T726,197,0.85,INT,IRISH,C,1.0,15A-T1,,
RK,73H,STN,2027-01-08 13:30:00,RK9817,J,RK,73H,BOH,2027-01-08 15:10:00,RK1133,J,T727,189,0.85,DOM,DOM,C,1.0,6-T1,,
EC,32A,LIN,2027-01-08 13:40:00,EC5421,J,EC,32A,LIN,2027-01-08 14:15:00,EC5422,J,T728,186,0.83,INT,INT,C,1.0,1-T1,,
EC,319,MXP,2027-01-08 13:50:00,EC3933,J,EC,319,MXP,2027-01-08 14:25:00,EC3934,J,T729,156,0.83,INT,INT,C,1.0,3-T1,,
EC,32A,CDG,2027-01-08 13:55:00,EC4689,J,EC,32A,CDG,2027-01-08 14:30:00,EC4690,J,T730,186,0.83,INT,INT,C,1.0,1B-T1,,
BA,32N,LHR,2027-01-08 14:00:00,BA1448,J,BA,32N,LHR,2027-01-08 14:50:00,BA1449,J,T731,180,0.72,DOM,DOM,C,0.5,2-T1,,
U2,32A,CPH,2027-01-08 14:05:00,U23324,J,U2,32A,BFS,2027-01-08 15:30:00,U254,J,T732,186,0.8,INT,NIRISH,C,1.0,19-T1,,
EC,32N,AMS,2027-01-08 14:10:00,EC7837,J,EC,32N,AMS,2027-01-08 14:45:00,EC7838,J,T733,186,0.83,INT,INT,C,1.0,17-T1,,
DS,32A,BSL,2027-01-08 14:15:00,DS1231,J,DS,32A,BSL,2027-01-08 14:45:00,DS1232,J,T734,186,0.81,INT,INT,C,1.0,20-T1,,
FR,73H,DUB,2027-01-08 14:20:00,FR816,J,FR,73H,NOC,2027-01-08 15:10:00,FR890,J,T735,189,0.85,IRISH,IRISH,C,1.0,1A-T1,,
FR,7M8,ALC,2027-01-08 14:30:00,FR5578,J,FR,7M8,VIE,2027-01-08 16:15:00,FR1625,J,T736,197,0.85,INT,INT,C,1.0,22-T1,,
U2,32A,BFS,2027-01-08 15:00:00,U253,J,U2,32A,LDY,2027-01-08 16:00:00,U2307,J,T737,186,0.8,NIRISH,DOM,C,1.0,3-T1,,
U2,32A,GVA,2027-01-08 15:10:00,U23294,J,U2,32A,BHX,2027-01-08 16:05:00,U2341,J,T738,186,0.8,INT,DOM,C,1.0,16A-T1,,
LM,AT7,EXT,2027-01-08 15:10:00,LM316,J,LM,AT7,SOU,2027-01-08 17:40:00,LM329,J,T739,72,0.53,DOM,DOM,C,1.0,5-T1,,
U2,32A,CDG,2027-01-08 15:15:00,U23244,J,U2,32N,BRS,2027-01-08 16:05:00,U2214,J,T740,186,0.8,INT,DOM,C,1.0,15B-T1,,
CJ,E90,LCY,2027-01-08 15:25:00,CJ8716,J,CJ,E90,LCY,2027-01-08 16:00:00,CJ8707,J,T741,106,0.66,DOM,DOM,C,0.5,2-T1,,
FR,7M8,BER,2027-01-08 15:35:00,FR2377,J,FR,7M8,MLA,2027-01-08 16:25:00,FR6695,J,T742,197,0.85,INT,INT,C,1.0,1-T1,,
U2,32N,ZRH,2027-01-08 15:35:00,U22756,J,U2,32A,STN,2027-01-08 16:10:00,U2313,J,T743,186,0.8,INT,DOM,C,1.0,20-T1,,
RK,73H,AGA,2027-01-08 15:40:00,RK860,J,RK,73H,BFS,2027-01-08 16:10:00,RK179,J,T744,189,0.85,INT,NIRISH,C,1.0,17-T1,,
RK,73H,BFS,2027-01-08 15:45:00,RK178,J,RK,73H,STN,2027-01-08 17:05:00,RK597,J,T745,189,0.85,NIRISH,DOM,C,1.0,6-T1,,
EA,AT7,DUB,2027-01-08 15:45:00,EA3256,J,EA,AT7,DUB,2027-01-08 16:15:00,EA3257,J,T746,72,0.77,IRISH,IRISH,C,1.0,35-T1,,
FR,7M8,DUB,2027-01-08 15:50:00,FR808,J,FR,7M8,CIA,2027-01-08 17:35:00,FR5589,J,T747,197,0.85,IRISH,INT,C,1.0,1B-T1,,
U2,32A,LTN,2027-01-08 15:50:00,U2304,J,U2,32A,BHD,2027-01-08 16:35:00,U2343,J,T748,186,0.8,DOM,NIRISH,C,1.0,4-T1,,
U2,319,LGW,2027-01-08 15:55:00,U2811,J,U2,319,LGW,2027-01-08 16:45:00,U2812,J,T749,156,0.8,DOM,DOM,C,1.0,1A-T1,,
U2,32A,RAK,2027-01-08 15:55:00,U23266,J,U2,32A,GVA,2027-01-08 16:45:00,U23295,J,T750,186,0.8,INT,INT,C,1.0,19-T1,,
AF,223,CDG,2027-01-08 16:05:00,AF1486,J,AF,223,CDG,2027-01-08 17:00:00,AF1487,J,T751,148,0.84,INT,INT,C,1.0,15A-T1,,
KL,32Q,AMS,2027-01-08 16:05:00,KL931,J,KL,32Q,AMS,2027-01-08 17:00:00,KL932,J,T752,227,0.74,INT,INT,C,1.0,16B-T1,,
EA,AT7,BHD,2027-01-08 16:20:00,EA3656,J,EA,AT7,BHD,2027-01-08 16:50:00,EA3657,J,T753,72,0.77,NIRISH,NIRISH,C,1.0,3-T1,,
BA,32Q,LHR,2027-01-08 16:30:00,BA1452,J,BA,32Q,LHR,2027-01-08 17:20:00,BA1453,J,T754,220,0.72,DOM,DOM,C,0.5,2-T1,,
EA,AT7,DUB,2027-01-08 16:50:00,EA3554,J,EA,AT7,DUB,2027-01-08 17:20:00,EA3555,J,T755,72,0.77,IRISH,IRISH,C,1.0,1-T1,,
FR,73H,CRL,2027-01-08 16:55:00,FR7353,J,FR,73H,MXP,2027-01-08 17:20:00,FR7052,J,T756,189,0.85,INT,INT,C,1.0,15B-T1,,
CJ,E90,LCY,2027-01-08 17:00:00,CJ8706,J,CJ,E90,LCY,2027-01-08 17:35:00,CJ8709,J,T757,106,0.66,DOM,DOM,C,0.5,4-T1,,
LM,AT7,SOU,2027-01-08 17:00:00,LM326,J,LM,AT7,KOI,2027-01-08 17:20:00,LM397,J,T758,72,0.53,DOM,DOM,C,1.0,22-T1,,
FR,7M8,CIA,2027-01-08 17:10:00,FR5590,J,FR,7M8,KRK,2027-01-08 18:15:00,FR6624,J,T759,197,0.85,INT,INT,C,1.0,19-T1,,
U2,32N,BRS,2027-01-08 17:15:00,U2217,J,U2,32N,BRS,2027-01-08 17:45:00,U2218,J,T760,186,0.8,DOM,DOM,C,1.0,1A-T1,,
U2,32N,BFS,2027-01-08 17:40:00,U255,J,U2,32N,BFS,2027-01-08 18:10:00,U256,J,T761,186,0.8,NIRISH,NIRISH,C,1.0,15B-T1,,
BA,32Q,LHR,2027-01-08 17:40:00,BA1454,J,BA,32Q,LHR,2027-01-08 18:35:00,BA1455,J,T762,220,0.72,DOM,DOM,C,0.5,3-T1,,
U2,32A,STN,2027-01-08 17:50:00,U2316,J,U2,32A,CDG,2027-01-08 18:30:00,U23241,J,T763,186,0.8,DOM,INT,C,1.0,22-T1,,
FR,7M8,BVA,2027-01-08 17:50:00,FR5592,J,FR,7M8,OPO,2027-01-08 18:20:00,FR5679,J,T764,197,0.85,INT,INT,C,1.0,20-T1,,
AY,E90,HEL,2027-01-08 17:50:00,AY1373,J,AY,E90,HEL,2027-01-08 18:35:00,AY1374,J,T765,100,0.61,INT,INT,C,1.0,15A-T1,,
FR,7M8,NAP,2027-01-08 17:50:00,FR7410,J,FR,7M8,NAP,2027-01-08 18:15:00,FR7409,J,T766,197,0.85,INT,INT,C,1.0,17-T1,,
FR,73H,NOC,2027-01-08 17:55:00,FR891,J,FR,73H,BCN,2027-01-08 18:25:00,FR6274,J,T767,189,0.85,IRISH,INT,C,1.0,1-T1,,
FR,7M8,DUB,2027-01-08 17:55:00,FR812,J,FR,7M8,DUB,2027-01-08 19:20:00,FR815,J,T768,197,0.85,IRISH,IRISH,C,1.0,1B-T1,,
U2,32Q,BER,2027-01-08 18:05:00,U23262,J,U2,32Q,AMS,2027-01-08 18:45:00,U23301,J,T769,235,0.8,INT,INT,C,1.0,16B-T1,,
LS,73H,AGP,2027-01-08 18:05:00,LS760,J,LS,73H,VRN,2027-01-09 06:55:00,LS703,J,T770,189,0.87,INT,INT,C,0.8,8-T1,,
U2,32A,LDY,2027-01-08 18:20:00,U2308,J,U2,32A,LTN,2027-01-08 19:10:00,U2305,J,T771,186,0.8,DOM,DOM,C,1.0,1A-T1,,
SK,319,CPH,2027-01-08 18:25:00,SK2513,J,SK,319,CPH,2027-01-08 19:10:00,SK2514,J,T773,150,0.84,INT,INT,C,1.0,16A-T1,,
RK,73H,BOH,2027-01-08 18:30:00,RK1132,J,RK,73H,BGY,2027-01-08 18:55:00,RK3646,J,T774,189,0.85,DOM,INT,C,1.0,6-T1,,
EW,32A,DUS,2027-01-08 18:35:00,EW9364,J,EW,32A,DUS,2027-01-08 19:20:00,EW9365,J,T775,180,0.77,INT,INT,C,1.0,15B-T1,,
BA,320,LHR,2027-01-08 18:40:00,BA1456,J,BA,320,LHR,2027-01-08 19:30:00,BA1457,J,T776,180,0.72,DOM,DOM,C,0.5,2-T1,,
FR,73H,KUN,2027-01-08 18:45:00,FR2885,J,FR,73H,KUN,2027-01-08 19:10:00,FR2886,J,T777,189,0.85,INT,INT,C,1.0,20-T1,,
TO,73H,ORY,2027-01-08 18:50:00,TO7928,J,TO,73H,ORY,2027-01-08 19:35:00,TO7929,J,T778,189,0.84,INT,INT,C,1.0,22-T1,,
U2,32A,BHD,2027-01-08 18:50:00,U2344,J,U2,32A,BFS,2027-01-08 19:40:00,U2333,J,T779,186,0.8,NIRISH,NIRISH,C,1.0,4-T1,,
U2,32A,BHX,2027-01-08 18:50:00,U2342,J,U2,319,LGW,2027-01-08 19:45:00,U2814,J,T780,186,0.8,DOM,DOM,C,1.0,1-T1,,
FR,7M8,VCE,2027-01-08 18:55:00,FR1653,J,FR,7M8,MAD,2027-01-09 05:50:00,FR5685,J,T781,197,0.85,INT,INT,C,1.0,103-T1,,
EK,359,DXB,2027-01-08 18:55:00,EK23,J,EK,359,DXB,2027-01-08 20:50:00,EK24,J,T782,312,0.78,INT,INT,E,1.0,18-T1,,
U2,319,LGW,2027-01-08 19:15:00,U2813,J,U2,32A,STN,2027-01-08 19:45:00,U2317,J,T784,156,0.8,DOM,DOM,C,1.0,3-T1,,
U2,32A,STN,2027-01-08 19:15:00,U2314,J,U2,32A,BHX,2027-01-08 20:05:00,U2339,J,T786,186,0.8,DOM,DOM,C,1.0,6-T1,,
FR,73H,POZ,2027-01-08 19:20:00,FR6619,J,FR,73H,CPH,2027-01-08 19:45:00,FR2674,J,T787,189,0.85,INT,INT,C,1.0,16B-T1,,
EA,AT7,BHD,2027-01-08 19:30:00,EA3658,J,EA,AT7,BHD,2027-01-08 20:00:00,EA3659,J,T788,72,0.77,NIRISH,NIRISH,C,1.0,1A-T1,,
VY,321,BCN,2027-01-08 19:45:00,VY7752,J,VY,321,BCN,2027-01-08 20:30:00,VY7753,J,T789,220,0.83,INT,INT,C,1.0,20-T1,,
U2,32A,BRS,2027-01-08 19:50:00,U2219,J,U2,32A,BRS,2027-01-08 20:20:00,U2220,J,T790,186,0.8,DOM,DOM,C,1.0,15B-T1,,
LM,AT7,KOI,2027-01-08 20:10:00,LM398,J,LM,AT7,SOU,2027-01-09 08:00:00,LM321,J,T791,72,0.53,DOM,DOM,C,1.0,30-T1,,
LM,AT7,LSI,2027-01-08 20:10:00,LM356,J,LM,AT7,KOI,2027-01-09 07:15:00,LM391,J,T792,72,0.53,DOM,DOM,C,1.0,5-T1,,
RK,73H,STN,2027-01-08 20:15:00,RK596,J,RK,73H,STN,2027-01-08 20:40:00,RK1274,J,T793,189,0.85,DOM,DOM,C,1.0,4-T1,,
EA,AT7,DUB,2027-01-08 20:15:00,EA3258,J,EA,AT7,DUB,2027-01-08 20:45:00,EA3259,J,T794,72,0.77,IRISH,IRISH,C,1.0,1-T1,,
U2,32Q,LGW,2027-01-08 20:15:00,U2815,J,U2,319,LGW,2027-01-08 20:55:00,U2816,J,T795,235,0.8,DOM,DOM,C,1.0,22-T1,,
CJ,E90,LCY,2027-01-08 20:30:00,CJ8710,J,CJ,E90,LCY,2027-01-10 12:00:00,CJ8701,J,T798,106,0.66,DOM,DOM,C,0.5,311R-T1,,
FR,7M8,DUB,2027-01-08 21:55:00,FR814,J,FR,7M8,ORK,2027-01-09 05:55:00,FR3732,J,T802,197,0.85,IRISH,IRISH,C,1.0,1B-T1,,
U2,32A,BFS,2027-01-08 22:05:00,U2334,J,U2,32A,LGW,2027-01-09 06:15:00,U2860,J,T804,186,0.8,NIRISH,DOM,C,1.0,4-T1,,
U2,32A,LTN,2027-01-08 22:10:00,U2306,J,U2,32A,AGP,2027-01-09 07:00:00,U23219,J,T805,186,0.8,DOM,INT,C,1.0,6-T1,,
AF,223,CDG,2027-01-08 22:15:00,AF1886,J,AF,223,CDG,2027-01-09 05:50:00,AF1887,J,T806,148,0.84,INT,INT,C,1.0,15A-T1,,
FR,7M8,TFS,2027-01-08 22:15:00,FR2970,J,FR,7M8,DUB,2027-01-09 06:00:00,FR813,J,T807,197,0.85,INT,IRISH,C,1.0,3-T1,,
U2,32A,STN,2027-01-08 22:50:00,U2318,J,U2,32A,AMS,2027-01-09 07:00:00,U23301,J,T809,186,0.8,DOM,INT,C,1.0,19-T1,,
FR,73H,MXP,2027-01-08 22:50:00,FR7053,J,FR,73H,CPH,2027-01-09 05:50:00,FR2674,J,T810,189,0.85,INT,INT,C,1.0,15B-T1,,
U2,32A,BHX,2027-01-08 22:50:00,U2340,J,U2,32A,CDG,2027-01-09 07:00:00,U23241,J,T811,186,0.8,DOM,INT,C,1.0,20-T1,,
KL,32Q,AMS,2027-01-08 23:10:00,KL933,J,KL,32Q,AMS,2027-01-09 05:40:00,KL922,J,T813,227,0.74,INT,INT,C,1.0,2-T1,,
U2,32N,TFS,2027-01-08 23:25:00,U23232,J,U2,32A,BHX,2027-01-09 07:35:00,U2337,J,T815,186,0.8,INT,DOM,C,1.0,1-T1,,
RK,73H,STN,2027-01-08 23:50:00,RK1273,J,RK,73H,TFS,2027-01-09 06:00:00,RK2969,J,T816,189,0.85,DOM,INT,C,1.0,102-T1,,
FR,73H,CPH,2027-01-08 23:55:00,FR3759,J,FR,73H,CRL,2027-01-09 06:00:00,FR7322,J,T817,189,0.85,INT,INT,C,1.0,1A-T1,,
FR,7M8,OPO,2027-01-09 00:20:00,FR5680,J,FR,7M8,AGP,2027-01-09 06:15:00,FR5091,J,T818,197,0.85,INT,INT,C,1.0,17-T1,,
RK,73H,BGY,2027-01-09 00:35:00,RK3657,J,RK,73H,STN,2027-01-09 07:10:00,RK597,J,T820,189,0.85,INT,DOM,C,1.0,7-T1,,
FR,7M8,MLA,2027-01-09 00:35:00,FR6696,J,FR,7M8,NRN,2027-01-09 07:10:00,FR5687,J,T821,197,0.85,INT,INT,C,1.0,104-T1,,
FR,73H,BCN,2027-01-09 00:35:00,FR6275,J,FR,73H,VCE,2027-01-09 06:10:00,FR1652,J,T822,189,0.85,INT,INT,C,1.0,22-T1,,
NPT,73K,EMA,2027-01-09 02:25:00,NPT4N,M,NPT,73K,EMA,2027-01-09 03:30:00,NPT722F,P,T824,0,0.0,DOM,DOM,C,1.0,316-T1,,
NPT,73K,EMA,2027-01-09 03:15:00,NPT5U,M,NPT,73K,EMA,2027-01-11 22:55:00,NPT4S,M,T825,0,0.0,DOM,DOM,C,1.0,210-FRT,,
QR,789,DOH,2027-01-09 06:00:00,QR31,J,QR,789,DOH,2027-01-09 07:30:00,QR32,J,T826,311,0.92,INT,INT,E,1.0,16-T1,,
NPT,73K,EMA,2027-01-09 06:15:00,NPT7224,H,NPT,73K,EMA,2027-01-11 23:50:00,NPT5D,M,T827,0,0.0,DOM,DOM,C,1.0,208-FRT,,
HU,333,PEK,2027-01-09 06:35:00,HU407,J,HU,333,PEK,2027-01-09 10:50:00,HU408,J,T828,292,0.78,INT,INT,E,1.0,15-T1,,
FR,7M8,NRN,2027-01-09 06:45:00,FR5688,J,FR,7M8,KRK,2027-01-09 09:10:00,FR6628,J,T829,197,0.85,INT,INT,C,1.0,17-T1,,
D0,75C,LEJ,2027-01-09 07:00:00,D02134,F,D0,75C,LEJ,2027-01-09 08:00:00,D0201P,P,T830,0,0.0,INT,INT,D,1.0,102-T1,,
AY,E90,HEL,2027-01-09 07:25:00,AY1371,J,AY,E90,HEL,2027-01-09 08:10:00,AY1372,J,T831,100,0.61,INT,INT,C,1.0,20-T1,,
BA,32N,LHR,2027-01-09 07:30:00,BA1438,J,BA,32N,LHR,2027-01-09 08:35:00,BA1439,J,T832,180,0.72,DOM,DOM,C,0.5,2-T1,,
EC,32A,CDG,2027-01-09 07:35:00,EC4693,J,EC,32A,CDG,2027-01-09 08:10:00,EC4694,J,T833,186,0.83,INT,INT,C,1.0,22-T1,,
FR,73H,GDN,2027-01-09 07:50:00,FR6123,J,FR,73H,GDN,2027-01-09 08:15:00,FR6124,J,T834,189,0.85,INT,INT,C,1.0,19-T1,,
EA,AT7,DUB,2027-01-09 07:55:00,EA3250,J,EA,AT7,BHD,2027-01-09 08:25:00,EA3651,J,T835,72,0.77,IRISH,NIRISH,C,1.0,1-T1,,
UA,75W,EWR,2027-01-09 07:55:00,UA36,J,UA,75W,EWR,2027-01-09 09:25:00,UA37,J,T836,176,0.93,INT,INT,D,1.0,16-T1,,
U2,319,BFS,2027-01-09 07:55:00,U251,J,U2,319,BFS,2027-01-09 08:25:00,U252,J,T837,156,0.8,NIRISH,NIRISH,C,1.0,6-T1,,
EA,AT7,BHD,2027-01-09 07:55:00,EA3650,J,EA,AT7,DUB,2027-01-09 08:30:00,EA3251,J,T838,72,0.77,NIRISH,IRISH,C,1.0,5-T1,,
BA,32Q,LHR,2027-01-09 08:30:00,BA1440,J,BA,32Q,LHR,2027-01-09 09:25:00,BA1441,J,T839,220,0.72,DOM,DOM,C,0.5,20-T1,,
EA,AT7,DUB,2027-01-09 08:30:00,EA3552,J,EA,AT7,DUB,2027-01-09 09:15:00,EA3553,J,T840,72,0.77,IRISH,IRISH,C,1.0,1A-T1,,
FR,7M8,DUB,2027-01-09 08:35:00,FR812,J,FR,7M8,WRO,2027-01-09 09:25:00,FR1159,J,T841,197,0.85,IRISH,INT,C,1.0,1B-T1,,
EA,AT7,DUB,2027-01-09 08:55:00,EA3550,J,EA,AT7,DUB,2027-01-09 09:30:00,EA3551,J,T842,72,0.77,IRISH,IRISH,C,1.0,5-T1,,
FR,7M8,ORK,2027-01-09 09:00:00,FR3731,J,FR,7M8,CIA,2027-01-09 09:40:00,FR5589,J,T843,197,0.85,IRISH,INT,C,1.0,1-T1,,
FR,7M8,CIA,2027-01-09 09:05:00,FR5590,J,FR,7M8,ALC,2027-01-09 12:00:00,FR5579,J,T844,197,0.85,INT,INT,C,1.0,8-T1,,
FR,73H,POZ,2027-01-09 09:15:00,FR6619,J,FR,73H,POZ,2027-01-09 09:40:00,FR6618,J,T845,189,0.85,INT,INT,C,1.0,22-T1,,
U2,319,LTN,2027-01-09 09:15:00,U2603,J,U2,319,LTN,2027-01-09 09:55:00,U2604,J,T846,156,0.8,DOM,DOM,C,1.0,4-T1,,
DL,76W,JFK,2027-01-09 09:40:00,DL208,J,DL,76W,JFK,2027-01-09 11:35:00,DL209,J,T847,216,0.88,INT,INT,D,1.0,2-T1,,
U2,32N,BRS,2027-01-09 09:50:00,U2213,J,U2,32N,BHD,2027-01-09 10:20:00,U2249,J,T848,186,0.8,DOM,NIRISH,C,1.0,19-T1,,
FR,73H,CRL,2027-01-09 09:50:00,FR7323,J,FR,73H,DUB,2027-01-09 11:10:00,FR819,J,T849,189,0.85,INT,IRISH,C,1.0,17-T1,,
U2,32A,BFS,2027-01-09 09:55:00,U2328,J,U2,32A,LYS,2027-01-09 10:35:00,U23254,J,T850,186,0.8,NIRISH,INT,C,1.0,6-T1,,
FR,73H,CPH,2027-01-09 10:05:00,FR2675,J,FR,73H,CPH,2027-01-09 13:15:00,FR3760,J,T851,189,0.85,INT,INT,C,1.0,406-T1,,
U2,32Q,LGW,2027-01-09 10:05:00,U2861,J,U2,32A,GNB,2027-01-09 10:55:00,U23249,J,T852,235,0.8,DOM,INT,C,1.0,1-T1,,
KL,73H,AMS,2027-01-09 10:10:00,KL925,J,KL,73H,AMS,2027-01-09 11:00:00,KL926,J,T853,186,0.74,INT,INT,C,1.0,20-T1,,
DY,7M8,OSL,2027-01-09 10:15:00,DY1640,J,DY,7M8,OSL,2027-01-09 10:55:00,DY1641,J,T854,189,0.86,INT,INT,C,1.0,22-T1,,
RK,73H,STN,2027-01-09 10:20:00,RK596,J,RK,73H,STN,2027-01-09 10:45:00,RK1274,J,T855,189,0.85,DOM,DOM,C,1.0,4-T1,,
U2,32A,BHX,2027-01-09 10:20:00,U2338,J,U2,32A,GVA,2027-01-09 11:50:00,U23293,J,T856,186,0.8,DOM,INT,C,1.0,1B-T1,,
BA,32Q,LHR,2027-01-09 10:25:00,BA1442,J,BA,32Q,LHR,2027-01-09 11:15:00,BA1443,J,T857,220,0.72,DOM,DOM,C,0.5,3-T1,,
RK,73H,BFS,2027-01-09 10:25:00,RK178,J,RK,73H,BFS,2027-01-09 10:50:00,RK179,J,T858,189,0.85,NIRISH,NIRISH,C,1.0,1A-T1,,
AF,223,CDG,2027-01-09 10:30:00,AF1686,J,AF,223,CDG,2027-01-09 11:30:00,AF1687,J,T859,148,0.84,INT,INT,C,1.0,16B-T1,,
U2,32A,AMS,2027-01-09 10:45:00,U23302,J,U2,32Q,TFS,2027-01-09 11:55:00,U23231,J,T860,186,0.8,INT,INT,C,1.0,19-T1,,
FR,73H,DUB,2027-01-09 10:45:00,FR818,J,FR,73H,FUE,2027-01-09 13:45:00,FR5683,J,T861,189,0.85,IRISH,INT,C,1.0,35-T1,,
PC,32Q,SAW,2027-01-09 10:50:00,PC1187,J,PC,32Q,SAW,2027-01-09 11:55:00,PC1188,J,T862,239,0.88,INT,INT,C,1.0,16A-T1,,
U2,32Q,STN,2027-01-09 11:00:00,U2310,J,U2,32N,ACE,2027-01-09 12:15:00,U23203,J,T863,235,0.8,DOM,INT,C,1.0,6-T1,,
U2,32N,GVA,2027-01-09 11:15:00,U23292,J,U2,32N,BRS,2027-01-09 13:25:00,U2214,J,T864,186,0.8,INT,DOM,C,1.0,1A-T1,,
U2,32Q,CDG,2027-01-09 11:30:00,U23242,J,U2,319,LGW,2027-01-09 13:25:00,U2810,J,T866,235,0.8,INT,DOM,C,1.0,20-T1,,
FR,7M8,ALC,2027-01-09 11:35:00,FR5578,J,FR,7M8,DUB,2027-01-09 13:10:00,FR815,J,T867,197,0.85,INT,IRISH,C,1.0,3-T1,,
EA,AT7,DUB,2027-01-09 11:40:00,EA3252,J,EA,AT7,DUB,2027-01-09 12:20:00,EA3253,J,T868,72,0.77,IRISH,IRISH,C,1.0,1-T1,,
BA,32Q,LHR,2027-01-09 11:50:00,BA1446,J,BA,32Q,LHR,2027-01-09 12:40:00,BA1447,J,T869,220,0.72,DOM,DOM,C,0.5,16B-T1,,
EA,AT7,BHD,2027-01-09 11:50:00,EA3652,J,EA,AT7,BHD,2027-01-09 12:20:00,EA3653,J,T870,72,0.77,NIRISH,NIRISH,C,1.0,5-T1,,
LH,32N,FRA,2027-01-09 11:55:00,LH960,J,LH,32N,FRA,2027-01-09 12:40:00,LH961,J,T871,172,0.8,INT,INT,C,1.0,2-T1,,
FR,73H,VCE,2027-01-09 11:55:00,FR1653,J,FR,73H,BUD,2027-01-09 14:05:00,FR1017,J,T872,189,0.85,INT,INT,C,1.0,30-T1,,
LM,AT7,SOU,2027-01-09 12:00:00,LM322,J,LM,AT7,SYY,2027-01-10 12:35:00,LM343,J,T873,72,0.53,DOM,DOM,C,1.0,104-T1,,
LS,73H,SZG,2027-01-09 12:05:00,LS778,J,LS,73H,LPA,2027-01-09 14:20:00,LS747,J,T874,189,0.87,INT,INT,C,0.8,15A-T1,,
XQ,73H,AYT,2027-01-09 12:10:00,XQ598,J,XQ,73H,AYT,2027-01-09 13:10:00,XQ599,J,T875,189,0.74,INT,INT,C,1.0,15B-T1,,
FR,7M8,MAD,2027-01-09 12:20:00,FR5686,J,FR,7M8,LPA,2027-01-09 14:35:00,FR6698,J,T876,197,0.85,INT,INT,C,1.0,8-T1,,
KL,32Q,AMS,2027-01-09 12:30:00,KL927,J,KL,32Q,AMS,2027-01-09 13:25:00,KL928,J,T877,227,0.74,INT,INT,C,1.0,16A-T1,,
U2,32A,GNB,2027-01-09 12:30:00,U23247,J,U2,32N,AGA,2027-01-09 13:45:00,U23327,J,T878,186,0.8,INT,INT,C,1.0,1B-T1,,
QR,789,DOH,2027-01-09 12:35:00,QR29,J,QR,789,DOH,2027-01-09 14:05:00,QR30,J,T879,311,0.92,INT,INT,E,1.0,18-T1,,
EA,AT7,DUB,2027-01-09 12:40:00,EA3254,J,EA,AT7,DUB,2027-01-09 13:10:00,EA3255,J,T880,72,0.77,IRISH,IRISH,C,1.0,5-T1,,
BY,7S8,INN,2027-01-09 12:50:00,BY1641,C,BY,7S8,INN,2027-01-09 14:55:00,BY1640,C,T881,189,0.95,INT,INT,C,1.0,22-T1,,
U2,32N,BHD,2027-01-09 12:55:00,U2250,J,U2,32A,LPA,2027-01-09 13:50:00,U23213,J,T883,186,0.8,NIRISH,INT,C,1.0,6-T1,,
BY,7M8,CMF,2027-01-09 12:55:00,BY1661,C,BY,7M8,CMF,2027-01-09 14:10:00,BY1660,C,T885,189,0.95,INT,INT,C,1.0,1-T1,,
U2,32N,ALC,2027-01-09 13:05:00,U23206,J,U2,32A,CDG,2027-01-09 17:25:00,U23243,J,T886,186,0.8,INT,INT,C,1.0,29-T1,,
BA,32Q,LHR,2027-01-09 13:10:00,BA1448,J,BA,32Q,LHR,2027-01-09 14:05:00,BA1449,J,T887,220,0.72,DOM,DOM,C,0.5,16B-T1,,
LS,73H,VRN,2027-01-09 13:20:00,LS704,J,LS,73H,CMF,2027-01-09 15:05:00,LS3907,J,T888,189,0.87,INT,INT,C,0.8,4-T1,,
LS,32Q,GVA,2027-01-09 13:25:00,LS780,J,LS,32Q,INN,2027-01-09 14:25:00,LS787,J,T889,232,0.87,INT,INT,C,0.8,2-T1,,
FR,7M8,AGP,2027-01-09 13:35:00,FR5090,J,FR,7M8,MAD,2027-01-09 15:30:00,FR189,J,T890,197,0.85,INT,INT,C,1.0,15B-T1,,
FR,7M8,SOF,2027-01-09 13:45:00,FR5161,J,FR,7M8,SVQ,2027-01-09 15:45:00,FR6760,J,T891,197,0.85,INT,INT,C,1.0,20-T1,,
RK,73H,STN,2027-01-09 13:55:00,RK1273,J,RK,73H,RAK,2027-01-09 16:15:00,RK514,J,T892,189,0.85,DOM,INT,C,1.0,3-T1,,
EC,32A,LIN,2027-01-09 14:00:00,EC5421,J,EC,32A,LIN,2027-01-09 14:35:00,EC5422,J,T893,186,0.83,INT,INT,C,1.0,1A-T1,,
LH,319,MUC,2027-01-09 14:05:00,LH2494,J,LH,319,MUC,2027-01-09 14:50:00,LH2495,J,T894,138,0.8,INT,INT,C,1.0,16A-T1,,
FR,320,VIE,2027-01-09 14:25:00,FR1624,J,FR,320,VIE,2027-01-09 14:50:00,FR1625,J,T896,180,0.85,INT,INT,C,1.0,16B-T1,,
FR,7M8,WRO,2027-01-09 14:55:00,FR1158,J,FR,7M8,BGY,2027-01-09 16:10:00,FR3646,J,T897,197,0.85,INT,INT,C,1.0,17-T1,,
FR,7M8,KRK,2027-01-09 15:15:00,FR6629,J,FR,7M8,PRG,2027-01-09 16:15:00,FR1054,J,T898,197,0.85,INT,INT,C,1.0,22-T1,,
TK,32Q,IST,2027-01-09 15:20:00,TK1345,J,TK,32Q,IST,2027-01-09 16:20:00,TK1346,J,T899,190,0.84,INT,INT,C,1.0,16A-T1,,
BA,32Q,LHR,2027-01-09 15:20:00,BA1452,J,BA,32Q,LHR,2027-01-09 16:15:00,BA1453,J,T900,220,0.72,DOM,DOM,C,0.5,2-T1,,
EA,AT7,DUB,2027-01-09 15:45:00,EA3256,J,EA,AT7,DUB,2027-01-09 16:15:00,EA3257,J,T901,72,0.77,IRISH,IRISH,C,1.0,1-T1,,
U2,32A,LYS,2027-01-09 15:45:00,U23253,J,U2,32A,BHX,2027-01-09 18:15:00,U2339,J,T902,186,0.8,INT,DOM,C,1.0,6-T1,,
FR,7M8,DUB,2027-01-09 15:45:00,FR814,J,FR,7M8,BCN,2027-01-09 17:00:00,FR6266,J,T903,197,0.85,IRISH,INT,C,1.0,1A-T1,,
KL,32Q,AMS,2027-01-09 16:05:00,KL931,J,KL,32Q,AMS,2027-01-09 17:00:00,KL932,J,T904,227,0.74,INT,INT,C,1.0,15A-T1,,
RK,73H,TFS,2027-01-09 16:05:00,RK2970,J,RK,73H,STN,2027-01-09 17:00:00,RK8604,J,T905,189,0.85,INT,DOM,C,1.0,19-T1,,
AF,223,CDG,2027-01-09 16:05:00,AF1486,J,AF,223,CDG,2027-01-09 17:00:00,AF1487,J,T906,148,0.84,INT,INT,C,1.0,16B-T1,,
FR,7M8,ACE,2027-01-09 16:10:00,FR5594,J,FR,7M8,CIA,2027-01-09 17:15:00,FR5739,J,T907,197,0.85,INT,INT,C,1.0,20-T1,,
EA,AT7,BHD,2027-01-09 16:20:00,EA3656,J,EA,AT7,BHD,2027-01-09 16:50:00,EA3657,J,T908,72,0.77,NIRISH,NIRISH,C,1.0,5-T1,,
U2,32A,GNB,2027-01-09 16:20:00,U23250,J,U2,32A,BFS,2027-01-09 18:50:00,U2333,J,T909,186,0.8,INT,NIRISH,C,1.0,15B-T1,,
FR,7M8,CIA,2027-01-09 16:50:00,FR5740,J,FR,7M8,KRK,2027-01-09 20:55:00,FR6624,J,T910,197,0.85,INT,INT,C,1.0,16A-T1,,
EA,AT7,DUB,2027-01-09 16:50:00,EA3554,J,EA,AT7,DUB,2027-01-09 17:20:00,EA3555,J,T911,72,0.77,IRISH,IRISH,C,1.0,1-T1,,
FR,73H,FAO,2027-01-09 17:05:00,FR5668,J,FR,73H,FAO,2027-01-09 17:30:00,FR5667,J,T912,189,0.85,INT,INT,C,1.0,17-T1,,
U2,32A,BRS,2027-01-09 17:05:00,U2215,J,U2,319,LTN,2027-01-09 20:40:00,U2606,J,T913,186,0.8,DOM,DOM,C,1.0,3-T1,,
U2,32A,GVA,2027-01-09 17:10:00,U23294,J,U2,32A,BRS,2027-01-09 21:30:00,U2216,J,T914,186,0.8,INT,DOM,C,1.0,22-T1,,
BA,32Q,LHR,2027-01-09 17:10:00,BA1454,J,BA,32Q,LHR,2027-01-09 18:05:00,BA1455,J,T915,220,0.72,DOM,DOM,C,0.5,2-T1,,
FR,73H,CPH,2027-01-09 17:30:00,FR6925,J,FR,73H,DUB,2027-01-09 17:55:00,FR817,J,T916,189,0.85,INT,IRISH,C,1.0,16B-T1,,
AY,E90,HEL,2027-01-09 17:50:00,AY1373,J,AY,E90,HEL,2027-01-09 18:35:00,AY1374,J,T917,100,0.61,INT,INT,C,1.0,20-T1,,
SK,319,CPH,2027-01-09 18:25:00,SK2513,J,SK,319,CPH,2027-01-09 19:10:00,SK2514,J,T918,150,0.84,INT,INT,C,1.0,15A-T1,,
BA,32N,LHR,2027-01-09 18:25:00,BA1456,J,BA,32N,LHR,2027-01-09 19:15:00,BA1457,J,T919,180,0.72,DOM,DOM,C,0.5,2-T1,,
EK,359,DXB,2027-01-09 18:55:00,EK23,J,EK,359,DXB,2027-01-09 20:50:00,EK24,J,T921,312,0.78,INT,INT,E,1.0,18-T1,,
LS,73H,ACE,2027-01-09 19:05:00,LS786,J,LS,73H,ALC,2027-01-10 06:15:00,LS775,J,T922,189,0.87,INT,INT,C,0.8,20-T1,,
RK,73H,STN,2027-01-09 20:10:00,RK8605,J,RK,73H,STN,2027-01-09 20:35:00,RK9816,J,T926,189,0.85,DOM,DOM,C,1.0,6-T1,,
EA,AT7,DUB,2027-01-09 20:15:00,EA3258,J,EA,AT7,DUB,2027-01-09 20:45:00,EA3259,J,T928,72,0.77,IRISH,IRISH,C,1.0,1-T1,,
FR,73H,BUD,2027-01-09 20:25:00,FR1018,J,FR,73H,DUB,2027-01-09 20:55:00,FR809,J,T930,189,0.85,INT,IRISH,C,1.0,16B-T1,,
FR,7M8,KRK,2027-01-09 20:30:00,FR6625,J,FR,7M8,ORK,2027-01-09 21:50:00,FR3740,J,T932,197,0.85,INT,IRISH,C,1.0,15B-T1,,
RK,73H,BFS,2027-01-09 20:45:00,RK5968,J,RK,73H,BFS,2027-01-09 21:10:00,RK5969,J,T933,189,0.85,NIRISH,NIRISH,C,1.0,1B-T1,,
U2,32A,BHX,2027-01-09 21:00:00,U2340,J,U2,32A,KRK,2027-01-10 06:55:00,U23313,J,T934,186,0.8,DOM,INT,C,1.0,3-T1,,
U2,32A,STN,2027-01-09 21:00:00,U2233,J,U2,32A,CDG,2027-01-10 07:00:00,U23241,J,T935,186,0.8,DOM,INT,C,1.0,6-T1,,
FR,7M8,PRG,2027-01-09 21:25:00,FR1053,J,FR,7M8,ORK,2027-01-10 05:55:00,FR3732,J,T939,197,0.85,INT,IRISH,C,1.0,19-T1,,
FR,7M8,BGY,2027-01-09 21:40:00,FR3645,J,FR,7M8,OPO,2027-01-10 05:55:00,FR5679,J,T940,197,0.85,INT,INT,C,1.0,17-T1,,
U2,32A,GVA,2027-01-09 22:05:00,U23296,J,U2,32Q,LIS,2027-01-10 07:20:00,U23321,J,T943,186,0.8,INT,INT,C,1.0,1A-T1,,
AF,223,CDG,2027-01-09 22:15:00,AF1886,J,AF,223,CDG,2027-01-10 05:50:00,AF1887,J,T944,148,0.84,INT,INT,C,1.0,406-T1,,
U2,32N,ACE,2027-01-09 22:20:00,U23204,J,U2,32A,STN,2027-01-10 07:40:00,U2309,J,T945,186,0.8,INT,DOM,C,1.0,4-T1,,
FR,7M8,SVQ,2027-01-09 22:50:00,FR6761,J,FR,7M8,GDN,2027-01-10 06:05:00,FR6124,J,T947,197,0.85,INT,INT,C,1.0,1B-T1,,
FR,7M8,BCN,2027-01-09 23:10:00,FR6267,J,FR,7M8,KUN,2027-01-10 07:35:00,FR2886,J,T950,197,0.85,INT,INT,C,1.0,2-T1,,
FR,73H,DUB,2027-01-09 23:30:00,FR808,J,FR,73H,SDR,2027-01-10 06:15:00,FR5631,J,T952,189,0.85,IRISH,INT,C,1.0,1-T1,,
FR,73H,FUE,2027-01-09 23:35:00,FR5684,J,FR,73H,POZ,2027-01-10 06:25:00,FR6618,J,T953,189,0.85,INT,INT,C,1.0,22-T1,,
RK,73H,STN,2027-01-09 23:45:00,RK9817,J,RK,73H,TIA,2027-01-10 06:05:00,RK8294,J,T954,189,0.85,DOM,INT,C,1.0,8-T1,,
FR,7M8,LPA,2027-01-10 00:45:00,FR6697,J,FR,7M8,WMI,2027-01-10 08:10:00,FR4524,J,T956,197,0.85,INT,INT,C,1.0,16B-T1,,
LS,73H,LPA,2027-01-10 00:45:00,LS748,J,LS,73H,GVA,2027-01-10 07:45:00,LS779,J,T957,189,0.87,INT,INT,C,0.8,16A-T1,,
FR,7M8,ORK,2027-01-10 00:55:00,FR320,J,FR,7M8,BCN,2027-01-10 08:15:00,FR6266,J,T959,197,0.85,IRISH,INT,C,1.0,404-T1,,
QR,789,DOH,2027-01-10 06:00:00,QR31,J,QR,789,DOH,2027-01-10 07:30:00,QR32,J,T960,311,0.92,INT,INT,E,1.0,15-T1,,
RK,73H,BFS,2027-01-10 07:10:00,RK178,J,RK,73H,BFS,2027-01-10 07:35:00,RK179,J,T961,189,0.85,NIRISH,NIRISH,C,1.0,20-T1,,
FR,73H,BGY,2027-01-10 07:40:00,FR3645,J,FR,73H,BGY,2027-01-10 08:10:00,FR3646,J,T962,189,0.85,INT,INT,C,1.0,22-T1,,
FR,7M8,WMI,2027-01-10 07:45:00,FR4525,J,FR,7M8,RZE,2027-01-10 09:00:00,FR4535,J,T963,197,0.85,INT,INT,C,1.0,17-T1,,
FR,73H,MAD,2027-01-10 07:50:00,FR188,J,FR,73H,MAD,2027-01-10 08:25:00,FR189,J,T964,189,0.85,INT,INT,C,1.0,19-T1,,
EA,AT7,BHD,2027-01-10 07:55:00,EA3650,J,EA,AT7,BHD,2027-01-10 08:25:00,EA3651,J,T965,72,0.77,NIRISH,NIRISH,C,1.0,5-T1,,
EA,AT7,DUB,2027-01-10 07:55:00,EA3250,J,EA,AT7,DUB,2027-01-10 08:30:00,EA3251,J,T966,72,0.77,IRISH,IRISH,C,1.0,1A-T1,,
UA,75W,EWR,2027-01-10 07:55:00,UA36,J,UA,75W,EWR,2027-01-10 09:25:00,UA37,J,T967,176,0.93,INT,INT,D,1.0,15-T1,,
FR,73H,CRL,2027-01-10 08:00:00,FR7353,J,FR,73H,CRL,2027-01-10 08:25:00,FR7352,J,T968,189,0.85,INT,INT,C,1.0,20-T1,,
FR,73H,BUD,2027-01-10 08:10:00,FR1078,J,FR,73H,BUD,2027-01-10 08:35:00,FR1077,J,T969,189,0.85,INT,INT,C,1.0,16A-T1,,
U2,32A,BFS,2027-01-10 08:10:00,U251,J,U2,32Q,LGW,2027-01-10 10:25:00,U2808,J,T970,186,0.8,NIRISH,DOM,C,1.0,1B-T1,,
BA,32N,LHR,2027-01-10 08:25:00,BA1438,J,BA,32N,LHR,2027-01-10 09:15:00,BA1439,J,T971,180,0.72,DOM,DOM,C,0.5,4-T1,,
EA,AT7,DUB,2027-01-10 08:30:00,EA3552,J,EA,AT7,DUB,2027-01-10 09:15:00,EA3553,J,T972,72,0.77,IRISH,IRISH,C,1.0,22-T1,,
D8,73H,CPH,2027-01-10 08:30:00,D83502,J,D8,73H,CPH,2027-01-10 09:10:00,D83503,J,T973,186,0.82,INT,INT,C,1.0,16B-T1,,
FR,7M8,DUB,2027-01-10 08:35:00,FR814,J,FR,7M8,CPH,2027-01-10 09:25:00,FR2674,J,T974,197,0.85,IRISH,INT,C,1.0,1-T1,,
EA,AT7,DUB,2027-01-10 08:55:00,EA3550,J,EA,AT7,DUB,2027-01-10 09:30:00,EA3551,J,T975,72,0.77,IRISH,IRISH,C,1.0,5-T1,,
RK,73H,STN,2027-01-10 09:00:00,RK596,J,RK,73H,STN,2027-01-10 09:25:00,RK597,J,T976,189,0.85,DOM,DOM,C,1.0,6-T1,,
FR,7M8,ORK,2027-01-10 09:00:00,FR3731,J,FR,7M8,MLA,2027-01-10 09:30:00,FR6695,J,T977,197,0.85,IRISH,INT,C,1.0,1A-T1,,
FR,7M8,MLA,2027-01-10 09:05:00,FR6696,J,FR,7M8,DUB,2027-01-10 12:25:00,FR817,J,T978,197,0.85,INT,IRISH,C,1.0,19-T1,,
BA,32Q,LHR,2027-01-10 09:10:00,BA1440,J,BA,32Q,LHR,2027-01-10 10:00:00,BA1441,J,T979,220,0.72,DOM,DOM,C,0.5,16A-T1,,
U2,32Q,LGW,2027-01-10 09:35:00,U2807,J,U2,32A,BRS,2027-01-10 10:50:00,U2321,J,T980,235,0.8,DOM,DOM,C,1.0,22-T1,,
TK,32Q,IST,2027-01-10 09:40:00,TK1343,J,TK,32Q,IST,2027-01-10 10:40:00,TK1344,J,T981,190,0.84,INT,INT,C,1.0,16B-T1,,
BA,32Q,LHR,2027-01-10 10:05:00,BA1442,J,BA,32Q,LHR,2027-01-10 10:55:00,BA1443,J,T982,220,0.72,DOM,DOM,C,0.5,1-T1,,
KL,73J,AMS,2027-01-10 10:10:00,KL925,J,KL,73J,AMS,2027-01-10 11:00:00,KL926,J,T983,188,0.74,INT,INT,C,1.0,15A-T1,,
FI,7M8,KEF,2027-01-10 10:20:00,FI434,J,FI,7M8,KEF,2027-01-10 11:20:00,FI435,J,T984,160,0.75,INT,INT,C,1.0,17-T1,,
AF,223,CDG,2027-01-10 10:30:00,AF1686,J,AF,223,CDG,2027-01-10 11:30:00,AF1687,J,T985,148,0.84,INT,INT,C,1.0,20-T1,,
RK,73H,STN,2027-01-10 10:40:00,RK1273,J,RK,73H,STN,2027-01-10 11:05:00,RK8604,J,T986,189,0.85,DOM,DOM,C,1.0,2-T1,,
PC,32Q,SAW,2027-01-10 10:50:00,PC1187,J,PC,32Q,SAW,2027-01-10 11:55:00,PC1188,J,T987,239,0.88,INT,INT,C,1.0,16A-T1,,
LM,AT7,IOM,2027-01-10 10:50:00,LM314,J,LM,AT7,IOM,2027-01-10 11:20:00,LM313,J,T988,72,0.53,INT,INT,C,1.0,1A-T1,,
U2,32A,STN,2027-01-10 10:55:00,U2310,J,U2,32A,GVA,2027-01-10 12:00:00,U23295,J,T989,186,0.8,DOM,INT,C,1.0,6-T1,,
A3,32N,ATH,2027-01-10 11:05:00,A3632,J,A3,32N,ATH,2027-01-10 11:55:00,A3633,J,T990,180,0.8,INT,INT,C,1.0,4-T1,,
D8,7M8,ARN,2027-01-10 11:05:00,D84463,J,D8,7M8,ARN,2027-01-10 11:45:00,D84464,J,T991,189,0.82,INT,INT,C,1.0,15B-T1,,
DY,73H,OSL,2027-01-10 11:15:00,DY1640,J,DY,73H,OSL,2027-01-10 11:55:00,DY1641,J,T992,186,0.86,INT,INT,C,1.0,1-T1,,
U2,32A,CDG,2027-01-10 11:20:00,U23242,J,U2,32A,BHX,2027-01-10 12:00:00,U2341,J,T993,186,0.8,INT,DOM,C,1.0,22-T1,,
FR,73H,SDR,2027-01-10 11:25:00,FR5632,J,FR,73H,CRL,2027-01-10 11:50:00,FR7322,J,T994,189,0.85,INT,INT,C,1.0,16B-T1,,
FR,7M8,GDN,2027-01-10 11:25:00,FR6123,J,FR,7M8,BUD,2027-01-10 12:30:00,FR1017,J,T995,197,0.85,INT,INT,C,1.0,1B-T1,,
EA,AT7,DUB,2027-01-10 11:40:00,EA3252,J,EA,AT7,DUB,2027-01-10 12:20:00,EA3253,J,T996,72,0.77,IRISH,IRISH,C,1.0,1A-T1,,
FR,73H,POZ,2027-01-10 11:40:00,FR6619,J,FR,73H,PRG,2027-01-10 13:15:00,FR1054,J,T997,189,0.85,INT,INT,C,1.0,3-T1,,
BA,32Q,LHR,2027-01-10 11:40:00,BA1446,J,BA,32Q,LHR,2027-01-10 12:40:00,BA1447,J,T998,220,0.72,DOM,DOM,C,0.5,2-T1,,
EA,AT7,BHD,2027-01-10 11:50:00,EA3652,J,EA,AT7,BHD,2027-01-10 12:20:00,EA3653,J,T999,72,0.77,NIRISH,NIRISH,C,1.0,5-T1,,
EC,319,AMS,2027-01-10 11:50:00,EC7837,J,EC,319,AMS,2027-01-10 12:20:00,EC7838,J,T1000,156,0.83,INT,INT,C,1.0,15A-T1,,
FR,7M8,OPO,2027-01-10 11:55:00,FR5680,J,FR,7M8,DUB,2027-01-10 13:55:00,FR813,J,T1001,197,0.85,INT,IRISH,C,1.0,17-T1,,
LH,32N,FRA,2027-01-10 11:55:00,LH960,J,LH,32N,FRA,2027-01-10 12:40:00,LH961,J,T1002,172,0.8,INT,INT,C,1.0,20-T1,,
U2,32N,GVA,2027-01-10 12:05:00,U23292,J,U2,32N,ATH,2027-01-10 13:00:00,U23237,J,T1003,186,0.8,INT,INT,C,1.0,15B-T1,,
U2,32A,KRK,2027-01-10 12:15:00,U23314,J,U2,32N,BFS,2027-01-10 13:10:00,U2331,J,T1004,186,0.8,INT,NIRISH,C,1.0,1-T1,,
U2,32N,INN,2027-01-10 12:30:00,U23308,J,U2,32A,MUC,2027-01-10 13:40:00,U23263,J,T1005,186,0.8,INT,INT,C,1.0,22-T1,,
QR,789,DOH,2027-01-10 12:35:00,QR29,J,QR,789,DOH,2027-01-10 14:05:00,QR30,J,T1006,311,0.92,INT,INT,E,1.0,16-T1,,
EA,AT7,DUB,2027-01-10 12:40:00,EA3254,J,EA,AT7,DUB,2027-01-10 13:10:00,EA3255,J,T1008,72,0.77,IRISH,IRISH,C,1.0,1A-T1,,
U2,32A,LTN,2027-01-10 12:55:00,U2304,J,U2,32A,PRG,2027-01-10 13:50:00,U23325,J,T1009,186,0.8,DOM,INT,C,1.0,6-T1,,
BA,320,LHR,2027-01-10 13:05:00,BA1450,J,BA,320,LHR,2027-01-10 14:35:00,BA1451,J,T1010,180,0.72,DOM,DOM,C,0.5,2-T1,,
FR,73H,NRN,2027-01-10 13:10:00,FR5688,J,FR,73H,NRN,2027-01-10 13:35:00,FR5687,J,T1011,189,0.85,INT,INT,C,1.0,19-T1,,
FR,7M8,DUB,2027-01-10 13:30:00,FR812,J,FR,7M8,TFS,2027-01-10 14:30:00,FR2969,J,T1012,197,0.85,IRISH,INT,C,1.0,1B-T1,,
U2,32Q,KEF,2027-01-10 13:30:00,U23316,J,U2,32Q,CDG,2027-01-10 14:20:00,U23245,J,T1013,235,0.8,INT,INT,C,1.0,20-T1,,
RK,73H,TIA,2027-01-10 13:35:00,RK8295,J,RK,73H,STN,2027-01-10 15:05:00,RK9816,J,T1014,189,0.85,INT,DOM,C,1.0,15B-T1,,
FR,7M8,KUN,2027-01-10 13:40:00,FR2885,J,FR,7M8,DUB,2027-01-10 15:50:00,FR819,J,T1015,197,0.85,INT,IRISH,C,1.0,1A-T1,,
FR,7M8,CPH,2027-01-10 13:40:00,FR2675,J,FR,7M8,ACE,2027-01-10 15:05:00,FR5593,J,T1016,197,0.85,INT,INT,C,1.0,3-T1,,
U2,32A,BRS,2027-01-10 13:50:00,U2322,J,U2,32A,BFS,2027-01-10 14:35:00,U254,J,T1017,186,0.8,DOM,NIRISH,C,1.0,1-T1,,
U2,32A,BFS,2027-01-10 14:05:00,U253,J,U2,32A,STN,2027-01-10 14:40:00,U2313,J,T1018,186,0.8,NIRISH,DOM,C,1.0,22-T1,,
RK,73H,STN,2027-01-10 14:15:00,RK8605,J,RK,73H,BOH,2027-01-10 15:25:00,RK1133,J,T1019,189,0.85,DOM,DOM,C,1.0,6-T1,,
EC,32A,LIN,2027-01-10 14:25:00,EC5421,J,EC,32A,LIN,2027-01-10 15:00:00,EC5422,J,T1020,186,0.83,INT,INT,C,1.0,17-T1,,
FR,7M8,BCN,2027-01-10 14:25:00,FR6267,J,FR,7M8,OTP,2027-01-10 16:40:00,FR5614,J,T1021,197,0.85,INT,INT,C,1.0,19-T1,,
U2,319,LGW,2027-01-10 14:30:00,U2809,J,U2,319,LGW,2027-01-10 15:05:00,U2810,J,T1022,156,0.8,DOM,DOM,C,1.0,16A-T1,,
FR,73H,ALC,2027-01-10 14:30:00,FR5578,J,FR,73H,ALC,2027-01-10 14:55:00,FR5579,J,T1023,189,0.85,INT,INT,C,1.0,15A-T1,,
U2,32Q,LIS,2027-01-10 14:35:00,U23322,J,U2,32A,BHD,2027-01-10 15:35:00,U2343,J,T1024,235,0.8,INT,NIRISH,C,1.0,16B-T1,,
U2,32A,BHX,2027-01-10 14:50:00,U2342,J,U2,32Q,BHX,2027-01-10 15:35:00,U2339,J,T1025,186,0.8,DOM,DOM,C,1.0,4-T1,,
FR,7M8,DUB,2027-01-10 15:00:00,FR816,J,FR,7M8,CIA,2027-01-10 16:50:00,FR5589,J,T1026,197,0.85,IRISH,INT,C,1.0,1B-T1,,
TK,32Q,IST,2027-01-10 15:20:00,TK1345,J,TK,32Q,IST,2027-01-10 16:20:00,TK1346,J,T1027,190,0.84,INT,INT,C,1.0,15A-T1,,
EC,32N,AMS,2027-01-10 15:20:00,EC7835,J,EC,32N,AMS,2027-01-10 15:50:00,EC7836,J,T1028,186,0.83,INT,INT,C,1.0,22-T1,,
FR,7M8,RZE,2027-01-10 15:20:00,FR4536,J,FR,7M8,AGP,2027-01-10 17:05:00,FR5091,J,T1029,197,0.85,INT,INT,C,1.0,17-T1,,
U2,32N,BFS,2027-01-10 15:25:00,U2332,J,U2,32N,MAD,2027-01-10 16:00:00,U23209,J,T1030,186,0.8,NIRISH,INT,C,1.0,15B-T1,,
FR,73H,CRL,2027-01-10 15:40:00,FR7323,J,FR,73H,BER,2027-01-10 16:30:00,FR2376,J,T1031,189,0.85,INT,INT,C,1.0,16A-T1,,
BA,32Q,LHR,2027-01-10 15:40:00,BA1452,J,BA,32Q,LHR,2027-01-10 16:30:00,BA1453,J,T1032,220,0.72,DOM,DOM,C,0.5,2-T1,,
U2,32A,LTN,2027-01-10 15:40:00,U2603,J,U2,32A,LTN,2027-01-10 16:20:00,U2604,J,T1033,186,0.8,DOM,DOM,C,1.0,3-T1,,
EA,AT7,DUB,2027-01-10 15:45:00,EA3256,J,EA,AT7,DUB,2027-01-10 16:15:00,EA3257,J,T1034,72,0.77,IRISH,IRISH,C,1.0,1-T1,,
AF,223,CDG,2027-01-10 16:05:00,AF1486,J,AF,223,CDG,2027-01-10 17:00:00,AF1487,J,T1035,148,0.84,INT,INT,C,1.0,16B-T1,,
KL,32Q,AMS,2027-01-10 16:05:00,KL931,J,KL,32Q,AMS,2027-01-10 17:00:00,KL932,J,T1036,227,0.74,INT,INT,C,1.0,20-T1,,
LM,AT7,EXT,2027-01-10 16:15:00,LM316,J,LM,AT7,LSI,2027-01-10 16:45:00,LM357,J,T1037,72,0.53,DOM,DOM,C,1.0,5-T1,,
EA,AT7,BHD,2027-01-10 16:20:00,EA3656,J,EA,AT7,BHD,2027-01-10 16:50:00,EA3657,J,T1038,72,0.77,NIRISH,NIRISH,C,1.0,4-T1,,
FR,73H,TFS,2027-01-10 16:20:00,FR2977,J,FR,73H,MXP,2027-01-10 17:10:00,FR7052,J,T1039,189,0.85,INT,INT,C,1.0,15B-T1,,
FR,7M8,CIA,2027-01-10 16:25:00,FR5590,J,FR,7M8,KRK,2027-01-10 18:50:00,FR6624,J,T1040,197,0.85,INT,INT,C,1.0,104-T1,,
U2,32N,BRS,2027-01-10 16:40:00,U2213,J,U2,32N,BRS,2027-01-10 17:10:00,U2214,J,T1041,186,0.8,DOM,DOM,C,1.0,15A-T1,,
LM,AT7,SOU,2027-01-10 16:45:00,LM326,J,LM,AT7,KOI,2027-01-10 17:20:00,LM397,J,T1042,72,0.53,DOM,DOM,C,1.0,6-T1,,
EA,AT7,DUB,2027-01-10 16:50:00,EA3554,J,EA,AT7,DUB,2027-01-10 17:20:00,EA3555,J,T1043,72,0.77,IRISH,IRISH,C,1.0,1-T1,,
TO,73H,ORY,2027-01-10 17:00:00,TO7928,J,TO,73H,ORY,2027-01-10 17:45:00,TO7929,J,T1044,189,0.84,INT,INT,C,1.0,22-T1,,
U2,32A,FUE,2027-01-10 17:20:00,U23208,J,U2,32A,AMS,2027-01-10 18:35:00,U23301,J,T1045,186,0.8,INT,INT,C,1.0,16A-T1,,
U2,32A,GVA,2027-01-10 17:20:00,U23296,J,U2,32A,BER,2027-01-10 17:55:00,U23261,J,T1046,186,0.8,INT,INT,C,1.0,20-T1,,
BA,32Q,LHR,2027-01-10 17:40:00,BA1454,J,BA,32Q,LHR,2027-01-10 18:35:00,BA1455,J,T1047,220,0.72,DOM,DOM,C,0.5,2-T1,,
U2,32A,BHD,2027-01-10 17:50:00,U2344,J,U2,32A,CDG,2027-01-10 18:40:00,U23243,J,T1048,186,0.8,NIRISH,INT,C,1.0,6-T1,,
LM,AT7,SYY,2027-01-10 17:50:00,LM344,J,LM,AT7,SOU,2027-01-10 18:30:00,LM329,J,T1049,72,0.53,DOM,DOM,C,1.0,16B-T1,,
U2,32A,STN,2027-01-10 17:55:00,U2314,J,U2,319,LGW,2027-01-10 19:25:00,U2814,J,T1050,186,0.8,DOM,DOM,C,1.0,1-T1,,
RK,73H,STN,2027-01-10 18:15:00,RK9817,J,RK,73H,STN,2027-01-10 18:40:00,RK9822,J,T1051,189,0.85,DOM,DOM,C,1.0,22-T1,,
CJ,E90,LCY,2027-01-10 18:15:00,CJ8716,J,CJ,E90,LCY,2027-01-10 18:55:00,CJ8709,J,T1052,106,0.66,DOM,DOM,C,0.5,5-T1,,
SK,319,CPH,2027-01-10 18:25:00,SK2513,J,SK,319,CPH,2027-01-10 19:10:00,SK2514,J,T1053,150,0.84,INT,INT,C,1.0,30-T1,,
FR,7M8,DUB,2027-01-10 18:25:00,FR818,J,FR,7M8,DUB,2027-01-10 19:15:00,FR809,J,T1054,197,0.85,IRISH,IRISH,C,1.0,1A-T1,,
FR,73H,PRG,2027-01-10 18:25:00,FR1053,J,FR,73H,CPH,2027-01-10 18:55:00,FR3760,J,T1055,189,0.85,INT,INT,C,1.0,20-T1,,
WK,320,ZRH,2027-01-10 18:25:00,WK292,J,WK,320,ZRH,2027-01-10 19:10:00,WK293,J,T1056,180,0.73,INT,INT,C,1.0,15B-T1,,
U2,32Q,BHX,2027-01-10 18:30:00,U2340,J,U2,32Q,STN,2027-01-10 19:25:00,U2317,J,T1057,235,0.8,DOM,DOM,C,1.0,1B-T1,,
EW,32A,DUS,2027-01-10 18:35:00,EW9364,J,EW,32A,DUS,2027-01-10 19:25:00,EW9365,J,T1059,180,0.77,INT,INT,C,1.0,15A-T1,,
U2,32Q,CDG,2027-01-10 18:45:00,U23246,J,U2,32Q,BFS,2027-01-10 19:30:00,U2333,J,T1060,235,0.8,INT,NIRISH,C,1.0,103-T1,,
RK,73H,BOH,2027-01-10 18:45:00,RK1132,J,RK,73H,WRO,2027-01-10 19:10:00,RK1159,J,T1061,189,0.85,DOM,INT,C,1.0,4-T1,,
FR,7M8,LIS,2027-01-10 18:50:00,FR478,J,FR,7M8,LIS,2027-01-10 19:15:00,FR479,J,T1062,197,0.85,INT,INT,C,1.0,16B-T1,,
U2,319,LGW,2027-01-10 18:50:00,U2813,J,U2,32A,BHX,2027-01-10 19:35:00,U2337,J,T1064,156,0.8,DOM,DOM,C,1.0,3-T1,,
EK,359,DXB,2027-01-10 18:55:00,EK23,J,EK,359,DXB,2027-01-10 20:50:00,EK24,J,T1065,312,0.78,INT,INT,E,1.0,18-T1,,
RK,73H,BFS,2027-01-10 19:00:00,RK5968,J,RK,73H,BFS,2027-01-10 19:20:00,RK5969,J,T1066,189,0.85,NIRISH,NIRISH,C,1.0,6-T1,,
U2,32A,PRG,2027-01-10 19:05:00,U23326,J,U2,319,LTN,2027-01-10 20:40:00,U2606,J,T1067,186,0.8,INT,DOM,C,1.0,16A-T1,,
U2,32A,MUC,2027-01-10 19:05:00,U23264,J,U2,32A,BRS,2027-01-10 19:45:00,U2323,J,T1068,186,0.8,INT,DOM,C,1.0,22-T1,,
EA,AT7,BHD,2027-01-10 19:30:00,EA3658,J,EA,AT7,BHD,2027-01-10 20:00:00,EA3659,J,T1069,72,0.77,NIRISH,NIRISH,C,1.0,5-T1,,
BA,32N,LHR,2027-01-10 19:35:00,BA1458,J,BA,32N,LHR,2027-01-10 20:30:00,BA1459,J,T1070,180,0.72,DOM,DOM,C,0.5,2-T1,,
VY,32N,BCN,2027-01-10 19:40:00,VY7752,J,VY,32N,BCN,2027-01-10 20:20:00,VY7753,J,T1071,186,0.83,INT,INT,C,1.0,16B-T1,,
U2,32A,LGW,2027-01-10 20:05:00,U2815,J,U2,32A,LGW,2027-01-10 20:45:00,U2816,J,T1072,180,0.8,DOM,DOM,C,1.0,6-T1,,
U2,319,LTN,2027-01-10 20:05:00,U2605,J,U2,32N,SEN,2027-01-10 21:00:00,U2984,J,T1073,156,0.8,DOM,DOM,C,1.0,22-T1,,
LM,AT7,LSI,2027-01-10 20:10:00,LM356,J,LM,AT7,SOU,2027-01-11 06:40:00,LM321,J,T1074,72,0.53,DOM,DOM,C,1.0,35-T1,,
LM,AT7,KOI,2027-01-10 20:10:00,LM398,J,LM,AT7,LSI,2027-01-11 06:50:00,LM353,J,T1075,72,0.53,DOM,DOM,C,1.0,405-T1,,
EA,AT7,DUB,2027-01-10 20:15:00,EA3258,J,EA,AT7,DUB,2027-01-10 20:45:00,EA3259,J,T1076,72,0.77,IRISH,IRISH,C,1.0,1A-T1,,
U2,32N,SEN,2027-01-10 20:30:00,U2983,J,U2,32N,BRS,2027-01-10 21:20:00,U2216,J,T1079,186,0.8,DOM,DOM,C,1.0,3-T1,,
BA,32N,LHR,2027-01-10 20:40:00,BA1460,J,BA,32N,LHR,2027-01-11 05:50:00,BA1461,J,T1081,180,0.72,DOM,DOM,C,0.5,16B-T1,,
FR,73H,BGY,2027-01-10 21:15:00,FR3657,J,FR,73H,ORK,2027-01-10 23:25:00,FR3740,J,T1083,189,0.85,INT,IRISH,C,1.0,19-T1,,
FR,73H,BER,2027-01-10 21:15:00,FR2377,J,FR,73H,BGY,2027-01-10 21:40:00,FR3658,J,T1084,189,0.85,INT,INT,C,1.0,17-T1,,
FR,7M8,DUB,2027-01-10 21:50:00,FR808,J,FR,7M8,TFS,2027-01-11 06:05:00,FR2969,J,T1085,197,0.85,IRISH,INT,C,1.0,106-T1,,
U2,32Q,BFS,2027-01-10 21:55:00,U2334,J,U2,32Q,CDG,2027-01-11 06:25:00,U23245,J,T1088,235,0.8,NIRISH,INT,C,1.0,3-T1,,
U2,32A,AMS,2027-01-10 22:15:00,U23302,J,U2,32A,BHX,2027-01-11 06:40:00,U2337,J,T1089,186,0.8,INT,DOM,C,1.0,4-T1,,
AF,223,CDG,2027-01-10 22:15:00,AF1886,J,AF,223,CDG,2027-01-11 05:50:00,AF1887,J,T1090,148,0.84,INT,INT,C,1.0,16A-T1,,
U2,32N,ATH,2027-01-10 22:15:00,U23238,J,U2,32A,BFS,2027-01-11 06:45:00,U2327,J,T1091,186,0.8,INT,NIRISH,C,1.0,1A-T1,,
U2,32A,BHX,2027-01-10 22:20:00,U2338,J,U2,32A,TOS,2027-01-11 06:45:00,U23215,J,T1092,186,0.8,DOM,INT,C,1.0,6-T1,,
LM,AT7,SOU,2027-01-10 22:30:00,LM328,J,LM,AT7,KOI,2027-01-11 07:00:00,LM391,J,T1093,72,0.53,DOM,DOM,C,1.0,5-T1,,
U2,32Q,STN,2027-01-10 22:40:00,U2318,J,U2,32A,LTN,2027-01-11 07:00:00,U2301,J,T1094,235,0.8,DOM,DOM,C,1.0,29-T1,,
FR,73H,MXP,2027-01-10 22:40:00,FR7053,J,FR,73H,BER,2027-01-11 07:05:00,FR2376,J,T1095,189,0.85,INT,INT,C,1.0,7-T1,,
U2,32A,BRS,2027-01-10 22:45:00,U2324,J,U2,32A,LGW,2027-01-11 07:00:00,U2860,J,T1097,186,0.8,DOM,DOM,C,1.0,1B-T1,,
FR,7M8,SNN,2027-01-10 22:45:00,FR1676,J,FR,7M8,SOF,2027-01-11 06:05:00,FR5160,J,T1098,197,0.85,IRISH,INT,C,1.0,1-T1,,
U2,32A,CDG,2027-01-10 22:55:00,U23244,J,U2,32A,LDY,2027-01-11 09:50:00,U2307,J,T1100,186,0.8,INT,DOM,C,1.0,102-T1,,
FR,73H,ORK,2027-01-10 23:00:00,FR3739,J,FR,73H,KRK,2027-01-11 07:15:00,FR6624,J,T1102,189,0.85,IRISH,INT,C,1.0,36-T1,,
KL,32Q,AMS,2027-01-10 23:10:00,KL933,J,KL,32Q,AMS,2027-01-11 05:40:00,KL922,J,T1103,227,0.74,INT,INT,C,1.0,2-T1,,
FR,73H,CPH,2027-01-10 23:10:00,FR3759,J,FR,73H,CRL,2027-01-11 07:35:00,FR7322,J,T1104,189,0.85,INT,INT,C,1.0,104-T1,,
FR,7M8,AGP,2027-01-11 00:25:00,FR5664,J,FR,7M8,BCN,2027-01-11 06:25:00,FR6266,J,T1107,197,0.85,INT,INT,C,1.0,19-T1,,
FR,7M8,TFS,2027-01-11 00:40:00,FR2970,J,FR,7M8,VIE,2027-01-11 06:30:00,FR1625,J,T1109,197,0.85,INT,INT,C,1.0,17-T1,,
FR,7M8,ACE,2027-01-11 00:50:00,FR5594,J,FR,7M8,SVQ,2027-01-11 07:20:00,FR6760,J,T1110,197,0.85,INT,INT,C,1.0,20-T1,,
FR,7M8,KRK,2027-01-11 00:55:00,FR359,J,FR,7M8,DUB,2027-01-11 07:35:00,FR819,J,T1111,197,0.85,INT,IRISH,C,1.0,22-T1,,
MUK,76X,EMA,2027-01-11 05:30:00,MUK6566,F,MUK,76X,EMA,2027-01-11 20:10:00,MUK6565,F,T1112,0,0.0,DOM,DOM,D,1.0,211-FRT,,
QR,789,DOH,2027-01-11 06:00:00,QR31,J,QR,789,DOH,2027-01-11 07:30:00,QR32,J,T1113,311,0.92,INT,INT,E,1.0,15-T1,,
D0,75C,LEJ,2027-01-11 06:05:00,D02134,F,D0,75C,LEJ,2027-01-11 20:10:00,D02135,F,T1114,0,0.0,INT,INT,D,1.0,212-FRT,,
HU,333,PEK,2027-01-11 06:35:00,HU407,J,HU,333,PEK,2027-01-11 10:50:00,HU408,J,T1115,292,0.78,INT,INT,E,1.0,16-T1,,
FR,73H,CRL,2027-01-11 07:10:00,FR7323,J,FR,73H,VCE,2027-01-11 07:40:00,FR1652,J,T1116,189,0.85,INT,INT,C,1.0,19-T1,,
FR,7M8,DUB,2027-01-11 07:10:00,FR818,J,FR,7M8,FAO,2027-01-11 10:05:00,FR5667,J,T1117,197,0.85,IRISH,INT,C,1.0,1A-T1,,
EC,32N,AMS,2027-01-11 07:40:00,EC7835,J,EC,32N,AMS,2027-01-11 08:30:00,EC7836,J,T1118,186,0.83,INT,INT,C,1.0,17-T1,,
FR,73H,KUN,2027-01-11 07:50:00,FR2885,J,FR,73H,KUN,2027-01-11 08:15:00,FR2886,J,T1119,189,0.85,INT,INT,C,1.0,20-T1,,
UA,75W,EWR,2027-01-11 07:55:00,UA36,J,UA,75W,EWR,2027-01-11 09:25:00,UA37,J,T1120,176,0.93,INT,INT,D,1.0,15-T1,,
EA,AT7,DUB,2027-01-11 07:55:00,EA3250,J,EA,AT7,BHD,2027-01-11 08:25:00,EA3651,J,T1121,72,0.77,IRISH,NIRISH,C,1.0,1B-T1,,
EA,AT7,BHD,2027-01-11 07:55:00,EA3650,J,EA,AT7,DUB,2027-01-11 08:30:00,EA3251,J,T1122,72,0.77,NIRISH,IRISH,C,1.0,5-T1,,
CJ,E90,LCY,2027-01-02 12:50:00,CJ8704,J,CJ,E90,LCY,2027-01-02 14:00:00,CJ8707,J,T1,106,0.66,DOM,DOM,C,0.5,1-T1,1.0,312L-T1
CJ,E90,LCY,2027-01-02 14:20:00,CJ8704,J,CJ,E90,LCY,2027-01-03 12:30:00,CJ8707,J,T1,106,0.66,DOM,DOM,C,0.5,312L-T1,2.0,
CJ,E90,LCY,2027-01-03 12:50:00,CJ8704,J,CJ,E90,LCY,2027-01-03 14:00:00,CJ8707,J,T1,106,0.66,DOM,DOM,C,0.5,5-T1,3.0,312L-T1
LM,AT7,SOU,2027-01-02 21:40:00,LM328,J,LM,AT7,SYY,2027-01-02 22:50:00,LM343,J,T3,72,0.53,DOM,DOM,C,1.0,15B-T1,1.0,404-T1
LM,AT7,SOU,2027-01-02 23:10:00,LM328,J,LM,AT7,SYY,2027-01-03 12:35:00,LM343,J,T3,72,0.53,DOM,DOM,C,1.0,404-T1,3.0,15B-T1
LS,32Q,ACE,2027-01-03 18:30:00,LS706,J,LS,32Q,TFS,2027-01-04 06:25:00,LS727,J,T76,232,0.87,INT,INT,C,0.8,30-T1,1.0,16B-T1
LS,32Q,ACE,2027-01-04 06:45:00,LS706,J,LS,32Q,TFS,2027-01-04 07:55:00,LS727,J,T76,232,0.87,INT,INT,C,0.8,16B-T1,3.0,30-T1
LS,32Q,TFS,2027-01-03 20:15:00,LS740,J,LS,32Q,LPA,2027-01-03 21:25:00,LS747,J,T98,232,0.87,INT,INT,C,0.8,15A-T1,1.0,317A-T1
LS,32Q,TFS,2027-01-03 21:45:00,LS740,J,LS,32Q,LPA,2027-01-04 07:15:00,LS747,J,T98,232,0.87,INT,INT,C,0.8,317A-T1,2.0,
LS,32Q,TFS,2027-01-04 07:35:00,LS740,J,LS,32Q,LPA,2027-01-04 08:45:00,LS747,J,T98,232,0.87,INT,INT,C,0.8,4-T1,3.0,317A-T1
CJ,E90,LCY,2027-01-03 20:25:00,CJ8710,J,CJ,E90,LCY,2027-01-03 21:35:00,CJ8701,J,T100,106,0.66,DOM,DOM,C,0.5,2-T1,1.0,316-T1
CJ,E90,LCY,2027-01-03 21:55:00,CJ8710,J,CJ,E90,LCY,2027-01-04 06:25:00,CJ8701,J,T100,106,0.66,DOM,DOM,C,0.5,316-T1,3.0,2-T1
LS,32Q,FUE,2027-01-03 20:30:00,LS738,J,LS,32Q,FNC,2027-01-04 07:55:00,LS735,J,T102,232,0.87,INT,INT,C,0.8,35-T1,1.0,2-T1
LS,32Q,FUE,2027-01-04 08:15:00,LS738,J,LS,32Q,FNC,2027-01-04 09:25:00,LS735,J,T102,232,0.87,INT,INT,C,0.8,2-T1,3.0,35-T1
LS,73H,VIE,2027-01-03 21:15:00,LS702,J,LS,73H,AYT,2027-01-03 22:25:00,LS709,J,T107,189,0.87,INT,INT,C,0.8,20-T1,1.0,309-T1
LS,73H,VIE,2027-01-03 22:45:00,LS702,J,LS,73H,AYT,2027-01-04 09:40:00,LS709,J,T107,189,0.87,INT,INT,C,0.8,309-T1,3.0,20-T1
BA,32Q,LHR,2027-01-03 21:50:00,BA1462,J,BA,32Q,LHR,2027-01-03 23:00:00,BA1463,J,T109,220,0.72,DOM,DOM,C,0.5,16A-T1,1.0,308-T1
BA,32Q,LHR,2027-01-03 23:20:00,BA1462,J,BA,32Q,LHR,2027-01-04 06:05:00,BA1463,J,T109,220,0.72,DOM,DOM,C,0.5,308-T1,3.0,16A-T1
LS,73H,FAO,2027-01-03 22:25:00,LS770,J,LS,73H,FAO,2027-01-03 23:35:00,LS769,J,T118,189,0.87,INT,INT,C,0.8,16B-T1,1.0,311-T1
LS,73H,FAO,2027-01-03 23:55:00,LS770,J,LS,73H,FAO,2027-01-05 08:45:00,LS769,J,T118,189,0.87,INT,INT,C,0.8,311-T1,2.0,
LS,73H,FAO,2027-01-05 09:05:00,LS770,J,LS,73H,FAO,2027-01-05 10:15:00,LS769,J,T118,189,0.87,INT,INT,C,0.8,16A-T1,3.0,311-T1
BA,32Q,LHR,2027-01-03 22:45:00,BA1464,J,BA,32Q,LHR,2027-01-03 23:55:00,BA1465,J,T122,220,0.72,DOM,DOM,C,0.5,20-T1,1.0,310-T1
BA,32Q,LHR,2027-01-04 00:15:00,BA1464,J,BA,32Q,LHR,2027-01-04 06:25:00,BA1465,J,T122,220,0.72,DOM,DOM,C,0.5,310-T1,2.0,
BA,32Q,LHR,2027-01-04 06:45:00,BA1464,J,BA,32Q,LHR,2027-01-04 07:55:00,BA1465,J,T122,220,0.72,DOM,DOM,C,0.5,2-T1,3.0,310-T1
U2,32A,BER,2027-01-03 23:00:00,U23262,J,U2,32N,LGW,2027-01-04 00:10:00,U2803,J,T128,186,0.8,INT,DOM,C,1.0,17-T1,1.0,312-T1
U2,32A,BER,2027-01-04 00:30:00,U23262,J,U2,32N,LGW,2027-01-04 06:45:00,U2803,J,T128,186,0.8,INT,DOM,C,1.0,312-T1,2.0,
U2,32A,BER,2027-01-04 07:05:00,U23262,J,U2,32N,LGW,2027-01-04 08:15:00,U2803,J,T128,186,0.8,INT,DOM,C,1.0,6-T1,3.0,312-T1
FR,73H,CPH,2027-01-03 23:10:00,FR3759,J,FR,73H,KRK,2027-01-04 00:20:00,FR6624,J,T130,189,0.85,INT,INT,C,1.0,19-T1,1.0,314-T1
FR,73H,CPH,2027-01-04 00:40:00,FR3759,J,FR,73H,KRK,2027-01-04 05:45:00,FR6624,J,T130,189,0.85,INT,INT,C,1.0,314-T1,2.0,
FR,73H,CPH,2027-01-04 06:05:00,FR3759,J,FR,73H,KRK,2027-01-04 07:15:00,FR6624,J,T130,189,0.85,INT,INT,C,1.0,4-T1,3.0,314-T1
LH,32N,FRA,2027-01-03 23:20:00,LH964,J,LH,32N,FRA,2027-01-04 00:30:00,LH965,J,T132,172,0.8,INT,INT,C,1.0,16A-T1,1.0,102-T1
LH,32N,FRA,2027-01-04 00:50:00,LH964,J,LH,32N,FRA,2027-01-04 06:10:00,LH965,J,T132,172,0.8,INT,INT,C,1.0,102-T1,3.0,16A-T1
RK,73H,WRO,2027-01-04 00:40:00,RK1158,J,RK,73H,BOH,2027-01-04 01:50:00,RK1133,J,T136,189,0.85,INT,DOM,C,1.0,19-T1,1.0,100-T1
RK,73H,WRO,2027-01-04 02:10:00,RK1158,J,RK,73H,BOH,2027-01-04 07:45:00,RK1133,J,T136,189,0.85,INT,DOM,C,1.0,100-T1,3.0,19-T1
FR,7M8,ACE,2027-01-04 00:50:00,FR5594,J,FR,7M8,BGY,2027-01-04 05:10:00,FR3667,J,T138,197,0.85,INT,INT,C,1.0,17-T1,1.0,7-T1
FR,7M8,ACE,2027-01-04 05:30:00,FR5594,J,FR,7M8,BGY,2027-01-04 06:40:00,FR3667,J,T138,197,0.85,INT,INT,C,1.0,7-T1,3.0,17-T1
LS,73H,AGP,2027-01-04 17:00:00,LS760,J,LS,73H,AGP,2027-01-04 18:10:00,LS759,J,T242,189,0.87,INT,INT,C,0.8,16B-T1,1.0,309-T1
LS,73H,AGP,2027-01-04 18:30:00,LS760,J,LS,73H,AGP,2027-01-06 07:45:00,LS759,J,T242,189,0.87,INT,INT,C,0.8,309-T1,2.0,
LS,73H,AGP,2027-01-06 08:05:00,LS760,J,LS,73H,AGP,2027-01-06 09:15:00,LS759,J,T242,189,0.87,INT,INT,C,0.8,4-T1,3.0,309-T1
LS,32Q,TFS,2027-01-04 18:45:00,LS728,J,LS,32Q,TFS,2027-01-05 06:20:00,LS739,J,T255,232,0.87,INT,INT,C,0.8,406-T1,1.0,16B-T1
LS,32Q,TFS,2027-01-05 06:40:00,LS728,J,LS,32Q,TFS,2027-01-05 07:50:00,LS739,J,T255,232,0.87,INT,INT,C,0.8,16B-T1,3.0,406-T1
LS,32Q,FNC,2027-01-04 18:50:00,LS736,J,LS,32Q,ACE,2027-01-04 20:00:00,LS705,J,T256,232,0.87,INT,INT,C,0.8,16A-T1,1.0,7-T1
LS,32Q,FNC,2027-01-04 20:20:00,LS736,J,LS,32Q,ACE,2027-01-05 07:15:00,LS705,J,T256,232,0.87,INT,INT,C,0.8,7-T1,2.0,
LS,32Q,FNC,2027-01-05 07:35:00,LS736,J,LS,32Q,ACE,2027-01-05 08:45:00,LS705,J,T256,232,0.87,INT,INT,C,0.8,2-T1,3.0,7-T1
LS,32Q,LPA,2027-01-04 19:30:00,LS748,J,LS,32Q,TFS,2027-01-04 20:40:00,LS751,J,T263,232,0.87,INT,INT,C,0.8,20-T1,1.0,316-T1
LS,32Q,LPA,2027-01-04 21:00:00,LS748,J,LS,32Q,TFS,2027-01-06 06:20:00,LS751,J,T263,232,0.87,INT,INT,C,0.8,316-T1,2.0,
LS,32Q,LPA,2027-01-06 06:40:00,LS748,J,LS,32Q,TFS,2027-01-06 07:50:00,LS751,J,T263,232,0.87,INT,INT,C,0.8,1-T1,3.0,316-T1
BA,32Q,LHR,2027-01-04 19:50:00,BA1460,J,BA,32Q,LHR,2027-01-04 21:00:00,BA1461,J,T268,220,0.72,DOM,DOM,C,0.5,2-T1,1.0,317-T1
BA,32Q,LHR,2027-01-04 21:20:00,BA1460,J,BA,32Q,LHR,2027-01-05 04:35:00,BA1461,J,T268,220,0.72,DOM,DOM,C,0.5,317-T1,2.0,
BA,32Q,LHR,2027-01-05 04:55:00,BA1460,J,BA,32Q,LHR,2027-01-05 06:05:00,BA1461,J,T268,220,0.72,DOM,DOM,C,0.5,20-T1,3.0,317-T1
CJ,E90,LCY,2027-01-04 20:30:00,CJ8710,J,CJ,E90,LCY,2027-01-04 21:40:00,CJ8701,J,T275,106,0.66,DOM,DOM,C,0.5,3-T1,1.0,404-T1
CJ,E90,LCY,2027-01-04 22:00:00,CJ8710,J,CJ,E90,LCY,2027-01-05 06:40:00,CJ8701,J,T275,106,0.66,DOM,DOM,C,0.5,404-T1,3.0,3-T1
U2,32A,ZRH,2027-01-04 20:30:00,U22756,J,U2,32Q,LGW,2027-01-04 21:40:00,U2806,J,T276,186,0.8,INT,DOM,C,1.0,16A-T1,1.0,103-T1
U2,32A,ZRH,2027-01-04 22:00:00,U22756,J,U2,32Q,LGW,2027-01-05 06:10:00,U2806,J,T276,186,0.8,INT,DOM,C,1.0,103-T1,3.0,16A-T1
LS,73H,AYT,2027-01-04 20:45:00,LS710,J,LS,73H,ALC,2027-01-04 21:55:00,LS775,J,T277,189,0.87,INT,INT,C,0.8,15A-T1,1.0,312-T1
LS,73H,AYT,2027-01-04 22:15:00,LS710,J,LS,73H,ALC,2027-01-07 07:15:00,LS775,J,T277,189,0.87,INT,INT,C,0.8,312-T1,2.0,
LS,73H,AYT,2027-01-07 07:35:00,LS710,J,LS,73H,ALC,2027-01-07 08:45:00,LS775,J,T277,189,0.87,INT,INT,C,0.8,2-T1,3.0,312-T1
BA,32Q,LHR,2027-01-04 21:15:00,BA1462,J,BA,32Q,LHR,2027-01-04 22:25:00,BA1463,J,T278,220,0.72,DOM,DOM,C,0.5,20-T1,1.0,211-FRT
BA,32Q,LHR,2027-01-04 22:45:00,BA1462,J,BA,32Q,LHR,2027-01-05 05:20:00,BA1463,J,T278,220,0.72,DOM,DOM,C,0.5,211-FRT,2.0,
BA,32Q,LHR,2027-01-05 05:40:00,BA1462,J,BA,32Q,LHR,2027-01-05 06:50:00,BA1463,J,T278,220,0.72,DOM,DOM,C,0.5,15A-T1,3.0,211-FRT
U2,32A,BHX,2027-01-04 21:30:00,U2340,J,U2,32A,GVA,2027-01-04 22:40:00,U23291,J,T279,186,0.8,DOM,INT,C,1.0,15B-T1,1.0,104-T1
U2,32A,BHX,2027-01-04 23:00:00,U2340,J,U2,32A,GVA,2027-01-05 06:20:00,U23291,J,T279,186,0.8,DOM,INT,C,1.0,104-T1,3.0,15B-T1
FR,7M8,DUB,2027-01-04 21:35:00,FR814,J,FR,7M8,MAD,2027-01-04 22:45:00,FR189,J,T280,197,0.85,IRISH,INT,C,1.0,1B-T1,1.0,8-T1
FR,7M8,DUB,2027-01-04 23:05:00,FR814,J,FR,7M8,MAD,2027-01-05 06:00:00,FR189,J,T280,197,0.85,IRISH,INT,C,1.0,8-T1,3.0,1B-T1
U2,32A,GVA,2027-01-04 22:05:00,U23296,J,U2,32A,BFS,2027-01-04 23:15:00,U2327,J,T282,186,0.8,INT,NIRISH,C,1.0,19-T1,1.0,35-T1
U2,32A,GVA,2027-01-04 23:35:00,U23296,J,U2,32A,BFS,2027-01-05 06:45:00,U2327,J,T282,186,0.8,INT,NIRISH,C,1.0,35-T1,3.0,19-T1
BA,32Q,LHR,2027-01-04 22:35:00,BA1464,J,BA,32Q,LHR,2027-01-04 23:45:00,BA1465,J,T287,220,0.72,DOM,DOM,C,0.5,15A-T1,1.0,314-T1
BA,32Q,LHR,2027-01-05 00:05:00,BA1464,J,BA,32Q,LHR,2027-01-05 06:05:00,BA1465,J,T287,220,0.72,DOM,DOM,C,0.5,314-T1,2.0,
BA,32Q,LHR,2027-01-05 06:25:00,BA1464,J,BA,32Q,LHR,2027-01-05 07:35:00,BA1465,J,T287,220,0.72,DOM,DOM,C,0.5,1-T1,3.0,314-T1
FR,73H,BGY,2027-01-04 22:55:00,FR3645,J,FR,73H,RZE,2027-01-05 00:05:00,FR4535,J,T289,189,0.85,INT,INT,C,1.0,22-T1,1.0,29-T1
FR,73H,BGY,2027-01-05 00:25:00,FR3645,J,FR,73H,RZE,2027-01-06 06:55:00,FR4535,J,T289,189,0.85,INT,INT,C,1.0,29-T1,3.0,22-T1
FR,7M8,BCN,2027-01-04 23:30:00,FR6275,J,FR,7M8,TFS,2027-01-05 09:40:00,FR2969,J,T298,197,0.85,INT,INT,C,1.0,405-T1,1.0,6-T1
FR,7M8,BCN,2027-01-05 10:00:00,FR6275,J,FR,7M8,TFS,2027-01-05 11:10:00,FR2969,J,T298,197,0.85,INT,INT,C,1.0,6-T1,3.0,405-T1
U2,32N,TFS,2027-01-04 23:35:00,U23232,J,U2,32A,AGP,2027-01-05 06:10:00,U23219,J,T299,186,0.8,INT,INT,C,1.0,30-T1,1.0,20-T1
U2,32N,TFS,2027-01-05 06:30:00,U23232,J,U2,32A,AGP,2027-01-05 07:40:00,U23219,J,T299,186,0.8,INT,INT,C,1.0,20-T1,3.0,30-T1
FR,7M8,AGP,2027-01-05 00:15:00,FR5090,J,FR,7M8,CRL,2027-01-05 01:25:00,FR7322,J,T301,197,0.85,INT,INT,C,1.0,20-T1,1.0,317A-T1
FR,7M8,AGP,2027-01-05 01:45:00,FR5090,J,FR,7M8,CRL,2027-01-05 10:50:00,FR7322,J,T301,197,0.85,INT,INT,C,1.0,317A-T1,2.0,
FR,7M8,AGP,2027-01-05 11:10:00,FR5090,J,FR,7M8,CRL,2027-01-05 12:20:00,FR7322,J,T301,197,0.85,INT,INT,C,1.0,3-T1,3.0,317A-T1
FR,7M8,OTP,2027-01-05 00:45:00,FR838,J,FR,7M8,DUB,2027-01-05 01:55:00,FR809,J,T304,197,0.85,INT,IRISH,C,1.0,15A-T1,1.0,36-T1
FR,7M8,OTP,2027-01-05 02:15:00,FR838,J,FR,7M8,DUB,2027-01-05 12:45:00,FR809,J,T304,197,0.85,INT,IRISH,C,1.0,36-T1,3.0,15A-T1
FR,7M8,CIA,2027-01-05 08:40:00,FR5740,J,FR,7M8,BCN,2027-01-05 11:45:00,FR6266,J,T317,197,0.85,INT,INT,C,1.0,17-T1,1.0,1B-T1
FR,7M8,CIA,2027-01-05 12:05:00,FR5740,J,FR,7M8,BCN,2027-01-05 13:15:00,FR6266,J,T317,197,0.85,INT,INT,C,1.0,1B-T1,3.0,17-T1
LM,AT7,SOU,2027-01-05 10:40:00,LM322,J,LM,AT7,KOI,2027-01-05 15:50:00,LM397,J,T334,72,0.53,DOM,DOM,C,1.0,100-T1,1.0,6-T1
LM,AT7,SOU,2027-01-05 16:10:00,LM322,J,LM,AT7,KOI,2027-01-05 17:20:00,LM397,J,T334,72,0.53,DOM,DOM,C,1.0,6-T1,3.0,100-T1
RK,73H,RAK,2027-01-05 16:50:00,RK515,J,RK,73H,MAD,2027-01-05 18:00:00,RK189,J,T369,189,0.85,INT,INT,C,1.0,20-T1,1.0,103-T1
RK,73H,RAK,2027-01-05 18:20:00,RK515,J,RK,73H,MAD,2027-01-06 08:15:00,RK189,J,T369,189,0.85,INT,INT,C,1.0,103-T1,3.0,20-T1
LS,73H,FAO,2027-01-05 17:55:00,LS770,J,LS,73H,ACE,2027-01-05 19:05:00,LS705,J,T373,189,0.87,INT,INT,C,0.8,16B-T1,1.0,308-T1
LS,73H,FAO,2027-01-05 19:25:00,LS770,J,LS,73H,ACE,2027-01-08 09:10:00,LS705,J,T373,189,0.87,INT,INT,C,0.8,308-T1,3.0,16B-T1
LS,32Q,TFS,2027-01-05 18:40:00,LS740,J,LS,32Q,LPA,2027-01-06 08:35:00,LS747,J,T378,232,0.87,INT,INT,C,0.8,407-T1,1.0,16B-T1
LS,32Q,TFS,2027-01-06 08:55:00,LS740,J,LS,32Q,LPA,2027-01-06 10:05:00,LS747,J,T378,232,0.87,INT,INT,C,0.8,16B-T1,3.0,407-T1
LS,32Q,ACE,2027-01-05 19:00:00,LS706,J,LS,32Q,FUE,2027-01-05 20:10:00,LS745,J,T381,232,0.87,INT,INT,C,0.8,15A-T1,1.0,405-T1
LS,32Q,ACE,2027-01-05 20:30:00,LS706,J,LS,32Q,FUE,2027-01-06 11:05:00,LS745,J,T381,232,0.87,INT,INT,C,0.8,405-T1,3.0,15A-T1
BA,320,LHR,2027-01-05 19:30:00,BA1460,J,BA,320,LHR,2027-01-05 20:40:00,BA1461,J,T387,180,0.72,DOM,DOM,C,0.5,16A-T1,1.0,404-T1
BA,320,LHR,2027-01-05 21:00:00,BA1460,J,BA,320,LHR,2027-01-06 06:25:00,BA1461,J,T387,180,0.72,DOM,DOM,C,0.5,404-T1,3.0,16A-T1
CJ,E90,LCY,2027-01-05 20:30:00,CJ8710,J,CJ,E90,LCY,2027-01-05 21:40:00,CJ8701,J,T390,106,0.66,DOM,DOM,C,0.5,15A-T1,1.0,310R-T1
CJ,E90,LCY,2027-01-05 22:00:00,CJ8710,J,CJ,E90,LCY,2027-01-06 06:40:00,CJ8701,J,T390,106,0.66,DOM,DOM,C,0.5,310R-T1,3.0,15A-T1
RK,73H,STN,2027-01-05 20:50:00,RK596,J,RK,73H,TIA,2027-01-05 22:00:00,RK8294,J,T393,189,0.85,DOM,INT,C,1.0,15B-T1,1.0,30-T1
RK,73H,STN,2027-01-05 22:20:00,RK596,J,RK,73H,TIA,2027-01-06 11:55:00,RK8294,J,T393,189,0.85,DOM,INT,C,1.0,30-T1,3.0,15B-T1
CJ,E90,LCY,2027-01-05 21:00:00,CJ8714,J,CJ,E90,LCY,2027-01-06 06:00:00,CJ8713,J,T394,106,0.66,DOM,DOM,C,0.5,313-T1,1.0,20-T1
CJ,E90,LCY,2027-01-06 06:20:00,CJ8714,J,CJ,E90,LCY,2027-01-06 07:30:00,CJ8713,J,T394,106,0.66,DOM,DOM,C,0.5,20-T1,3.0,313-T1
BA,32Q,LHR,2027-01-05 21:20:00,BA1464,J,BA,32Q,LHR,2027-01-05 22:30:00,BA1465,J,T395,220,0.72,DOM,DOM,C,0.5,4-T1,1.0,315-T1
BA,32Q,LHR,2027-01-05 22:50:00,BA1464,J,BA,32Q,LHR,2027-01-06 06:30:00,BA1465,J,T395,220,0.72,DOM,DOM,C,0.5,315-T1,2.0,
BA,32Q,LHR,2027-01-06 06:50:00,BA1464,J,BA,32Q,LHR,2027-01-06 08:00:00,BA1465,J,T395,220,0.72,DOM,DOM,C,0.5,16B-T1,3.0,315-T1
LM,AT7,SOU,2027-01-05 21:40:00,LM328,J,LM,AT7,LSI,2027-01-06 15:15:00,LM357,J,T396,72,0.53,DOM,DOM,C,1.0,314-T1,1.0,6-T1
LM,AT7,SOU,2027-01-06 15:35:00,LM328,J,LM,AT7,LSI,2027-01-06 16:45:00,LM357,J,T396,72,0.53,DOM,DOM,C,1.0,6-T1,3.0,314-T1
U2,32Q,MAD,2027-01-05 22:15:00,U23210,J,U2,32A,BFS,2027-01-05 23:25:00,U2327,J,T398,235,0.8,INT,NIRISH,C,1.0,17-T1,1.0,406-T1
U2,32Q,MAD,2027-01-05 23:45:00,U23210,J,U2,32A,BFS,2027-01-06 07:00:00,U2327,J,T398,235,0.8,INT,NIRISH,C,1.0,406-T1,3.0,17-T1
FR,7M8,KRK,2027-01-05 22:45:00,FR6625,J,FR,7M8,KRK,2027-01-05 23:55:00,FR6624,J,T402,197,0.85,INT,INT,C,1.0,19-T1,1.0,317-T1
FR,7M8,KRK,2027-01-06 00:15:00,FR6625,J,FR,7M8,KRK,2027-01-06 07:00:00,FR6624,J,T402,197,0.85,INT,INT,C,1.0,317-T1,2.0,
FR,7M8,KRK,2027-01-06 07:20:00,FR6625,J,FR,7M8,KRK,2027-01-06 08:30:00,FR6624,J,T402,197,0.85,INT,INT,C,1.0,22-T1,3.0,317-T1
U2,32A,TFS,2027-01-05 23:05:00,U23232,J,U2,32N,BHX,2027-01-06 07:10:00,U26642,J,T405,186,0.8,INT,DOM,C,1.0,8-T1,1.0,6-T1
U2,32A,TFS,2027-01-06 07:30:00,U23232,J,U2,32N,BHX,2027-01-06 08:40:00,U26642,J,T405,186,0.8,INT,DOM,C,1.0,6-T1,3.0,8-T1
U2,32N,HRG,2027-01-05 23:25:00,U23320,J,U2,32A,CDG,2027-01-06 09:05:00,U23241,J,T408,186,0.8,INT,INT,C,1.0,100-T1,1.0,6-T1
U2,32N,HRG,2027-01-06 09:25:00,U23320,J,U2,32A,CDG,2027-01-06 10:35:00,U23241,J,T408,186,0.8,INT,INT,C,1.0,6-T1,3.0,100-T1
FR,7M8,LIS,2027-01-06 00:10:00,FR478,J,FR,7M8,TFS,2027-01-06 01:20:00,FR2969,J,T410,197,0.85,INT,INT,C,1.0,17-T1,1.0,36-T1
FR,7M8,LIS,2027-01-06 01:40:00,FR478,J,FR,7M8,TFS,2027-01-06 11:25:00,FR2969,J,T410,197,0.85,INT,INT,C,1.0,36-T1,3.0,17-T1
U2,32N,SSH,2027-01-06 00:30:00,U23222,J,U2,32N,TFS,2027-01-06 01:40:00,U23231,J,T411,186,0.8,INT,INT,C,1.0,19-T1,1.0,35-T1
U2,32N,SSH,2027-01-06 02:00:00,U23222,J,U2,32N,TFS,2027-01-06 10:50:00,U23231,J,T411,186,0.8,INT,INT,C,1.0,35-T1,3.0,19-T1
FR,7M8,MLA,2027-01-06 10:35:00,FR6696,J,FR,7M8,ACE,2027-01-06 12:35:00,FR5593,J,T439,197,0.85,INT,INT,C,1.0,8-T1,1.0,1B-T1
FR,7M8,MLA,2027-01-06 12:55:00,FR6696,J,FR,7M8,ACE,2027-01-06 14:05:00,FR5593,J,T439,197,0.85,INT,INT,C,1.0,1B-T1,3.0,8-T1
LM,AT7,SOU,2027-01-06 10:40:00,LM322,J,LM,AT7,KOI,2027-01-06 15:50:00,LM397,J,T441,72,0.53,DOM,DOM,C,1.0,406-T1,1.0,22-T1
LM,AT7,SOU,2027-01-06 16:10:00,LM322,J,LM,AT7,KOI,2027-01-06 17:20:00,LM397,J,T441,72,0.53,DOM,DOM,C,1.0,22-T1,3.0,406-T1
FR,7M8,TFS,2027-01-06 11:00:00,FR2970,J,FR,7M8,DUB,2027-01-06 12:10:00,FR815,J,T443,197,0.85,INT,IRISH,C,1.0,16A-T1,1.0,6-T1
FR,7M8,TFS,2027-01-06 12:30:00,FR2970,J,FR,7M8,DUB,2027-01-06 14:15:00,FR815,J,T443,197,0.85,INT,IRISH,C,1.0,6-T1,3.0,16A-T1
LS,73H,AGP,2027-01-06 17:00:00,LS760,J,LS,73H,AGP,2027-01-06 18:10:00,LS759,J,T476,189,0.87,INT,INT,C,0.8,16A-T1,1.0,310-T1
LS,73H,AGP,2027-01-06 18:30:00,LS760,J,LS,73H,AGP,2027-01-08 10:20:00,LS759,J,T476,189,0.87,INT,INT,C,0.8,310-T1,3.0,16A-T1
LS,32Q,TFS,2027-01-06 18:35:00,LS752,J,LS,32Q,TFS,2027-01-06 19:45:00,LS727,J,T487,232,0.87,INT,INT,C,0.8,16A-T1,1.0,316-T1
LS,32Q,TFS,2027-01-06 20:05:00,LS752,J,LS,32Q,TFS,2027-01-07 06:20:00,LS727,J,T487,232,0.87,INT,INT,C,0.8,316-T1,2.0,
LS,32Q,TFS,2027-01-07 06:40:00,LS752,J,LS,32Q,TFS,2027-01-07 07:50:00,LS727,J,T487,232,0.87,INT,INT,C,0.8,3-T1,3.0,316-T1
RK,73H,TIA,2027-01-06 19:25:00,RK8295,J,RK,73H,STN,2027-01-06 20:35:00,RK8604,J,T492,189,0.85,INT,DOM,C,1.0,19-T1,1.0,315-T1
RK,73H,TIA,2027-01-06 20:55:00,RK8295,J,RK,73H,STN,2027-01-07 05:40:00,RK8604,J,T492,189,0.85,INT,DOM,C,1.0,315-T1,2.0,
RK,73H,TIA,2027-01-07 06:00:00,RK8295,J,RK,73H,STN,2027-01-07 07:10:00,RK8604,J,T492,189,0.85,INT,DOM,C,1.0,16A-T1,3.0,315-T1
U2,32N,LTN,2027-01-06 19:30:00,U2605,J,U2,32A,ALC,2027-01-06 20:40:00,U23205,J,T495,186,0.8,DOM,INT,C,1.0,22-T1,1.0,106-T1
U2,32N,LTN,2027-01-06 21:00:00,U2605,J,U2,32A,ALC,2027-01-07 06:05:00,U23205,J,T495,186,0.8,DOM,INT,C,1.0,106-T1,3.0,22-T1
CJ,E90,LCY,2027-01-06 20:30:00,CJ8710,J,CJ,E90,LCY,2027-01-06 21:40:00,CJ8701,J,T503,106,0.66,DOM,DOM,C,0.5,16B-T1,1.0,36-T1
CJ,E90,LCY,2027-01-06 22:00:00,CJ8710,J,CJ,E90,LCY,2027-01-07 06:40:00,CJ8701,J,T503,106,0.66,DOM,DOM,C,0.5,36-T1,3.0,16B-T1
U2,32A,MAD,2027-01-06 20:40:00,U23210,J,U2,32Q,LIS,2027-01-06 21:50:00,U23321,J,T504,186,0.8,INT,INT,C,1.0,17-T1,1.0,29-T1
U2,32A,MAD,2027-01-06 22:10:00,U23210,J,U2,32Q,LIS,2027-01-07 06:55:00,U23321,J,T504,186,0.8,INT,INT,C,1.0,29-T1,3.0,17-T1
FR,73H,LIS,2027-01-06 20:55:00,FR470,J,FR,73H,DUB,2027-01-06 22:05:00,FR815,J,T506,189,0.85,INT,IRISH,C,1.0,19-T1,1.0,104-T1
FR,73H,LIS,2027-01-06 22:25:00,FR470,J,FR,73H,DUB,2027-01-07 07:30:00,FR815,J,T506,189,0.85,INT,IRISH,C,1.0,104-T1,3.0,19-T1
CJ,E90,LCY,2027-01-06 21:00:00,CJ8714,J,CJ,E90,LCY,2027-01-06 22:10:00,CJ8713,J,T507,106,0.66,DOM,DOM,C,0.5,22-T1,1.0,314-T1
CJ,E90,LCY,2027-01-06 22:30:00,CJ8714,J,CJ,E90,LCY,2027-01-07 06:00:00,CJ8713,J,T507,106,0.66,DOM,DOM,C,0.5,314-T1,2.0,
CJ,E90,LCY,2027-01-07 06:20:00,CJ8714,J,CJ,E90,LCY,2027-01-07 07:30:00,CJ8713,J,T507,106,0.66,DOM,DOM,C,0.5,4-T1,3.0,314-T1
U2,32N,TFS,2027-01-06 21:15:00,U23232,J,U2,32A,BFS,2027-01-06 22:25:00,U2327,J,T509,186,0.8,INT,NIRISH,C,1.0,15B-T1,1.0,404-T1
U2,32N,TFS,2027-01-06 22:45:00,U23232,J,U2,32A,BFS,2027-01-07 07:00:00,U2327,J,T509,186,0.8,INT,NIRISH,C,1.0,404-T1,3.0,15B-T1
LS,32Q,FUE,2027-01-06 21:35:00,LS746,J,LS,32Q,FNC,2027-01-06 22:45:00,LS735,J,T511,232,0.87,INT,INT,C,0.8,16A-T1,1.0,103-T1
LS,32Q,FUE,2027-01-06 23:05:00,LS746,J,LS,32Q,FNC,2027-01-07 07:55:00,LS735,J,T511,232,0.87,INT,INT,C,0.8,103-T1,2.0,
LS,32Q,FUE,2027-01-07 08:15:00,LS746,J,LS,32Q,FNC,2027-01-07 09:25:00,LS735,J,T511,232,0.87,INT,INT,C,0.8,3-T1,3.0,103-T1
BA,319,LHR,2027-01-06 22:00:00,BA1464,J,BA,319,LHR,2027-01-06 23:10:00,BA1465,J,T515,144,0.72,DOM,DOM,C,0.5,16B-T1,1.0,311-T1
BA,319,LHR,2027-01-06 23:30:00,BA1464,J,BA,319,LHR,2027-01-07 06:30:00,BA1465,J,T515,144,0.72,DOM,DOM,C,0.5,311-T1,2.0,
BA,319,LHR,2027-01-07 06:50:00,BA1464,J,BA,319,LHR,2027-01-07 08:00:00,BA1465,J,T515,144,0.72,DOM,DOM,C,0.5,1-T1,3.0,311-T1
AF,223,CDG,2027-01-06 22:15:00,AF1886,J,AF,223,CDG,2027-01-06 23:25:00,AF1887,J,T517,148,0.84,INT,INT,C,1.0,17-T1,1.0,7-T1
AF,223,CDG,2027-01-06 23:45:00,AF1886,J,AF,223,CDG,2027-01-07 05:50:00,AF1887,J,T517,148,0.84,INT,INT,C,1.0,7-T1,3.0,17-T1
FR,7M8,AGP,2027-01-06 23:55:00,FR5090,J,FR,7M8,CRL,2027-01-07 10:45:00,FR7322,J,T525,197,0.85,INT,INT,C,1.0,403-T1,1.0,4-T1
FR,7M8,AGP,2027-01-07 11:05:00,FR5090,J,FR,7M8,CRL,2027-01-07 12:15:00,FR7322,J,T525,197,0.85,INT,INT,C,1.0,4-T1,3.0,403-T1
LS,32Q,TFS,2027-01-07 18:35:00,LS728,J,LS,32Q,TFS,2027-01-08 06:00:00,LS739,J,T622,232,0.87,INT,INT,C,0.8,407-T1,1.0,1-T1
LS,32Q,TFS,2027-01-08 06:20:00,LS728,J,LS,32Q,TFS,2027-01-08 07:30:00,LS739,J,T622,232,0.87,INT,INT,C,0.8,1-T1,3.0,407-T1
LS,32Q,ACE,2027-01-07 18:40:00,LS786,J,LS,32Q,AYT,2027-01-08 07:55:00,LS757,J,T624,232,0.87,INT,INT,C,0.8,406-T1,1.0,16B-T1
LS,32Q,ACE,2027-01-08 08:15:00,LS786,J,LS,32Q,AYT,2027-01-08 09:25:00,LS757,J,T624,232,0.87,INT,INT,C,0.8,16B-T1,3.0,406-T1
LS,32Q,FNC,2027-01-07 18:50:00,LS736,J,LS,32Q,GVA,2027-01-07 20:00:00,LS779,J,T625,232,0.87,INT,INT,C,0.8,20-T1,1.0,312-T1
LS,32Q,FNC,2027-01-07 20:20:00,LS736,J,LS,32Q,GVA,2027-01-09 05:40:00,LS779,J,T625,232,0.87,INT,INT,C,0.8,312-T1,2.0,
LS,32Q,FNC,2027-01-09 06:00:00,LS736,J,LS,32Q,GVA,2027-01-09 07:10:00,LS779,J,T625,232,0.87,INT,INT,C,0.8,2-T1,3.0,312-T1
FR,73H,BCN,2027-01-07 19:20:00,FR6267,J,FR,73H,DUB,2027-01-07 20:30:00,FR819,J,T629,189,0.85,INT,IRISH,C,1.0,15B-T1,1.0,106-T1
FR,73H,BCN,2027-01-07 20:50:00,FR6267,J,FR,73H,DUB,2027-01-08 06:05:00,FR819,J,T629,189,0.85,INT,IRISH,C,1.0,106-T1,3.0,15B-T1
CJ,E90,LCY,2027-01-07 20:30:00,CJ8710,J,CJ,E90,LCY,2027-01-07 21:40:00,CJ8701,J,T639,106,0.66,DOM,DOM,C,0.5,16B-T1,1.0,315-T1
CJ,E90,LCY,2027-01-07 22:00:00,CJ8710,J,CJ,E90,LCY,2027-01-08 06:30:00,CJ8701,J,T639,106,0.66,DOM,DOM,C,0.5,315-T1,3.0,16B-T1
CJ,E90,LCY,2027-01-07 21:00:00,CJ8714,J,CJ,E90,LCY,2027-01-07 22:10:00,CJ8711,J,T642,106,0.66,DOM,DOM,C,0.5,2-T1,1.0,309-T1
CJ,E90,LCY,2027-01-07 22:30:00,CJ8714,J,CJ,E90,LCY,2027-01-08 07:00:00,CJ8711,J,T642,106,0.66,DOM,DOM,C,0.5,309-T1,3.0,2-T1
FR,7M8,MAD,2027-01-07 21:05:00,FR188,J,FR,7M8,GDN,2027-01-07 22:15:00,FR6124,J,T643,197,0.85,INT,INT,C,1.0,22-T1,1.0,2-T1
FR,7M8,MAD,2027-01-07 22:35:00,FR188,J,FR,7M8,GDN,2027-01-08 05:50:00,FR6124,J,T643,197,0.85,INT,INT,C,1.0,2-T1,3.0,22-T1
CJ,E90,LCY,2027-01-07 21:45:00,CJ8718,J,CJ,E90,LCY,2027-01-08 09:00:00,CJ8713,J,T647,106,0.66,DOM,DOM,C,0.5,311R-T1,1.0,16A-T1
CJ,E90,LCY,2027-01-08 09:20:00,CJ8718,J,CJ,E90,LCY,2027-01-08 10:30:00,CJ8713,J,T647,106,0.66,DOM,DOM,C,0.5,16A-T1,3.0,311R-T1
U2,32N,FUE,2027-01-07 21:45:00,U23208,J,U2,32N,GVA,2027-01-07 22:55:00,U23291,J,T648,186,0.8,INT,INT,C,1.0,15A-T1,1.0,8-T1
U2,32N,FUE,2027-01-07 23:15:00,U23208,J,U2,32N,GVA,2027-01-08 06:25:00,U23291,J,T648,186,0.8,INT,INT,C,1.0,8-T1,3.0,15A-T1
BA,32Q,LHR,2027-01-07 22:00:00,BA1464,J,BA,32Q,LHR,2027-01-07 23:10:00,BA1465,J,T649,220,0.72,DOM,DOM,C,0.5,20-T1,1.0,210-FRT
BA,32Q,LHR,2027-01-07 23:30:00,BA1464,J,BA,32Q,LHR,2027-01-08 05:55:00,BA1465,J,T649,220,0.72,DOM,DOM,C,0.5,210-FRT,2.0,
BA,32Q,LHR,2027-01-08 06:15:00,BA1464,J,BA,32Q,LHR,2027-01-08 07:25:00,BA1465,J,T649,220,0.72,DOM,DOM,C,0.5,3-T1,3.0,210-FRT
RK,73H,BGY,2027-01-07 22:15:00,RK3657,J,RK,73H,AGA,2027-01-07 23:25:00,RK861,J,T653,189,0.85,INT,INT,C,1.0,15B-T1,1.0,7-T1
RK,73H,BGY,2027-01-07 23:45:00,RK3657,J,RK,73H,AGA,2027-01-08 06:45:00,RK861,J,T653,189,0.85,INT,INT,C,1.0,7-T1,3.0,15B-T1
U2,32Q,TFS,2027-01-07 23:10:00,U23232,J,U2,32N,STN,2027-01-08 00:20:00,U2309,J,T656,235,0.8,INT,DOM,C,1.0,22-T1,1.0,317-T1
U2,32Q,TFS,2027-01-08 00:40:00,U23232,J,U2,32N,STN,2027-01-08 05:50:00,U2309,J,T656,235,0.8,INT,DOM,C,1.0,317-T1,2.0,
U2,32Q,TFS,2027-01-08 06:10:00,U23232,J,U2,32N,STN,2027-01-08 07:20:00,U2309,J,T656,235,0.8,INT,DOM,C,1.0,2-T1,3.0,317-T1
LH,32N,FRA,2027-01-07 23:20:00,LH964,J,LH,32N,FRA,2027-01-08 00:30:00,LH965,J,T659,172,0.8,INT,INT,C,1.0,15A-T1,1.0,403-T1
LH,32N,FRA,2027-01-08 00:50:00,LH964,J,LH,32N,FRA,2027-01-08 06:00:00,LH965,J,T659,172,0.8,INT,INT,C,1.0,403-T1,3.0,15A-T1
FR,7M8,ALC,2027-01-07 23:50:00,FR5581,J,FR,7M8,LIS,2027-01-08 04:55:00,FR479,J,T661,197,0.85,INT,INT,C,1.0,15B-T1,1.0,100-T1
FR,7M8,ALC,2027-01-08 05:15:00,FR5581,J,FR,7M8,LIS,2027-01-08 06:25:00,FR479,J,T661,197,0.85,INT,INT,C,1.0,100-T1,3.0,15B-T1
U2,32A,TOS,2027-01-07 23:55:00,U23216,J,U2,32N,BRS,2027-01-08 06:50:00,U2212,J,T664,186,0.8,INT,DOM,C,1.0,29-T1,1.0,1B-T1
U2,32A,TOS,2027-01-08 07:10:00,U23216,J,U2,32N,BRS,2027-01-08 08:20:00,U2212,J,T664,186,0.8,INT,DOM,C,1.0,1B-T1,3.0,29-T1
FR,7M8,AGP,2027-01-08 00:50:00,FR5664,J,FR,7M8,WMI,2027-01-08 02:00:00,FR4524,J,T667,197,0.85,INT,INT,C,1.0,15A-T1,1.0,317A-T1
FR,7M8,AGP,2027-01-08 02:20:00,FR5664,J,FR,7M8,WMI,2027-01-08 06:55:00,FR4524,J,T667,197,0.85,INT,INT,C,1.0,317A-T1,2.0,
FR,7M8,AGP,2027-01-08 07:15:00,FR5664,J,FR,7M8,WMI,2027-01-08 08:25:00,FR4524,J,T667,197,0.85,INT,INT,C,1.0,6-T1,3.0,317A-T1
LS,32Q,TFS,2027-01-08 18:20:00,LS740,J,LS,32Q,TFS,2027-01-09 06:25:00,LS727,J,T772,232,0.87,INT,INT,C,0.8,106-T1,1.0,3-T1
LS,32Q,TFS,2027-01-09 06:45:00,LS740,J,LS,32Q,TFS,2027-01-09 07:55:00,LS727,J,T772,232,0.87,INT,INT,C,0.8,3-T1,3.0,106-T1
WK,320,ZRH,2027-01-08 19:10:00,WK290,J,WK,320,ZRH,2027-01-09 06:10:00,WK291,J,T783,180,0.73,INT,INT,C,1.0,406-T1,1.0,1A-T1
WK,320,ZRH,2027-01-09 06:30:00,WK290,J,WK,320,ZRH,2027-01-09 07:40:00,WK291,J,T783,180,0.73,INT,INT,C,1.0,1A-T1,3.0,406-T1
LS,73H,ACE,2027-01-08 19:15:00,LS706,J,LS,73H,ACE,2027-01-08 20:25:00,LS785,J,T785,189,0.87,INT,INT,C,0.8,15A-T1,1.0,315-T1
LS,73H,ACE,2027-01-08 20:45:00,LS706,J,LS,73H,ACE,2027-01-09 07:15:00,LS785,J,T785,189,0.87,INT,INT,C,0.8,315-T1,2.0,
LS,73H,ACE,2027-01-09 07:35:00,LS706,J,LS,73H,ACE,2027-01-09 08:45:00,LS785,J,T785,189,0.87,INT,INT,C,0.8,4-T1,3.0,315-T1
BA,319,LHR,2027-01-08 20:15:00,BA1460,J,BA,319,LHR,2027-01-08 21:25:00,BA1461,J,T796,144,0.72,DOM,DOM,C,0.5,2-T1,1.0,36-T1
BA,319,LHR,2027-01-08 21:45:00,BA1460,J,BA,319,LHR,2027-01-09 06:50:00,BA1461,J,T796,144,0.72,DOM,DOM,C,0.5,36-T1,3.0,2-T1
LS,32Q,AYT,2027-01-08 20:30:00,LS758,J,LS,32Q,FUE,2027-01-08 21:40:00,LS745,J,T797,232,0.87,INT,INT,C,0.8,16A-T1,1.0,212-FRT
LS,32Q,AYT,2027-01-08 22:00:00,LS758,J,LS,32Q,FUE,2027-01-09 08:00:00,LS745,J,T797,232,0.87,INT,INT,C,0.8,212-FRT,2.0,
LS,32Q,AYT,2027-01-09 08:20:00,LS758,J,LS,32Q,FUE,2027-01-09 09:30:00,LS745,J,T797,232,0.87,INT,INT,C,0.8,3-T1,3.0,212-FRT
U2,32Q,MAD,2027-01-08 20:45:00,U23210,J,U2,32N,GVA,2027-01-08 21:55:00,U23291,J,T799,235,0.8,INT,INT,C,1.0,15B-T1,1.0,35-T1
U2,32Q,MAD,2027-01-08 22:15:00,U23210,J,U2,32N,GVA,2027-01-09 06:00:00,U23291,J,T799,235,0.8,INT,INT,C,1.0,35-T1,3.0,15B-T1
LM,AT7,SOU,2027-01-08 21:40:00,LM328,J,LM,AT7,SOU,2027-01-08 22:50:00,LM325,J,T800,72,0.53,DOM,DOM,C,1.0,1-T1,1.0,310-T1
LM,AT7,SOU,2027-01-08 23:10:00,LM328,J,LM,AT7,SOU,2027-01-10 12:45:00,LM325,J,T800,72,0.53,DOM,DOM,C,1.0,310-T1,3.0,1-T1
U2,32A,GVA,2027-01-08 21:55:00,U23296,J,U2,32N,ALC,2027-01-08 23:05:00,U23205,J,T801,186,0.8,INT,INT,C,1.0,16B-T1,1.0,407-T1
U2,32A,GVA,2027-01-08 23:25:00,U23296,J,U2,32N,ALC,2027-01-09 06:00:00,U23205,J,T801,186,0.8,INT,INT,C,1.0,407-T1,3.0,16B-T1
FR,7M8,VIE,2027-01-08 22:05:00,FR1624,J,FR,7M8,SOF,2027-01-08 23:15:00,FR5160,J,T803,197,0.85,INT,INT,C,1.0,1A-T1,1.0,29-T1
FR,7M8,VIE,2027-01-08 23:35:00,FR1624,J,FR,7M8,SOF,2027-01-09 06:00:00,FR5160,J,T803,197,0.85,INT,INT,C,1.0,29-T1,3.0,1A-T1
U2,32Q,AMS,2027-01-08 22:25:00,U23302,J,U2,32A,GNB,2027-01-08 23:35:00,U23248,J,T808,235,0.8,INT,INT,C,1.0,17-T1,1.0,100-T1
U2,32Q,AMS,2027-01-08 23:55:00,U23302,J,U2,32A,GNB,2027-01-09 07:00:00,U23248,J,T808,235,0.8,INT,INT,C,1.0,100-T1,3.0,17-T1
U2,32A,CDG,2027-01-08 22:55:00,U23242,J,U2,32A,BFS,2027-01-09 00:05:00,U2327,J,T812,186,0.8,INT,NIRISH,C,1.0,22-T1,1.0,314-T1
U2,32A,CDG,2027-01-09 00:25:00,U23242,J,U2,32A,BFS,2027-01-09 05:55:00,U2327,J,T812,186,0.8,INT,NIRISH,C,1.0,314-T1,2.0,
U2,32A,CDG,2027-01-09 06:15:00,U23242,J,U2,32A,BFS,2027-01-09 07:25:00,U2327,J,T812,186,0.8,INT,NIRISH,C,1.0,1B-T1,3.0,314-T1
LH,32N,FRA,2027-01-08 23:15:00,LH964,J,LH,32N,FRA,2027-01-09 00:25:00,LH965,J,T814,172,0.8,INT,INT,C,1.0,16A-T1,1.0,403-T1
LH,32N,FRA,2027-01-09 00:45:00,LH964,J,LH,32N,FRA,2027-01-09 06:45:00,LH965,J,T814,172,0.8,INT,INT,C,1.0,403-T1,3.0,16A-T1
FR,7M8,KRK,2027-01-09 00:20:00,FR359,J,FR,7M8,ACE,2027-01-09 04:55:00,FR5593,J,T819,197,0.85,INT,INT,C,1.0,16B-T1,1.0,308-T1
FR,7M8,KRK,2027-01-09 05:15:00,FR359,J,FR,7M8,ACE,2027-01-09 06:25:00,FR5593,J,T819,197,0.85,INT,INT,C,1.0,308-T1,3.0,16B-T1
U2,32N,HRG,2027-01-09 00:50:00,U23320,J,U2,32Q,STN,2027-01-09 02:00:00,U2309,J,T823,186,0.8,INT,DOM,C,1.0,16A-T1,1.0,405-T1
U2,32N,HRG,2027-01-09 02:20:00,U23320,J,U2,32Q,STN,2027-01-09 07:35:00,U2309,J,T823,186,0.8,INT,DOM,C,1.0,405-T1,3.0,16A-T1
LM,AT7,LSI,2027-01-09 11:30:00,LM391,J,LM,AT7,EXT,2027-01-09 12:40:00,LM315,J,T865,72,0.53,DOM,DOM,C,1.0,4-T1,1.0,403-T1
LM,AT7,LSI,2027-01-09 13:00:00,LM391,J,LM,AT7,EXT,2027-01-10 12:05:00,LM315,J,T865,72,0.53,DOM,DOM,C,1.0,403-T1,3.0,4-T1
CJ,E90,LCY,2027-01-09 12:50:00,CJ8704,J,CJ,E90,LCY,2027-01-10 12:30:00,CJ8707,J,T882,106,0.66,DOM,DOM,C,0.5,311L-T1,1.0,4-T1
CJ,E90,LCY,2027-01-10 12:50:00,CJ8704,J,CJ,E90,LCY,2027-01-10 14:00:00,CJ8707,J,T882,106,0.66,DOM,DOM,C,0.5,4-T1,3.0,311L-T1
U2,319,LGW,2027-01-09 12:55:00,U2809,J,U2,32A,GVA,2027-01-09 14:05:00,U23295,J,T884,156,0.8,DOM,INT,C,1.0,102-T1,1.0,1B-T1
U2,319,LGW,2027-01-09 14:25:00,U2809,J,U2,32A,GVA,2027-01-09 16:35:00,U23295,J,T884,156,0.8,DOM,INT,C,1.0,1B-T1,3.0,102-T1
U2,32A,AGP,2027-01-09 14:25:00,U23220,J,U2,32A,STN,2027-01-09 15:35:00,U2351,J,T895,186,0.8,INT,DOM,C,1.0,19-T1,1.0,4-T1
U2,32A,AGP,2027-01-09 15:55:00,U23220,J,U2,32A,STN,2027-01-09 17:35:00,U2351,J,T895,186,0.8,INT,DOM,C,1.0,4-T1,3.0,19-T1
LS,32Q,TFS,2027-01-09 18:40:00,LS728,J,LS,32Q,ACE,2027-01-09 19:50:00,LS705,J,T920,232,0.87,INT,INT,C,0.8,16B-T1,1.0,315-T1
LS,32Q,TFS,2027-01-09 20:10:00,LS728,J,LS,32Q,ACE,2027-01-10 06:45:00,LS705,J,T920,232,0.87,INT,INT,C,0.8,315-T1,2.0,
LS,32Q,TFS,2027-01-10 07:05:00,LS728,J,LS,32Q,ACE,2027-01-10 08:15:00,LS705,J,T920,232,0.87,INT,INT,C,0.8,1-T1,3.0,315-T1
WK,320,ZRH,2027-01-09 19:55:00,WK290,J,WK,320,ZRH,2027-01-10 06:55:00,WK291,J,T923,180,0.73,INT,INT,C,1.0,102-T1,1.0,3-T1
WK,320,ZRH,2027-01-10 07:15:00,WK290,J,WK,320,ZRH,2027-01-10 08:25:00,WK291,J,T923,180,0.73,INT,INT,C,1.0,3-T1,3.0,102-T1
LS,32Q,FUE,2027-01-09 20:00:00,LS746,J,LS,32Q,TFS,2027-01-09 21:10:00,LS739,J,T924,232,0.87,INT,INT,C,0.8,15A-T1,1.0,212-FRT
LS,32Q,FUE,2027-01-09 21:30:00,LS746,J,LS,32Q,TFS,2027-01-10 07:55:00,LS739,J,T924,232,0.87,INT,INT,C,0.8,212-FRT,2.0,
LS,32Q,FUE,2027-01-10 08:15:00,LS746,J,LS,32Q,TFS,2027-01-10 09:25:00,LS739,J,T924,232,0.87,INT,INT,C,0.8,2-T1,3.0,212-FRT
U2,319,LTN,2027-01-09 20:05:00,U2605,J,U2,32N,GVA,2027-01-09 21:15:00,U23291,J,T925,156,0.8,DOM,INT,C,1.0,4-T1,1.0,405-T1
U2,319,LTN,2027-01-09 21:35:00,U2605,J,U2,32N,GVA,2027-01-10 06:55:00,U23291,J,T925,156,0.8,DOM,INT,C,1.0,405-T1,3.0,4-T1
BA,32Q,LHR,2027-01-09 20:15:00,BA1460,J,BA,32Q,LHR,2027-01-09 21:25:00,BA1461,J,T927,220,0.72,DOM,DOM,C,0.5,2-T1,1.0,29-T1
BA,32Q,LHR,2027-01-09 21:45:00,BA1460,J,BA,32Q,LHR,2027-01-10 06:20:00,BA1461,J,T927,220,0.72,DOM,DOM,C,0.5,29-T1,3.0,2-T1
LS,32Q,INN,2027-01-09 20:20:00,LS788,J,LS,32Q,FUE,2027-01-10 08:30:00,LS737,J,T929,232,0.87,INT,INT,C,0.8,100-T1,1.0,20-T1
LS,32Q,INN,2027-01-10 08:50:00,LS788,J,LS,32Q,FUE,2027-01-10 10:00:00,LS737,J,T929,232,0.87,INT,INT,C,0.8,20-T1,3.0,100-T1
FR,73H,DUB,2027-01-09 20:30:00,FR816,J,FR,73H,TFS,2027-01-09 21:40:00,FR2980,J,T931,189,0.85,IRISH,INT,C,1.0,1A-T1,1.0,106-T1
FR,73H,DUB,2027-01-09 22:00:00,FR816,J,FR,73H,TFS,2027-01-10 06:05:00,FR2980,J,T931,189,0.85,IRISH,INT,C,1.0,106-T1,3.0,1A-T1
U2,32A,BFS,2027-01-09 21:05:00,U2334,J,U2,32A,FUE,2027-01-09 22:15:00,U23207,J,T936,186,0.8,NIRISH,INT,C,1.0,1-T1,1.0,103-T1
U2,32A,BFS,2027-01-09 22:35:00,U2334,J,U2,32A,FUE,2027-01-10 07:00:00,U23207,J,T936,186,0.8,NIRISH,INT,C,1.0,103-T1,3.0,1-T1
LS,73H,CMF,2027-01-09 21:20:00,LS3908,J,LS,73H,TRN,2027-01-09 22:30:00,LS719,J,T937,189,0.87,INT,INT,C,0.8,16A-T1,1.0,407-T1
LS,73H,CMF,2027-01-09 22:50:00,LS3908,J,LS,73H,TRN,2027-01-10 06:30:00,LS719,J,T937,189,0.87,INT,INT,C,0.8,407-T1,3.0,16A-T1
BA,32Q,LHR,2027-01-09 21:25:00,BA1464,J,BA,32Q,LHR,2027-01-09 22:35:00,BA1465,J,T938,220,0.72,DOM,DOM,C,0.5,16B-T1,1.0,313-T1
BA,32Q,LHR,2027-01-09 22:55:00,BA1464,J,BA,32Q,LHR,2027-01-10 05:55:00,BA1465,J,T938,220,0.72,DOM,DOM,C,0.5,313-T1,2.0,
BA,32Q,LHR,2027-01-10 06:15:00,BA1464,J,BA,32Q,LHR,2027-01-10 07:25:00,BA1465,J,T938,220,0.72,DOM,DOM,C,0.5,17-T1,3.0,313-T1
U2,32A,CDG,2027-01-09 21:45:00,U23244,J,U2,32N,INN,2027-01-09 22:55:00,U23307,J,T941,186,0.8,INT,INT,C,1.0,15A-T1,1.0,7-T1
U2,32A,CDG,2027-01-09 23:15:00,U23244,J,U2,32N,INN,2027-01-10 07:05:00,U23307,J,T941,186,0.8,INT,INT,C,1.0,7-T1,3.0,15A-T1
FR,7M8,MAD,2027-01-09 21:55:00,FR188,J,FR,7M8,DUB,2027-01-09 23:05:00,FR815,J,T942,197,0.85,INT,IRISH,C,1.0,22-T1,1.0,35-T1
FR,7M8,MAD,2027-01-09 23:25:00,FR188,J,FR,7M8,DUB,2027-01-10 06:00:00,FR815,J,T942,197,0.85,INT,IRISH,C,1.0,35-T1,3.0,22-T1
U2,32Q,TFS,2027-01-09 22:25:00,U23232,J,U2,32Q,KEF,2027-01-09 23:35:00,U23315,J,T946,235,0.8,INT,INT,C,1.0,15B-T1,1.0,317-T1
U2,32Q,TFS,2027-01-09 23:55:00,U23232,J,U2,32Q,KEF,2027-01-10 06:15:00,U23315,J,T946,235,0.8,INT,INT,C,1.0,317-T1,2.0,
U2,32Q,TFS,2027-01-10 06:35:00,U23232,J,U2,32Q,KEF,2027-01-10 07:45:00,U23315,J,T946,235,0.8,INT,INT,C,1.0,1B-T1,3.0,317-T1
U2,32N,AGA,2027-01-09 23:05:00,U23328,J,U2,32A,BFS,2027-01-10 00:15:00,U252,J,T948,186,0.8,INT,NIRISH,C,1.0,16A-T1,1.0,309-T1
U2,32N,AGA,2027-01-10 00:35:00,U23328,J,U2,32A,BFS,2027-01-10 07:10:00,U252,J,T948,186,0.8,INT,NIRISH,C,1.0,309-T1,2.0,
U2,32N,AGA,2027-01-10 07:30:00,U23328,J,U2,32A,BFS,2027-01-10 08:40:00,U252,J,T948,186,0.8,INT,NIRISH,C,1.0,6-T1,3.0,309-T1
KL,32Q,AMS,2027-01-09 23:10:00,KL933,J,KL,32Q,AMS,2027-01-10 00:20:00,KL922,J,T949,227,0.74,INT,INT,C,1.0,16B-T1,1.0,36-T1
KL,32Q,AMS,2027-01-10 00:40:00,KL933,J,KL,32Q,AMS,2027-01-10 05:40:00,KL922,J,T949,227,0.74,INT,INT,C,1.0,36-T1,3.0,16B-T1
LH,32N,FRA,2027-01-09 23:20:00,LH964,J,LH,32N,FRA,2027-01-10 00:30:00,LH965,J,T951,172,0.8,INT,INT,C,1.0,15A-T1,1.0,30-T1
LH,32N,FRA,2027-01-10 00:50:00,LH964,J,LH,32N,FRA,2027-01-10 06:10:00,LH965,J,T951,172,0.8,INT,INT,C,1.0,30-T1,3.0,15A-T1
U2,32A,LPA,2027-01-10 00:20:00,U23214,J,U2,32A,LTN,2027-01-10 01:30:00,U2303,J,T955,186,0.8,INT,DOM,C,1.0,15B-T1,1.0,211-FRT
U2,32A,LPA,2027-01-10 01:50:00,U23214,J,U2,32A,LTN,2027-01-10 08:30:00,U2303,J,T955,186,0.8,INT,DOM,C,1.0,211-FRT,2.0,
U2,32A,LPA,2027-01-10 08:50:00,U23214,J,U2,32A,LTN,2027-01-10 10:00:00,U2303,J,T955,186,0.8,INT,DOM,C,1.0,3-T1,3.0,211-FRT
RK,73H,RAK,2027-01-10 00:55:00,RK515,J,RK,73H,STN,2027-01-10 02:05:00,RK1274,J,T958,189,0.85,INT,DOM,C,1.0,15A-T1,1.0,308-T1
RK,73H,RAK,2027-01-10 02:25:00,RK515,J,RK,73H,STN,2027-01-10 06:00:00,RK1274,J,T958,189,0.85,INT,DOM,C,1.0,308-T1,2.0,
RK,73H,RAK,2027-01-10 06:20:00,RK515,J,RK,73H,STN,2027-01-10 07:30:00,RK1274,J,T958,189,0.85,INT,DOM,C,1.0,19-T1,3.0,308-T1
LS,73H,TRN,2027-01-10 12:40:00,LS720,J,LS,73H,AGP,2027-01-10 13:50:00,LS759,J,T1007,189,0.87,INT,INT,C,0.8,15A-T1,1.0,314-T1
LS,73H,TRN,2027-01-10 14:10:00,LS720,J,LS,73H,AGP,2027-01-11 13:05:00,LS759,J,T1007,189,0.87,INT,INT,C,0.8,314-T1,2.0,
LS,73H,TRN,2027-01-11 13:25:00,LS720,J,LS,73H,AGP,2027-01-11 14:35:00,LS759,J,T1007,189,0.87,INT,INT,C,0.8,16A-T1,3.0,314-T1
LS,32Q,ACE,2027-01-10 18:30:00,LS706,J,LS,32Q,TFS,2027-01-11 06:25:00,LS727,J,T1058,232,0.87,INT,INT,C,0.8,403-T1,1.0,1-T1
LS,32Q,ACE,2027-01-11 06:45:00,LS706,J,LS,32Q,TFS,2027-01-11 07:55:00,LS727,J,T1058,232,0.87,INT,INT,C,0.8,1-T1,3.0,403-T1
FR,7M8,BUD,2027-01-10 18:50:00,FR1018,J,FR,7M8,SNN,2027-01-10 20:00:00,FR1677,J,T1063,197,0.85,INT,IRISH,C,1.0,100-T1,1.0,15B-T1
FR,7M8,BUD,2027-01-10 20:20:00,FR1018,J,FR,7M8,SNN,2027-01-10 23:10:00,FR1677,J,T1063,197,0.85,INT,IRISH,C,1.0,15B-T1,3.0,100-T1
LS,32Q,TFS,2027-01-10 20:15:00,LS740,J,LS,32Q,LPA,2027-01-11 07:15:00,LS747,J,T1077,232,0.87,INT,INT,C,0.8,30-T1,1.0,4-T1
LS,32Q,TFS,2027-01-11 07:35:00,LS740,J,LS,32Q,LPA,2027-01-11 08:45:00,LS747,J,T1077,232,0.87,INT,INT,C,0.8,4-T1,3.0,30-T1
CJ,E90,LCY,2027-01-10 20:25:00,CJ8710,J,CJ,E90,LCY,2027-01-10 21:35:00,CJ8701,J,T1078,106,0.66,DOM,DOM,C,0.5,1-T1,1.0,310-T1
CJ,E90,LCY,2027-01-10 21:55:00,CJ8710,J,CJ,E90,LCY,2027-01-11 06:25:00,CJ8701,J,T1078,106,0.66,DOM,DOM,C,0.5,310-T1,3.0,1-T1
LS,32Q,FUE,2027-01-10 20:30:00,LS738,J,LS,32Q,FNC,2027-01-10 21:40:00,LS735,J,T1080,232,0.87,INT,INT,C,0.8,15A-T1,1.0,317A-T1
LS,32Q,FUE,2027-01-10 22:00:00,LS738,J,LS,32Q,FNC,2027-01-11 07:55:00,LS735,J,T1080,232,0.87,INT,INT,C,0.8,317A-T1,2.0,
LS,32Q,FUE,2027-01-11 08:15:00,LS738,J,LS,32Q,FNC,2027-01-11 09:25:00,LS735,J,T1080,232,0.87,INT,INT,C,0.8,1-T1,3.0,317A-T1
U2,32N,BRS,2027-01-10 20:50:00,U2215,J,U2,32A,GVA,2027-01-10 22:00:00,U23291,J,T1082,186,0.8,DOM,INT,C,1.0,1B-T1,1.0,103-T1
U2,32N,BRS,2027-01-10 22:20:00,U2215,J,U2,32A,GVA,2027-01-11 06:20:00,U23291,J,T1082,186,0.8,DOM,INT,C,1.0,103-T1,3.0,1B-T1
BA,32Q,LHR,2027-01-10 21:50:00,BA1462,J,BA,32Q,LHR,2027-01-10 23:00:00,BA1463,J,T1086,220,0.72,DOM,DOM,C,0.5,20-T1,1.0,404-T1
BA,32Q,LHR,2027-01-10 23:20:00,BA1462,J,BA,32Q,LHR,2027-01-11 06:05:00,BA1463,J,T1086,220,0.72,DOM,DOM,C,0.5,404-T1,3.0,20-T1
RK,73H,STN,2027-01-10 21:50:00,RK9823,J,RK,73H,STN,2027-01-10 23:00:00,RK1274,J,T1087,189,0.85,DOM,DOM,C,1.0,22-T1,1.0,212-FRT
RK,73H,STN,2027-01-10 23:20:00,RK9823,J,RK,73H,STN,2027-01-11 05:40:00,RK1274,J,T1087,189,0.85,DOM,DOM,C,1.0,212-FRT,2.0,
RK,73H,STN,2027-01-11 06:00:00,RK9823,J,RK,73H,STN,2027-01-11 07:10:00,RK1274,J,T1087,189,0.85,DOM,DOM,C,1.0,2-T1,3.0,212-FRT
BA,32Q,LHR,2027-01-10 22:45:00,BA1464,J,BA,32Q,LHR,2027-01-10 23:55:00,BA1465,J,T1096,220,0.72,DOM,DOM,C,0.5,15A-T1,1.0,316-T1
BA,32Q,LHR,2027-01-11 00:15:00,BA1464,J,BA,32Q,LHR,2027-01-11 06:25:00,BA1465,J,T1096,220,0.72,DOM,DOM,C,0.5,316-T1,2.0,
BA,32Q,LHR,2027-01-11 06:45:00,BA1464,J,BA,32Q,LHR,2027-01-11 07:55:00,BA1465,J,T1096,220,0.72,DOM,DOM,C,0.5,3-T1,3.0,316-T1
U2,32N,MAD,2027-01-10 22:50:00,U23210,J,U2,32N,LGW,2027-01-11 00:00:00,U2803,J,T1099,186,0.8,INT,DOM,C,1.0,17-T1,1.0,311-T1
U2,32N,MAD,2027-01-11 00:20:00,U23210,J,U2,32N,LGW,2027-01-11 06:45:00,U2803,J,T1099,186,0.8,INT,DOM,C,1.0,311-T1,2.0,
U2,32N,MAD,2027-01-11 07:05:00,U23210,J,U2,32N,LGW,2027-01-11 08:15:00,U2803,J,T1099,186,0.8,INT,DOM,C,1.0,6-T1,3.0,311-T1
U2,32A,BER,2027-01-10 23:00:00,U23262,J,U2,32Q,BRS,2027-01-11 08:25:00,U2212,J,T1101,186,0.8,INT,DOM,C,1.0,407-T1,1.0,2-T1
U2,32A,BER,2027-01-11 08:45:00,U23262,J,U2,32Q,BRS,2027-01-11 09:55:00,U2212,J,T1101,186,0.8,INT,DOM,C,1.0,2-T1,3.0,407-T1
LH,32N,FRA,2027-01-10 23:20:00,LH964,J,LH,32N,FRA,2027-01-11 00:30:00,LH965,J,T1105,172,0.8,INT,INT,C,1.0,20-T1,1.0,8-T1
LH,32N,FRA,2027-01-11 00:50:00,LH964,J,LH,32N,FRA,2027-01-11 06:10:00,LH965,J,T1105,172,0.8,INT,INT,C,1.0,8-T1,3.0,20-T1
FR,7M8,OTP,2027-01-11 00:20:00,FR5615,J,FR,7M8,OPO,2027-01-11 04:40:00,FR5679,J,T1106,197,0.85,INT,INT,C,1.0,15A-T1,1.0,100-T1
FR,7M8,OTP,2027-01-11 05:00:00,FR5615,J,FR,7M8,OPO,2027-01-11 06:10:00,FR5679,J,T1106,197,0.85,INT,INT,C,1.0,100-T1,3.0,15A-T1
RK,73H,WRO,2027-01-11 00:40:00,RK1158,J,RK,73H,BOH,2027-01-11 01:50:00,RK1133,J,T1108,189,0.85,INT,DOM,C,1.0,15B-T1,1.0,406-T1
RK,73H,WRO,2027-01-11 02:10:00,RK1158,J,RK,73H,BOH,2027-01-11 07:45:00,RK1133,J,T1108,189,0.85,INT,DOM,C,1.0,406-T1,3.0,15B-T1
