Arr_Operator,Arr_Aircraft_Type,Arr_Origin/Dest,Arr_Scheduled_Date,Arr_Flight_No,Arr_Flight_Type,Dep_Operator,Dep_Aircraft_Type,Dep_Origin/Dest,Dep_Scheduled_Date,Dep_Flight_No,Dep_Flight_Type,TurnID,seats,slf,DI_arr,DI_dep,ACcode,tow_pen,stand,leg,tow to/from
NPT,73K,EMA,2026-06-20 03:15:00,NPT5U,M,NPT,73K,EMA,2026-06-22 23:00:00,NPT4S,M,T0,0,0.0,DOM,DOM,C,1.0,312-T1,,
NPT,73K,EMA,2026-06-20 06:15:00,NPT7224,H,NPT,73K,EMA,2026-06-22 23:50:00,NPT5D,M,T1,0,0.0,DOM,DOM,C,1.0,317A-T1,,
LM,AT7,SOU,2026-06-20 16:40:00,LM324,J,LM,AT7,EXT,2026-06-21 12:05:00,LM315,J,T2,72,0.73,DOM,DOM,C,1.0,7-T1,,
LM,AT7,KOI,2026-06-20 16:45:00,LM392,J,LM,AT7,SYY,2026-06-21 12:35:00,LM343,J,T3,72,0.73,DOM,DOM,C,1.0,5-T1,,
LM,AT7,GCI,2026-06-20 20:45:00,LM348,J,LM,AT7,SOU,2026-06-21 12:45:00,LM325,J,T4,72,0.73,INT,DOM,C,1.0,1-T1,,
B6,32Q,BOS,2026-06-21 10:00:00,B61079,J,B6,32Q,JFK,2026-06-21 12:10:00,B672,J,T5,156,0.83,INT,INT,C,1.0,16A-T1,,
UA,75W,IAD,2026-06-21 10:35:00,UA978,J,UA,75W,IAD,2026-06-21 12:30:00,UA979,J,T6,176,0.84,INT,INT,D,1.0,10-T1,,
FR,7M8,KRK,2026-06-21 10:55:00,FR6625,J,FR,7M8,PRG,2026-06-21 12:20:00,FR1054,J,T7,197,0.9,INT,INT,C,1.0,15B-T1,,
FR,73H,BCN,2026-06-21 10:55:00,FR6267,J,FR,73H,WRO,2026-06-21 13:50:00,FR1159,J,T8,189,0.9,INT,INT,C,1.0,6-T1,,
FR,7M8,BIQ,2026-06-21 11:30:00,FR6015,J,FR,7M8,CRL,2026-06-21 12:50:00,FR7352,J,T9,197,0.9,INT,INT,C,1.0,3-T1,,
EI,AT7,DUB,2026-06-21 11:40:00,EI3252,J,EI,AT7,DUB,2026-06-21 12:20:00,EI3253,J,T10,72,0.81,IRISH,IRISH,C,1.0,1B-T1,,
DL,76W,ATL,2026-06-21 11:50:00,DL34,J,DL,76W,JFK,2026-06-21 14:05:00,DL209,J,T11,216,0.85,INT,INT,D,1.0,2-T1,,
SN,319,BRU,2026-06-21 11:50:00,SN2063,J,SN,319,BRU,2026-06-21 12:40:00,SN2064,J,T12,141,0.84,INT,INT,C,1.0,4-T1,,
XQ,73H,AYT,2026-06-21 11:55:00,XQ598,J,XQ,73H,AYT,2026-06-21 12:45:00,XQ599,J,T13,189,0.8,INT,INT,C,1.0,17-T1,,
FR,7M8,BUD,2026-06-21 12:00:00,FR1018,J,FR,7M8,NRN,2026-06-21 13:10:00,FR5687,J,T14,197,0.9,INT,INT,C,1.0,16B-T1,,
LH,320,FRA,2026-06-21 12:05:00,LH960,J,LH,320,FRA,2026-06-21 13:30:00,LH961,J,T15,168,0.91,INT,INT,C,1.0,1A-T1,,
U2,32A,GVA,2026-06-21 12:10:00,U23292,J,U2,32A,BFS,2026-06-21 12:40:00,U2325,J,T16,186,0.89,INT,NIRISH,C,1.0,14-T1,,
KL,73H,AMS,2026-06-21 12:20:00,KL927,J,KL,73H,AMS,2026-06-21 13:10:00,KL928,J,T17,186,0.83,INT,INT,C,1.0,15A-T1,,
FR,7M8,CIA,2026-06-21 12:40:00,FR5590,J,FR,7M8,CPH,2026-06-21 13:50:00,FR3760,J,T18,197,0.9,INT,INT,C,1.0,30-T1,,
U2,32A,KRK,2026-06-21 12:40:00,U23314,J,U2,32A,BRS,2026-06-21 13:15:00,U2214,J,T19,186,0.89,INT,DOM,C,1.0,1B-T1,,
U2,32A,BRS,2026-06-21 12:45:00,U2213,J,U2,32A,LGW,2026-06-21 13:30:00,U2811,J,T20,186,0.89,DOM,DOM,C,1.0,25-T1,,
FR,7M8,KUN,2026-06-21 12:45:00,FR2885,J,FR,7M8,DUB,2026-06-21 14:00:00,FR817,J,T21,197,0.9,INT,IRISH,C,1.0,16A-T1,,
U2,32N,BHX,2026-06-21 12:50:00,U2332,J,U2,32A,AMS,2026-06-21 13:50:00,U23301,J,T22,186,0.89,DOM,INT,C,1.0,24-T1,,
U2,32A,OLB,2026-06-21 12:55:00,U23312,J,U2,32A,BSL,2026-06-21 13:55:00,U23219,J,T23,186,0.89,INT,INT,C,1.0,15B-T1,,
LS,32Q,REU,2026-06-21 12:55:00,LS800,J,LS,32Q,AYT,2026-06-21 14:00:00,LS757,J,T24,232,0.92,INT,INT,C,0.8,10-T1,,
EI,AT7,DUB,2026-06-21 12:55:00,EI3254,J,EI,AT7,DUB,2026-06-21 13:25:00,EI3255,J,T25,72,0.81,IRISH,IRISH,C,1.0,8-T1,,
FR,7M8,DUB,2026-06-21 13:00:00,FR814,J,FR,7M8,TFS,2026-06-21 14:00:00,FR2980,J,T27,197,0.9,IRISH,INT,C,1.0,103-T1,,
PC,32Q,SAW,2026-06-21 13:05:00,PC1187,J,PC,32Q,SAW,2026-06-21 14:15:00,PC1188,J,T28,239,0.89,INT,INT,C,1.0,4-T1,,
FR,7M8,WMI,2026-06-21 13:10:00,FR4525,J,FR,7M8,RHO,2026-06-21 14:50:00,FR1674,J,T29,197,0.9,INT,INT,C,1.0,3-T1,,
BA,32N,LHR,2026-06-21 13:10:00,BA1444,J,BA,32N,LHR,2026-06-21 14:00:00,BA1445,J,T30,180,0.89,DOM,DOM,C,0.5,9-T1,,
FI,7M8,KEF,2026-06-21 13:20:00,FI434,J,FI,7M8,KEF,2026-06-21 14:15:00,FI435,J,T31,160,0.86,INT,INT,C,1.0,14-T1,,
U2,319,LGW,2026-06-21 13:20:00,U2815,J,U2,32N,TFS,2026-06-21 14:25:00,U23201,J,T32,156,0.89,DOM,INT,C,1.0,7-T1,,
LS,73H,ALC,2026-06-21 13:20:00,LS776,J,LS,73H,BOJ,2026-06-21 14:25:00,LS729,J,T33,189,0.92,INT,INT,C,0.8,28-T1,,
U2,32A,NCE,2026-06-21 13:20:00,U23246,J,U2,32N,ACE,2026-06-21 14:25:00,U23203,J,T34,186,0.89,INT,INT,C,1.0,11-T1,,
LS,73H,GRO,2026-06-21 13:25:00,LS3902,J,LS,73H,ACE,2026-06-21 14:30:00,LS705,J,T35,189,0.92,INT,INT,C,0.8,1-T1,,
EI,AT7,BHD,2026-06-21 13:35:00,EI3652,J,EI,AT7,BHD,2026-06-21 14:05:00,EI3653,J,T36,72,0.81,NIRISH,NIRISH,C,1.0,5-T1,,
LS,32Q,PMI,2026-06-21 13:35:00,LS718,J,LS,32Q,PFO,2026-06-21 14:35:00,LS797,J,T37,232,0.92,INT,INT,C,0.8,15A-T1,,
U2,32N,NAP,2026-06-21 13:35:00,U23274,J,U2,319,LGW,2026-06-21 14:30:00,U2816,J,T38,186,0.89,INT,DOM,C,1.0,16B-T1,,
QR,789,DOH,2026-06-21 13:40:00,QR29,J,QR,789,DOH,2026-06-21 15:10:00,QR30,J,T39,311,0.87,INT,INT,E,1.0,18-T1,,
FR,7M8,SOF,2026-06-21 13:50:00,FR5161,J,FR,7M8,LIS,2026-06-21 17:05:00,FR479,J,T40,197,0.9,INT,INT,C,1.0,1B-T1,,
U2,32A,MAD,2026-06-21 13:55:00,U23210,J,U2,32A,LIS,2026-06-21 14:50:00,U23321,J,T41,186,0.89,INT,INT,C,1.0,1A-T1,,
BA,E90,PMI,2026-06-21 14:00:00,BA4514,C,BA,E90,LCY,2026-06-21 15:00:00,BA8703,J,T42,106,0.89,INT,DOM,C,0.5,8-T1,,
U2,32A,CPH,2026-06-21 14:15:00,U23324,J,U2,32A,CFU,2026-06-21 14:50:00,U23233,J,T43,186,0.89,INT,INT,C,1.0,15B-T1,,
EC,32A,LIN,2026-06-21 14:25:00,EC5421,J,EC,32A,LIN,2026-06-21 14:55:00,EC5422,J,T44,174,0.88,INT,INT,C,1.0,16A-T1,,
D8,7M8,CPH,2026-06-21 14:30:00,D83502,J,D8,7M8,CPH,2026-06-21 15:10:00,D83503,J,T45,189,0.86,INT,INT,C,1.0,6-T1,,
LS,32Q,FAO,2026-06-21 14:30:00,LS770,J,LS,32Q,TFS,2026-06-21 15:30:00,LS739,J,T46,232,0.92,INT,INT,C,0.8,10-T1,,
LS,73H,PVK,2026-06-21 14:50:00,LS762,J,LS,73H,AGP,2026-06-21 15:50:00,LS759,J,T47,189,0.92,INT,INT,C,0.8,16B-T1,,
U2,32A,BFS,2026-06-21 14:55:00,U2326,J,U2,32A,BHD,2026-06-21 15:35:00,U2321,J,T48,186,0.89,NIRISH,NIRISH,C,1.0,4-T1,,
SK,32N,ARN,2026-06-21 15:00:00,SK2541,J,SK,32N,ARN,2026-06-21 15:45:00,SK2542,J,T49,180,0.88,INT,INT,C,1.0,14-T1,,
RK,73H,STN,2026-06-21 15:00:00,RK8605,J,RK,73H,STN,2026-06-21 15:25:00,RK8604,J,T50,189,0.86,DOM,DOM,C,1.0,2-T1,,
EI,AT7,DUB,2026-06-21 15:00:00,EI3256,J,EI,AT7,DUB,2026-06-21 15:30:00,EI3257,J,T51,72,0.81,IRISH,IRISH,C,1.0,1-T1,,
LS,73H,DBV,2026-06-21 15:05:00,LS792,J,LS,73H,MLA,2026-06-21 16:40:00,LS3921,J,T52,189,0.92,INT,INT,C,0.8,9-T1,,
U2,32A,STN,2026-06-21 15:05:00,U2312,J,U2,32A,BRS,2026-06-21 15:40:00,U2319,J,T53,186,0.89,DOM,DOM,C,1.0,24-T1,,
DY,73H,OSL,2026-06-21 15:05:00,DY1354,J,DY,73H,OSL,2026-06-21 15:45:00,DY1355,J,T54,186,0.78,INT,INT,C,1.0,15A-T1,,
U2,32A,BRS,2026-06-21 15:10:00,U2320,J,U2,32A,CDG,2026-06-21 15:55:00,U23243,J,T55,186,0.89,DOM,INT,C,1.0,1A-T1,,
DY,73H,BGO,2026-06-21 15:20:00,DY1358,J,DY,73H,BGO,2026-06-21 16:00:00,DY1359,J,T56,186,0.78,INT,INT,C,1.0,16A-T1,,
EW,32A,CGN,2026-06-21 15:40:00,EW362,J,EW,32A,CGN,2026-06-21 16:20:00,EW363,J,T57,180,0.88,INT,INT,C,1.0,15B-T1,,
RK,73H,RAK,2026-06-21 15:40:00,RK515,J,RK,73H,BOH,2026-06-21 16:30:00,RK1133,J,T58,189,0.86,INT,DOM,C,1.0,17-T1,,
TK,32Q,IST,2026-06-21 15:55:00,TK1345,J,TK,32Q,IST,2026-06-21 16:55:00,TK1346,J,T60,190,0.87,INT,INT,C,1.0,10-T1,,
U2,32A,RAK,2026-06-21 16:05:00,U23332,J,U2,32A,BHX,2026-06-21 16:45:00,U2333,J,T61,186,0.89,INT,DOM,C,1.0,15A-T1,,
KL,32Q,AMS,2026-06-21 16:10:00,KL931,J,KL,32Q,AMS,2026-06-21 17:05:00,KL932,J,T62,227,0.83,INT,INT,C,1.0,16B-T1,,
LM,AT7,EXT,2026-06-21 16:15:00,LM316,J,LM,AT7,LSI,2026-06-21 16:45:00,LM357,J,T63,72,0.73,DOM,DOM,C,1.0,8-T1,,
EI,AT7,BHD,2026-06-21 16:20:00,EI3656,J,EI,AT7,BHD,2026-06-21 16:50:00,EI3657,J,T64,72,0.81,NIRISH,NIRISH,C,1.0,4-T1,,
BA,319,LHR,2026-06-21 16:20:00,BA1454,J,BA,319,LHR,2026-06-21 17:10:00,BA1455,J,T65,144,0.89,DOM,DOM,C,0.5,3-T1,,
LH,321,MUC,2026-06-21 16:25:00,LH2524,J,LH,321,MUC,2026-06-21 17:10:00,LH2525,J,T66,195,0.91,INT,INT,C,1.0,16A-T1,,
AF,223,CDG,2026-06-21 16:30:00,AF1486,J,AF,223,CDG,2026-06-21 17:25:00,AF1487,J,T67,148,0.84,INT,INT,C,1.0,2-T1,,
FR,7M8,BGY,2026-06-21 16:30:00,FR3645,J,FR,7M8,RIX,2026-06-21 17:10:00,FR3170,J,T68,197,0.9,INT,INT,C,1.0,14-T1,,
FR,7M8,DUB,2026-06-21 16:35:00,FR816,J,FR,7M8,SNN,2026-06-21 17:25:00,FR1677,J,T69,197,0.9,IRISH,IRISH,C,1.0,1A-T1,,
LM,AT7,SOU,2026-06-21 16:45:00,LM326,J,LM,AT7,KOI,2026-06-21 17:20:00,LM397,J,T70,72,0.73,DOM,DOM,C,1.0,5-T1,,
FR,7M8,CRL,2026-06-21 16:45:00,FR7353,J,FR,7M8,OTP,2026-06-21 17:25:00,FR5614,J,T71,197,0.9,INT,INT,C,1.0,15B-T1,,
FR,7M8,NRN,2026-06-21 16:50:00,FR5688,J,FR,7M8,PMI,2026-06-21 17:40:00,FR6656,J,T72,197,0.9,INT,INT,C,1.0,17-T1,,
U2,32A,BRS,2026-06-21 17:00:00,U2217,J,U2,32A,BRS,2026-06-21 17:30:00,U2218,J,T73,186,0.89,DOM,DOM,C,1.0,9-T1,,
FR,7M8,SNN,2026-06-21 17:00:00,FR1676,J,FR,7M8,NTE,2026-06-21 17:45:00,FR1051,J,T74,197,0.9,IRISH,INT,C,1.0,1-T1,,
LH,32Q,FRA,2026-06-21 17:05:00,LH962,J,LH,32Q,FRA,2026-06-21 18:10:00,LH963,J,T75,204,0.91,INT,INT,C,1.0,15A-T1,,
U2,319,LTN,2026-06-21 17:10:00,U2605,J,U2,319,LTN,2026-06-21 17:40:00,U2606,J,T76,156,0.89,DOM,DOM,C,1.0,7-T1,,
U2,32A,LGW,2026-06-21 17:15:00,U2812,J,U2,32A,LYS,2026-06-21 17:45:00,U23249,J,T77,186,0.89,DOM,INT,C,1.0,6-T1,,
BA,320,LHR,2026-06-21 17:20:00,BA1456,J,BA,320,LHR,2026-06-21 18:10:00,BA1457,J,T78,180,0.89,DOM,DOM,C,0.5,4-T1,,
RK,73H,VCE,2026-06-21 17:20:00,RK1653,J,RK,73H,BFS,2026-06-21 18:10:00,RK179,J,T79,189,0.86,INT,NIRISH,C,1.0,11-T1,,
FR,7M8,PRG,2026-06-21 17:20:00,FR1053,J,FR,7M8,MRS,2026-06-21 18:35:00,FR1287,J,T80,197,0.9,INT,INT,C,1.0,10-T1,,
U2,32A,AMS,2026-06-21 17:25:00,U23302,J,U2,32A,BER,2026-06-21 18:00:00,U23261,J,T81,186,0.89,INT,INT,C,1.0,16B-T1,,
U2,32A,BHD,2026-06-21 17:50:00,U2322,J,U2,32A,AMS,2026-06-21 18:20:00,U23303,J,T82,186,0.89,NIRISH,INT,C,1.0,1A-T1,,
LM,AT7,SYY,2026-06-21 17:50:00,LM344,J,LM,AT7,SOU,2026-06-21 18:30:00,LM329,J,T83,72,0.73,DOM,DOM,C,1.0,5-T1,,
EC,319,BCN,2026-06-21 18:10:00,EC7115,J,EC,319,BCN,2026-06-21 19:00:00,EC7116,J,T84,156,0.88,INT,INT,C,1.0,8-T1,,
WK,32A,ZRH,2026-06-21 18:10:00,WK290,J,WK,32A,ZRH,2026-06-21 19:10:00,WK291,J,T85,174,0.61,INT,INT,C,1.0,14-T1,,
FR,7M8,CPH,2026-06-21 18:10:00,FR3759,J,FR,7M8,DUB,2026-06-21 23:55:00,FR819,J,T86,197,0.9,INT,IRISH,C,1.0,9-T1,,
XQ,7M8,DLM,2026-06-21 18:25:00,XQ3688,J,XQ,7M8,DLM,2026-06-21 19:20:00,XQ3689,J,T87,189,0.8,INT,INT,C,1.0,17-T1,,
SK,32N,CPH,2026-06-21 18:25:00,SK2513,J,SK,32N,CPH,2026-06-21 19:10:00,SK2514,J,T88,180,0.88,INT,INT,C,1.0,15B-T1,,
EW,32A,DUS,2026-06-21 18:35:00,EW9364,J,EW,32A,DUS,2026-06-21 19:15:00,EW9365,J,T89,180,0.88,INT,INT,C,1.0,11-T1,,
FR,320,VIE,2026-06-21 18:45:00,FR1624,J,FR,320,VIE,2026-06-21 19:20:00,FR1625,J,T90,180,0.9,INT,INT,C,1.0,1B-T1,,
U2,319,BFS,2026-06-21 18:50:00,U257,J,U2,319,BFS,2026-06-21 19:30:00,U258,J,T91,156,0.89,NIRISH,NIRISH,C,1.0,7-T1,,
EC,32A,CDG,2026-06-21 18:50:00,EC4679,J,EC,32A,CDG,2026-06-21 19:30:00,EC4680,J,T92,186,0.88,INT,INT,C,1.0,1-T1,,
BA,32N,LHR,2026-06-21 18:50:00,BA1458,J,BA,32N,LHR,2026-06-21 19:40:00,BA1459,J,T93,180,0.89,DOM,DOM,C,0.5,3-T1,,
EC,319,ALC,2026-06-21 19:00:00,EC5553,J,EC,319,ALC,2026-06-21 19:35:00,EC5554,J,T94,156,0.88,INT,INT,C,1.0,16B-T1,,
U2,32A,BSL,2026-06-21 19:00:00,U23220,J,U2,32A,STN,2026-06-21 19:30:00,U2313,J,T95,186,0.89,INT,DOM,C,1.0,16A-T1,,
TO,73H,ORY,2026-06-21 19:05:00,TO7928,J,TO,73H,ORY,2026-06-21 19:50:00,TO7929,J,T96,189,0.85,INT,INT,C,1.0,15A-T1,,
EI,AT7,DUB,2026-06-21 19:05:00,EI3556,J,EI,AT7,DUB,2026-06-21 19:40:00,EI3557,J,T97,72,0.81,IRISH,IRISH,C,1.0,1A-T1,,
FR,73H,WRO,2026-06-21 19:10:00,FR1158,J,FR,73H,MAD,2026-06-21 20:10:00,FR189,J,T98,189,0.9,INT,INT,C,1.0,24-T1,,
EI,AT7,BHD,2026-06-21 19:25:00,EI3658,J,EI,AT7,BHD,2026-06-21 19:55:00,EI3659,J,T99,72,0.81,NIRISH,NIRISH,C,1.0,2-T1,,
U2,32A,BHX,2026-06-21 19:30:00,U2334,J,U2,32A,BHX,2026-06-21 20:20:00,U2335,J,T100,186,0.89,DOM,DOM,C,1.0,6-T1,,
EC,32Q,MXP,2026-06-21 19:35:00,EC3833,J,EC,32Q,MXP,2026-06-21 20:15:00,EC3834,J,T101,235,0.88,INT,INT,C,1.0,15B-T1,,
BA,319,LHR,2026-06-21 19:35:00,BA1460,J,BA,319,LHR,2026-06-21 20:25:00,BA1461,J,T102,144,0.89,DOM,DOM,C,0.5,4-T1,,
RK,73H,BOH,2026-06-21 19:45:00,RK1132,J,RK,73H,STN,2026-06-21 20:10:00,RK1274,J,T103,189,0.86,DOM,DOM,C,1.0,1B-T1,,
FR,73H,MAD,2026-06-21 19:45:00,FR188,J,FR,73H,DUB,2026-06-21 21:45:00,FR813,J,T104,189,0.9,INT,IRISH,C,1.0,14-T1,,
EI,AT7,DUB,2026-06-21 19:50:00,EI3258,J,EI,AT7,DUB,2026-06-21 20:30:00,EI3259,J,T105,72,0.81,IRISH,IRISH,C,1.0,1-T1,,
D8,7M8,ARN,2026-06-21 19:50:00,D84463,J,D8,7M8,ARN,2026-06-21 20:30:00,D84464,J,T106,189,0.86,INT,INT,C,1.0,10-T1,,
D8,7M8,CPH,2026-06-21 19:55:00,D83504,J,D8,7M8,CPH,2026-06-21 20:35:00,D83505,J,T107,189,0.86,INT,INT,C,1.0,16B-T1,,
U2,319,LGW,2026-06-21 20:00:00,U2813,J,U2,319,LGW,2026-06-21 20:30:00,U2814,J,T108,156,0.89,DOM,DOM,C,1.0,8-T1,,
EK,359,DXB,2026-06-21 20:05:00,EK23,J,EK,359,DXB,2026-06-21 22:00:00,EK24,J,T109,312,0.93,INT,INT,E,1.0,18-T1,,
U2,32A,CDG,2026-06-21 20:10:00,U23244,J,U2,32A,BFS,2026-06-21 20:40:00,U2329,J,T110,186,0.89,INT,NIRISH,C,1.0,15A-T1,,
LM,AT7,KOI,2026-06-21 20:10:00,LM398,J,LM,AT7,LSI,2026-06-22 06:50:00,LM353,J,T111,72,0.73,DOM,DOM,C,1.0,32-T1,,
RK,73H,BFS,2026-06-21 20:20:00,RK178,J,RK,73H,CPH,2026-06-21 20:45:00,RK6924,J,T113,189,0.86,NIRISH,INT,C,1.0,1A-T1,,
BA,319,LHR,2026-06-21 20:25:00,BA1462,J,BA,319,LHR,2026-06-21 21:15:00,BA1463,J,T114,144,0.89,DOM,DOM,C,0.5,3-T1,,
VY,321,BCN,2026-06-21 20:25:00,VY7846,J,VY,321,BCN,2026-06-21 21:25:00,VY7847,J,T115,220,0.84,INT,INT,C,1.0,16A-T1,,
DY,7M8,OSL,2026-06-21 20:30:00,DY1356,J,DY,7M8,OSL,2026-06-21 21:10:00,DY1357,J,T116,189,0.78,INT,INT,C,1.0,11-T1,,
U2,319,LGW,2026-06-21 20:40:00,U2805,J,U2,32N,LTN,2026-06-21 21:15:00,U2604,J,T117,156,0.89,DOM,DOM,C,1.0,24-T1,,
U2,32N,LTN,2026-06-21 20:45:00,U2603,J,U2,32A,LGW,2026-06-21 21:15:00,U2806,J,T118,186,0.89,DOM,DOM,C,1.0,1B-T1,,
AF,223,CDG,2026-06-21 20:55:00,AF1886,J,AF,223,CDG,2026-06-22 05:40:00,AF1887,J,T119,148,0.84,INT,INT,C,1.0,16B-T1,,
BA,E90,LCY,2026-06-21 21:20:00,BA8718,J,BA,E90,LCY,2026-06-22 06:20:00,BA8701,J,T121,106,0.89,DOM,DOM,C,0.5,5-T1,,
U2,32N,BRS,2026-06-21 21:40:00,U2219,J,U2,32N,BRS,2026-06-21 22:10:00,U2220,J,T122,186,0.89,DOM,DOM,C,1.0,24-T1,,
BA,E90,LCY,2026-06-21 21:45:00,BA8714,J,BA,E90,LCY,2026-06-22 07:00:00,BA8711,J,T123,106,0.89,DOM,DOM,C,0.5,7-T1,,
U2,32A,AMS,2026-06-21 21:50:00,U23304,J,U2,32A,LGW,2026-06-22 05:40:00,U2807,J,T124,186,0.89,INT,DOM,C,1.0,3-T1,,
FR,7M8,NTE,2026-06-21 21:55:00,FR1052,J,FR,7M8,ACE,2026-06-22 05:40:00,FR5593,J,T125,197,0.9,INT,INT,C,1.0,1A-T1,,
LM,AT7,SOU,2026-06-21 22:30:00,LM328,J,LM,AT7,KOI,2026-06-22 07:00:00,LM391,J,T128,72,0.73,DOM,DOM,C,1.0,8-T1,,
U2,32A,STN,2026-06-21 22:35:00,U2314,J,U2,32A,PRG,2026-06-22 06:05:00,U23325,J,T129,186,0.89,DOM,INT,C,1.0,6-T1,,
FR,73H,ORK,2026-06-21 22:40:00,FR3731,J,FR,73H,ZAD,2026-06-22 06:25:00,FR9286,J,T130,189,0.9,IRISH,INT,C,1.0,1B-T1,,
U2,32A,LYS,2026-06-21 22:45:00,U23250,J,U2,32A,LDY,2026-06-22 06:15:00,U2317,J,T132,186,0.89,INT,DOM,C,1.0,4-T1,,
U2,32A,BER,2026-06-21 22:55:00,U23262,J,U2,32A,BFS,2026-06-22 06:40:00,U2323,J,T133,186,0.89,INT,NIRISH,C,1.0,2-T1,,
FR,7M8,RIX,2026-06-21 23:00:00,FR3171,J,FR,7M8,MLA,2026-06-22 06:05:00,FR6695,J,T136,197,0.9,INT,INT,C,1.0,17-T1,,
BA,32N,LHR,2026-06-21 23:00:00,BA1466,J,BA,32N,LHR,2026-06-22 07:00:00,BA1467,J,T137,180,0.89,DOM,DOM,C,0.5,25-T1,,
LS,73H,BOJ,2026-06-21 23:00:00,LS730,J,LS,73H,DLM,2026-06-22 06:15:00,LS711,J,T138,189,0.92,INT,INT,C,0.8,100-T1,,
U2,32A,BHX,2026-06-21 23:05:00,U2336,J,U2,32A,LTN,2026-06-22 07:00:00,U2301,J,T139,186,0.89,DOM,DOM,C,1.0,24-T1,,
RK,73H,STN,2026-06-21 23:20:00,RK1273,J,RK,73H,STN,2026-06-22 06:10:00,RK597,J,T141,189,0.86,DOM,DOM,C,1.0,102-T1,,
U2,32A,CFU,2026-06-21 23:25:00,U23234,J,U2,32N,VCE,2026-06-22 07:05:00,U23271,J,T142,186,0.89,INT,INT,C,1.0,27-T1,,
FR,7M8,DUB,2026-06-21 23:30:00,FR818,J,FR,7M8,PSA,2026-06-22 06:15:00,FR3264,J,T143,197,0.9,IRISH,INT,C,1.0,1-T1,,
FR,7M8,LIS,2026-06-21 23:55:00,FR478,J,FR,7M8,FAO,2026-06-22 06:35:00,FR5667,J,T145,197,0.9,INT,INT,C,1.0,15B-T1,,
FR,7M8,MRS,2026-06-21 23:55:00,FR1286,J,FR,7M8,BCN,2026-06-22 06:20:00,FR6266,J,T146,197,0.9,INT,INT,C,1.0,33-T1,,
FR,7M8,TFS,2026-06-22 00:00:00,FR2981,J,FR,7M8,PMO,2026-06-22 07:40:00,FR3425,J,T147,197,0.9,INT,INT,C,1.0,103-T1,,
FR,7M8,PMI,2026-06-22 00:15:00,FR6657,J,FR,7M8,FUE,2026-06-22 07:50:00,FR5683,J,T148,197,0.9,INT,INT,C,1.0,11-T1,,
U2,32N,ACE,2026-06-22 00:20:00,U23204,J,U2,32A,JER,2026-06-22 07:05:00,U2305,J,T149,186,0.89,INT,INT,C,1.0,29-T1,,
LS,32Q,AYT,2026-06-22 00:45:00,LS758,J,LS,32Q,ZTH,2026-06-22 05:40:00,LS731,J,T153,232,0.92,INT,INT,C,0.8,16A-T1,,
FR,7M8,RHO,2026-06-22 00:50:00,FR1675,J,FR,7M8,BER,2026-06-22 08:15:00,FR2376,J,T154,197,0.9,INT,INT,C,1.0,104-T1,,
FR,7M8,OTP,2026-06-22 01:10:00,FR5615,J,FR,7M8,KRK,2026-06-22 09:35:00,FR6624,J,T155,197,0.9,INT,INT,C,1.0,31-T1,,
LS,73H,MLA,2026-06-22 01:15:00,LS3922,J,LS,73H,FCO,2026-06-22 07:30:00,LS3915,J,T156,189,0.92,INT,INT,C,0.8,10-T1,,
RK,73H,CPH,2026-06-22 01:15:00,RK6925,J,RK,73H,BFS,2026-06-22 08:00:00,RK5969,J,T157,189,0.86,INT,NIRISH,C,1.0,106-T1,,
LS,32Q,PFO,2026-06-22 02:00:00,LS798,J,LS,32Q,AGP,2026-06-22 06:30:00,LS759,J,T158,232,0.92,INT,INT,C,0.8,14-T1,,
LS,32Q,TFS,2026-06-22 02:05:00,LS740,J,LS,32Q,FAO,2026-06-22 06:45:00,LS769,J,T159,232,0.92,INT,INT,C,0.8,15A-T1,,
D0,75C,LEJ,2026-06-22 04:30:00,D02134,F,D0,75C,LEJ,2026-06-22 20:10:00,D02135,F,T160,0,0.0,INT,INT,D,1.0,212-FRT,,
MUK,76X,EMA,2026-06-22 05:25:00,MUK6566,F,MUK,76X,EMA,2026-06-22 20:10:00,MUK6565,F,T161,0,0.0,DOM,DOM,D,1.0,210-FRT,,
QR,789,DOH,2026-06-22 06:25:00,QR31,J,QR,789,DOH,2026-06-22 07:55:00,QR32,J,T162,311,0.87,INT,INT,E,1.0,16-T1,,
TO,73H,ORY,2026-06-22 06:55:00,TO7928,J,TO,73H,ORY,2026-06-22 07:40:00,TO7929,J,T163,189,0.85,INT,INT,C,1.0,14-T1,,
HU,333,PEK,2026-06-22 07:00:00,HU407,J,HU,333,PEK,2026-06-22 12:00:00,HU408,J,T164,292,0.73,INT,INT,E,1.0,18-T1,,
DL,76W,BOS,2026-06-22 07:05:00,DL122,J,DL,76W,ATL,2026-06-22 09:00:00,DL35,J,T165,216,0.85,INT,INT,D,1.0,2-T1,,
AC,789,YYZ,2026-06-22 07:20:00,AC806,J,AC,789,YYZ,2026-06-22 09:00:00,AC807,J,T166,298,0.85,INT,INT,E,1.0,4A-T1,,
RK,73H,BFS,2026-06-22 07:25:00,RK5968,J,RK,73H,NQY,2026-06-22 09:45:00,RK9361,J,T167,189,0.86,NIRISH,DOM,C,1.0,24-T1,,
FR,73H,DUB,2026-06-22 07:25:00,FR808,J,FR,73H,BLQ,2026-06-22 08:15:00,FR2453,J,T168,189,0.9,IRISH,INT,C,1.0,1B-T1,,
AA,788,PHL,2026-06-22 07:30:00,AA278,J,AA,788,PHL,2026-06-22 11:25:00,AA279,J,T169,234,0.89,INT,INT,E,1.0,15-T1,,
BA,319,LHR,2026-06-22 07:40:00,BA1436,J,BA,319,LHR,2026-06-22 09:00:00,BA1437,J,T170,144,0.89,DOM,DOM,C,0.5,7-T1,,
AY,E90,HEL,2026-06-22 07:40:00,AY1371,J,AY,E90,HEL,2026-06-22 08:25:00,AY1372,J,T171,100,0.93,INT,INT,C,1.0,1A-T1,,
U2,32A,LGW,2026-06-22 07:40:00,U2829,J,U2,32A,LGW,2026-06-22 08:15:00,U2830,J,T172,186,0.89,DOM,DOM,C,1.0,25-T1,,
FR,73H,BLQ,2026-06-22 07:50:00,FR2454,J,FR,73H,CRL,2026-06-22 09:10:00,FR7322,J,T173,189,0.9,INT,INT,C,1.0,1-T1,,
EI,AT7,BHD,2026-06-22 07:55:00,EI3650,J,EI,AT7,BHD,2026-06-22 08:25:00,EI3651,J,T174,72,0.81,NIRISH,NIRISH,C,1.0,9-T1,,
EI,AT7,DUB,2026-06-22 08:00:00,EI3250,J,EI,AT7,DUB,2026-06-22 08:35:00,EI3251,J,T175,72,0.81,IRISH,IRISH,C,1.0,8-T1,,
UA,75W,EWR,2026-06-22 08:05:00,UA36,J,UA,75W,EWR,2026-06-22 09:40:00,UA37,J,T176,176,0.84,INT,INT,D,1.0,10-T1,,
U2,32N,BRS,2026-06-22 08:20:00,U2213,J,U2,32N,BRS,2026-06-22 09:00:00,U2214,J,T177,186,0.89,DOM,DOM,C,1.0,16B-T1,,
UA,75W,ORD,2026-06-22 08:25:00,UA118,J,UA,75W,ORD,2026-06-22 11:30:00,UA119,J,T178,176,0.84,INT,INT,D,1.0,6-T1,,
KL,73W,AMS,2026-06-22 08:30:00,KL923,J,KL,73W,AMS,2026-06-22 09:15:00,KL924,J,T179,142,0.83,INT,INT,C,1.0,11-T1,,
EI,AT7,DUB,2026-06-22 08:30:00,EI3552,J,EI,AT7,DUB,2026-06-22 09:15:00,EI3553,J,T180,72,0.81,IRISH,IRISH,C,1.0,32-T1,,
AA,32X,JFK,2026-06-22 08:30:00,AA82,J,AA,32X,JFK,2026-06-22 10:30:00,AA83,J,T181,155,0.89,INT,INT,C,1.0,103-T1,,
U2,32A,LDY,2026-06-22 08:30:00,U2318,J,U2,32A,AMS,2026-06-22 09:00:00,U23301,J,T182,186,0.89,DOM,INT,C,1.0,16A-T1,,
A3,32N,ATH,2026-06-22 08:30:00,A3632,J,A3,32N,ATH,2026-06-22 09:20:00,A3633,J,T183,180,0.91,INT,INT,C,1.0,14-T1,,
FR,73H,CRL,2026-06-22 08:40:00,FR7323,J,FR,73H,DUB,2026-06-22 10:30:00,FR813,J,T184,189,0.9,INT,IRISH,C,1.0,27-T1,,
WK,320,ZRH,2026-06-22 08:45:00,WK292,J,WK,320,ZRH,2026-06-22 09:30:00,WK293,J,T185,180,0.61,INT,INT,C,1.0,1A-T1,,
FR,7M8,OPO,2026-06-22 08:50:00,FR5680,J,FR,7M8,OPO,2026-06-22 09:40:00,FR5679,J,T186,197,0.9,INT,INT,C,1.0,1B-T1,,
U2,32A,BFS,2026-06-22 08:55:00,U2324,J,U2,32A,CDG,2026-06-22 09:25:00,U23241,J,T187,186,0.89,NIRISH,INT,C,1.0,25-T1,,
BA,32N,LHR,2026-06-22 09:00:00,BA1438,J,BA,32N,LHR,2026-06-22 10:05:00,BA1439,J,T188,180,0.89,DOM,DOM,C,0.5,9-T1,,
EI,AT7,DUB,2026-06-22 09:05:00,EI3550,J,EI,AT7,DUB,2026-06-22 09:40:00,EI3551,J,T189,72,0.81,IRISH,IRISH,C,1.0,8-T1,,
B6,32Q,JFK,2026-06-22 09:20:00,B673,J,B6,32Q,BOS,2026-06-22 11:30:00,B61080,J,T191,156,0.83,INT,INT,C,1.0,102-T1,,
RK,73H,STN,2026-06-22 09:20:00,RK596,J,RK,73H,STN,2026-06-22 13:55:00,RK1274,J,T192,189,0.86,DOM,DOM,C,1.0,29-T1,,
DL,76W,JFK,2026-06-22 09:20:00,DL208,J,DL,76W,BOS,2026-06-22 11:20:00,DL123,J,T193,216,0.85,INT,INT,D,1.0,2-T1,,
U2,32N,STN,2026-06-22 09:25:00,U2308,J,U2,32A,STN,2026-06-22 09:55:00,U2311,J,T194,186,0.89,DOM,DOM,C,1.0,4-T1,,
U2,32Q,LGW,2026-06-22 09:40:00,U2808,J,U2,32A,BCN,2026-06-22 10:25:00,U23215,J,T195,235,0.89,DOM,INT,C,1.0,1-T1,,
TK,32Q,IST,2026-06-22 09:40:00,TK1343,J,TK,32Q,IST,2026-06-22 10:40:00,TK1344,J,T196,190,0.87,INT,INT,C,1.0,3-T1,,
WS,789,YYC,2026-06-22 09:50:00,WS20,J,WS,789,YYC,2026-06-22 11:50:00,WS21,J,T197,320,0.89,INT,INT,E,1.0,16-T1,,
LM,AT7,KOI,2026-06-22 09:50:00,LM392,J,LM,AT7,SOU,2026-06-22 13:00:00,LM325,J,T198,72,0.73,DOM,DOM,C,1.0,5-T1,,
BA,E90,LCY,2026-06-22 09:55:00,BA8702,J,BA,E90,LCY,2026-06-22 10:35:00,BA8715,J,T199,106,0.89,DOM,DOM,C,0.5,7-T1,,
VY,320,BCN,2026-06-22 09:55:00,VY7846,J,VY,320,BCN,2026-06-22 10:35:00,VY7847,J,T200,180,0.84,INT,INT,C,1.0,1A-T1,,
B6,32Q,BOS,2026-06-22 10:00:00,B61079,J,B6,32Q,JFK,2026-06-22 12:10:00,B672,J,T201,156,0.83,INT,INT,C,1.0,30-T1,,
FR,73H,DUB,2026-06-22 10:05:00,FR812,J,FR,73H,ORK,2026-06-22 11:50:00,FR3732,J,T202,189,0.9,IRISH,IRISH,C,1.0,24-T1,,
U2,32A,BHX,2026-06-22 10:05:00,U2332,J,U2,32A,ZRH,2026-06-22 10:35:00,U23295,J,T203,186,0.89,DOM,INT,C,1.0,1B-T1,,
U2,32A,LTN,2026-06-22 10:10:00,U2302,J,U2,32A,GVA,2026-06-22 10:45:00,U23291,J,T204,186,0.89,DOM,INT,C,1.0,25-T1,,
WS,7M8,YYZ,2026-06-22 10:10:00,WS36,J,WS,7M8,YYZ,2026-06-22 11:30:00,WS37,J,T205,174,0.89,INT,INT,C,1.0,11-T1,,
LM,AT7,LSI,2026-06-22 10:15:00,LM352,J,LM,AT7,SYY,2026-06-22 14:00:00,LM343,J,T206,72,0.73,DOM,DOM,C,1.0,28-T1,,
BA,320,LHR,2026-06-22 10:20:00,BA1440,J,BA,320,LHR,2026-06-22 11:25:00,BA1441,J,T207,180,0.89,DOM,DOM,C,0.5,8-T1,,
UA,75W,IAD,2026-06-22 10:35:00,UA978,J,UA,75W,IAD,2026-06-22 12:30:00,UA979,J,T208,176,0.84,INT,INT,D,1.0,10-T1,,
AF,223,CDG,2026-06-22 10:40:00,AF1686,J,AF,223,CDG,2026-06-22 11:35:00,AF1687,J,T209,148,0.84,INT,INT,C,1.0,14-T1,,
LM,AT7,SOU,2026-06-22 10:40:00,LM322,J,LM,AT7,EXT,2026-06-22 11:00:00,LM315,J,T210,72,0.73,DOM,DOM,C,1.0,4-T1,,
EI,AT7,DUB,2026-06-22 10:40:00,EI3554,J,EI,AT7,DUB,2026-06-22 11:10:00,EI3555,J,T211,72,0.81,IRISH,IRISH,C,1.0,9-T1,,
U2,32A,JER,2026-06-22 10:45:00,U2306,J,U2,32A,LTN,2026-06-22 11:20:00,U2303,J,T212,186,0.89,INT,DOM,C,1.0,1-T1,,
FR,73H,TLS,2026-06-22 11:05:00,FR1065,J,FR,73H,NRN,2026-06-22 12:00:00,FR5687,J,T213,189,0.9,INT,INT,C,1.0,1B-T1,,
U2,32A,PRG,2026-06-22 11:20:00,U23326,J,U2,319,BFS,2026-06-22 12:15:00,U260,J,T214,186,0.89,INT,NIRISH,C,1.0,4-T1,,
EC,319,LYS,2026-06-22 11:35:00,EC4495,J,EC,319,LYS,2026-06-22 12:05:00,EC4496,J,T215,156,0.88,INT,INT,C,1.0,3-T1,,
FR,73H,NRN,2026-06-22 11:35:00,FR5688,J,FR,73H,GDN,2026-06-22 12:35:00,FR6124,J,T216,189,0.9,INT,INT,C,1.0,1A-T1,,
EI,AT7,DUB,2026-06-22 11:40:00,EI3252,J,EI,AT7,DUB,2026-06-22 12:20:00,EI3253,J,T217,72,0.81,IRISH,IRISH,C,1.0,1-T1,,
U2,319,BFS,2026-06-22 11:45:00,U259,J,U2,32A,MAD,2026-06-22 12:20:00,U23209,J,T218,156,0.89,NIRISH,INT,C,1.0,7-T1,,
SN,319,BRU,2026-06-22 11:50:00,SN2063,J,SN,319,BRU,2026-06-22 12:40:00,SN2064,J,T219,141,0.84,INT,INT,C,1.0,15A-T1,,
DL,76W,ATL,2026-06-22 11:50:00,DL34,J,DL,76W,JFK,2026-06-22 14:05:00,DL209,J,T220,216,0.85,INT,INT,D,1.0,2-T1,,
XQ,73H,AYT,2026-06-22 11:55:00,XQ598,J,XQ,73H,AYT,2026-06-22 12:45:00,XQ599,J,T221,189,0.8,INT,INT,C,1.0,11-T1,,
BA,32Q,LHR,2026-06-22 12:00:00,BA1434,J,BA,32Q,LHR,2026-06-22 12:45:00,BA1435,J,T222,220,0.89,DOM,DOM,C,0.5,6-T1,,
LH,320,FRA,2026-06-22 12:05:00,LH960,J,LH,320,FRA,2026-06-22 12:45:00,LH961,J,T223,168,0.91,INT,INT,C,1.0,15B-T1,,
FR,73H,GDN,2026-06-22 12:10:00,FR6123,J,FR,73H,MXP,2026-06-22 13:35:00,FR7052,J,T224,189,0.9,INT,INT,C,1.0,9-T1,,
FR,7M8,PSA,2026-06-22 12:15:00,FR3265,J,FR,7M8,SNN,2026-06-22 14:20:00,FR1677,J,T225,197,0.9,INT,IRISH,C,1.0,33-T1,,
DY,73H,OSL,2026-06-22 12:20:00,DY1354,J,DY,73H,OSL,2026-06-22 13:00:00,DY1355,J,T226,186,0.78,INT,INT,C,1.0,16B-T1,,
KL,73H,AMS,2026-06-22 12:20:00,KL927,J,KL,73H,AMS,2026-06-22 13:10:00,KL928,J,T227,186,0.83,INT,INT,C,1.0,16A-T1,,
U2,32A,KRK,2026-06-22 12:20:00,U23314,J,U2,32A,STN,2026-06-22 13:00:00,U2309,J,T228,186,0.89,INT,DOM,C,1.0,17-T1,,
PC,32Q,SAW,2026-06-22 12:25:00,PC1187,J,PC,32Q,SAW,2026-06-22 13:35:00,PC1188,J,T229,239,0.89,INT,INT,C,1.0,3-T1,,
BA,32Q,LHR,2026-06-22 12:30:00,BA1446,J,BA,32Q,LHR,2026-06-22 13:20:00,BA1447,J,T230,220,0.89,DOM,DOM,C,0.5,1B-T1,,
FR,7M8,BCN,2026-06-22 12:35:00,FR6267,J,FR,7M8,POZ,2026-06-22 14:30:00,FR6618,J,T231,197,0.9,INT,INT,C,1.0,4-T1,,
DS,32A,BSL,2026-06-22 12:40:00,DS1231,J,DS,32A,BSL,2026-06-22 13:25:00,DS1232,J,T232,186,0.84,INT,INT,C,1.0,1-T1,,
FR,7M8,BER,2026-06-22 12:55:00,FR2377,J,FR,7M8,AGP,2026-06-22 14:45:00,FR5091,J,T234,197,0.9,INT,INT,C,1.0,1A-T1,,
EI,AT7,DUB,2026-06-22 12:55:00,EI3254,J,EI,AT7,DUB,2026-06-22 13:25:00,EI3255,J,T235,72,0.81,IRISH,IRISH,C,1.0,8-T1,,
U2,32A,AMS,2026-06-22 12:55:00,U23302,J,U2,32A,BER,2026-06-22 13:35:00,U23261,J,T236,186,0.89,INT,INT,C,1.0,10-T1,,
EW,32A,CGN,2026-06-22 13:00:00,EW362,J,EW,32A,CGN,2026-06-22 13:40:00,EW363,J,T237,180,0.88,INT,INT,C,1.0,15A-T1,,
D8,320,BLL,2026-06-22 13:05:00,D83858,J,D8,320,BLL,2026-06-22 13:45:00,D83859,J,T238,180,0.86,INT,INT,C,1.0,7-T1,,
EW,32A,DUS,2026-06-22 13:05:00,EW9364,J,EW,32A,STR,2026-06-22 13:45:00,EW2481,J,T239,180,0.88,INT,INT,C,1.0,15B-T1,,
RK,73H,NQY,2026-06-22 13:05:00,RK9362,J,RK,73H,PMI,2026-06-22 17:30:00,RK6656,J,T240,189,0.86,DOM,INT,C,1.0,25-T1,,
XQ,7M8,DLM,2026-06-22 13:10:00,XQ3688,J,XQ,7M8,DLM,2026-06-22 14:15:00,XQ3689,J,T241,189,0.8,INT,INT,C,1.0,11-T1,,
U2,32A,STN,2026-06-22 13:10:00,U2312,J,U2,32N,BHD,2026-06-22 14:00:00,U2321,J,T242,186,0.89,DOM,NIRISH,C,1.0,6-T1,,
FI,7M8,KEF,2026-06-22 13:20:00,FI434,J,FI,7M8,KEF,2026-06-22 14:15:00,FI435,J,T243,160,0.86,INT,INT,C,1.0,16B-T1,,
U2,32N,VCE,2026-06-22 13:20:00,U23272,J,U2,32N,RHO,2026-06-22 14:30:00,U23227,J,T244,186,0.89,INT,INT,C,1.0,14-T1,,
EI,AT7,BHD,2026-06-22 13:35:00,EI3652,J,EI,AT7,BHD,2026-06-22 14:05:00,EI3653,J,T245,72,0.81,NIRISH,NIRISH,C,1.0,5-T1,,
EC,319,LIN,2026-06-22 13:40:00,EC5421,J,EC,319,LIN,2026-06-22 14:10:00,EC5422,J,T246,156,0.88,INT,INT,C,1.0,16A-T1,,
QR,789,DOH,2026-06-22 13:40:00,QR29,J,QR,789,DOH,2026-06-22 15:10:00,QR30,J,T247,311,0.87,INT,INT,E,1.0,18-T1,,
LS,73H,PMI,2026-06-22 13:40:00,LS718,J,LS,73H,HER,2026-06-22 14:35:00,LS713,J,T248,189,0.92,INT,INT,C,0.8,1B-T1,,
FR,7M8,FAO,2026-06-22 13:40:00,FR5668,J,FR,7M8,TFS,2026-06-22 15:05:00,FR2969,J,T249,197,0.9,INT,INT,C,1.0,24-T1,,
U2,32A,CDG,2026-06-22 13:50:00,U23242,J,U2,32A,CTA,2026-06-22 14:40:00,U23275,J,T250,186,0.89,INT,INT,C,1.0,1-T1,,
FR,7M8,MLA,2026-06-22 14:15:00,FR6696,J,FR,7M8,CIA,2026-06-22 15:25:00,FR5589,J,T251,197,0.9,INT,INT,C,1.0,15B-T1,,
LS,32Q,AGP,2026-06-22 14:20:00,LS760,J,LS,32Q,AYT,2026-06-22 15:20:00,LS709,J,T252,232,0.92,INT,INT,C,0.8,15A-T1,,
BA,32Q,LHR,2026-06-22 14:20:00,BA1448,J,BA,32Q,LHR,2026-06-22 15:10:00,BA1449,J,T253,220,0.89,DOM,DOM,C,0.5,9-T1,,
D8,7M8,CPH,2026-06-22 14:30:00,D83502,J,D8,7M8,CPH,2026-06-22 15:10:00,D83503,J,T254,189,0.86,INT,INT,C,1.0,16A-T1,,
LS,32Q,FAO,2026-06-22 14:30:00,LS770,J,LS,32Q,TFS,2026-06-22 15:35:00,LS727,J,T255,232,0.92,INT,INT,C,0.8,10-T1,,
U2,32A,LTN,2026-06-22 14:30:00,U2304,J,U2,32A,TFS,2026-06-22 15:30:00,U23201,J,T256,186,0.89,DOM,INT,C,1.0,2-T1,,
LS,73H,FCO,2026-06-22 14:40:00,LS3916,J,LS,73H,EFL,2026-06-22 15:40:00,LS3929,J,T257,189,0.92,INT,INT,C,0.8,11-T1,,
D8,7M8,ARN,2026-06-22 14:50:00,D84463,J,D8,7M8,ARN,2026-06-22 15:30:00,D84464,J,T258,189,0.86,INT,INT,C,1.0,14-T1,,
FR,73H,ORK,2026-06-22 14:55:00,FR3731,J,FR,73H,GOT,2026-06-22 19:30:00,FR5657,J,T259,189,0.9,IRISH,INT,C,1.0,1B-T1,,
FR,7M8,CIA,2026-06-22 15:00:00,FR5590,J,FR,7M8,NOC,2026-06-22 16:10:00,FR890,J,T260,197,0.9,INT,IRISH,C,1.0,16B-T1,,
EI,AT7,DUB,2026-06-22 15:00:00,EI3256,J,EI,AT7,DUB,2026-06-22 15:30:00,EI3257,J,T261,72,0.81,IRISH,IRISH,C,1.0,1-T1,,
U2,32N,BHX,2026-06-22 15:10:00,U2917,J,U2,32N,BHX,2026-06-22 15:40:00,U2918,J,T262,186,0.89,DOM,DOM,C,1.0,4-T1,,
LM,AT7,EXT,2026-06-22 15:10:00,LM316,J,LM,AT7,LSI,2026-06-22 16:45:00,LM357,J,T263,72,0.73,DOM,DOM,C,1.0,5-T1,,
FR,7M8,PMO,2026-06-22 15:20:00,FR3426,J,FR,7M8,IBZ,2026-06-22 16:35:00,FR6605,J,T264,197,0.9,INT,INT,C,1.0,1A-T1,,
FR,7M8,ACE,2026-06-22 15:20:00,FR5594,J,FR,7M8,DUB,2026-06-22 17:25:00,FR815,J,T265,197,0.9,INT,IRISH,C,1.0,6-T1,,
U2,319,LGW,2026-06-22 15:25:00,U2813,J,U2,319,LGW,2026-06-22 16:00:00,U2814,J,T266,156,0.89,DOM,DOM,C,1.0,7-T1,,
LS,32Q,ZTH,2026-06-22 15:30:00,LS732,J,LS,32Q,FNC,2026-06-22 16:30:00,LS735,J,T267,232,0.92,INT,INT,C,0.8,16A-T1,,
BA,320,LHR,2026-06-22 15:40:00,BA1452,J,BA,320,LHR,2026-06-22 16:35:00,BA1453,J,T268,180,0.89,DOM,DOM,C,0.5,8-T1,,
LS,73H,CFU,2026-06-22 15:45:00,LS750,J,LS,73H,LPA,2026-06-22 16:45:00,LS747,J,T269,189,0.92,INT,INT,C,0.8,9-T1,,
U2,32A,ZRH,2026-06-22 15:45:00,U23296,J,U2,32A,BRS,2026-06-22 16:40:00,U2319,J,T270,186,0.89,INT,DOM,C,1.0,17-T1,,
U2,32A,GVA,2026-06-22 15:50:00,U23292,J,U2,32A,ALC,2026-06-22 16:40:00,U23205,J,T271,186,0.89,INT,INT,C,1.0,15B-T1,,
TK,32Q,IST,2026-06-22 15:55:00,TK1345,J,TK,32Q,IST,2026-06-22 16:55:00,TK1346,J,T272,190,0.87,INT,INT,C,1.0,10-T1,,
KL,32Q,AMS,2026-06-22 16:10:00,KL931,J,KL,32Q,AMS,2026-06-22 17:05:00,KL932,J,T273,227,0.83,INT,INT,C,1.0,2-T1,,
U2,32N,BHD,2026-06-22 16:15:00,U2322,J,U2,32A,MUC,2026-06-22 16:55:00,U23263,J,T274,186,0.89,NIRISH,INT,C,1.0,1-T1,,
U2,32A,STN,2026-06-22 16:20:00,U2310,J,U2,32N,GVA,2026-06-22 17:00:00,U23293,J,T275,186,0.89,DOM,INT,C,1.0,24-T1,,
EI,AT7,BHD,2026-06-22 16:20:00,EI3656,J,EI,AT7,BHD,2026-06-22 16:50:00,EI3657,J,T276,72,0.81,NIRISH,NIRISH,C,1.0,4-T1,,
RC,32N,FAE,2026-06-22 16:25:00,RC414,J,RC,32N,FAE,2026-06-22 17:10:00,RC415,J,T277,174,0.48,INT,INT,C,1.0,103-T1,,
AF,223,CDG,2026-06-22 16:30:00,AF1486,J,AF,223,CDG,2026-06-22 17:25:00,AF1487,J,T278,148,0.84,INT,INT,C,1.0,14-T1,,
LH,321,MUC,2026-06-22 16:30:00,LH2524,J,LH,321,MUC,2026-06-22 17:15:00,LH2525,J,T279,195,0.91,INT,INT,C,1.0,16B-T1,,
LS,73H,DLM,2026-06-22 16:30:00,LS712,J,LS,73H,PMI,2026-06-22 17:35:00,LS765,J,T280,189,0.92,INT,INT,C,0.8,15A-T1,,
RK,73H,AGA,2026-06-22 16:45:00,RK860,J,RK,73H,BFS,2026-06-22 17:35:00,RK179,J,T281,189,0.86,INT,NIRISH,C,1.0,11-T1,,
LM,AT7,SYY,2026-06-22 16:45:00,LM344,J,LM,AT7,KOI,2026-06-22 17:20:00,LM397,J,T282,72,0.73,DOM,DOM,C,1.0,7-T1,,
LH,32Q,FRA,2026-06-22 16:55:00,LH962,J,LH,32Q,FRA,2026-06-22 17:50:00,LH963,J,T283,204,0.91,INT,INT,C,1.0,16A-T1,,
U2,32A,BCN,2026-06-22 17:00:00,U23216,J,U2,32A,NCE,2026-06-22 17:50:00,U23245,J,T284,186,0.89,INT,INT,C,1.0,15B-T1,,
LM,AT7,SOU,2026-06-22 17:00:00,LM326,J,LM,AT7,SOU,2026-06-22 17:40:00,LM329,J,T285,72,0.73,DOM,DOM,C,1.0,8-T1,,
FR,7M8,DUB,2026-06-22 17:00:00,FR814,J,FR,7M8,BUD,2026-06-22 17:40:00,FR7892,J,T286,197,0.9,IRISH,INT,C,1.0,1A-T1,,
RK,73H,STN,2026-06-22 17:05:00,RK1273,J,RK,73H,STN,2026-06-22 20:10:00,RK8604,J,T287,189,0.86,DOM,DOM,C,1.0,9-T1,,
BA,E90,LCY,2026-06-22 17:10:00,BA8706,J,BA,E90,LCY,2026-06-22 17:45:00,BA8709,J,T288,106,0.89,DOM,DOM,C,0.5,4-T1,,
FR,7M8,SNN,2026-06-22 17:15:00,FR1676,J,FR,7M8,BGY,2026-06-22 18:25:00,FR3646,J,T289,197,0.9,IRISH,INT,C,1.0,1-T1,,
FR,7M8,FUE,2026-06-22 17:35:00,FR5684,J,FR,7M8,WMI,2026-06-22 19:05:00,FR4524,J,T290,197,0.9,INT,INT,C,1.0,10-T1,,
U2,319,BFS,2026-06-22 18:00:00,U257,J,U2,319,BFS,2026-06-22 18:35:00,U258,J,T291,156,0.89,NIRISH,NIRISH,C,1.0,8-T1,,
BA,319,LHR,2026-06-22 18:00:00,BA1456,J,BA,319,LHR,2026-06-22 18:50:00,BA1457,J,T292,144,0.89,DOM,DOM,C,0.5,3-T1,,
FR,7M8,EGC,2026-06-22 18:15:00,FR8751,J,FR,7M8,BTS,2026-06-22 19:15:00,FR6642,J,T293,197,0.9,INT,INT,C,1.0,11-T1,,
SK,32N,CPH,2026-06-22 18:25:00,SK2513,J,SK,32N,CPH,2026-06-22 19:10:00,SK2514,J,T294,180,0.88,INT,INT,C,1.0,14-T1,,
EW,32A,STR,2026-06-22 18:35:00,EW2480,J,EW,32A,DUS,2026-06-22 19:15:00,EW9365,J,T295,180,0.88,INT,INT,C,1.0,17-T1,,
U2,32A,BER,2026-06-22 18:35:00,U23262,J,U2,32A,CDG,2026-06-22 19:10:00,U23243,J,T296,186,0.89,INT,INT,C,1.0,16A-T1,,
BA,E90,LCY,2026-06-22 18:40:00,BA8712,J,BA,E90,LCY,2026-06-22 19:15:00,BA8717,J,T297,106,0.89,DOM,DOM,C,0.5,2-T1,,
BA,320,LHR,2026-06-22 18:45:00,BA1458,J,BA,320,LHR,2026-06-22 19:35:00,BA1459,J,T298,180,0.89,DOM,DOM,C,0.5,4-T1,,
EC,32N,AMS,2026-06-22 18:45:00,EC7837,J,EC,32N,AMS,2026-06-22 19:25:00,EC7838,J,T299,186,0.88,INT,INT,C,1.0,25-T1,,
FR,7M8,NOC,2026-06-22 18:50:00,FR891,J,FR,7M8,ALC,2026-06-22 19:35:00,FR5579,J,T300,197,0.9,IRISH,INT,C,1.0,1A-T1,,
WK,320,ZRH,2026-06-22 18:55:00,WK290,J,WK,320,ZRH,2026-06-22 19:40:00,WK291,J,T301,180,0.61,INT,INT,C,1.0,8-T1,,
U2,32A,MAD,2026-06-22 18:55:00,U23210,J,U2,32A,BHX,2026-06-22 19:25:00,U2335,J,T302,186,0.89,INT,DOM,C,1.0,16B-T1,,
EI,AT7,DUB,2026-06-22 19:05:00,EI3556,J,EI,AT7,DUB,2026-06-22 19:40:00,EI3557,J,T303,72,0.81,IRISH,IRISH,C,1.0,1-T1,,
FR,73H,MXP,2026-06-22 19:05:00,FR7053,J,FR,73H,MAD,2026-06-22 20:05:00,FR5685,J,T304,189,0.9,INT,INT,C,1.0,15B-T1,,
FR,7M8,ALC,2026-06-22 19:10:00,FR5578,J,FR,7M8,CPH,2026-06-22 20:05:00,FR2674,J,T305,197,0.9,INT,INT,C,1.0,15A-T1,,
EI,AT7,BHD,2026-06-22 19:25:00,EI3658,J,EI,AT7,BHD,2026-06-22 19:55:00,EI3659,J,T306,72,0.81,NIRISH,NIRISH,C,1.0,10-T1,,
FR,73H,MAD,2026-06-22 19:40:00,FR5686,J,FR,73H,BRI,2026-06-22 20:50:00,FR4516,J,T307,189,0.9,INT,INT,C,1.0,11-T1,,
U2,32A,BRS,2026-06-22 19:40:00,U2320,J,U2,32A,STN,2026-06-22 20:25:00,U2313,J,T308,186,0.89,DOM,DOM,C,1.0,6-T1,,
BA,32N,LHR,2026-06-22 19:40:00,BA1460,J,BA,32N,LHR,2026-06-22 20:30:00,BA1461,J,T310,180,0.89,DOM,DOM,C,0.5,2-T1,,
RK,73H,BFS,2026-06-22 19:45:00,RK178,J,RK,73H,OTP,2026-06-23 06:00:00,RK5614,J,T311,189,0.86,NIRISH,INT,C,1.0,24-T1,,
EI,AT7,DUB,2026-06-22 19:50:00,EI3258,J,EI,AT7,DUB,2026-06-22 20:30:00,EI3259,J,T312,72,0.81,IRISH,IRISH,C,1.0,1B-T1,,
DY,7M8,OSL,2026-06-22 20:00:00,DY1356,J,DY,7M8,OSL,2026-06-22 20:40:00,DY1357,J,T313,189,0.78,INT,INT,C,1.0,14-T1,,
FR,73H,BRI,2026-06-22 20:00:00,FR4515,J,FR,73H,DUB,2026-06-22 21:10:00,FR817,J,T314,189,0.9,INT,IRISH,C,1.0,16B-T1,,
EK,359,DXB,2026-06-22 20:05:00,EK23,J,EK,359,DXB,2026-06-22 22:00:00,EK24,J,T315,312,0.93,INT,INT,E,1.0,18-T1,,
LM,AT7,KOI,2026-06-22 20:10:00,LM398,J,LM,AT7,LSI,2026-06-23 06:50:00,LM353,J,T317,72,0.73,DOM,DOM,C,1.0,32-T1,,
BA,E90,LCY,2026-06-22 20:20:00,BA8710,J,BA,E90,LCY,2026-06-23 06:20:00,BA8701,J,T318,106,0.89,DOM,DOM,C,0.5,8-T1,,
U2,319,LGW,2026-06-22 20:30:00,U2815,J,U2,319,LGW,2026-06-22 21:15:00,U2816,J,T319,156,0.89,DOM,DOM,C,1.0,15B-T1,,
FR,73H,DUB,2026-06-22 21:00:00,FR816,J,FR,73H,RZE,2026-06-23 06:35:00,FR4535,J,T321,189,0.9,IRISH,INT,C,1.0,1-T1,,
EC,32Q,MXP,2026-06-22 21:05:00,EC3833,J,EC,32Q,MXP,2026-06-22 21:45:00,EC3834,J,T322,235,0.88,INT,INT,C,1.0,2-T1,,
U2,319,LTN,2026-06-22 21:05:00,U2605,J,U2,319,LTN,2026-06-22 21:40:00,U2606,J,T323,156,0.89,DOM,DOM,C,1.0,9-T1,,
EC,319,AGP,2026-06-22 21:10:00,EC7031,J,EC,319,AGP,2026-06-22 21:40:00,EC7032,J,T325,156,0.88,INT,INT,C,1.0,14-T1,,
U2,319,BFS,2026-06-22 21:30:00,U255,J,U2,319,BFS,2026-06-22 22:00:00,U256,J,T326,156,0.89,NIRISH,NIRISH,C,1.0,11-T1,,
U2,32A,BRS,2026-06-22 21:35:00,U2219,J,U2,32A,BRS,2026-06-22 22:05:00,U2220,J,T327,186,0.89,DOM,DOM,C,1.0,16B-T1,,
BA,319,LHR,2026-06-22 21:55:00,BA1464,J,BA,319,LHR,2026-06-23 05:40:00,BA1465,J,T329,144,0.89,DOM,DOM,C,0.5,7-T1,,
FR,7M8,AGP,2026-06-22 22:05:00,FR5090,J,FR,7M8,VCE,2026-06-23 05:45:00,FR1652,J,T330,197,0.9,INT,INT,C,1.0,4-T1,,
U2,32A,BHX,2026-06-22 22:10:00,U2336,J,U2,32A,NAP,2026-06-23 05:40:00,U23273,J,T331,186,0.89,DOM,INT,C,1.0,3-T1,,
U2,32A,MUC,2026-06-22 22:15:00,U23264,J,U2,32N,LTN,2026-06-23 06:00:00,U2301,J,T332,186,0.89,INT,DOM,C,1.0,2-T1,,
U2,32N,GVA,2026-06-22 22:15:00,U23294,J,U2,32A,STN,2026-06-23 06:05:00,U2307,J,T333,186,0.89,INT,DOM,C,1.0,1B-T1,,
BA,32Q,LHR,2026-06-22 22:50:00,BA1466,J,BA,32Q,LHR,2026-06-23 07:00:00,BA1467,J,T334,220,0.89,DOM,DOM,C,0.5,9-T1,,
KL,73H,AMS,2026-06-22 23:10:00,KL933,J,KL,73H,AMS,2026-06-23 05:45:00,KL922,J,T337,186,0.83,INT,INT,C,1.0,16A-T1,,
RK,73H,STN,2026-06-22 23:20:00,RK8605,J,RK,73H,STN,2026-06-23 06:20:00,RK597,J,T339,189,0.86,DOM,DOM,C,1.0,6-T1,,
U2,32A,CDG,2026-06-22 23:30:00,U23244,J,U2,32A,NBE,2026-06-23 06:15:00,U23329,J,T340,186,0.89,INT,INT,C,1.0,33-T1,,
U2,32A,STN,2026-06-22 23:40:00,U2314,J,U2,32A,LGW,2026-06-23 06:45:00,U2807,J,T341,186,0.89,DOM,DOM,C,1.0,25-T1,,
FR,73H,GOT,2026-06-22 23:40:00,FR5658,J,FR,73H,CRL,2026-06-23 06:45:00,FR7322,J,T342,189,0.9,INT,INT,C,1.0,17-T1,,
U2,32A,ALC,2026-06-22 23:45:00,U23206,J,U2,32A,ATH,2026-06-23 07:00:00,U23225,J,T343,186,0.89,INT,INT,C,1.0,28-T1,,
FR,7M8,BUD,2026-06-22 23:55:00,FR7891,J,FR,7M8,MAD,2026-06-23 06:15:00,FR189,J,T344,197,0.9,INT,INT,C,1.0,31-T1,,
FR,73H,FAO,2026-06-22 23:55:00,FR7644,J,FR,73H,NRN,2026-06-23 07:20:00,FR5687,J,T345,189,0.9,INT,INT,C,1.0,103-T1,,
RK,73H,PMI,2026-06-23 00:05:00,RK6657,J,RK,73H,BFS,2026-06-23 07:15:00,RK5969,J,T348,189,0.86,INT,NIRISH,C,1.0,106-T1,,
LS,73H,HER,2026-06-23 00:35:00,LS714,J,LS,73H,KLX,2026-06-23 06:15:00,LS3903,J,T350,189,0.92,INT,INT,C,0.8,11-T1,,
LS,73H,PMI,2026-06-23 00:45:00,LS766,J,LS,73H,MAH,2026-06-23 06:15:00,LS767,J,T352,189,0.92,INT,INT,C,0.8,102-T1,,
LS,73H,EFL,2026-06-23 00:45:00,LS3930,J,LS,73H,FAO,2026-06-23 06:45:00,LS769,J,T353,189,0.92,INT,INT,C,0.8,100-T1,,
U2,32A,TFS,2026-06-23 01:40:00,U23202,J,U2,32N,AMS,2026-06-23 07:20:00,U23301,J,T357,186,0.89,INT,INT,C,1.0,15B-T1,,
LS,32Q,FNC,2026-06-23 01:45:00,LS736,J,LS,32Q,PMI,2026-06-23 06:30:00,LS717,J,T358,232,0.92,INT,INT,C,0.8,16B-T1,,
LS,32Q,AYT,2026-06-23 02:00:00,LS710,J,LS,32Q,ALC,2026-06-23 07:10:00,LS775,J,T359,232,0.92,INT,INT,C,0.8,14-T1,,
LS,32Q,TFS,2026-06-23 02:10:00,LS728,J,LS,32Q,IBZ,2026-06-23 07:50:00,LS789,J,T360,232,0.92,INT,INT,C,0.8,15A-T1,,
NPT,73K,EMA,2026-06-23 02:25:00,NPT4N,M,NPT,73K,EMA,2026-06-23 23:00:00,NPT4S,M,T361,0,0.0,DOM,DOM,C,1.0,208-FRT,,
LS,73H,LPA,2026-06-23 03:10:00,LS748,J,LS,73H,NAP,2026-06-23 07:20:00,LS723,J,T362,189,0.92,INT,INT,C,0.8,10-T1,,
NPT,73K,EMA,2026-06-23 03:15:00,NPT5U,M,NPT,73K,EMA,2026-06-23 23:50:00,NPT5D,M,T363,0,0.0,DOM,DOM,C,1.0,310-T1,,
D0,75C,LEJ,2026-06-23 05:50:00,D02134,F,D0,75C,LEJ,2026-06-23 20:10:00,D02135,F,T364,0,0.0,INT,INT,D,1.0,211-FRT,,
FX,73K,CDG,2026-06-23 06:05:00,FX4617,F,FX,73K,CDG,2026-06-23 20:05:00,FX4717,F,T365,0,0.0,INT,INT,C,1.0,313-T1,,
MUK,76X,EMA,2026-06-23 06:25:00,MUK6566,F,MUK,76X,EMA,2026-06-23 20:10:00,MUK6565,F,T366,0,0.0,DOM,DOM,D,1.0,212-FRT,,
QR,789,DOH,2026-06-23 06:25:00,QR31,J,QR,789,DOH,2026-06-23 07:55:00,QR32,J,T367,311,0.87,INT,INT,E,1.0,4A-T1,,
RK,73H,BFS,2026-06-23 06:50:00,RK5968,J,RK,73H,SDR,2026-06-23 09:55:00,RK5631,J,T368,189,0.86,NIRISH,INT,C,1.0,6-T1,,
FR,73H,NRN,2026-06-23 06:55:00,FR5688,J,FR,73H,BZR,2026-06-23 11:15:00,FR7834,J,T369,189,0.9,INT,INT,C,1.0,31-T1,,
DL,76W,BOS,2026-06-23 07:05:00,DL122,J,DL,76W,ATL,2026-06-23 09:00:00,DL35,J,T370,216,0.85,INT,INT,D,1.0,2-T1,,
AC,789,YYZ,2026-06-23 07:20:00,AC806,J,AC,789,YYZ,2026-06-23 09:00:00,AC807,J,T371,298,0.85,INT,INT,E,1.0,16-T1,,
AA,788,PHL,2026-06-23 07:30:00,AA278,J,AA,788,PHL,2026-06-23 11:25:00,AA279,J,T372,234,0.89,INT,INT,E,1.0,18-T1,,
DS,32A,GVA,2026-06-23 07:30:00,DS1587,J,DS,32A,GVA,2026-06-23 08:05:00,DS1588,J,T373,186,0.84,INT,INT,C,1.0,14-T1,,
EC,32Q,MXP,2026-06-23 07:40:00,EC3845,J,EC,32Q,MXP,2026-06-23 08:20:00,EC3846,J,T374,235,0.88,INT,INT,C,1.0,15B-T1,,
D8,7M8,CPH,2026-06-23 07:45:00,D83500,J,D8,7M8,CPH,2026-06-23 08:25:00,D83501,J,T375,189,0.86,INT,INT,C,1.0,1B-T1,,
EI,AT7,BHD,2026-06-23 07:55:00,EI3650,J,EI,AT7,BHD,2026-06-23 08:25:00,EI3651,J,T376,72,0.81,NIRISH,NIRISH,C,1.0,7-T1,,
EI,AT7,DUB,2026-06-23 08:00:00,EI3250,J,EI,AT7,DUB,2026-06-23 08:35:00,EI3251,J,T377,72,0.81,IRISH,IRISH,C,1.0,1A-T1,,
UA,75W,EWR,2026-06-23 08:05:00,UA36,J,UA,75W,EWR,2026-06-23 09:40:00,UA37,J,T378,176,0.84,INT,INT,D,1.0,1-T1,,
WS,7M8,YHZ,2026-06-23 08:05:00,WS72,J,WS,7M8,YHZ,2026-06-23 09:25:00,WS73,J,T379,174,0.89,INT,INT,C,1.0,11-T1,,
BA,E90,LCY,2026-06-23 08:15:00,BA8700,J,BA,E90,LCY,2026-06-23 08:50:00,BA8703,J,T380,106,0.89,DOM,DOM,C,0.5,3-T1,,
BA,319,LHR,2026-06-23 08:25:00,BA1436,J,BA,319,LHR,2026-06-23 09:15:00,BA1437,J,T381,144,0.89,DOM,DOM,C,0.5,8-T1,,
UA,75W,ORD,2026-06-23 08:25:00,UA118,J,UA,75W,ORD,2026-06-23 11:30:00,UA119,J,T382,176,0.84,INT,INT,D,1.0,10-T1,,
KL,73W,AMS,2026-06-23 08:30:00,KL923,J,KL,73W,AMS,2026-06-23 09:15:00,KL924,J,T383,142,0.83,INT,INT,C,1.0,14-T1,,
AA,32X,JFK,2026-06-23 08:30:00,AA82,J,AA,32X,JFK,2026-06-23 10:30:00,AA83,J,T384,155,0.89,INT,INT,C,1.0,15A-T1,,
EI,AT7,DUB,2026-06-23 08:30:00,EI3552,J,EI,AT7,DUB,2026-06-23 09:15:00,EI3553,J,T385,72,0.81,IRISH,IRISH,C,1.0,5-T1,,
U2,32A,BRS,2026-06-23 08:35:00,U2213,J,U2,32A,BRS,2026-06-23 09:05:00,U2214,J,T386,186,0.89,DOM,DOM,C,1.0,24-T1,,
BA,32Q,LHR,2026-06-23 08:35:00,BA1434,J,BA,32Q,LHR,2026-06-23 09:55:00,BA1435,J,T387,220,0.89,DOM,DOM,C,0.5,4-T1,,
FR,320,VIE,2026-06-23 08:40:00,FR1624,J,FR,320,VIE,2026-06-23 09:10:00,FR1625,J,T388,180,0.9,INT,INT,C,1.0,15B-T1,,
FR,7M8,DUB,2026-06-23 08:50:00,FR814,J,FR,7M8,ALC,2026-06-23 10:10:00,FR5580,J,T389,197,0.9,IRISH,INT,C,1.0,1B-T1,,
EI,AT7,DUB,2026-06-23 09:05:00,EI3550,J,EI,AT7,DUB,2026-06-23 09:40:00,EI3551,J,T390,72,0.81,IRISH,IRISH,C,1.0,1A-T1,,
U2,32N,LTN,2026-06-23 09:15:00,U2302,J,U2,32A,LGW,2026-06-23 09:50:00,U2811,J,T391,186,0.89,DOM,DOM,C,1.0,25-T1,,
U2,32A,BFS,2026-06-23 09:15:00,U2324,J,U2,32A,STN,2026-06-23 09:50:00,U2309,J,T392,186,0.89,NIRISH,DOM,C,1.0,3-T1,,
B6,32Q,JFK,2026-06-23 09:20:00,B673,J,B6,32Q,BOS,2026-06-23 11:30:00,B61080,J,T393,156,0.83,INT,INT,C,1.0,16A-T1,,
BA,320,LHR,2026-06-23 09:20:00,BA1440,J,BA,320,LHR,2026-06-23 10:25:00,BA1441,J,T394,180,0.89,DOM,DOM,C,0.5,7-T1,,
DL,76W,JFK,2026-06-23 09:20:00,DL208,J,DL,76W,BOS,2026-06-23 11:20:00,DL123,J,T395,216,0.85,INT,INT,D,1.0,2-T1,,
U2,32A,STN,2026-06-23 09:30:00,U2308,J,U2,32N,CDG,2026-06-23 10:00:00,U23241,J,T396,186,0.89,DOM,INT,C,1.0,16B-T1,,
RK,73H,STN,2026-06-23 09:30:00,RK596,J,RK,73H,STN,2026-06-23 13:50:00,RK8604,J,T397,189,0.86,DOM,DOM,C,1.0,24-T1,,
TK,32Q,IST,2026-06-23 09:40:00,TK1343,J,TK,32Q,IST,2026-06-23 10:40:00,TK1344,J,T398,190,0.87,INT,INT,C,1.0,9-T1,,
FR,7M8,ALC,2026-06-23 09:45:00,FR5581,J,FR,7M8,DUB,2026-06-23 11:25:00,FR817,J,T399,197,0.9,INT,IRISH,C,1.0,11-T1,,
LM,AT7,KOI,2026-06-23 09:50:00,LM392,J,LM,AT7,SYY,2026-06-23 10:20:00,LM343,J,T400,72,0.73,DOM,DOM,C,1.0,8-T1,,
U2,32A,LGW,2026-06-23 09:55:00,U2808,J,U2,32A,BFS,2026-06-23 10:25:00,U2325,J,T401,186,0.89,DOM,NIRISH,C,1.0,15B-T1,,
B6,32Q,BOS,2026-06-23 10:00:00,B61079,J,B6,32Q,JFK,2026-06-23 12:10:00,B672,J,T402,156,0.83,INT,INT,C,1.0,1-T1,,
OS,320,VIE,2026-06-23 10:00:00,OS345,J,OS,320,VIE,2026-06-23 10:45:00,OS346,J,T403,180,0.76,INT,INT,C,1.0,14-T1,,
BA,E90,LCY,2026-06-23 10:00:00,BA8702,J,BA,E90,LCY,2026-06-23 10:40:00,BA8715,J,T404,106,0.89,DOM,DOM,C,0.5,5-T1,,
U2,32A,BHX,2026-06-23 10:00:00,U2332,J,U2,32A,ZRH,2026-06-23 10:30:00,U23295,J,T405,186,0.89,DOM,INT,C,1.0,1A-T1,,
WS,7M8,YYZ,2026-06-23 10:10:00,WS36,J,WS,7M8,YYZ,2026-06-23 11:30:00,WS37,J,T406,174,0.89,INT,INT,C,1.0,3-T1,,
EC,32A,PMI,2026-06-23 10:15:00,EC7259,J,EC,32A,PMI,2026-06-23 11:05:00,EC7260,J,T407,186,0.88,INT,INT,C,1.0,4-T1,,
LM,AT7,LSI,2026-06-23 10:15:00,LM352,J,LM,AT7,SOU,2026-06-23 13:00:00,LM325,J,T408,72,0.73,DOM,DOM,C,1.0,103-T1,,
EVE,320,AGP,2026-06-23 10:20:00,EVE721,C,EVE,320,BCN,2026-06-23 11:20:00,EVE722,C,T409,180,0.0,INT,INT,C,1.0,309-T1,,
UA,75W,IAD,2026-06-23 10:35:00,UA978,J,UA,75W,IAD,2026-06-23 12:30:00,UA979,J,T410,176,0.84,INT,INT,D,1.0,6-T1,,
EI,AT7,DUB,2026-06-23 10:40:00,EI3554,J,EI,AT7,DUB,2026-06-23 11:10:00,EI3555,J,T411,72,0.81,IRISH,IRISH,C,1.0,8-T1,,
LM,AT7,SOU,2026-06-23 10:40:00,LM322,J,LM,AT7,EXT,2026-06-23 11:00:00,LM315,J,T412,72,0.73,DOM,DOM,C,1.0,25-T1,,
FR,73H,CRL,2026-06-23 10:40:00,FR7323,J,FR,73H,PSA,2026-06-23 12:00:00,FR3264,J,T413,189,0.9,INT,INT,C,1.0,1B-T1,,
AF,223,CDG,2026-06-23 10:40:00,AF1686,J,AF,223,CDG,2026-06-23 11:35:00,AF1687,J,T414,148,0.84,INT,INT,C,1.0,16B-T1,,
XQ,73H,AYT,2026-06-23 10:45:00,XQ508,J,XQ,73H,AYT,2026-06-23 11:40:00,XQ509,J,T415,189,0.8,INT,INT,C,1.0,15B-T1,,
FR,7M8,TLS,2026-06-23 11:00:00,FR1065,J,FR,7M8,BER,2026-06-23 12:30:00,FR2376,J,T416,197,0.9,INT,INT,C,1.0,1A-T1,,
U2,32N,AMS,2026-06-23 11:00:00,U23302,J,U2,32N,BHX,2026-06-23 11:45:00,U2333,J,T417,186,0.89,INT,DOM,C,1.0,15A-T1,,
BA,32N,LHR,2026-06-23 11:25:00,BA1442,J,BA,32N,LHR,2026-06-23 12:10:00,BA1443,J,T418,180,0.89,DOM,DOM,C,0.5,25-T1,,
FR,73H,PSA,2026-06-23 11:35:00,FR3265,J,FR,73H,CRL,2026-06-23 13:40:00,FR7352,J,T419,189,0.9,INT,INT,C,1.0,14-T1,,
EI,AT7,DUB,2026-06-23 11:40:00,EI3252,J,EI,AT7,DUB,2026-06-23 12:20:00,EI3253,J,T420,72,0.81,IRISH,IRISH,C,1.0,8-T1,,
FR,7M8,VCE,2026-06-23 11:40:00,FR1653,J,FR,7M8,CPH,2026-06-23 13:05:00,FR3760,J,T421,197,0.9,INT,INT,C,1.0,4-T1,,
SN,319,BRU,2026-06-23 11:50:00,SN2063,J,SN,319,BRU,2026-06-23 12:40:00,SN2064,J,T422,141,0.84,INT,INT,C,1.0,10-T1,,
DL,76W,ATL,2026-06-23 11:50:00,DL34,J,DL,76W,JFK,2026-06-23 14:05:00,DL209,J,T423,216,0.85,INT,INT,D,1.0,2-T1,,
XQ,73H,AYT,2026-06-23 11:55:00,XQ598,J,XQ,73H,AYT,2026-06-23 12:45:00,XQ599,J,T424,189,0.8,INT,INT,C,1.0,17-T1,,
LH,320,FRA,2026-06-23 12:05:00,LH960,J,LH,320,FRA,2026-06-23 12:45:00,LH961,J,T425,168,0.91,INT,INT,C,1.0,15A-T1,,
FR,7M8,CPH,2026-06-23 12:05:00,FR3759,J,FR,7M8,RHO,2026-06-23 13:10:00,FR1674,J,T426,197,0.9,INT,INT,C,1.0,11-T1,,
FR,7M8,BCN,2026-06-23 12:15:00,FR6275,J,FR,7M8,ACE,2026-06-23 13:30:00,FR5593,J,T427,197,0.9,INT,INT,C,1.0,15B-T1,,
KL,73H,AMS,2026-06-23 12:20:00,KL927,J,KL,73H,AMS,2026-06-23 13:10:00,KL928,J,T428,186,0.83,INT,INT,C,1.0,16A-T1,,
BA,32A,LHR,2026-06-23 12:25:00,BA1444,J,BA,32A,LHR,2026-06-23 13:10:00,BA1445,J,T429,180,0.89,DOM,DOM,C,0.5,9-T1,,
PC,32Q,SAW,2026-06-23 12:25:00,PC1187,J,PC,32Q,SAW,2026-06-23 13:35:00,PC1188,J,T430,239,0.89,INT,INT,C,1.0,16B-T1,,
EW,319,DUS,2026-06-23 12:30:00,EW9364,J,EW,319,DUS,2026-06-23 13:10:00,EW9365,J,T431,150,0.88,INT,INT,C,1.0,1B-T1,,
DY,7M8,OSL,2026-06-23 12:30:00,DY1354,J,DY,7M8,OSL,2026-06-23 13:10:00,DY1355,J,T432,189,0.78,INT,INT,C,1.0,1-T1,,
FR,7M8,MAD,2026-06-23 12:40:00,FR188,J,FR,7M8,BIQ,2026-06-23 14:40:00,FR6016,J,T433,197,0.9,INT,INT,C,1.0,3-T1,,
BA,E90,LCY,2026-06-23 12:45:00,BA8704,J,BA,E90,EAS,2026-06-23 13:25:00,BA2919,J,T434,106,0.89,DOM,INT,C,0.5,8-T1,,
U2,32A,BFS,2026-06-23 12:50:00,U2326,J,U2,32A,MUC,2026-06-23 13:30:00,U23263,J,T435,186,0.89,NIRISH,INT,C,1.0,6-T1,,
FR,73H,RZE,2026-06-23 12:50:00,FR4536,J,FR,73H,ORK,2026-06-23 15:10:00,FR3732,J,T436,189,0.9,INT,IRISH,C,1.0,102-T1,,
EI,AT7,DUB,2026-06-23 12:55:00,EI3254,J,EI,AT7,DUB,2026-06-23 13:25:00,EI3255,J,T437,72,0.81,IRISH,IRISH,C,1.0,1A-T1,,
U2,32A,STN,2026-06-23 13:05:00,U2310,J,U2,32A,MAD,2026-06-23 13:40:00,U23209,J,T438,186,0.89,DOM,INT,C,1.0,10-T1,,
LM,AT7,SYY,2026-06-23 13:05:00,LM344,J,LM,AT7,LSI,2026-06-23 16:45:00,LM357,J,T439,72,0.73,DOM,DOM,C,1.0,5-T1,,
RK,73H,STN,2026-06-23 13:25:00,RK8605,J,RK,73H,AGP,2026-06-23 14:35:00,RK5091,J,T440,189,0.86,DOM,INT,C,1.0,4-T1,,
U2,32A,NAP,2026-06-23 13:25:00,U23274,J,U2,32A,AMS,2026-06-23 14:15:00,U23303,J,T441,186,0.89,INT,INT,C,1.0,15A-T1,,
U2,32A,DBV,2026-06-23 13:30:00,U23320,J,U2,32A,DLM,2026-06-23 14:25:00,U23281,J,T442,186,0.89,INT,INT,C,1.0,1B-T1,,
EI,AT7,BHD,2026-06-23 13:35:00,EI3652,J,EI,AT7,BHD,2026-06-23 14:05:00,EI3653,J,T443,72,0.81,NIRISH,NIRISH,C,1.0,7-T1,,
LS,32Q,PMI,2026-06-23 13:35:00,LS718,J,LS,32Q,RHO,2026-06-23 14:35:00,LS725,J,T444,232,0.92,INT,INT,C,0.8,1-T1,,
QR,789,DOH,2026-06-23 13:40:00,QR29,J,QR,789,DOH,2026-06-23 15:10:00,QR30,J,T445,311,0.87,INT,INT,E,1.0,18-T1,,
LS,73H,MAH,2026-06-23 13:40:00,LS768,J,LS,73H,PVK,2026-06-23 14:45:00,LS761,J,T446,189,0.92,INT,INT,C,0.8,16A-T1,,
BY,7M8,PMI,2026-06-23 13:40:00,BY1267,C,BY,7M8,PMI,2026-06-23 15:10:00,BY1266,C,T447,189,0.97,INT,INT,C,1.0,25-T1,,
EC,32A,LIN,2026-06-23 13:40:00,EC5421,J,EC,32A,LIN,2026-06-23 14:10:00,EC5422,J,T448,174,0.88,INT,INT,C,1.0,11-T1,,
RK,73H,OTP,2026-06-23 13:45:00,RK5615,J,RK,73H,BOH,2026-06-23 15:50:00,RK1133,J,T449,189,0.86,INT,DOM,C,1.0,1A-T1,,
U2,32A,LGW,2026-06-23 13:45:00,U2812,J,U2,32A,LIS,2026-06-23 14:55:00,U23321,J,T450,186,0.89,DOM,INT,C,1.0,9-T1,,
FR,7M8,VLC,2026-06-23 13:50:00,FR1093,J,FR,7M8,TFS,2026-06-23 14:50:00,FR2980,J,T451,197,0.9,INT,INT,C,1.0,15B-T1,,
FR,7M8,DUB,2026-06-23 14:00:00,FR816,J,FR,7M8,BGY,2026-06-23 15:50:00,FR3646,J,T452,197,0.9,IRISH,INT,C,1.0,6-T1,,
EC,32A,BER,2026-06-23 14:15:00,EC5001,J,EC,32A,BER,2026-06-23 14:55:00,EC5002,J,T453,180,0.88,INT,INT,C,1.0,16B-T1,,
U2,32N,CDG,2026-06-23 14:20:00,U23242,J,U2,32N,HER,2026-06-23 15:30:00,U23223,J,T454,186,0.89,INT,INT,C,1.0,14-T1,,
U2,32A,NBE,2026-06-23 14:25:00,U23330,J,U2,319,LTN,2026-06-23 15:35:00,U2602,J,T455,186,0.89,INT,DOM,C,1.0,24-T1,,
LS,73H,FAO,2026-06-23 14:30:00,LS770,J,LS,73H,TFS,2026-06-23 15:35:00,LS739,J,T456,189,0.92,INT,INT,C,0.8,10-T1,,
D8,7M8,CPH,2026-06-23 14:30:00,D83502,J,D8,7M8,CPH,2026-06-23 15:10:00,D83503,J,T457,189,0.86,INT,INT,C,1.0,11-T1,,
U2,32N,BHX,2026-06-23 14:35:00,U2334,J,U2,32N,BFS,2026-06-23 15:35:00,U2327,J,T458,186,0.89,DOM,NIRISH,C,1.0,2-T1,,
LS,32Q,ALC,2026-06-23 14:35:00,LS776,J,LS,32Q,ACE,2026-06-23 16:05:00,LS705,J,T459,232,0.92,INT,INT,C,0.8,15A-T1,,
BA,320,LHR,2026-06-23 14:45:00,BA1450,J,BA,320,LHR,2026-06-23 15:35:00,BA1451,J,T460,180,0.89,DOM,DOM,C,0.5,8-T1,,
WK,320,ZRH,2026-06-23 14:45:00,WK290,J,WK,320,ZRH,2026-06-23 15:35:00,WK291,J,T461,180,0.61,INT,INT,C,1.0,7-T1,,
FR,73H,ORK,2026-06-23 14:45:00,FR3731,J,FR,73H,GDN,2026-06-23 17:25:00,FR6124,J,T462,189,0.9,IRISH,INT,C,1.0,1B-T1,,
EI,AT7,DUB,2026-06-23 15:00:00,EI3256,J,EI,AT7,DUB,2026-06-23 15:30:00,EI3257,J,T464,72,0.81,IRISH,IRISH,C,1.0,1-T1,,
LS,73H,NAP,2026-06-23 15:05:00,LS724,J,LS,73H,KGS,2026-06-23 16:05:00,LS733,J,T465,189,0.92,INT,INT,C,0.8,16A-T1,,
U2,319,LTN,2026-06-23 15:05:00,U2601,J,U2,32A,CFU,2026-06-23 15:45:00,U23233,J,T466,156,0.89,DOM,INT,C,1.0,4-T1,,
LS,32Q,IBZ,2026-06-23 15:05:00,LS790,J,LS,32Q,REU,2026-06-24 06:15:00,LS799,J,T467,232,0.92,INT,INT,C,0.8,30-T1,,
FR,7M8,BLQ,2026-06-23 15:10:00,FR2454,J,FR,7M8,CIA,2026-06-23 16:00:00,FR5589,J,T468,197,0.9,INT,INT,C,1.0,15B-T1,,
LM,AT7,EXT,2026-06-23 15:10:00,LM316,J,LM,AT7,SOU,2026-06-23 17:40:00,LM329,J,T469,72,0.73,DOM,DOM,C,1.0,3-T1,,
FR,7M8,BGY,2026-06-23 15:25:00,FR3645,J,FR,7M8,DUB,2026-06-23 16:20:00,FR851,J,T470,197,0.9,INT,IRISH,C,1.0,16B-T1,,
LS,73H,KLX,2026-06-23 15:30:00,LS3904,J,LS,73H,MLA,2026-06-24 06:00:00,LS3921,J,T471,189,0.92,INT,INT,C,0.8,104-T1,,
U2,32A,ZRH,2026-06-23 15:45:00,U23296,J,U2,32A,BRS,2026-06-23 16:55:00,U2218,J,T472,186,0.89,INT,DOM,C,1.0,11-T1,,
FR,7M8,MLA,2026-06-23 15:55:00,FR6696,J,FR,7M8,WRO,2026-06-23 16:50:00,FR1159,J,T473,197,0.9,INT,INT,C,1.0,17-T1,,
FR,7M8,DUB,2026-06-23 15:55:00,FR850,J,FR,7M8,SOF,2026-06-23 16:50:00,FR5160,J,T474,197,0.9,IRISH,INT,C,1.0,1-T1,,
TK,32Q,IST,2026-06-23 15:55:00,TK1345,J,TK,32Q,IST,2026-06-23 16:55:00,TK1346,J,T475,190,0.87,INT,INT,C,1.0,10-T1,,
KL,32Q,AMS,2026-06-23 16:10:00,KL931,J,KL,32Q,AMS,2026-06-23 17:05:00,KL932,J,T476,227,0.83,INT,INT,C,1.0,14-T1,,
U2,32A,BRS,2026-06-23 16:25:00,U2217,J,U2,32A,BHD,2026-06-23 17:10:00,U2321,J,T477,186,0.89,DOM,NIRISH,C,1.0,1A-T1,,
LH,321,MUC,2026-06-23 16:25:00,LH2524,J,LH,321,MUC,2026-06-23 17:10:00,LH2525,J,T478,195,0.91,INT,INT,C,1.0,15A-T1,,
AF,223,CDG,2026-06-23 16:30:00,AF1486,J,AF,223,CDG,2026-06-23 17:25:00,AF1487,J,T479,148,0.84,INT,INT,C,1.0,16A-T1,,
EI,AT7,BHD,2026-06-23 16:35:00,EI3656,J,EI,AT7,BHD,2026-06-23 17:05:00,EI3657,J,T480,72,0.81,NIRISH,NIRISH,C,1.0,4-T1,,
BA,320,LHR,2026-06-23 16:35:00,BA1454,J,BA,320,LHR,2026-06-23 17:25:00,BA1455,J,T481,180,0.89,DOM,DOM,C,0.5,2-T1,,
U2,32A,ATH,2026-06-23 16:40:00,U23226,J,U2,32A,NCE,2026-06-23 18:20:00,U23245,J,T482,186,0.89,INT,INT,C,1.0,9-T1,,
FR,73H,BZR,2026-06-23 16:40:00,FR7835,J,FR,73H,AGP,2026-06-23 17:40:00,FR5663,J,T483,189,0.9,INT,INT,C,1.0,15B-T1,,
FR,73H,GDN,2026-06-23 17:00:00,FR6123,J,FR,73H,KRK,2026-06-23 18:00:00,FR6624,J,T484,189,0.9,INT,INT,C,1.0,6-T1,,
LM,AT7,SOU,2026-06-23 17:00:00,LM326,J,LM,AT7,KOI,2026-06-23 17:20:00,LM397,J,T485,72,0.73,DOM,DOM,C,1.0,7-T1,,
LH,32Q,FRA,2026-06-23 17:05:00,LH962,J,LH,32Q,FRA,2026-06-23 17:50:00,LH963,J,T486,204,0.91,INT,INT,C,1.0,16B-T1,,
FR,7M8,BER,2026-06-23 17:10:00,FR2377,J,FR,7M8,PRG,2026-06-23 17:35:00,FR1054,J,T487,197,0.9,INT,INT,C,1.0,17-T1,,
BA,E90,LCY,2026-06-23 17:10:00,BA8706,J,BA,E90,LCY,2026-06-23 17:45:00,BA8709,J,T488,106,0.89,DOM,DOM,C,0.5,1-T1,,
AY,E90,HEL,2026-06-23 17:20:00,AY1373,J,AY,E90,HEL,2026-06-23 18:05:00,AY1374,J,T489,100,0.93,INT,INT,C,1.0,10-T1,,
FR,73H,BCN,2026-06-23 17:30:00,FR6267,J,FR,73H,BCN,2026-06-23 18:10:00,FR6266,J,T490,189,0.9,INT,INT,C,1.0,11-T1,,
FR,7M8,DUB,2026-06-23 17:30:00,FR808,J,FR,7M8,DUB,2026-06-23 17:55:00,FR809,J,T491,197,0.9,IRISH,IRISH,C,1.0,1A-T1,,
BA,320,LHR,2026-06-23 17:35:00,BA1458,J,BA,320,LHR,2026-06-23 18:30:00,BA1459,J,T492,180,0.89,DOM,DOM,C,0.5,4-T1,,
FR,73H,CRL,2026-06-23 17:35:00,FR7353,J,FR,73H,MRS,2026-06-23 20:15:00,FR1287,J,T493,189,0.9,INT,INT,C,1.0,15A-T1,,
U2,32A,AMS,2026-06-23 17:50:00,U23304,J,U2,32N,CDG,2026-06-23 18:25:00,U23243,J,T494,186,0.89,INT,INT,C,1.0,16A-T1,,
U2,32N,BFS,2026-06-23 17:50:00,U2328,J,U2,32A,LGW,2026-06-23 18:30:00,U2817,J,T495,186,0.89,NIRISH,DOM,C,1.0,24-T1,,
FR,7M8,LPA,2026-06-23 18:15:00,FR6697,J,FR,7M8,OPO,2026-06-23 19:10:00,FR5679,J,T496,197,0.9,INT,INT,C,1.0,15B-T1,,
SK,32N,CPH,2026-06-23 18:25:00,SK2513,J,SK,32N,CPH,2026-06-23 19:10:00,SK2514,J,T497,180,0.88,INT,INT,C,1.0,10-T1,,
BA,32Q,LHR,2026-06-23 18:35:00,BA1460,J,BA,32Q,LHR,2026-06-23 20:30:00,BA1461,J,T498,220,0.89,DOM,DOM,C,0.5,2-T1,,
BA,E90,LCY,2026-06-23 18:40:00,BA8712,J,BA,E90,LCY,2026-06-23 19:15:00,BA8717,J,T499,106,0.89,DOM,DOM,C,0.5,1-T1,,
FR,7M8,BVA,2026-06-23 18:55:00,FR5592,J,FR,7M8,BVA,2026-06-23 19:20:00,FR5591,J,T500,197,0.9,INT,INT,C,1.0,17-T1,,
U2,32A,MUC,2026-06-23 18:55:00,U23264,J,U2,32A,BHX,2026-06-23 19:30:00,U2335,J,T501,186,0.89,INT,DOM,C,1.0,16A-T1,,
RK,73H,BOH,2026-06-23 19:05:00,RK1132,J,RK,73H,BFS,2026-06-23 22:15:00,RK179,J,T502,189,0.86,DOM,NIRISH,C,1.0,4-T1,,
EI,AT7,DUB,2026-06-23 19:05:00,EI3556,J,EI,AT7,DUB,2026-06-23 19:40:00,EI3557,J,T503,72,0.81,IRISH,IRISH,C,1.0,1A-T1,,
EI,AT7,BHD,2026-06-23 19:25:00,EI3658,J,EI,AT7,BHD,2026-06-23 19:55:00,EI3659,J,T505,72,0.81,NIRISH,NIRISH,C,1.0,3-T1,,
FR,7M8,BUD,2026-06-23 19:25:00,FR1078,J,FR,7M8,BUD,2026-06-23 19:50:00,FR1077,J,T506,197,0.9,INT,INT,C,1.0,11-T1,,
U2,32A,BHD,2026-06-23 19:25:00,U2322,J,U2,32A,STN,2026-06-23 20:15:00,U2313,J,T507,186,0.89,NIRISH,DOM,C,1.0,6-T1,,
FR,7M8,FAO,2026-06-23 19:30:00,FR5668,J,FR,7M8,FAO,2026-06-23 19:55:00,FR5667,J,T508,197,0.9,INT,INT,C,1.0,15B-T1,,
FR,73H,MRS,2026-06-23 19:50:00,FR1286,J,FR,73H,PMI,2026-06-23 20:25:00,FR9189,J,T509,189,0.9,INT,INT,C,1.0,10-T1,,
EI,AT7,DUB,2026-06-23 19:50:00,EI3258,J,EI,AT7,DUB,2026-06-23 20:30:00,EI3259,J,T510,72,0.81,IRISH,IRISH,C,1.0,1-T1,,
FR,7M8,BIQ,2026-06-23 19:50:00,FR6015,J,FR,7M8,CPH,2026-06-23 20:15:00,FR2674,J,T511,197,0.9,INT,INT,C,1.0,16A-T1,,
EK,359,DXB,2026-06-23 20:05:00,EK23,J,EK,359,DXB,2026-06-23 22:00:00,EK24,J,T513,312,0.93,INT,INT,E,1.0,18-T1,,
LM,AT7,LSI,2026-06-23 20:10:00,LM356,J,LM,AT7,SOU,2026-06-24 06:40:00,LM321,J,T514,72,0.73,DOM,DOM,C,1.0,5-T1,,
U2,32A,MAD,2026-06-23 20:15:00,U23210,J,U2,32A,BFS,2026-06-23 20:45:00,U2329,J,T516,186,0.89,INT,NIRISH,C,1.0,15B-T1,,
BA,E90,LCY,2026-06-23 20:20:00,BA8710,J,BA,E90,LCY,2026-06-24 07:00:00,BA8711,J,T517,106,0.89,DOM,DOM,C,0.5,8-T1,,
BA,32Q,LHR,2026-06-23 20:30:00,BA1462,J,BA,32Q,LHR,2026-06-23 21:15:00,BA1463,J,T518,220,0.89,DOM,DOM,C,0.5,3-T1,,
U2,32A,LTN,2026-06-23 21:15:00,U2605,J,U2,32N,BRS,2026-06-23 21:50:00,U2220,J,T521,186,0.89,DOM,DOM,C,1.0,6-T1,,
U2,32N,BRS,2026-06-23 21:20:00,U2219,J,U2,32A,LTN,2026-06-23 21:55:00,U2606,J,T522,186,0.89,DOM,DOM,C,1.0,16B-T1,,
FR,7M8,DUB,2026-06-23 21:35:00,FR812,J,FR,7M8,DUB,2026-06-23 22:00:00,FR813,J,T523,197,0.9,IRISH,IRISH,C,1.0,1A-T1,,
BA,32N,LHR,2026-06-23 21:35:00,BA1464,J,BA,320,LHR,2026-06-24 05:40:00,BA1467,J,T524,180,0.89,DOM,DOM,C,0.5,9-T1,,
U2,32A,LIS,2026-06-23 22:10:00,U23322,J,U2,32A,LGW,2026-06-24 05:40:00,U2807,J,T527,186,0.89,INT,DOM,C,1.0,1-T1,,
BA,320,LHR,2026-06-23 22:10:00,BA1466,J,BA,32N,LHR,2026-06-24 06:40:00,BA1465,J,T528,180,0.89,DOM,DOM,C,0.5,7-T1,,
U2,32A,LGW,2026-06-23 22:10:00,U2818,J,U2,32A,PRG,2026-06-24 06:00:00,U23325,J,T529,186,0.89,DOM,INT,C,1.0,1B-T1,,
U2,32A,BHX,2026-06-23 22:20:00,U2336,J,U2,32A,STN,2026-06-24 06:05:00,U2307,J,T530,186,0.89,DOM,DOM,C,1.0,24-T1,,
FR,7M8,CIA,2026-06-23 22:35:00,FR5590,J,FR,7M8,BCN,2026-06-24 05:45:00,FR6266,J,T531,197,0.9,INT,INT,C,1.0,15B-T1,,
FR,7M8,PRG,2026-06-23 22:35:00,FR1053,J,FR,7M8,CRL,2026-06-24 06:00:00,FR7322,J,T532,197,0.9,INT,INT,C,1.0,3-T1,,
U2,32N,CDG,2026-06-23 22:40:00,U23244,J,U2,32N,KEF,2026-06-24 06:10:00,U23315,J,T533,186,0.89,INT,INT,C,1.0,2-T1,,
FR,7M8,RHO,2026-06-23 22:50:00,FR1675,J,FR,7M8,TFS,2026-06-24 06:20:00,FR2969,J,T535,197,0.9,INT,INT,C,1.0,4-T1,,
U2,32A,BFS,2026-06-23 22:55:00,U2330,J,U2,32N,ALC,2026-06-24 06:30:00,U23205,J,T536,186,0.89,NIRISH,INT,C,1.0,1A-T1,,
FR,7M8,ACE,2026-06-23 23:05:00,FR5594,J,FR,7M8,WRO,2026-06-24 06:40:00,FR1159,J,T537,197,0.9,INT,INT,C,1.0,11-T1,,
KL,73H,AMS,2026-06-23 23:10:00,KL933,J,KL,73H,AMS,2026-06-24 05:45:00,KL922,J,T539,186,0.83,INT,INT,C,1.0,15A-T1,,
U2,32A,STN,2026-06-23 23:25:00,U2314,J,U2,32A,LJU,2026-06-24 06:45:00,U23217,J,T541,186,0.89,DOM,INT,C,1.0,25-T1,,
FR,7M8,SOF,2026-06-23 23:55:00,FR5161,J,FR,7M8,FUE,2026-06-24 07:15:00,FR5683,J,T543,197,0.9,INT,INT,C,1.0,27-T1,,
FR,7M8,WRO,2026-06-23 23:55:00,FR1158,J,FR,7M8,GOT,2026-06-24 07:25:00,FR5657,J,T544,197,0.9,INT,INT,C,1.0,14-T1,,
U2,32A,CFU,2026-06-24 00:20:00,U23234,J,U2,32A,LTN,2026-06-24 07:00:00,U2301,J,T545,186,0.89,INT,DOM,C,1.0,29-T1,,
RK,73H,BFS,2026-06-24 00:25:00,RK178,J,RK,73H,BFS,2026-06-24 07:15:00,RK5969,J,T546,189,0.86,NIRISH,NIRISH,C,1.0,6-T1,,
U2,32A,NCE,2026-06-24 00:25:00,U23246,J,U2,32A,LYS,2026-06-24 07:00:00,U23249,J,T547,186,0.89,INT,INT,C,1.0,28-T1,,
FR,7M8,TFS,2026-06-24 00:50:00,FR2981,J,FR,7M8,AGP,2026-06-24 08:45:00,FR5091,J,T550,197,0.9,INT,INT,C,1.0,100-T1,,
FR,73H,AGP,2026-06-24 00:55:00,FR5664,J,FR,73H,PMI,2026-06-24 07:45:00,FR6656,J,T551,189,0.9,INT,INT,C,1.0,103-T1,,
LS,32Q,RHO,2026-06-24 00:55:00,LS726,J,LS,32Q,PMI,2026-06-24 06:15:00,LS717,J,T552,232,0.92,INT,INT,C,0.8,17-T1,,
FR,7M8,OPO,2026-06-24 01:15:00,FR5680,J,FR,7M8,BUD,2026-06-24 08:50:00,FR1077,J,T553,197,0.9,INT,INT,C,1.0,31-T1,,
U2,32N,HER,2026-06-24 01:20:00,U23224,J,U2,32A,BFS,2026-06-24 07:30:00,U2323,J,T554,186,0.89,INT,NIRISH,C,1.0,102-T1,,
LS,73H,KGS,2026-06-24 02:10:00,LS734,J,LS,73H,VRN,2026-06-24 06:45:00,LS703,J,T555,189,0.92,INT,INT,C,0.8,16A-T1,,
LS,73H,TFS,2026-06-24 02:10:00,LS740,J,LS,73H,DBV,2026-06-24 07:20:00,LS791,J,T556,189,0.92,INT,INT,C,0.8,10-T1,,
LS,32Q,ACE,2026-06-24 02:15:00,LS706,J,LS,32Q,AGP,2026-06-24 06:30:00,LS759,J,T557,232,0.92,INT,INT,C,0.8,16B-T1,,
NPT,73K,EMA,2026-06-24 02:25:00,NPT4N,M,NPT,73K,EMA,2026-06-24 23:00:00,NPT4S,M,T558,0,0.0,DOM,DOM,C,1.0,314-T1,,
NPT,73K,EMA,2026-06-24 03:15:00,NPT5U,M,NPT,73K,EMA,2026-06-24 23:50:00,NPT5D,M,T559,0,0.0,DOM,DOM,C,1.0,212-FRT,,
D0,75C,LEJ,2026-06-24 05:50:00,D02134,F,D0,75C,LEJ,2026-06-24 20:10:00,D02135,F,T560,0,0.0,INT,INT,D,1.0,210-FRT,,
FX,73K,CDG,2026-06-24 06:05:00,FX4617,F,FX,73K,CDG,2026-06-24 20:05:00,FX4717,F,T561,0,0.0,INT,INT,C,1.0,106-T1,,
QR,789,DOH,2026-06-24 06:25:00,QR31,J,QR,789,DOH,2026-06-24 07:55:00,QR32,J,T562,311,0.87,INT,INT,E,1.0,15-T1,,
MUK,76X,EMA,2026-06-24 06:25:00,MUK6566,F,MUK,76X,EMA,2026-06-24 20:10:00,MUK6565,F,T563,0,0.0,DOM,DOM,D,1.0,211-FRT,,
HU,333,PEK,2026-06-24 07:00:00,HU407,J,HU,333,PEK,2026-06-24 12:00:00,HU408,J,T566,292,0.73,INT,INT,E,1.0,18-T1,,
DL,76W,BOS,2026-06-24 07:05:00,DL122,J,DL,76W,ATL,2026-06-24 09:00:00,DL35,J,T567,216,0.85,INT,INT,D,1.0,2-T1,,
AC,789,YYZ,2026-06-24 07:20:00,AC806,J,AC,789,YYZ,2026-06-24 09:00:00,AC807,J,T568,298,0.85,INT,INT,E,1.0,4A-T1,,
AA,788,PHL,2026-06-24 07:30:00,AA278,J,AA,788,PHL,2026-06-24 11:25:00,AA279,J,T569,234,0.89,INT,INT,E,1.0,16-T1,,
AC,32Q,YUL,2026-06-24 07:40:00,AC936,J,AC,32Q,YUL,2026-06-24 09:15:00,AC937,J,T570,182,0.85,INT,INT,C,1.0,11-T1,,
WK,320,ZRH,2026-06-24 07:40:00,WK290,J,WK,320,ZRH,2026-06-24 08:40:00,WK291,J,T571,180,0.61,INT,INT,C,1.0,1A-T1,,
AY,E90,HEL,2026-06-24 07:40:00,AY1371,J,AY,E90,HEL,2026-06-24 08:25:00,AY1372,J,T572,100,0.93,INT,INT,C,1.0,33-T1,,
FR,7M8,SNN,2026-06-24 07:50:00,FR1676,J,FR,7M8,PRG,2026-06-24 08:55:00,FR1054,J,T573,197,0.9,IRISH,INT,C,1.0,9-T1,,
EI,AT7,BHD,2026-06-24 07:55:00,EI3650,J,EI,AT7,BHD,2026-06-24 08:25:00,EI3651,J,T574,72,0.81,NIRISH,NIRISH,C,1.0,1B-T1,,
FR,320,VIE,2026-06-24 07:55:00,FR1624,J,FR,320,VIE,2026-06-24 08:35:00,FR1625,J,T575,180,0.9,INT,INT,C,1.0,8-T1,,
EI,AT7,DUB,2026-06-24 08:00:00,EI3250,J,EI,AT7,DUB,2026-06-24 08:35:00,EI3251,J,T576,72,0.81,IRISH,IRISH,C,1.0,28-T1,,
UA,75W,EWR,2026-06-24 08:05:00,UA36,J,UA,75W,EWR,2026-06-24 09:40:00,UA37,J,T577,176,0.84,INT,INT,D,1.0,1-T1,,
SK,32N,ARN,2026-06-24 08:10:00,SK2541,J,SK,32N,ARN,2026-06-24 09:00:00,SK2542,J,T578,180,0.88,INT,INT,C,1.0,14-T1,,
BA,320,LHR,2026-06-24 08:10:00,BA1436,J,BA,320,LHR,2026-06-24 09:15:00,BA1437,J,T579,180,0.89,DOM,DOM,C,0.5,7-T1,,
BA,E90,LCY,2026-06-24 08:15:00,BA8700,J,BA,E90,LCY,2026-06-24 08:50:00,BA8703,J,T580,106,0.89,DOM,DOM,C,0.5,103-T1,,
FR,7M8,AGP,2026-06-24 08:20:00,FR5090,J,FR,7M8,ALC,2026-06-24 09:00:00,FR5579,J,T581,197,0.9,INT,INT,C,1.0,10-T1,,
DS,32A,GVA,2026-06-24 08:20:00,DS1587,J,DS,32A,GVA,2026-06-24 08:55:00,DS1588,J,T582,186,0.84,INT,INT,C,1.0,15B-T1,,
FR,7M8,BUD,2026-06-24 08:25:00,FR1078,J,FR,7M8,OPO,2026-06-24 09:15:00,FR9468,J,T583,197,0.9,INT,INT,C,1.0,102-T1,,
UA,75W,ORD,2026-06-24 08:25:00,UA118,J,UA,75W,ORD,2026-06-24 11:30:00,UA119,J,T584,176,0.84,INT,INT,D,1.0,6-T1,,
KL,73W,AMS,2026-06-24 08:30:00,KL923,J,KL,73W,AMS,2026-06-24 09:15:00,KL924,J,T585,142,0.83,INT,INT,C,1.0,15A-T1,,
EI,AT7,DUB,2026-06-24 08:30:00,EI3552,J,EI,AT7,DUB,2026-06-24 09:15:00,EI3553,J,T586,72,0.81,IRISH,IRISH,C,1.0,32-T1,,
A3,32N,ATH,2026-06-24 08:30:00,A3632,J,A3,32N,ATH,2026-06-24 09:20:00,A3633,J,T587,180,0.91,INT,INT,C,1.0,30-T1,,
U2,32A,BRS,2026-06-24 08:30:00,U2213,J,U2,32A,BRS,2026-06-24 09:00:00,U2214,J,T588,186,0.89,DOM,DOM,C,1.0,24-T1,,
AA,32X,JFK,2026-06-24 08:30:00,AA82,J,AA,32X,JFK,2026-06-24 10:30:00,AA83,J,T589,155,0.89,INT,INT,C,1.0,27-T1,,
FR,7M8,ALC,2026-06-24 08:35:00,FR5578,J,FR,7M8,DUB,2026-06-24 09:20:00,FR817,J,T590,197,0.9,INT,IRISH,C,1.0,25-T1,,
FR,7M8,OPO,2026-06-24 08:50:00,FR9467,J,FR,7M8,KUN,2026-06-24 10:05:00,FR2886,J,T591,197,0.9,INT,INT,C,1.0,1B-T1,,
EI,AT7,DUB,2026-06-24 09:05:00,EI3550,J,EI,AT7,DUB,2026-06-24 09:40:00,EI3551,J,T592,72,0.81,IRISH,IRISH,C,1.0,1A-T1,,
DL,76W,JFK,2026-06-24 09:20:00,DL208,J,DL,76W,BOS,2026-06-24 11:20:00,DL123,J,T593,216,0.85,INT,INT,D,1.0,2-T1,,
B6,32Q,JFK,2026-06-24 09:20:00,B673,J,B6,32Q,BOS,2026-06-24 11:30:00,B61080,J,T594,156,0.83,INT,INT,C,1.0,10-T1,,
U2,32A,STN,2026-06-24 09:20:00,U2308,J,U2,32A,STN,2026-06-24 09:50:00,U2311,J,T595,186,0.89,DOM,DOM,C,1.0,24-T1,,
BA,320,LHR,2026-06-24 09:20:00,BA1440,J,BA,320,LHR,2026-06-24 10:25:00,BA1441,J,T596,180,0.89,DOM,DOM,C,0.5,8-T1,,
TK,32Q,IST,2026-06-24 09:40:00,TK1343,J,TK,32Q,IST,2026-06-24 10:40:00,TK1344,J,T597,190,0.87,INT,INT,C,1.0,3-T1,,
FR,7M8,KUN,2026-06-24 09:40:00,FR2885,J,FR,7M8,CPH,2026-06-24 10:55:00,FR3760,J,T598,197,0.9,INT,INT,C,1.0,4-T1,,
U2,32A,BFS,2026-06-24 09:45:00,U2324,J,U2,32A,KRK,2026-06-24 10:20:00,U23313,J,T599,186,0.89,NIRISH,INT,C,1.0,11-T1,,
U2,32A,LGW,2026-06-24 09:45:00,U2808,J,U2,32A,AMS,2026-06-24 10:45:00,U23301,J,T600,186,0.89,DOM,INT,C,1.0,9-T1,,
LM,AT7,KOI,2026-06-24 09:50:00,LM392,J,LM,AT7,SYY,2026-06-24 10:20:00,LM343,J,T601,72,0.73,DOM,DOM,C,1.0,7-T1,,
FR,7M8,CRL,2026-06-24 09:55:00,FR7323,J,FR,7M8,FNC,2026-06-24 11:15:00,FR6674,J,T602,197,0.9,INT,INT,C,1.0,15B-T1,,
BA,E90,LCY,2026-06-24 10:00:00,BA8702,J,BA,E90,LCY,2026-06-24 10:40:00,BA8715,J,T603,106,0.89,DOM,DOM,C,0.5,5-T1,,
B6,32Q,BOS,2026-06-24 10:00:00,B61079,J,B6,32Q,JFK,2026-06-24 12:10:00,B672,J,T604,156,0.83,INT,INT,C,1.0,15A-T1,,
FR,73H,SVQ,2026-06-24 10:05:00,FR6761,J,FR,73H,ORK,2026-06-24 13:35:00,FR3732,J,T605,189,0.9,INT,IRISH,C,1.0,28-T1,,
WS,7M8,YYZ,2026-06-24 10:10:00,WS36,J,WS,7M8,YYZ,2026-06-24 11:30:00,WS37,J,T606,174,0.89,INT,INT,C,1.0,1A-T1,,
U2,32A,BHX,2026-06-24 10:10:00,U2332,J,U2,32A,CDG,2026-06-24 10:45:00,U23241,J,T607,186,0.89,DOM,INT,C,1.0,24-T1,,
U2,32A,LTN,2026-06-24 10:15:00,U2302,J,U2,32A,RHO,2026-06-24 12:05:00,U23227,J,T608,186,0.89,DOM,INT,C,1.0,25-T1,,
UA,75W,IAD,2026-06-24 10:35:00,UA978,J,UA,75W,IAD,2026-06-24 12:30:00,UA979,J,T610,176,0.84,INT,INT,D,1.0,1-T1,,
AF,223,CDG,2026-06-24 10:40:00,AF1686,J,AF,223,CDG,2026-06-24 11:35:00,AF1687,J,T611,148,0.84,INT,INT,C,1.0,11-T1,,
LM,AT7,SOU,2026-06-24 10:40:00,LM322,J,LM,AT7,SOU,2026-06-24 13:00:00,LM325,J,T612,72,0.73,DOM,DOM,C,1.0,7-T1,,
EI,AT7,DUB,2026-06-24 10:40:00,EI3554,J,EI,AT7,DUB,2026-06-24 11:10:00,EI3555,J,T613,72,0.81,IRISH,IRISH,C,1.0,1B-T1,,
FR,7M8,FNC,2026-06-24 10:50:00,FR6673,J,FR,7M8,POZ,2026-06-24 12:00:00,FR6618,J,T614,197,0.9,INT,INT,C,1.0,14-T1,,
U2,32A,PRG,2026-06-24 11:20:00,U23326,J,U2,32N,MAD,2026-06-24 12:30:00,U23209,J,T615,186,0.89,INT,INT,C,1.0,3-T1,,
BA,32Q,LHR,2026-06-24 11:35:00,BA1434,J,BA,32Q,LHR,2026-06-24 12:50:00,BA1435,J,T616,220,0.89,DOM,DOM,C,0.5,24-T1,,
FR,7M8,GOT,2026-06-24 11:35:00,FR5658,J,FR,7M8,WMI,2026-06-24 12:25:00,FR4524,J,T617,197,0.9,INT,INT,C,1.0,15B-T1,,
EI,AT7,DUB,2026-06-24 11:40:00,EI3252,J,EI,AT7,DUB,2026-06-24 12:20:00,EI3253,J,T618,72,0.81,IRISH,IRISH,C,1.0,9-T1,,
U2,32N,KEF,2026-06-24 11:40:00,U23316,J,U2,32A,BHD,2026-06-24 12:35:00,U2321,J,T619,186,0.89,INT,NIRISH,C,1.0,4-T1,,
SN,319,BRU,2026-06-24 11:50:00,SN2063,J,SN,319,BRU,2026-06-24 12:40:00,SN2064,J,T620,141,0.84,INT,INT,C,1.0,16A-T1,,
DL,76W,ATL,2026-06-24 11:50:00,DL34,J,DL,76W,JFK,2026-06-24 14:05:00,DL209,J,T621,216,0.85,INT,INT,D,1.0,2-T1,,
FR,7M8,DUB,2026-06-24 11:55:00,FR816,J,FR,7M8,PIS,2026-06-24 12:25:00,FR7118,J,T622,197,0.9,IRISH,INT,C,1.0,1B-T1,,
XQ,73H,AYT,2026-06-24 11:55:00,XQ598,J,XQ,73H,AYT,2026-06-24 12:45:00,XQ599,J,T623,189,0.8,INT,INT,C,1.0,1A-T1,,
FR,7M8,BCN,2026-06-24 12:00:00,FR6267,J,FR,7M8,ACE,2026-06-24 13:25:00,FR5593,J,T624,197,0.9,INT,INT,C,1.0,11-T1,,
U2,32A,LYS,2026-06-24 12:00:00,U23250,J,U2,32A,PFO,2026-06-24 12:45:00,U23317,J,T625,186,0.89,INT,INT,C,1.0,16B-T1,,
FR,7M8,WRO,2026-06-24 12:00:00,FR1158,J,FR,7M8,TFS,2026-06-24 14:55:00,FR2980,J,T626,197,0.9,INT,INT,C,1.0,100-T1,,
LH,320,FRA,2026-06-24 12:05:00,LH960,J,LH,320,FRA,2026-06-24 12:50:00,LH961,J,T627,168,0.91,INT,INT,C,1.0,10-T1,,
U2,32A,BRS,2026-06-24 12:10:00,U2217,J,U2,32A,BRS,2026-06-24 12:45:00,U2218,J,T628,186,0.89,DOM,DOM,C,1.0,6-T1,,
KL,73H,AMS,2026-06-24 12:20:00,KL927,J,KL,73H,AMS,2026-06-24 13:10:00,KL928,J,T629,186,0.83,INT,INT,C,1.0,14-T1,,
PC,32N,SAW,2026-06-24 12:25:00,PC1187,J,PC,32N,SAW,2026-06-24 13:35:00,PC1188,J,T630,186,0.89,INT,INT,C,1.0,25-T1,,
VS,351,MAN,2026-06-24 12:45:00,VS810P,P,VS,351,MCO,2026-06-24 14:20:00,VS225,J,T631,0,0.8,DOM,INT,E,1.0,15-T1,,
U2,32A,LJU,2026-06-24 12:45:00,U23218,J,U2,32A,LGW,2026-06-24 13:45:00,U2811,J,T632,186,0.89,INT,DOM,C,1.0,1B-T1,,
BA,32N,LHR,2026-06-24 12:50:00,BA1446,J,BA,32N,LHR,2026-06-24 13:40:00,BA1447,J,T633,180,0.89,DOM,DOM,C,0.5,9-T1,,
LS,32Q,REU,2026-06-24 12:55:00,LS800,J,LS,32Q,AYT,2026-06-24 13:50:00,LS709,J,T634,232,0.92,INT,INT,C,0.8,4-T1,,
EI,AT7,DUB,2026-06-24 12:55:00,EI3254,J,EI,AT7,DUB,2026-06-24 13:25:00,EI3255,J,T635,72,0.81,IRISH,IRISH,C,1.0,5-T1,,
U2,32A,STN,2026-06-24 13:05:00,U2312,J,U2,32A,AYT,2026-06-24 13:55:00,U23285,J,T636,186,0.89,DOM,INT,C,1.0,6-T1,,
EC,32A,BER,2026-06-24 13:05:00,EC5001,J,EC,32A,BER,2026-06-24 13:45:00,EC5002,J,T638,180,0.88,INT,INT,C,1.0,16A-T1,,
FR,73H,MAD,2026-06-24 13:10:00,FR188,J,FR,73H,LIS,2026-06-24 15:00:00,FR479,J,T639,189,0.9,INT,INT,C,1.0,3-T1,,
LS,73H,VRN,2026-06-24 13:15:00,LS704,J,LS,73H,CTA,2026-06-24 15:35:00,LS815,J,T640,189,0.92,INT,INT,C,0.8,27-T1,,
LS,32Q,PMI,2026-06-24 13:15:00,LS718,J,LS,32Q,PFO,2026-06-24 14:15:00,LS797,J,T641,232,0.92,INT,INT,C,0.8,16B-T1,,
FI,7M8,KEF,2026-06-24 13:20:00,FI434,J,FI,7M8,KEF,2026-06-24 14:15:00,FI435,J,T642,160,0.86,INT,INT,C,1.0,1A-T1,,
U2,32N,ALC,2026-06-24 13:20:00,U23206,J,U2,32A,TFS,2026-06-24 15:15:00,U23201,J,T643,186,0.89,INT,INT,C,1.0,29-T1,,
EW,32A,DUS,2026-06-24 13:25:00,EW9364,J,EW,32A,STR,2026-06-24 14:05:00,EW2481,J,T644,180,0.88,INT,INT,C,1.0,10-T1,,
LM,AT7,IOM,2026-06-24 13:25:00,LM314,J,LM,AT7,IOM,2026-06-24 13:55:00,LM313,J,T645,72,0.73,INT,INT,C,1.0,7-T1,,
RK,73H,TIA,2026-06-24 13:35:00,RK8295,J,RK,73H,RAK,2026-06-24 15:15:00,RK514,J,T646,189,0.86,INT,INT,C,1.0,1-T1,,
EI,AT7,BHD,2026-06-24 13:35:00,EI3652,J,EI,AT7,BHD,2026-06-24 14:05:00,EI3653,J,T647,72,0.81,NIRISH,NIRISH,C,1.0,8-T1,,
EC,32A,LIN,2026-06-24 13:40:00,EC5421,J,EC,32A,LIN,2026-06-24 14:10:00,EC5422,J,T648,174,0.88,INT,INT,C,1.0,14-T1,,
QR,789,DOH,2026-06-24 13:40:00,QR29,J,QR,789,DOH,2026-06-24 15:10:00,QR30,J,T649,311,0.87,INT,INT,E,1.0,18-T1,,
LM,AT7,LSI,2026-06-24 13:50:00,LM352,J,LM,AT7,SOU,2026-06-24 17:40:00,LM329,J,T650,72,0.73,DOM,DOM,C,1.0,5-T1,,
FR,7M8,PRG,2026-06-24 14:05:00,FR1053,J,FR,7M8,DUB,2026-06-24 16:05:00,FR813,J,T651,197,0.9,INT,IRISH,C,1.0,9-T1,,
LS,32Q,AGP,2026-06-24 14:20:00,LS760,J,LS,32Q,LCA,2026-06-24 15:20:00,LS721,J,T652,232,0.92,INT,INT,C,0.8,16A-T1,,
RK,73H,STN,2026-06-24 14:25:00,RK1273,J,RK,73H,STN,2026-06-24 18:35:00,RK8604,J,T653,189,0.86,DOM,DOM,C,1.0,6-T1,,
U2,32A,AMS,2026-06-24 14:25:00,U23302,J,U2,319,LTN,2026-06-24 15:40:00,U2602,J,T654,186,0.89,INT,DOM,C,1.0,11-T1,,
LS,73H,FAO,2026-06-24 14:30:00,LS770,J,LS,73H,TFS,2026-06-24 15:35:00,LS751,J,T655,189,0.92,INT,INT,C,0.8,10-T1,,
D8,7M8,CPH,2026-06-24 14:30:00,D83502,J,D8,7M8,CPH,2026-06-24 15:10:00,D83503,J,T656,189,0.86,INT,INT,C,1.0,2-T1,,
BA,32Q,LHR,2026-06-24 14:35:00,BA1450,J,BA,32Q,LHR,2026-06-24 15:25:00,BA1451,J,T657,220,0.89,DOM,DOM,C,0.5,4-T1,,
FR,73H,LIS,2026-06-24 14:35:00,FR478,J,FR,73H,MLA,2026-06-24 15:45:00,FR6695,J,T658,189,0.9,INT,INT,C,1.0,14-T1,,
LS,73H,MLA,2026-06-24 14:40:00,LS3922,J,LS,73H,LPA,2026-06-24 15:40:00,LS747,J,T659,189,0.92,INT,INT,C,0.8,15A-T1,,
FR,73H,PMI,2026-06-24 14:40:00,FR6657,J,FR,73H,BGY,2026-06-24 16:30:00,FR3646,J,T660,189,0.9,INT,INT,C,1.0,1A-T1,,
U2,32A,BHD,2026-06-24 14:50:00,U2322,J,U2,32A,HER,2026-06-24 16:10:00,U23223,J,T661,186,0.89,NIRISH,INT,C,1.0,25-T1,,
DY,73H,OSL,2026-06-24 15:00:00,DY1354,J,DY,73H,OSL,2026-06-24 15:45:00,DY1355,J,T662,186,0.78,INT,INT,C,1.0,15B-T1,,
LS,73H,DBV,2026-06-24 15:00:00,LS792,J,LS,73H,FUE,2026-06-24 16:10:00,LS745,J,T663,189,0.92,INT,INT,C,0.8,16B-T1,,
EI,AT7,DUB,2026-06-24 15:00:00,EI3256,J,EI,AT7,DUB,2026-06-24 15:30:00,EI3257,J,T664,72,0.81,IRISH,IRISH,C,1.0,1B-T1,,
U2,319,LTN,2026-06-24 15:10:00,U2601,J,U2,32A,AGA,2026-06-24 16:25:00,U23327,J,T665,156,0.89,DOM,INT,C,1.0,7-T1,,
U2,32A,CDG,2026-06-24 15:10:00,U23242,J,U2,32A,BFS,2026-06-24 17:00:00,U2327,J,T666,186,0.89,INT,NIRISH,C,1.0,24-T1,,
FR,7M8,CPH,2026-06-24 15:20:00,FR3759,J,FR,7M8,NAP,2026-06-24 17:00:00,FR7409,J,T667,197,0.9,INT,INT,C,1.0,3-T1,,
BA,E90,LCY,2026-06-24 15:25:00,BA8716,J,BA,E90,LCY,2026-06-24 16:10:00,BA8707,J,T668,106,0.89,DOM,DOM,C,0.5,8-T1,,
BA,32Q,LHR,2026-06-24 15:40:00,BA1452,J,BA,32Q,LHR,2026-06-24 16:30:00,BA1453,J,T669,220,0.89,DOM,DOM,C,0.5,16A-T1,,
FR,7M8,DUB,2026-06-24 15:40:00,FR812,J,FR,7M8,CIA,2026-06-24 17:15:00,FR5589,J,T670,197,0.9,IRISH,INT,C,1.0,1-T1,,
TK,32Q,IST,2026-06-24 15:55:00,TK1345,J,TK,32Q,IST,2026-06-24 16:55:00,TK1346,J,T671,190,0.87,INT,INT,C,1.0,10-T1,,
FR,73H,BGY,2026-06-24 16:05:00,FR3645,J,FR,73H,BLQ,2026-06-24 17:45:00,FR2453,J,T672,189,0.9,INT,INT,C,1.0,15B-T1,,
KL,32Q,AMS,2026-06-24 16:10:00,KL931,J,KL,32Q,AMS,2026-06-24 17:05:00,KL932,J,T673,227,0.83,INT,INT,C,1.0,4-T1,,
U2,32A,KRK,2026-06-24 16:20:00,U23314,J,U2,32N,NCE,2026-06-24 17:30:00,U23245,J,T674,186,0.89,INT,INT,C,1.0,17-T1,,
FR,7M8,TFS,2026-06-24 16:20:00,FR2970,J,FR,7M8,FAO,2026-06-24 17:35:00,FR5667,J,T675,197,0.9,INT,INT,C,1.0,11-T1,,
EI,AT7,BHD,2026-06-24 16:25:00,EI3656,J,EI,AT7,BHD,2026-06-24 16:55:00,EI3657,J,T676,72,0.81,NIRISH,NIRISH,C,1.0,9-T1,,
LH,321,MUC,2026-06-24 16:25:00,LH2524,J,LH,321,MUC,2026-06-24 17:10:00,LH2525,J,T677,195,0.91,INT,INT,C,1.0,15A-T1,,
BA,320,LHR,2026-06-24 16:30:00,BA1454,J,BA,32N,LHR,2026-06-24 18:45:00,BA1457,J,T678,180,0.89,DOM,DOM,C,0.5,8-T1,,
AF,223,CDG,2026-06-24 16:30:00,AF1486,J,AF,223,CDG,2026-06-24 17:25:00,AF1487,J,T679,148,0.84,INT,INT,C,1.0,16B-T1,,
FR,73H,ORK,2026-06-24 16:40:00,FR3731,J,FR,73H,VLC,2026-06-24 19:00:00,FR1092,J,T680,189,0.9,IRISH,INT,C,1.0,1B-T1,,
FR,7M8,PIS,2026-06-24 16:45:00,FR7119,J,FR,7M8,BCN,2026-06-24 17:50:00,FR6274,J,T681,197,0.9,INT,INT,C,1.0,14-T1,,
FR,7M8,FUE,2026-06-24 17:00:00,FR5684,J,FR,7M8,BRI,2026-06-24 18:00:00,FR4516,J,T682,197,0.9,INT,INT,C,1.0,25-T1,,
LM,AT7,SOU,2026-06-24 17:00:00,LM326,J,LM,AT7,KOI,2026-06-24 17:20:00,LM397,J,T683,72,0.73,DOM,DOM,C,1.0,7-T1,,
GR,AT7,GCI,2026-06-24 17:05:00,GR634,J,GR,AT7,GCI,2026-06-24 17:55:00,GR635,J,T684,72,0.92,INT,INT,C,1.0,1A-T1,,
LH,32Q,FRA,2026-06-24 17:05:00,LH962,J,LH,32Q,FRA,2026-06-24 17:50:00,LH963,J,T685,204,0.91,INT,INT,C,1.0,16A-T1,,
FR,7M8,POZ,2026-06-24 17:10:00,FR6619,J,FR,7M8,KRK,2026-06-24 19:00:00,FR6624,J,T686,197,0.9,INT,INT,C,1.0,2-T1,,
U2,32A,LGW,2026-06-24 17:40:00,U2812,J,U2,32A,BHX,2026-06-24 18:10:00,U2335,J,T687,186,0.89,DOM,DOM,C,1.0,4-T1,,
BA,32N,LHR,2026-06-24 18:00:00,BA1456,J,BA,320,LHR,2026-06-24 19:30:00,BA1455,J,T688,180,0.89,DOM,DOM,C,0.5,3-T1,,
FR,7M8,WMI,2026-06-24 18:10:00,FR4525,J,FR,7M8,BUD,2026-06-24 19:55:00,FR1017,J,T689,197,0.9,INT,INT,C,1.0,10-T1,,
RK,73H,NQY,2026-06-24 18:10:00,RK9362,J,RK,73H,BFS,2026-06-24 19:00:00,RK9451,J,T690,189,0.86,DOM,NIRISH,C,1.0,1-T1,,
SK,32N,CPH,2026-06-24 18:25:00,SK2513,J,SK,32N,CPH,2026-06-24 19:10:00,SK2514,J,T691,180,0.88,INT,INT,C,1.0,17-T1,,
IB,32N,MAD,2026-06-24 18:25:00,IB709,J,IB,32N,MAD,2026-06-24 19:10:00,IB710,J,T692,186,0.93,INT,INT,C,1.0,15A-T1,,
FR,73H,VLC,2026-06-24 18:35:00,FR1093,J,FR,73H,DUB,2026-06-24 20:00:00,FR815,J,T693,189,0.9,INT,IRISH,C,1.0,11-T1,,
EC,319,BCN,2026-06-24 18:35:00,EC7115,J,EC,319,BCN,2026-06-24 19:05:00,EC7116,J,T695,156,0.88,INT,INT,C,1.0,16B-T1,,
FR,320,PMI,2026-06-24 18:35:00,FR7344,J,FR,320,PMI,2026-06-24 19:00:00,FR7345,J,T696,180,0.9,INT,INT,C,1.0,15B-T1,,
BA,E90,LCY,2026-06-24 18:40:00,BA8712,J,BA,E90,LCY,2026-06-24 19:15:00,BA8717,J,T697,106,0.89,DOM,DOM,C,0.5,9-T1,,
EC,32N,AMS,2026-06-24 18:50:00,EC7837,J,EC,32N,AMS,2026-06-24 19:30:00,EC7838,J,T698,186,0.88,INT,INT,C,1.0,14-T1,,
EW,32A,STR,2026-06-24 18:55:00,EW2480,J,EW,32A,DUS,2026-06-24 19:35:00,EW9365,J,T699,180,0.88,INT,INT,C,1.0,16A-T1,,
U2,32N,MAD,2026-06-24 19:10:00,U23210,J,U2,32N,BFS,2026-06-24 19:45:00,U2329,J,T700,186,0.89,INT,NIRISH,C,1.0,6-T1,,
U2,32A,BFS,2026-06-24 19:15:00,U2328,J,U2,32A,STN,2026-06-24 20:05:00,U2313,J,T701,186,0.89,NIRISH,DOM,C,1.0,25-T1,,
EI,AT7,BHD,2026-06-24 19:25:00,EI3658,J,EI,AT7,BHD,2026-06-24 19:55:00,EI3659,J,T703,72,0.81,NIRISH,NIRISH,C,1.0,2-T1,,
BA,320,LHR,2026-06-24 19:30:00,BA1460,J,BA,320,LHR,2026-06-24 20:20:00,BA1461,J,T704,180,0.89,DOM,DOM,C,0.5,4-T1,,
FR,73H,DUB,2026-06-24 19:35:00,FR814,J,FR,73H,GDN,2026-06-24 21:20:00,FR6124,J,T705,189,0.9,IRISH,INT,C,1.0,1B-T1,,
EC,32Q,MXP,2026-06-24 19:35:00,EC3833,J,EC,32Q,MXP,2026-06-24 20:15:00,EC3838,J,T706,235,0.88,INT,INT,C,1.0,15A-T1,,
D8,320,BLL,2026-06-24 19:50:00,D83858,J,D8,320,BLL,2026-06-24 20:30:00,D83859,J,T707,180,0.86,INT,INT,C,1.0,15B-T1,,
EI,AT7,DUB,2026-06-24 19:50:00,EI3258,J,EI,AT7,DUB,2026-06-24 20:30:00,EI3259,J,T708,72,0.81,IRISH,IRISH,C,1.0,1-T1,,
DY,73H,OSL,2026-06-24 20:00:00,DY1356,J,DY,73H,OSL,2026-06-24 20:40:00,DY1357,J,T709,186,0.78,INT,INT,C,1.0,16A-T1,,
EK,359,DXB,2026-06-24 20:05:00,EK23,J,EK,359,DXB,2026-06-24 22:00:00,EK24,J,T710,312,0.93,INT,INT,E,1.0,18-T1,,
LM,AT7,LSI,2026-06-24 20:10:00,LM356,J,LM,AT7,SOU,2026-06-25 06:40:00,LM321,J,T712,72,0.73,DOM,DOM,C,1.0,5-T1,,
BA,E90,LCY,2026-06-24 20:20:00,BA8710,J,BA,E90,LCY,2026-06-25 06:20:00,BA8701,J,T713,106,0.89,DOM,DOM,C,0.5,8-T1,,
U2,319,LGW,2026-06-24 20:35:00,U2815,J,U2,319,LGW,2026-06-24 21:05:00,U2816,J,T714,156,0.89,DOM,DOM,C,1.0,25-T1,,
VY,321,BCN,2026-06-24 20:35:00,VY7846,J,VY,321,BCN,2026-06-24 21:20:00,VY7847,J,T715,220,0.84,INT,INT,C,1.0,15A-T1,,
U2,319,LTN,2026-06-24 20:40:00,U2605,J,U2,319,LTN,2026-06-24 21:10:00,U2606,J,T716,156,0.89,DOM,DOM,C,1.0,9-T1,,
FR,73H,GDN,2026-06-24 20:55:00,FR6123,J,FR,73H,RIX,2026-06-25 05:40:00,FR3170,J,T717,189,0.9,INT,INT,C,1.0,15B-T1,,
U2,32A,BHX,2026-06-24 20:55:00,U2336,J,U2,32A,BRS,2026-06-24 21:45:00,U2220,J,T718,186,0.89,DOM,DOM,C,1.0,1-T1,,
BA,E90,LCY,2026-06-24 21:10:00,BA8714,J,BA,E90,LCY,2026-06-25 07:00:00,BA8711,J,T720,106,0.89,DOM,DOM,C,0.5,7-T1,,
U2,32A,BRS,2026-06-24 21:15:00,U2219,J,U2,32A,NAP,2026-06-25 05:50:00,U23273,J,T721,186,0.89,DOM,INT,C,1.0,6-T1,,
BA,32A,LHR,2026-06-24 21:30:00,BA1464,J,BA,32N,LHR,2026-06-25 05:50:00,BA1467,J,T722,180,0.89,DOM,DOM,C,0.5,2-T1,,
U2,32N,BFS,2026-06-24 22:00:00,U2330,J,U2,32A,OLB,2026-06-25 06:00:00,U23311,J,T725,186,0.89,NIRISH,INT,C,1.0,1B-T1,,
U2,32A,RHO,2026-06-24 22:15:00,U23228,J,U2,32N,LIS,2026-06-25 06:00:00,U23321,J,T726,186,0.89,INT,INT,C,1.0,1-T1,,
BA,32N,LHR,2026-06-24 22:20:00,BA1466,J,BA,32A,LHR,2026-06-25 07:00:00,BA1465,J,T727,180,0.89,DOM,DOM,C,0.5,4-T1,,
KL,73H,AMS,2026-06-24 23:10:00,KL933,J,KL,73H,AMS,2026-06-25 05:45:00,KL922,J,T730,186,0.83,INT,INT,C,1.0,15A-T1,,
U2,32A,STN,2026-06-24 23:10:00,U2314,J,U2,32A,NCE,2026-06-25 06:15:00,U23245,J,T731,186,0.89,DOM,INT,C,1.0,24-T1,,
U2,32N,NCE,2026-06-24 23:35:00,U23254,J,U2,32A,STN,2026-06-25 06:30:00,U2307,J,T732,186,0.89,INT,DOM,C,1.0,102-T1,,
FR,73H,BLQ,2026-06-24 23:40:00,FR2454,J,FR,73H,DUB,2026-06-25 07:45:00,FR809,J,T733,189,0.9,INT,IRISH,C,1.0,106-T1,,
FR,7M8,CIA,2026-06-24 23:50:00,FR5590,J,FR,7M8,CIA,2026-06-25 06:15:00,FR5589,J,T735,197,0.9,INT,INT,C,1.0,1A-T1,,
FR,73H,MLA,2026-06-24 23:55:00,FR6696,J,FR,73H,MRS,2026-06-25 07:45:00,FR1287,J,T736,189,0.9,INT,INT,C,1.0,25-T1,,
FR,7M8,BCN,2026-06-25 00:05:00,FR6275,J,FR,7M8,EGC,2026-06-25 06:35:00,FR8750,J,T738,197,0.9,INT,INT,C,1.0,17-T1,,
FR,7M8,NAP,2026-06-25 00:05:00,FR7410,J,FR,7M8,ALC,2026-06-25 06:40:00,FR5579,J,T739,197,0.9,INT,INT,C,1.0,27-T1,,
LS,32Q,AYT,2026-06-25 00:35:00,LS710,J,LS,32Q,SKG,2026-06-25 06:00:00,LS741,J,T742,232,0.92,INT,INT,C,0.8,16B-T1,,
FR,7M8,FAO,2026-06-25 00:40:00,FR5668,J,FR,7M8,WMI,2026-06-25 06:50:00,FR4524,J,T743,197,0.9,INT,INT,C,1.0,33-T1,,
FR,7M8,TFS,2026-06-25 00:55:00,FR2981,J,FR,7M8,CPH,2026-06-25 07:50:00,FR6924,J,T744,197,0.9,INT,INT,C,1.0,29-T1,,
FR,7M8,KRK,2026-06-25 00:55:00,FR6625,J,FR,7M8,NTE,2026-06-25 06:55:00,FR1051,J,T745,197,0.9,INT,INT,C,1.0,104-T1,,
FR,7M8,BRI,2026-06-25 01:05:00,FR4515,J,FR,7M8,PSA,2026-06-25 08:15:00,FR3264,J,T746,197,0.9,INT,INT,C,1.0,100-T1,,
LS,32Q,PFO,2026-06-25 01:35:00,LS798,J,LS,32Q,PMI,2026-06-25 06:15:00,LS717,J,T748,232,0.92,INT,INT,C,0.8,16A-T1,,
U2,32A,AGA,2026-06-25 01:50:00,U23328,J,U2,32N,BFS,2026-06-25 07:00:00,U2323,J,T749,186,0.89,INT,NIRISH,C,1.0,28-T1,,
U2,32A,HER,2026-06-25 02:00:00,U23224,J,U2,32A,RAK,2026-06-25 07:05:00,U23331,J,T750,186,0.89,INT,INT,C,1.0,14-T1,,
LS,73H,LPA,2026-06-25 02:05:00,LS748,J,LS,73H,ALC,2026-06-25 07:10:00,LS775,J,T751,189,0.92,INT,INT,C,0.8,9-T1,,
LS,73H,TFS,2026-06-25 02:10:00,LS752,J,LS,73H,SPU,2026-06-25 07:30:00,LS783,J,T752,189,0.92,INT,INT,C,0.8,10-T1,,
NPT,73K,EMA,2026-06-25 02:25:00,NPT4N,M,NPT,73K,EMA,2026-06-25 23:00:00,NPT4S,M,T753,0,0.0,DOM,DOM,C,1.0,210-FRT,,
LS,73H,FUE,2026-06-25 02:25:00,LS746,J,LS,73H,CFU,2026-06-25 07:35:00,LS749,J,T754,189,0.92,INT,INT,C,0.8,3-T1,,
LS,32Q,LCA,2026-06-25 02:50:00,LS722,J,LS,32Q,IBZ,2026-06-25 07:20:00,LS789,J,T755,232,0.92,INT,INT,C,0.8,11-T1,,
NPT,73K,EMA,2026-06-25 03:15:00,NPT5U,M,NPT,73K,EMA,2026-06-25 23:50:00,NPT5D,M,T756,0,0.0,DOM,DOM,C,1.0,208-FRT,,
D0,75C,LEJ,2026-06-25 05:50:00,D02134,F,D0,75C,LEJ,2026-06-25 20:10:00,D02135,F,T757,0,0.0,INT,INT,D,1.0,211-FRT,,
FX,73K,CDG,2026-06-25 06:05:00,FX4617,F,FX,73K,CDG,2026-06-25 20:05:00,FX4717,F,T758,0,0.0,INT,INT,C,1.0,317-T1,,
QR,789,DOH,2026-06-25 06:25:00,QR31,J,QR,789,DOH,2026-06-25 07:55:00,QR32,J,T759,311,0.87,INT,INT,E,1.0,15-T1,,
MUK,76X,EMA,2026-06-25 06:25:00,MUK6566,F,MUK,76X,EMA,2026-06-25 20:10:00,MUK6565,F,T760,0,0.0,DOM,DOM,D,1.0,212-FRT,,
FR,7M8,CPH,2026-06-25 06:50:00,FR6925,J,FR,7M8,RHO,2026-06-25 08:40:00,FR1674,J,T761,197,0.9,INT,INT,C,1.0,1-T1,,
DL,76W,BOS,2026-06-25 07:05:00,DL122,J,DL,76W,ATL,2026-06-25 09:00:00,DL35,J,T762,216,0.85,INT,INT,D,1.0,2-T1,,
FR,73H,MRS,2026-06-25 07:20:00,FR1286,J,FR,73H,IBZ,2026-06-25 09:00:00,FR6605,J,T763,189,0.9,INT,INT,C,1.0,1B-T1,,
FR,73H,DUB,2026-06-25 07:20:00,FR808,J,FR,73H,DUB,2026-06-25 10:40:00,FR813,J,T764,189,0.9,IRISH,IRISH,C,1.0,27-T1,,
AC,789,YYZ,2026-06-25 07:20:00,AC806,J,AC,789,YYZ,2026-06-25 09:00:00,AC807,J,T765,298,0.85,INT,INT,E,1.0,18-T1,,
AA,788,PHL,2026-06-25 07:30:00,AA278,J,AA,788,PHL,2026-06-25 11:25:00,AA279,J,T766,234,0.89,INT,INT,E,1.0,16-T1,,
U2,319,LGW,2026-06-25 07:40:00,U2829,J,U2,319,LGW,2026-06-25 08:30:00,U2830,J,T768,156,0.89,DOM,DOM,C,1.0,8-T1,,
AY,E90,HEL,2026-06-25 07:40:00,AY1371,J,AY,E90,HEL,2026-06-25 08:25:00,AY1372,J,T769,100,0.93,INT,INT,C,1.0,33-T1,,
BA,32Q,LHR,2026-06-25 07:40:00,BA1436,J,BA,32Q,LHR,2026-06-25 08:35:00,BA1437,J,T770,220,0.89,DOM,DOM,C,0.5,9-T1,,
D8,7M8,CPH,2026-06-25 07:45:00,D83500,J,D8,7M8,CPH,2026-06-25 08:25:00,D83501,J,T771,189,0.86,INT,INT,C,1.0,4-T1,,
FR,320,ZAD,2026-06-25 07:50:00,FR9287,J,FR,320,ZAD,2026-06-25 08:15:00,FR9286,J,T772,180,0.9,INT,INT,C,1.0,1A-T1,,
EI,AT7,BHD,2026-06-25 07:55:00,EI3650,J,EI,AT7,BHD,2026-06-25 08:25:00,EI3651,J,T773,72,0.81,NIRISH,NIRISH,C,1.0,5-T1,,
EI,AT7,DUB,2026-06-25 08:00:00,EI3250,J,EI,AT7,DUB,2026-06-25 08:35:00,EI3251,J,T774,72,0.81,IRISH,IRISH,C,1.0,103-T1,,
FR,73H,PSA,2026-06-25 08:00:00,FR3265,J,FR,73H,BCN,2026-06-25 10:45:00,FR6266,J,T775,189,0.9,INT,INT,C,1.0,30-T1,,
UA,75W,EWR,2026-06-25 08:05:00,UA36,J,UA,75W,EWR,2026-06-25 09:40:00,UA37,J,T776,176,0.84,INT,INT,D,1.0,10-T1,,
WK,320,ZRH,2026-06-25 08:05:00,WK290,J,WK,320,ZRH,2026-06-25 08:50:00,WK291,J,T777,180,0.61,INT,INT,C,1.0,3-T1,,
D8,7M8,ARN,2026-06-25 08:15:00,D84463,J,D8,7M8,ARN,2026-06-25 08:55:00,D84464,J,T778,189,0.86,INT,INT,C,1.0,15B-T1,,
BA,E90,LCY,2026-06-25 08:15:00,BA8700,J,BA,E90,LCY,2026-06-25 08:50:00,BA8703,J,T779,106,0.89,DOM,DOM,C,0.5,15A-T1,,
U2,32A,BRS,2026-06-25 08:25:00,U2213,J,U2,32N,LTN,2026-06-25 08:55:00,U2604,J,T780,186,0.89,DOM,DOM,C,1.0,25-T1,,
UA,75W,ORD,2026-06-25 08:25:00,UA118,J,UA,75W,ORD,2026-06-25 11:30:00,UA119,J,T781,176,0.84,INT,INT,D,1.0,6-T1,,
U2,32N,LTN,2026-06-25 08:25:00,U2603,J,U2,32A,BRS,2026-06-25 08:55:00,U2214,J,T782,186,0.89,DOM,DOM,C,1.0,24-T1,,
EI,AT7,DUB,2026-06-25 08:30:00,EI3552,J,EI,AT7,DUB,2026-06-25 09:15:00,EI3553,J,T783,72,0.81,IRISH,IRISH,C,1.0,32-T1,,
BA,320,LHR,2026-06-25 08:30:00,BA1438,J,BA,320,LHR,2026-06-25 09:55:00,BA1439,J,T784,180,0.89,DOM,DOM,C,0.5,7-T1,,
KL,73W,AMS,2026-06-25 08:30:00,KL923,J,KL,73W,AMS,2026-06-25 09:15:00,KL924,J,T785,142,0.83,INT,INT,C,1.0,11-T1,,
AA,32X,JFK,2026-06-25 08:30:00,AA82,J,AA,32X,JFK,2026-06-25 10:30:00,AA83,J,T786,155,0.89,INT,INT,C,1.0,104-T1,,
FR,7M8,AGP,2026-06-25 08:30:00,FR5090,J,FR,7M8,AGP,2026-06-25 09:40:00,FR5091,J,T787,197,0.9,INT,INT,C,1.0,14-T1,,
FR,320,VIE,2026-06-25 08:40:00,FR1624,J,FR,320,VIE,2026-06-25 09:10:00,FR1625,J,T788,180,0.9,INT,INT,C,1.0,1A-T1,,
EI,AT7,DUB,2026-06-25 09:05:00,EI3550,J,EI,AT7,DUB,2026-06-25 09:40:00,EI3551,J,T789,72,0.81,IRISH,IRISH,C,1.0,1-T1,,
EW,32A,CGN,2026-06-25 09:05:00,EW362,J,EW,32A,DUS,2026-06-25 09:45:00,EW9365,J,T790,180,0.88,INT,INT,C,1.0,4-T1,,
U2,32N,BFS,2026-06-25 09:15:00,U2324,J,U2,32N,CPH,2026-06-25 09:45:00,U23323,J,T791,186,0.89,NIRISH,INT,C,1.0,9-T1,,
DL,76W,JFK,2026-06-25 09:20:00,DL208,J,DL,76W,BOS,2026-06-25 11:20:00,DL123,J,T792,216,0.85,INT,INT,D,1.0,2-T1,,
B6,32Q,JFK,2026-06-25 09:20:00,B673,J,B6,32Q,BOS,2026-06-25 11:30:00,B61080,J,T793,156,0.83,INT,INT,C,1.0,3-T1,,
TK,32Q,IST,2026-06-25 09:40:00,TK1343,J,TK,32Q,IST,2026-06-25 10:40:00,TK1344,J,T794,190,0.87,INT,INT,C,1.0,1A-T1,,
BA,320,LHR,2026-06-25 09:40:00,BA1440,J,BA,320,LHR,2026-06-25 10:40:00,BA1441,J,T795,180,0.89,DOM,DOM,C,0.5,8-T1,,
U2,32A,STN,2026-06-25 09:45:00,U2308,J,U2,32A,MUC,2026-06-25 10:30:00,U23263,J,T796,186,0.89,DOM,INT,C,1.0,24-T1,,
WS,789,YYC,2026-06-25 09:50:00,WS20,J,WS,789,YYC,2026-06-25 11:50:00,WS21,J,T797,320,0.89,INT,INT,E,1.0,15-T1,,
LM,AT7,KOI,2026-06-25 09:50:00,LM392,J,LM,AT7,SYY,2026-06-25 10:20:00,LM343,J,T798,72,0.73,DOM,DOM,C,1.0,1B-T1,,
U2,32A,BHX,2026-06-25 09:55:00,U2332,J,U2,32A,GVA,2026-06-25 10:45:00,U23291,J,T799,186,0.89,DOM,INT,C,1.0,25-T1,,
VS,351,MCO,2026-06-25 10:00:00,VS226,J,VS,351,MCO,2026-06-25 12:30:00,VS225,J,T800,397,0.8,INT,INT,E,1.0,18-T1,,
B6,32Q,BOS,2026-06-25 10:00:00,B61079,J,B6,32Q,JFK,2026-06-25 12:10:00,B672,J,T801,156,0.83,INT,INT,C,1.0,14-T1,,
BA,E90,LCY,2026-06-25 10:00:00,BA8702,J,BA,E90,LCY,2026-06-25 10:40:00,BA8715,J,T802,106,0.89,DOM,DOM,C,0.5,5-T1,,
WS,7M8,YYZ,2026-06-25 10:10:00,WS36,J,WS,7M8,YYZ,2026-06-25 11:30:00,WS37,J,T803,174,0.89,INT,INT,C,1.0,4-T1,,
LM,AT7,LSI,2026-06-25 10:15:00,LM352,J,LM,AT7,SOU,2026-06-25 13:00:00,LM325,J,T804,72,0.73,DOM,DOM,C,1.0,32-T1,,
FR,73H,DUB,2026-06-25 10:15:00,FR812,J,FR,73H,BGY,2026-06-25 11:25:00,FR3658,J,T805,189,0.9,IRISH,INT,C,1.0,106-T1,,
FR,73H,BCN,2026-06-25 10:15:00,FR6267,J,FR,73H,ORK,2026-06-25 11:35:00,FR3732,J,T806,189,0.9,INT,IRISH,C,1.0,33-T1,,
UA,75W,IAD,2026-06-25 10:35:00,UA978,J,UA,75W,IAD,2026-06-25 12:30:00,UA979,J,T807,176,0.84,INT,INT,D,1.0,10-T1,,
AF,223,CDG,2026-06-25 10:40:00,AF1686,J,AF,223,CDG,2026-06-25 11:35:00,AF1687,J,T809,148,0.84,INT,INT,C,1.0,9-T1,,
U2,32A,AMS,2026-06-25 10:40:00,U23302,J,U2,32A,BHD,2026-06-25 11:15:00,U2321,J,T810,186,0.89,INT,NIRISH,C,1.0,1-T1,,
EI,AT7,DUB,2026-06-25 10:40:00,EI3554,J,EI,AT7,DUB,2026-06-25 11:10:00,EI3555,J,T811,72,0.81,IRISH,IRISH,C,1.0,1B-T1,,
LM,AT7,SOU,2026-06-25 10:40:00,LM322,J,LM,AT7,EXT,2026-06-25 11:00:00,LM315,J,T812,72,0.73,DOM,DOM,C,1.0,7-T1,,
XQ,73H,AYT,2026-06-25 10:45:00,XQ508,J,XQ,73H,AYT,2026-06-25 11:40:00,XQ509,J,T813,189,0.8,INT,INT,C,1.0,103-T1,,
FR,73H,BGY,2026-06-25 11:00:00,FR3657,J,FR,73H,PMI,2026-06-25 12:25:00,FR6656,J,T814,189,0.9,INT,INT,C,1.0,1A-T1,,
FR,7M8,WRO,2026-06-25 11:05:00,FR1158,J,FR,7M8,PRG,2026-06-25 11:35:00,FR1054,J,T815,197,0.9,INT,INT,C,1.0,25-T1,,
FR,7M8,NTE,2026-06-25 11:10:00,FR1052,J,FR,7M8,BVA,2026-06-25 11:55:00,FR5591,J,T817,197,0.9,INT,INT,C,1.0,11-T1,,
U2,32A,CDG,2026-06-25 11:15:00,U23242,J,U2,32A,STN,2026-06-25 11:45:00,U2311,J,T818,186,0.89,INT,DOM,C,1.0,24-T1,,
FR,7M8,EGC,2026-06-25 11:30:00,FR8751,J,FR,7M8,BER,2026-06-25 11:55:00,FR2376,J,T819,197,0.9,INT,INT,C,1.0,1B-T1,,
EI,AT7,DUB,2026-06-25 11:40:00,EI3252,J,EI,AT7,DUB,2026-06-25 12:20:00,EI3253,J,T821,72,0.81,IRISH,IRISH,C,1.0,1-T1,,
SN,319,BRU,2026-06-25 11:50:00,SN2063,J,SN,319,BRU,2026-06-25 12:40:00,SN2064,J,T822,141,0.84,INT,INT,C,1.0,4-T1,,
DL,76W,ATL,2026-06-25 11:50:00,DL34,J,DL,76W,JFK,2026-06-25 14:05:00,DL209,J,T823,216,0.85,INT,INT,D,1.0,2-T1,,
BA,32A,LHR,2026-06-25 11:55:00,BA1448,J,BA,32A,LHR,2026-06-25 12:40:00,BA1449,J,T824,180,0.89,DOM,DOM,C,0.5,25-T1,,
XQ,73H,AYT,2026-06-25 11:55:00,XQ598,J,XQ,73H,AYT,2026-06-25 12:45:00,XQ599,J,T825,189,0.8,INT,INT,C,1.0,16A-T1,,
LH,320,FRA,2026-06-25 12:15:00,LH960,J,LH,320,FRA,2026-06-25 13:00:00,LH961,J,T826,168,0.91,INT,INT,C,1.0,15A-T1,,
KL,73H,AMS,2026-06-25 12:20:00,KL927,J,KL,73H,AMS,2026-06-25 13:10:00,KL928,J,T827,186,0.83,INT,INT,C,1.0,16B-T1,,
PC,32Q,SAW,2026-06-25 12:25:00,PC1187,J,PC,32Q,SAW,2026-06-25 13:35:00,PC1188,J,T828,239,0.89,INT,INT,C,1.0,3-T1,,
DY,73H,OSL,2026-06-25 12:30:00,DY1354,J,DY,73H,OSL,2026-06-25 13:10:00,DY1355,J,T829,186,0.78,INT,INT,C,1.0,1B-T1,,
U2,32A,NCE,2026-06-25 12:30:00,U23246,J,U2,32A,LGW,2026-06-25 13:30:00,U2811,J,T830,186,0.89,INT,DOM,C,1.0,14-T1,,
U2,32A,BRS,2026-06-25 12:30:00,U2217,J,U2,32A,BRS,2026-06-25 13:00:00,U2218,J,T831,186,0.89,DOM,DOM,C,1.0,24-T1,,
BA,32Q,LHR,2026-06-25 12:30:00,BA1434,J,BA,32Q,LHR,2026-06-25 13:20:00,BA1435,J,T832,220,0.89,DOM,DOM,C,0.5,9-T1,,
XQ,7M8,DLM,2026-06-25 12:30:00,XQ3688,J,XQ,7M8,DLM,2026-06-25 13:25:00,XQ3689,J,T833,189,0.8,INT,INT,C,1.0,11-T1,,
FR,7M8,WMI,2026-06-25 12:35:00,FR4525,J,FR,7M8,CRL,2026-06-25 13:00:00,FR7322,J,T834,197,0.9,INT,INT,C,1.0,15B-T1,,
OS,320,VIE,2026-06-25 12:40:00,OS345,J,OS,320,VIE,2026-06-25 13:25:00,OS346,J,T835,180,0.76,INT,INT,C,1.0,8-T1,,
U2,32A,OLB,2026-06-25 12:45:00,U23312,J,U2,32A,MAD,2026-06-25 13:30:00,U23209,J,T836,186,0.89,INT,INT,C,1.0,1A-T1,,
FR,7M8,CIA,2026-06-25 12:50:00,FR5590,J,FR,7M8,POZ,2026-06-25 14:25:00,FR6618,J,T837,197,0.9,INT,INT,C,1.0,1-T1,,
EI,AT7,DUB,2026-06-25 12:55:00,EI3254,J,EI,AT7,DUB,2026-06-25 13:25:00,EI3255,J,T838,72,0.81,IRISH,IRISH,C,1.0,7-T1,,
LM,AT7,SYY,2026-06-25 13:05:00,LM344,J,LM,AT7,LSI,2026-06-25 16:45:00,LM357,J,T839,72,0.73,DOM,DOM,C,1.0,5-T1,,
U2,32N,LIS,2026-06-25 13:10:00,U23322,J,U2,32N,ACE,2026-06-25 14:00:00,U23203,J,T840,186,0.89,INT,INT,C,1.0,16A-T1,,
LS,32Q,PMI,2026-06-25 13:20:00,LS718,J,LS,32Q,ZTH,2026-06-25 14:15:00,LS731,J,T841,232,0.92,INT,INT,C,0.8,15A-T1,,
U2,32A,NAP,2026-06-25 13:25:00,U23274,J,U2,32A,BER,2026-06-25 14:10:00,U23261,J,T842,186,0.89,INT,INT,C,1.0,15B-T1,,
U2,32A,BHD,2026-06-25 13:30:00,U2322,J,U2,32A,CFU,2026-06-25 14:30:00,U23233,J,T843,186,0.89,NIRISH,INT,C,1.0,24-T1,,
DY,73H,BGO,2026-06-25 13:30:00,DY1358,J,DY,73H,BGO,2026-06-25 14:10:00,DY1359,J,T844,186,0.78,INT,INT,C,1.0,10-T1,,
FR,7M8,ALC,2026-06-25 13:35:00,FR5578,J,FR,7M8,GOT,2026-06-25 14:25:00,FR5657,J,T845,197,0.9,INT,INT,C,1.0,1B-T1,,
EI,AT7,BHD,2026-06-25 13:35:00,EI3652,J,EI,AT7,BHD,2026-06-25 14:05:00,EI3653,J,T846,72,0.81,NIRISH,NIRISH,C,1.0,6-T1,,
QR,789,DOH,2026-06-25 13:40:00,QR29,J,QR,789,DOH,2026-06-25 15:10:00,QR30,J,T847,311,0.87,INT,INT,E,1.0,18-T1,,
EC,319,LIN,2026-06-25 13:40:00,EC5421,J,EC,319,LIN,2026-06-25 14:10:00,EC5422,J,T848,156,0.88,INT,INT,C,1.0,16B-T1,,
EW,32A,DUS,2026-06-25 13:55:00,EW9364,J,EW,32A,CGN,2026-06-25 14:35:00,EW363,J,T849,180,0.88,INT,INT,C,1.0,1A-T1,,
U2,32N,CPH,2026-06-25 14:10:00,U23324,J,U2,319,LGW,2026-06-25 14:40:00,U2806,J,T850,186,0.89,INT,DOM,C,1.0,3-T1,,
U2,319,LGW,2026-06-25 14:10:00,U2805,J,U2,32N,DLM,2026-06-25 14:55:00,U23281,J,T851,156,0.89,DOM,INT,C,1.0,7-T1,,
RC,320,FAE,2026-06-25 14:20:00,RC414,J,RC,320,FAE,2026-06-25 15:05:00,RC415,J,T852,174,0.48,INT,INT,C,1.0,102-T1,,
LS,73H,FAO,2026-06-25 14:25:00,LS770,J,LS,73H,DLM,2026-06-25 15:30:00,LS711,J,T853,189,0.92,INT,INT,C,0.8,11-T1,,
LS,73H,ALC,2026-06-25 14:35:00,LS776,J,LS,73H,ACE,2026-06-25 15:35:00,LS785,J,T854,189,0.92,INT,INT,C,0.8,2-T1,,
LS,32Q,IBZ,2026-06-25 14:35:00,LS790,J,LS,32Q,TFS,2026-06-25 15:35:00,LS727,J,T855,232,0.92,INT,INT,C,0.8,10-T1,,
U2,319,BFS,2026-06-25 14:40:00,U255,J,U2,319,LTN,2026-06-25 15:20:00,U2602,J,T856,156,0.89,NIRISH,DOM,C,1.0,15B-T1,,
SK,32N,ARN,2026-06-25 14:40:00,SK2541,J,SK,32N,ARN,2026-06-25 15:25:00,SK2542,J,T857,180,0.88,INT,INT,C,1.0,4-T1,,
BA,320,LHR,2026-06-25 14:40:00,BA1450,J,BA,320,LHR,2026-06-25 15:30:00,BA1451,J,T858,180,0.89,DOM,DOM,C,0.5,9-T1,,
FR,7M8,DUB,2026-06-25 14:45:00,FR814,J,FR,7M8,DUB,2026-06-25 15:10:00,FR815,J,T859,197,0.9,IRISH,IRISH,C,1.0,1B-T1,,
U2,319,LTN,2026-06-25 14:45:00,U2601,J,U2,319,BFS,2026-06-25 15:25:00,U256,J,T860,156,0.89,DOM,NIRISH,C,1.0,6-T1,,
LS,32Q,SKG,2026-06-25 14:55:00,LS742,J,LS,32Q,HER,2026-06-25 15:55:00,LS713,J,T861,232,0.92,INT,INT,C,0.8,15A-T1,,
LS,73H,SPU,2026-06-25 15:00:00,LS784,J,LS,73H,BOJ,2026-06-25 16:00:00,LS729,J,T862,189,0.92,INT,INT,C,0.8,16B-T1,,
EI,AT7,DUB,2026-06-25 15:00:00,EI3256,J,EI,AT7,DUB,2026-06-25 15:30:00,EI3257,J,T863,72,0.81,IRISH,IRISH,C,1.0,1-T1,,
U2,32A,STN,2026-06-25 15:00:00,U2312,J,U2,32A,AMS,2026-06-25 15:40:00,U23303,J,T864,186,0.89,DOM,INT,C,1.0,1A-T1,,
EC,319,MXP,2026-06-25 15:05:00,EC3833,J,EC,319,MXP,2026-06-25 15:35:00,EC3834,J,T865,156,0.88,INT,INT,C,1.0,16A-T1,,
LM,AT7,EXT,2026-06-25 15:10:00,LM316,J,LM,AT7,SOU,2026-06-25 17:40:00,LM329,J,T866,72,0.73,DOM,DOM,C,1.0,8-T1,,
BA,E90,LCY,2026-06-25 15:25:00,BA8716,J,BA,E90,LCY,2026-06-25 16:05:00,BA8707,J,T867,106,0.89,DOM,DOM,C,0.5,104-T1,,
FR,73H,VCE,2026-06-25 15:35:00,FR1653,J,FR,73H,BTS,2026-06-25 17:55:00,FR6642,J,T868,189,0.9,INT,INT,C,1.0,14-T1,,
FR,7M8,BVA,2026-06-25 15:40:00,FR5592,J,FR,7M8,BGY,2026-06-25 16:05:00,FR3646,J,T869,197,0.9,INT,INT,C,1.0,17-T1,,
U2,32A,MUC,2026-06-25 15:45:00,U23264,J,U2,32A,DBV,2026-06-25 16:35:00,U23319,J,T870,186,0.89,INT,INT,C,1.0,15B-T1,,
FR,73H,IBZ,2026-06-25 15:45:00,FR6604,J,FR,73H,DUB,2026-06-25 19:25:00,FR817,J,T871,189,0.9,INT,IRISH,C,1.0,1B-T1,,
U2,32A,GVA,2026-06-25 15:50:00,U23292,J,U2,32A,ATH,2026-06-25 16:40:00,U23225,J,T872,186,0.89,INT,INT,C,1.0,3-T1,,
TK,32Q,IST,2026-06-25 15:55:00,TK1345,J,TK,32Q,IST,2026-06-25 16:55:00,TK1346,J,T873,190,0.87,INT,INT,C,1.0,4-T1,,
FR,7M8,LPA,2026-06-25 15:55:00,FR6697,J,FR,7M8,FAO,2026-06-25 17:05:00,FR5667,J,T874,197,0.9,INT,INT,C,1.0,11-T1,,
U2,32A,RAK,2026-06-25 16:00:00,U23332,J,U2,32A,BRS,2026-06-25 16:40:00,U2315,J,T875,186,0.89,INT,DOM,C,1.0,9-T1,,
LS,73H,CFU,2026-06-25 16:05:00,LS750,J,LS,73H,JTR,2026-06-25 17:00:00,LS773,J,T876,189,0.92,INT,INT,C,0.8,16A-T1,,
BA,32A,LHR,2026-06-25 16:05:00,BA1454,J,BA,32A,LHR,2026-06-25 17:10:00,BA1455,J,T877,180,0.89,DOM,DOM,C,0.5,1-T1,,
RK,73H,STN,2026-06-25 16:10:00,RK1273,J,RK,73H,BFS,2026-06-25 18:25:00,RK179,J,T878,189,0.86,DOM,NIRISH,C,1.0,1A-T1,,
KL,32Q,AMS,2026-06-25 16:10:00,KL931,J,KL,32Q,AMS,2026-06-25 17:05:00,KL932,J,T879,227,0.83,INT,INT,C,1.0,10-T1,,
EI,AT7,BHD,2026-06-25 16:20:00,EI3656,J,EI,AT7,BHD,2026-06-25 16:50:00,EI3657,J,T880,72,0.81,NIRISH,NIRISH,C,1.0,7-T1,,
U2,32A,BHX,2026-06-25 16:20:00,U2917,J,U2,32A,BHX,2026-06-25 16:50:00,U2918,J,T881,186,0.89,DOM,DOM,C,1.0,2-T1,,
LH,321,MUC,2026-06-25 16:25:00,LH2524,J,LH,321,MUC,2026-06-25 17:10:00,LH2525,J,T882,195,0.91,INT,INT,C,1.0,15A-T1,,
AF,223,CDG,2026-06-25 16:30:00,AF1486,J,AF,223,CDG,2026-06-25 17:25:00,AF1487,J,T883,148,0.84,INT,INT,C,1.0,16B-T1,,
FR,7M8,BER,2026-06-25 16:35:00,FR2377,J,FR,7M8,BCN,2026-06-25 17:30:00,FR6911,J,T884,197,0.9,INT,INT,C,1.0,17-T1,,
FR,7M8,PRG,2026-06-25 16:35:00,FR1053,J,FR,7M8,BUD,2026-06-25 17:40:00,FR1017,J,T885,197,0.9,INT,INT,C,1.0,24-T1,,
LM,AT7,SOU,2026-06-25 17:00:00,LM326,J,LM,AT7,KOI,2026-06-25 17:20:00,LM397,J,T886,72,0.73,DOM,DOM,C,1.0,9-T1,,
FR,7M8,CRL,2026-06-25 17:05:00,FR7323,J,FR,7M8,OPO,2026-06-25 18:30:00,FR5679,J,T887,197,0.9,INT,INT,C,1.0,15B-T1,,
BA,E90,LCY,2026-06-25 17:10:00,BA8706,J,BA,E90,LCY,2026-06-25 17:45:00,BA8709,J,T888,106,0.89,DOM,DOM,C,0.5,3-T1,,
BA,319,LHR,2026-06-25 17:10:00,BA1442,J,BA,319,LHR,2026-06-25 18:05:00,BA1443,J,T889,144,0.89,DOM,DOM,C,0.5,2-T1,,
LH,32Q,FRA,2026-06-25 17:15:00,LH962,J,LH,32Q,FRA,2026-06-25 18:20:00,LH963,J,T890,204,0.91,INT,INT,C,1.0,100-T1,,
U2,32A,LGW,2026-06-25 17:20:00,U2812,J,U2,32A,CDG,2026-06-25 18:45:00,U23243,J,T891,186,0.89,DOM,INT,C,1.0,6-T1,,
RK,73H,TFS,2026-06-25 17:35:00,RK2970,J,RK,73H,BOH,2026-06-25 21:00:00,RK1133,J,T893,189,0.86,INT,DOM,C,1.0,25-T1,,
FR,7M8,KRK,2026-06-25 18:15:00,FR6625,J,FR,7M8,KRK,2026-06-25 18:50:00,FR6624,J,T894,197,0.9,INT,INT,C,1.0,15A-T1,,
FR,7M8,RHO,2026-06-25 18:20:00,FR1675,J,FR,7M8,GDN,2026-06-25 19:10:00,FR6591,J,T895,197,0.9,INT,INT,C,1.0,17-T1,,
SK,32N,CPH,2026-06-25 18:25:00,SK2513,J,SK,32N,CPH,2026-06-25 19:10:00,SK2514,J,T896,180,0.88,INT,INT,C,1.0,14-T1,,
IB,32N,MAD,2026-06-25 18:25:00,IB709,J,IB,32N,MAD,2026-06-25 19:10:00,IB710,J,T897,186,0.93,INT,INT,C,1.0,10-T1,,
TO,73H,ORY,2026-06-25 18:30:00,TO7928,J,TO,73H,ORY,2026-06-25 19:15:00,TO7929,J,T898,189,0.85,INT,INT,C,1.0,11-T1,,
BA,32Q,LHR,2026-06-25 18:35:00,BA1456,J,BA,32Q,LHR,2026-06-25 19:25:00,BA1457,J,T899,220,0.89,DOM,DOM,C,0.5,2-T1,,
FR,7M8,GOT,2026-06-25 18:35:00,FR5658,J,FR,7M8,BLQ,2026-06-25 19:10:00,FR2453,J,T900,197,0.9,INT,INT,C,1.0,3-T1,,
D8,7M8,CPH,2026-06-25 18:45:00,D83504,J,D8,7M8,CPH,2026-06-25 19:25:00,D83505,J,T901,189,0.86,INT,INT,C,1.0,16B-T1,,
U2,319,BFS,2026-06-25 18:45:00,U257,J,U2,319,BFS,2026-06-25 19:15:00,U258,J,T902,156,0.89,NIRISH,NIRISH,C,1.0,7-T1,,
BA,E90,LCY,2026-06-25 18:50:00,BA8712,J,BA,E90,LCY,2026-06-25 19:30:00,BA8717,J,T903,106,0.89,DOM,DOM,C,0.5,1-T1,,
DS,32A,GVA,2026-06-25 19:00:00,DS1587,J,DS,32A,BSL,2026-06-25 19:35:00,DS1232,J,T904,186,0.84,INT,INT,C,1.0,15B-T1,,
FR,73H,PMI,2026-06-25 19:00:00,FR6657,J,FR,73H,DUB,2026-06-26 07:35:00,FR809,J,T905,189,0.9,INT,IRISH,C,1.0,106-T1,,
EC,32A,BOD,2026-06-25 19:00:00,EC1925,J,EC,32A,BOD,2026-06-25 19:40:00,EC1926,J,T906,186,0.88,INT,INT,C,1.0,16A-T1,,
DS,32A,BSL,2026-06-25 19:00:00,DS1231,J,DS,32A,GVA,2026-06-25 19:35:00,DS1588,J,T907,186,0.84,INT,INT,C,1.0,9-T1,,
EI,AT7,DUB,2026-06-25 19:05:00,EI3556,J,EI,AT7,DUB,2026-06-25 19:40:00,EI3557,J,T908,72,0.81,IRISH,IRISH,C,1.0,1A-T1,,
U2,32A,BER,2026-06-25 19:05:00,U23262,J,U2,32A,BHX,2026-06-25 19:35:00,U2335,J,T909,186,0.89,INT,DOM,C,1.0,6-T1,,
U2,32A,AMS,2026-06-25 19:10:00,U23304,J,U2,32A,BRS,2026-06-25 19:45:00,U2319,J,T910,186,0.89,INT,DOM,C,1.0,15A-T1,,
EI,AT7,BHD,2026-06-25 19:25:00,EI3658,J,EI,AT7,BHD,2026-06-25 19:55:00,EI3659,J,T911,72,0.81,NIRISH,NIRISH,C,1.0,4-T1,,
FR,7M8,POZ,2026-06-25 19:35:00,FR6619,J,FR,7M8,CPH,2026-06-25 20:00:00,FR2674,J,T912,197,0.9,INT,INT,C,1.0,10-T1,,
BA,320,LHR,2026-06-25 19:35:00,BA1460,J,BA,320,LHR,2026-06-25 20:25:00,BA1461,J,T913,180,0.89,DOM,DOM,C,0.5,3-T1,,
U2,32A,BRS,2026-06-25 19:40:00,U2316,J,U2,32A,STN,2026-06-25 20:15:00,U2313,J,T914,186,0.89,DOM,DOM,C,1.0,24-T1,,
EC,32A,PMI,2026-06-25 19:40:00,EC7259,J,EC,32A,PMI,2026-06-25 20:25:00,EC7260,J,T915,186,0.88,INT,INT,C,1.0,14-T1,,
FR,7M8,NRN,2026-06-25 19:45:00,FR5688,J,FR,7M8,NRN,2026-06-25 20:10:00,FR5687,J,T916,197,0.9,INT,INT,C,1.0,16B-T1,,
EI,AT7,DUB,2026-06-25 19:50:00,EI3258,J,EI,AT7,DUB,2026-06-25 20:30:00,EI3259,J,T917,72,0.81,IRISH,IRISH,C,1.0,1-T1,,
EK,359,DXB,2026-06-25 20:05:00,EK23,J,EK,359,DXB,2026-06-25 22:00:00,EK24,J,T918,312,0.93,INT,INT,E,1.0,18-T1,,
LM,AT7,LSI,2026-06-25 20:10:00,LM356,J,LM,AT7,SOU,2026-06-26 06:40:00,LM321,J,T920,72,0.73,DOM,DOM,C,1.0,5-T1,,
U2,32A,MAD,2026-06-25 20:15:00,U23210,J,U2,319,LGW,2026-06-25 21:15:00,U2816,J,T921,186,0.89,INT,DOM,C,1.0,15B-T1,,
BA,320,LHR,2026-06-25 20:20:00,BA1462,J,BA,320,LHR,2026-06-25 21:10:00,BA1463,J,T922,180,0.89,DOM,DOM,C,0.5,2-T1,,
BA,E90,LCY,2026-06-25 20:20:00,BA8710,J,BA,E90,LCY,2026-06-26 07:25:00,BA8713,J,T923,106,0.89,DOM,DOM,C,0.5,7-T1,,
RK,73H,BFS,2026-06-25 20:35:00,RK178,J,RK,73H,STN,2026-06-25 21:25:00,RK8604,J,T924,189,0.86,NIRISH,DOM,C,1.0,10-T1,,
U2,319,LGW,2026-06-25 20:45:00,U2815,J,U2,32N,LTN,2026-06-25 21:40:00,U2606,J,T925,156,0.89,DOM,DOM,C,1.0,9-T1,,
AF,223,CDG,2026-06-25 20:55:00,AF1886,J,AF,223,CDG,2026-06-26 05:40:00,AF1887,J,T926,148,0.84,INT,INT,C,1.0,16B-T1,,
EC,32A,AGP,2026-06-25 21:10:00,EC7031,J,EC,32A,AGP,2026-06-25 21:40:00,EC7032,J,T928,186,0.88,INT,INT,C,1.0,1B-T1,,
VY,321,BCN,2026-06-25 21:10:00,VY7846,J,VY,321,BCN,2026-06-25 21:55:00,VY7847,J,T929,220,0.84,INT,INT,C,1.0,4-T1,,
U2,32N,LTN,2026-06-25 21:10:00,U2605,J,U2,319,BFS,2026-06-25 22:25:00,U260,J,T930,186,0.89,DOM,NIRISH,C,1.0,6-T1,,
FR,7M8,BGY,2026-06-25 21:35:00,FR3645,J,FR,7M8,MAD,2026-06-26 05:50:00,FR189,J,T932,197,0.9,INT,INT,C,1.0,1A-T1,,
U2,319,BFS,2026-06-25 21:55:00,U259,J,U2,32A,LGW,2026-06-26 05:40:00,U2807,J,T934,156,0.89,NIRISH,DOM,C,1.0,8-T1,,
BA,32N,LHR,2026-06-25 22:10:00,BA1464,J,BA,32N,LHR,2026-06-26 06:45:00,BA1465,J,T936,180,0.89,DOM,DOM,C,0.5,2-T1,,
U2,32A,BHX,2026-06-25 22:20:00,U2336,J,U2,32A,CTA,2026-06-26 05:40:00,U23275,J,T937,186,0.89,DOM,INT,C,1.0,24-T1,,
LH,32N,FRA,2026-06-25 22:45:00,LH964,J,LH,32N,FRA,2026-06-26 06:10:00,LH965,J,T938,172,0.91,INT,INT,C,1.0,4-T1,,
U2,32A,BRS,2026-06-25 22:45:00,U2320,J,U2,32A,BFS,2026-06-26 06:00:00,U2323,J,T939,186,0.89,DOM,NIRISH,C,1.0,25-T1,,
U2,32A,CFU,2026-06-25 23:05:00,U23234,J,U2,32A,LTN,2026-06-26 06:20:00,U2301,J,T941,186,0.89,INT,DOM,C,1.0,103-T1,,
KL,73H,AMS,2026-06-25 23:10:00,KL933,J,KL,73H,AMS,2026-06-26 05:45:00,KL922,J,T943,186,0.83,INT,INT,C,1.0,16A-T1,,
U2,32A,STN,2026-06-25 23:20:00,U2314,J,U2,32N,STN,2026-06-26 06:20:00,U2307,J,T944,186,0.89,DOM,DOM,C,1.0,6-T1,,
LS,32Q,ZTH,2026-06-25 23:35:00,LS732,J,LS,32Q,AGP,2026-06-26 06:45:00,LS759,J,T945,232,0.92,INT,INT,C,0.8,17-T1,,
U2,32N,ACE,2026-06-25 23:55:00,U23204,J,U2,32A,GVA,2026-06-26 07:00:00,U23291,J,T948,186,0.89,INT,INT,C,1.0,27-T1,,
FR,7M8,BUD,2026-06-25 23:55:00,FR1018,J,FR,7M8,BCN,2026-06-26 06:00:00,FR6266,J,T949,197,0.9,INT,INT,C,1.0,102-T1,,
FR,7M8,FAO,2026-06-26 00:10:00,FR5668,J,FR,7M8,GDN,2026-06-26 06:00:00,FR6124,J,T950,197,0.9,INT,INT,C,1.0,30-T1,,
RK,73H,BOH,2026-06-26 00:15:00,RK1132,J,RK,73H,STN,2026-06-26 06:30:00,RK597,J,T951,189,0.86,DOM,DOM,C,1.0,1B-T1,,
FR,7M8,CPH,2026-06-26 00:20:00,FR2675,J,FR,7M8,SVQ,2026-06-26 06:15:00,FR6760,J,T952,197,0.9,INT,INT,C,1.0,15A-T1,,
FR,7M8,GDN,2026-06-26 00:25:00,FR6590,J,FR,7M8,AGP,2026-06-26 06:45:00,FR5091,J,T953,197,0.9,INT,INT,C,1.0,29-T1,,
FR,7M8,OPO,2026-06-26 00:30:00,FR5680,J,FR,7M8,BUD,2026-06-26 06:45:00,FR1017,J,T954,197,0.9,INT,INT,C,1.0,33-T1,,
LS,73H,BOJ,2026-06-26 00:30:00,LS730,J,LS,73H,DLM,2026-06-26 06:15:00,LS781,J,T955,189,0.92,INT,INT,C,0.8,9-T1,,
FR,7M8,BLQ,2026-06-26 01:05:00,FR2454,J,FR,7M8,LIS,2026-06-26 07:00:00,FR479,J,T957,197,0.9,INT,INT,C,1.0,1-T1,,
U2,32N,DLM,2026-06-26 01:05:00,U23282,J,U2,32N,TFS,2026-06-26 07:00:00,U23201,J,T958,186,0.89,INT,INT,C,1.0,31-T1,,
RK,73H,MLA,2026-06-26 01:10:00,RK6696,J,RK,73H,BCN,2026-06-26 10:15:00,RK6274,J,T959,189,0.86,INT,INT,C,1.0,104-T1,,
LS,73H,DLM,2026-06-26 01:45:00,LS712,J,LS,73H,MAH,2026-06-26 06:15:00,LS767,J,T960,189,0.92,INT,INT,C,0.8,15B-T1,,
LS,73H,ACE,2026-06-26 01:50:00,LS786,J,LS,73H,PMI,2026-06-26 06:35:00,LS717,J,T961,189,0.92,INT,INT,C,0.8,3-T1,,
U2,32A,ATH,2026-06-26 01:55:00,U23226,J,U2,32A,CDG,2026-06-26 07:00:00,U23241,J,T962,186,0.89,INT,INT,C,1.0,28-T1,,
LS,32Q,HER,2026-06-26 01:55:00,LS714,J,LS,32Q,FAO,2026-06-26 06:45:00,LS769,J,T963,232,0.92,INT,INT,C,0.8,11-T1,,
LS,32Q,TFS,2026-06-26 02:10:00,LS728,J,LS,32Q,FCO,2026-06-26 07:10:00,LS3915,J,T964,232,0.92,INT,INT,C,0.8,10-T1,,
LS,73H,JTR,2026-06-26 02:25:00,LS774,J,LS,73H,ALC,2026-06-26 07:15:00,LS775,J,T965,189,0.92,INT,INT,C,0.8,14-T1,,
NPT,73K,EMA,2026-06-26 02:25:00,NPT4N,M,NPT,73K,EMA,2026-06-26 23:00:00,NPT4S,M,T966,0,0.0,DOM,DOM,C,1.0,315-T1,,
NPT,73K,EMA,2026-06-26 03:15:00,NPT5U,M,NPT,73K,EMA,2026-06-26 23:50:00,NPT5D,M,T967,0,0.0,DOM,DOM,C,1.0,311-T1,,
D0,75C,LEJ,2026-06-26 05:50:00,D02134,F,D0,75C,LEJ,2026-06-26 20:45:00,D02135,F,T968,0,0.0,INT,INT,D,1.0,210-FRT,,
FX,73K,CDG,2026-06-26 06:05:00,FX4617,F,FX,73K,CDG,2026-06-29 20:05:00,FX4717,F,T969,0,0.0,INT,INT,C,1.0,208-FRT,,
MUK,76X,EMA,2026-06-26 06:25:00,MUK6566,F,MUK,76X,EMA,2026-06-26 20:10:00,MUK6565,F,T970,0,0.0,DOM,DOM,D,1.0,211-FRT,,
QR,789,DOH,2026-06-26 06:25:00,QR31,J,QR,789,DOH,2026-06-26 07:55:00,QR32,J,T971,311,0.87,INT,INT,E,1.0,16-T1,,
HU,333,PEK,2026-06-26 07:00:00,HU407,J,HU,333,PEK,2026-06-26 12:00:00,HU408,J,T972,292,0.73,INT,INT,E,1.0,15-T1,,
DL,76W,BOS,2026-06-26 07:05:00,DL122,J,DL,76W,ATL,2026-06-26 09:00:00,DL35,J,T973,216,0.85,INT,INT,D,1.0,2-T1,,
FR,73H,DUB,2026-06-26 07:10:00,FR808,J,FR,73H,MXP,2026-06-26 08:50:00,FR7052,J,T974,189,0.9,IRISH,INT,C,1.0,30-T1,,
AC,789,YYZ,2026-06-26 07:20:00,AC806,J,AC,789,YYZ,2026-06-26 09:00:00,AC807,J,T975,298,0.85,INT,INT,E,1.0,4A-T1,,
AA,788,PHL,2026-06-26 07:30:00,AA278,J,AA,788,PHL,2026-06-26 11:25:00,AA279,J,T976,234,0.89,INT,INT,E,1.0,18-T1,,
WK,320,ZRH,2026-06-26 07:40:00,WK290,J,WK,320,ZRH,2026-06-26 08:30:00,WK291,J,T977,180,0.61,INT,INT,C,1.0,1A-T1,,
AC,32Q,YUL,2026-06-26 07:40:00,AC936,J,AC,32Q,YUL,2026-06-26 09:15:00,AC937,J,T978,182,0.85,INT,INT,C,1.0,100-T1,,
AY,E90,HEL,2026-06-26 07:40:00,AY1371,J,AY,E90,HEL,2026-06-26 08:25:00,AY1372,J,T979,100,0.93,INT,INT,C,1.0,31-T1,,
EC,32A,CDG,2026-06-26 07:45:00,EC4679,J,EC,32A,CDG,2026-06-26 08:20:00,EC4680,J,T980,186,0.88,INT,INT,C,1.0,1B-T1,,
FR,73H,PSA,2026-06-26 07:55:00,FR3265,J,FR,73H,RIX,2026-06-26 09:15:00,FR3170,J,T981,189,0.9,INT,INT,C,1.0,103-T1,,
EI,AT7,BHD,2026-06-26 07:55:00,EI3650,J,EI,AT7,BHD,2026-06-26 08:25:00,EI3651,J,T982,72,0.81,NIRISH,NIRISH,C,1.0,27-T1,,
EI,AT7,DUB,2026-06-26 08:00:00,EI3250,J,EI,AT7,DUB,2026-06-26 08:35:00,EI3251,J,T983,72,0.81,IRISH,IRISH,C,1.0,308-T1,,
FR,7M8,ALC,2026-06-26 08:00:00,FR5578,J,FR,7M8,ALC,2026-06-26 08:25:00,FR5579,J,T984,197,0.9,INT,INT,C,1.0,10-T1,,
UA,75W,EWR,2026-06-26 08:05:00,UA36,J,UA,75W,EWR,2026-06-26 09:40:00,UA37,J,T985,176,0.84,INT,INT,D,1.0,6-T1,,
WS,7M8,YHZ,2026-06-26 08:05:00,WS72,J,WS,7M8,YHZ,2026-06-26 09:25:00,WS73,J,T986,174,0.89,INT,INT,C,1.0,33-T1,,
U2,32A,BFS,2026-06-26 08:10:00,U2324,J,U2,32A,MUC,2026-06-26 08:50:00,U23263,J,T987,186,0.89,NIRISH,INT,C,1.0,9-T1,,
SK,32N,ARN,2026-06-26 08:10:00,SK2541,J,SK,32N,ARN,2026-06-26 09:00:00,SK2542,J,T988,180,0.88,INT,INT,C,1.0,25-T1,,
EC,319,ALC,2026-06-26 08:15:00,EC5553,J,EC,319,ALC,2026-06-26 08:50:00,EC5554,J,T989,156,0.88,INT,INT,C,1.0,16A-T1,,
BA,E90,LCY,2026-06-26 08:15:00,BA8700,J,BA,E90,LCY,2026-06-26 09:40:00,BA8715,J,T990,106,0.89,DOM,DOM,C,0.5,32-T1,,
VY,320,BCN,2026-06-26 08:20:00,VY7846,J,VY,320,BCN,2026-06-26 09:00:00,VY7847,J,T991,180,0.84,INT,INT,C,1.0,16B-T1,,
UA,75W,ORD,2026-06-26 08:25:00,UA118,J,UA,75W,ORD,2026-06-26 11:30:00,UA119,J,T992,176,0.84,INT,INT,D,1.0,1-T1,,
BA,320,LHR,2026-06-26 08:25:00,BA1438,J,BA,320,LHR,2026-06-26 09:25:00,BA1439,J,T993,180,0.89,DOM,DOM,C,0.5,7-T1,,
U2,32A,BRS,2026-06-26 08:25:00,U2213,J,U2,32A,BRS,2026-06-26 08:55:00,U2214,J,T994,186,0.89,DOM,DOM,C,1.0,24-T1,,
KL,73W,AMS,2026-06-26 08:30:00,KL923,J,KL,73W,AMS,2026-06-26 09:15:00,KL924,J,T995,142,0.83,INT,INT,C,1.0,28-T1,,
VS,351,MCO,2026-06-26 08:30:00,VS226,J,VS,351,MAN,2026-06-26 09:40:00,VS811P,P,T997,397,0.8,INT,DOM,E,1.0,12-T1,,
EI,AT7,DUB,2026-06-26 08:30:00,EI3552,J,EI,AT7,DUB,2026-06-26 09:15:00,EI3553,J,T998,72,0.81,IRISH,IRISH,C,1.0,102-T1,,
AA,32X,JFK,2026-06-26 08:30:00,AA82,J,AA,32X,JFK,2026-06-26 10:30:00,AA83,J,T999,155,0.89,INT,INT,C,1.0,29-T1,,
FR,7M8,OPO,2026-06-26 08:40:00,FR9467,J,FR,7M8,OPO,2026-06-26 09:30:00,FR9468,J,T1000,197,0.9,INT,INT,C,1.0,1B-T1,,
FR,320,VIE,2026-06-26 08:45:00,FR1624,J,FR,320,VIE,2026-06-26 09:10:00,FR1625,J,T1001,180,0.9,INT,INT,C,1.0,10-T1,,
EI,AT7,DUB,2026-06-26 09:05:00,EI3550,J,EI,AT7,DUB,2026-06-26 09:40:00,EI3551,J,T1003,72,0.81,IRISH,IRISH,C,1.0,8-T1,,
BA,32N,LHR,2026-06-26 09:20:00,BA1440,J,BA,32N,LHR,2026-06-26 10:20:00,BA1441,J,T1004,180,0.89,DOM,DOM,C,0.5,16B-T1,,
LM,AT7,IOM,2026-06-26 09:20:00,LM314,J,LM,AT7,IOM,2026-06-26 09:50:00,LM313,J,T1005,72,0.73,INT,INT,C,1.0,9-T1,,
B6,32Q,JFK,2026-06-26 09:20:00,B673,J,B6,32Q,BOS,2026-06-26 11:30:00,B61080,J,T1006,156,0.83,INT,INT,C,1.0,4-T1,,
DL,76W,JFK,2026-06-26 09:20:00,DL208,J,DL,76W,BOS,2026-06-26 11:20:00,DL123,J,T1007,216,0.85,INT,INT,D,1.0,2-T1,,
U2,32A,BHX,2026-06-26 09:30:00,U2332,J,U2,32A,AMS,2026-06-26 10:05:00,U23301,J,T1008,186,0.89,DOM,INT,C,1.0,24-T1,,
U2,32A,LTN,2026-06-26 09:35:00,U2302,J,U2,32A,STN,2026-06-26 10:10:00,U2309,J,T1009,186,0.89,DOM,DOM,C,1.0,10-T1,,
U2,32N,STN,2026-06-26 09:35:00,U2308,J,U2,32N,KRK,2026-06-26 10:15:00,U23313,J,T1010,186,0.89,DOM,INT,C,1.0,25-T1,,
TK,32Q,IST,2026-06-26 09:40:00,TK1343,J,TK,32Q,IST,2026-06-26 10:40:00,TK1344,J,T1011,190,0.87,INT,INT,C,1.0,16A-T1,,
RK,73H,STN,2026-06-26 09:40:00,RK596,J,RK,73H,BFS,2026-06-26 11:00:00,RK5969,J,T1012,189,0.86,DOM,NIRISH,C,1.0,3-T1,,
U2,32A,LGW,2026-06-26 09:45:00,U2808,J,U2,32A,BFS,2026-06-26 10:15:00,U2325,J,T1013,186,0.89,DOM,NIRISH,C,1.0,1A-T1,,
LM,AT7,KOI,2026-06-26 09:50:00,LM392,J,LM,AT7,SYY,2026-06-26 10:20:00,LM343,J,T1014,72,0.73,DOM,DOM,C,1.0,7-T1,,
B6,32Q,BOS,2026-06-26 10:00:00,B61079,J,B6,32Q,JFK,2026-06-26 12:10:00,B672,J,T1015,156,0.83,INT,INT,C,1.0,11-T1,,
WS,7M8,YYZ,2026-06-26 10:10:00,WS36,J,WS,7M8,YYZ,2026-06-26 11:30:00,WS37,J,T1016,174,0.89,INT,INT,C,1.0,14-T1,,
LM,AT7,LSI,2026-06-26 10:15:00,LM352,J,LM,AT7,SOU,2026-06-26 13:00:00,LM325,J,T1017,72,0.73,DOM,DOM,C,1.0,8-T1,,
BA,32A,LHR,2026-06-26 10:20:00,BA1442,J,BA,32A,LHR,2026-06-26 11:30:00,BA1443,J,T1018,180,0.89,DOM,DOM,C,0.5,9-T1,,
RK,73H,BFS,2026-06-26 10:35:00,RK5968,J,RK,73H,STN,2026-06-26 15:45:00,RK8604,J,T1019,189,0.86,NIRISH,DOM,C,1.0,24-T1,,
UA,75W,IAD,2026-06-26 10:35:00,UA978,J,UA,75W,IAD,2026-06-26 12:30:00,UA979,J,T1020,176,0.84,INT,INT,D,1.0,10-T1,,
AF,223,CDG,2026-06-26 10:40:00,AF1686,J,AF,223,CDG,2026-06-26 11:35:00,AF1687,J,T1021,148,0.84,INT,INT,C,1.0,16B-T1,,
EI,AT7,DUB,2026-06-26 10:40:00,EI3554,J,EI,AT7,DUB,2026-06-26 11:10:00,EI3555,J,T1022,72,0.81,IRISH,IRISH,C,1.0,1A-T1,,
LM,AT7,SOU,2026-06-26 10:40:00,LM322,J,LM,AT7,EXT,2026-06-26 11:00:00,LM315,J,T1023,72,0.73,DOM,DOM,C,1.0,7-T1,,
FR,7M8,GDN,2026-06-26 11:15:00,FR6123,J,FR,7M8,KUN,2026-06-26 12:05:00,FR2886,J,T1024,197,0.9,INT,INT,C,1.0,1B-T1,,
U2,32A,CDG,2026-06-26 11:15:00,U23242,J,U2,32A,BRS,2026-06-26 11:55:00,U2218,J,T1025,186,0.89,INT,DOM,C,1.0,16A-T1,,
DY,73H,OSL,2026-06-26 11:30:00,DY1354,J,DY,73H,OSL,2026-06-26 12:10:00,DY1355,J,T1026,186,0.78,INT,INT,C,1.0,1A-T1,,
EI,AT7,DUB,2026-06-26 11:40:00,EI3252,J,EI,AT7,DUB,2026-06-26 12:20:00,EI3253,J,T1027,72,0.81,IRISH,IRISH,C,1.0,7-T1,,
FR,73H,SNN,2026-06-26 11:40:00,FR1676,J,FR,73H,AGP,2026-06-26 13:45:00,FR5663,J,T1028,189,0.9,IRISH,INT,C,1.0,30-T1,,
SN,319,BRU,2026-06-26 11:50:00,SN2063,J,SN,319,BRU,2026-06-26 12:40:00,SN2064,J,T1029,141,0.84,INT,INT,C,1.0,4-T1,,
DL,76W,ATL,2026-06-26 11:50:00,DL34,J,DL,76W,JFK,2026-06-26 14:05:00,DL209,J,T1031,216,0.85,INT,INT,D,1.0,2-T1,,
XQ,73H,AYT,2026-06-26 11:55:00,XQ598,J,XQ,73H,AYT,2026-06-26 12:45:00,XQ599,J,T1032,189,0.8,INT,INT,C,1.0,3-T1,,
LH,320,FRA,2026-06-26 12:05:00,LH960,J,LH,320,FRA,2026-06-26 12:50:00,LH961,J,T1033,168,0.91,INT,INT,C,1.0,17-T1,,
FR,7M8,BCN,2026-06-26 12:15:00,FR6267,J,FR,7M8,POZ,2026-06-26 13:05:00,FR6618,J,T1034,197,0.9,INT,INT,C,1.0,1-T1,,
FR,7M8,MAD,2026-06-26 12:15:00,FR188,J,FR,7M8,CPH,2026-06-26 13:40:00,FR3760,J,T1035,197,0.9,INT,INT,C,1.0,14-T1,,
U2,32A,GVA,2026-06-26 12:20:00,U23292,J,U2,32A,VCE,2026-06-26 13:10:00,U23271,J,T1036,186,0.89,INT,INT,C,1.0,15B-T1,,
KL,73H,AMS,2026-06-26 12:20:00,KL927,J,KL,73H,AMS,2026-06-26 13:10:00,KL928,J,T1037,186,0.83,INT,INT,C,1.0,16A-T1,,
U2,32A,BCN,2026-06-26 12:25:00,U23216,J,U2,32A,PRG,2026-06-26 13:20:00,U23325,J,T1038,186,0.89,INT,INT,C,1.0,1B-T1,,
PC,32Q,SAW,2026-06-26 12:25:00,PC1187,J,PC,32Q,SAW,2026-06-26 13:35:00,PC1188,J,T1039,239,0.89,INT,INT,C,1.0,15A-T1,,
U2,32A,BFS,2026-06-26 12:30:00,U2326,J,U2,32A,JER,2026-06-26 14:20:00,U2305,J,T1040,186,0.89,NIRISH,INT,C,1.0,25-T1,,
BA,32Q,LHR,2026-06-26 12:40:00,BA1434,J,BA,32Q,LHR,2026-06-26 14:00:00,BA1435,J,T1041,220,0.89,DOM,DOM,C,0.5,9-T1,,
EI,AT7,DUB,2026-06-26 12:55:00,EI3254,J,EI,AT7,DUB,2026-06-26 13:25:00,EI3255,J,T1043,72,0.81,IRISH,IRISH,C,1.0,1A-T1,,
EC,32Q,CDG,2026-06-26 13:00:00,EC4649,J,EC,32Q,CDG,2026-06-26 13:40:00,EC4650,J,T1044,235,0.88,INT,INT,C,1.0,4-T1,,
FR,7M8,BUD,2026-06-26 13:00:00,FR1018,J,FR,7M8,NRN,2026-06-26 13:50:00,FR5687,J,T1045,197,0.9,INT,INT,C,1.0,16B-T1,,
LM,AT7,SYY,2026-06-26 13:05:00,LM344,J,LM,AT7,LSI,2026-06-26 16:45:00,LM357,J,T1046,72,0.73,DOM,DOM,C,1.0,7-T1,,
D8,320,BLL,2026-06-26 13:05:00,D83858,J,D8,320,BLL,2026-06-26 13:45:00,D83859,J,T1047,180,0.86,INT,INT,C,1.0,3-T1,,
FR,7M8,SVQ,2026-06-26 13:15:00,FR6761,J,FR,7M8,CRL,2026-06-26 14:25:00,FR7322,J,T1048,197,0.9,INT,INT,C,1.0,31-T1,,
FI,7M8,KEF,2026-06-26 13:20:00,FI434,J,FI,7M8,KEF,2026-06-26 14:15:00,FI435,J,T1049,160,0.86,INT,INT,C,1.0,102-T1,,
EW,319,CGN,2026-06-26 13:20:00,EW362,J,EW,319,STR,2026-06-26 14:00:00,EW2481,J,T1050,150,0.88,INT,INT,C,1.0,8-T1,,
FR,7M8,NRN,2026-06-26 13:25:00,FR5688,J,FR,7M8,NOC,2026-06-26 14:30:00,FR890,J,T1051,197,0.9,INT,IRISH,C,1.0,1-T1,,
FR,7M8,SOF,2026-06-26 13:30:00,FR5161,J,FR,7M8,ACE,2026-06-26 14:45:00,FR5593,J,T1052,197,0.9,INT,INT,C,1.0,106-T1,,
U2,32A,STN,2026-06-26 13:30:00,U2310,J,U2,32A,RHO,2026-06-26 14:25:00,U23227,J,T1053,186,0.89,DOM,INT,C,1.0,6-T1,,
EI,AT7,BHD,2026-06-26 13:35:00,EI3652,J,EI,AT7,BHD,2026-06-26 14:05:00,EI3653,J,T1054,72,0.81,NIRISH,NIRISH,C,1.0,5-T1,,
LS,73H,PMI,2026-06-26 13:40:00,LS718,J,LS,73H,BJV,2026-06-26 14:40:00,LS793,J,T1055,189,0.92,INT,INT,C,0.8,10-T1,,
LS,73H,MAH,2026-06-26 13:40:00,LS768,J,LS,73H,LPA,2026-06-26 14:35:00,LS715,J,T1056,189,0.92,INT,INT,C,0.8,1B-T1,,
EC,319,LIN,2026-06-26 13:40:00,EC5421,J,EC,319,LIN,2026-06-26 14:10:00,EC5422,J,T1057,156,0.88,INT,INT,C,1.0,15B-T1,,
QR,789,DOH,2026-06-26 13:40:00,QR29,J,QR,789,DOH,2026-06-26 15:10:00,QR30,J,T1058,311,0.87,INT,INT,E,1.0,18-T1,,
U2,32A,AMS,2026-06-26 13:45:00,U23302,J,U2,32A,BER,2026-06-26 14:25:00,U23261,J,T1059,186,0.89,INT,INT,C,1.0,16A-T1,,
FR,7M8,AGP,2026-06-26 13:50:00,FR5090,J,FR,7M8,FUE,2026-06-26 14:45:00,FR5683,J,T1060,197,0.9,INT,INT,C,1.0,1A-T1,,
FR,7M8,LIS,2026-06-26 13:50:00,FR478,J,FR,7M8,TFS,2026-06-26 15:05:00,FR2969,J,T1061,197,0.9,INT,INT,C,1.0,11-T1,,
BY,7M8,CFU,2026-06-26 13:55:00,BY1597,C,BY,7M8,CFU,2026-06-26 15:00:00,BY1596,C,T1062,189,0.97,INT,INT,C,1.0,15A-T1,,
U2,32A,MUC,2026-06-26 14:15:00,U23264,J,U2,32A,BHD,2026-06-26 14:55:00,U2321,J,T1063,186,0.89,INT,NIRISH,C,1.0,16B-T1,,
U2,32A,CTA,2026-06-26 14:15:00,U23276,J,U2,32A,ZRH,2026-06-26 14:55:00,U23295,J,T1064,186,0.89,INT,INT,C,1.0,14-T1,,
LS,32Q,AGP,2026-06-26 14:20:00,LS760,J,LS,32Q,AYT,2026-06-26 15:20:00,LS757,J,T1065,232,0.92,INT,INT,C,0.8,3-T1,,
BA,319,LHR,2026-06-26 14:20:00,BA1450,J,BA,319,LHR,2026-06-26 15:10:00,BA1451,J,T1066,144,0.89,DOM,DOM,C,0.5,8-T1,,
LS,32Q,FCO,2026-06-26 14:25:00,LS3916,J,LS,32Q,TFS,2026-06-26 15:35:00,LS739,J,T1067,232,0.92,INT,INT,C,0.8,2-T1,,
D8,7M8,CPH,2026-06-26 14:30:00,D83502,J,D8,7M8,CPH,2026-06-26 15:10:00,D83503,J,T1068,189,0.86,INT,INT,C,1.0,15B-T1,,
LS,32Q,FAO,2026-06-26 14:30:00,LS770,J,LS,32Q,KGS,2026-06-26 15:40:00,LS733,J,T1069,232,0.92,INT,INT,C,0.8,4-T1,,
LS,73H,ALC,2026-06-26 14:45:00,LS776,J,LS,73H,RHO,2026-06-26 15:45:00,LS725,J,T1070,189,0.92,INT,INT,C,0.8,16A-T1,,
EI,AT7,DUB,2026-06-26 15:00:00,EI3256,J,EI,AT7,DUB,2026-06-26 15:30:00,EI3257,J,T1071,72,0.81,IRISH,IRISH,C,1.0,1-T1,,
U2,32A,BRS,2026-06-26 15:00:00,U2217,J,U2,32A,AMS,2026-06-26 15:40:00,U23303,J,T1072,186,0.89,DOM,INT,C,1.0,25-T1,,
FR,73H,DUB,2026-06-26 15:05:00,FR814,J,FR,73H,PMI,2026-06-26 16:45:00,FR6656,J,T1073,189,0.9,IRISH,INT,C,1.0,1B-T1,,
U2,32N,LGW,2026-06-26 15:10:00,U2813,J,U2,32N,LGW,2026-06-26 15:45:00,U2814,J,T1074,186,0.89,DOM,DOM,C,1.0,10-T1,,
LM,AT7,EXT,2026-06-26 15:10:00,LM316,J,LM,AT7,SOU,2026-06-26 17:40:00,LM329,J,T1075,72,0.73,DOM,DOM,C,1.0,5-T1,,
RK,73H,AGA,2026-06-26 15:20:00,RK860,J,RK,73H,NQY,2026-06-26 16:10:00,RK9361,J,T1076,189,0.86,INT,DOM,C,1.0,15A-T1,,
RK,73H,STN,2026-06-26 15:20:00,RK8605,J,RK,73H,BFS,2026-06-26 18:05:00,RK179,J,T1077,189,0.86,DOM,NIRISH,C,1.0,1A-T1,,
TK,32Q,IST,2026-06-26 15:55:00,TK1345,J,TK,32Q,IST,2026-06-26 16:55:00,TK1346,J,T1078,190,0.87,INT,INT,C,1.0,16B-T1,,
FR,73H,PMO,2026-06-26 15:55:00,FR3426,J,FR,73H,DUB,2026-06-26 21:55:00,FR817,J,T1079,189,0.9,INT,IRISH,C,1.0,6-T1,,
FR,73H,VCE,2026-06-26 16:00:00,FR1653,J,FR,73H,DUB,2026-06-26 23:55:00,FR819,J,T1080,189,0.9,INT,IRISH,C,1.0,25-T1,,
KL,32Q,AMS,2026-06-26 16:10:00,KL931,J,KL,32Q,AMS,2026-06-26 17:05:00,KL932,J,T1081,227,0.83,INT,INT,C,1.0,2-T1,,
U2,32N,KRK,2026-06-26 16:15:00,U23314,J,U2,32N,MAD,2026-06-26 16:50:00,U23209,J,T1082,186,0.89,INT,INT,C,1.0,17-T1,,
BA,32N,LHR,2026-06-26 16:20:00,BA1454,J,BA,32N,LHR,2026-06-26 17:10:00,BA1455,J,T1083,180,0.89,DOM,DOM,C,0.5,9-T1,,
EI,AT7,BHD,2026-06-26 16:20:00,EI3656,J,EI,AT7,BHD,2026-06-26 16:50:00,EI3657,J,T1084,72,0.81,NIRISH,NIRISH,C,1.0,3-T1,,
D8,73H,ARN,2026-06-26 16:20:00,D84463,J,D8,73H,ARN,2026-06-26 17:00:00,D84464,J,T1085,186,0.86,INT,INT,C,1.0,16A-T1,,
LH,321,MUC,2026-06-26 16:25:00,LH2524,J,LH,321,MUC,2026-06-26 17:10:00,LH2525,J,T1086,195,0.91,INT,INT,C,1.0,1-T1,,
RK,73H,BCN,2026-06-26 16:30:00,RK6275,J,RK,73H,STN,2026-06-26 19:55:00,RK1274,J,T1087,189,0.86,INT,DOM,C,1.0,24-T1,,
LS,73H,DLM,2026-06-26 16:30:00,LS782,J,LS,73H,PMI,2026-06-26 17:30:00,LS753,J,T1088,189,0.92,INT,INT,C,0.8,15A-T1,,
AF,223,CDG,2026-06-26 16:30:00,AF1486,J,AF,223,CDG,2026-06-26 17:25:00,AF1487,J,T1089,148,0.84,INT,INT,C,1.0,10-T1,,
WK,320,ZRH,2026-06-26 16:35:00,WK292,J,WK,320,ZRH,2026-06-26 17:25:00,WK293,J,T1090,180,0.61,INT,INT,C,1.0,11-T1,,
FR,7M8,CIA,2026-06-26 16:50:00,FR5590,J,FR,7M8,CIA,2026-06-26 17:45:00,FR5589,J,T1091,197,0.9,INT,INT,C,1.0,14-T1,,
EC,32A,MXP,2026-06-26 16:55:00,EC3833,J,EC,32A,MXP,2026-06-26 17:30:00,EC3834,J,T1092,186,0.88,INT,INT,C,1.0,15B-T1,,
LM,AT7,SOU,2026-06-26 17:00:00,LM326,J,LM,AT7,KOI,2026-06-26 17:20:00,LM397,J,T1093,72,0.73,DOM,DOM,C,1.0,8-T1,,
LH,32Q,FRA,2026-06-26 17:05:00,LH962,J,LH,32Q,FRA,2026-06-26 18:20:00,LH963,J,T1094,204,0.91,INT,INT,C,1.0,4-T1,,
BA,E90,LCY,2026-06-26 17:10:00,BA8706,J,BA,E90,LCY,2026-06-26 17:45:00,BA8709,J,T1095,106,0.89,DOM,DOM,C,0.5,3-T1,,
FR,7M8,NOC,2026-06-26 17:10:00,FR891,J,FR,7M8,FAO,2026-06-26 18:00:00,FR5667,J,T1096,197,0.9,IRISH,INT,C,1.0,1B-T1,,
U2,32A,BHD,2026-06-26 17:10:00,U2322,J,U2,32A,BSL,2026-06-26 17:45:00,U23219,J,T1097,186,0.89,NIRISH,INT,C,1.0,17-T1,,
U2,32N,TFS,2026-06-26 17:15:00,U23202,J,U2,32A,BRS,2026-06-26 17:55:00,U2216,J,T1098,186,0.89,INT,DOM,C,1.0,16B-T1,,
AY,E90,HEL,2026-06-26 17:20:00,AY1373,J,AY,E90,HEL,2026-06-26 18:05:00,AY1374,J,T1099,100,0.93,INT,INT,C,1.0,16A-T1,,
U2,32A,BRS,2026-06-26 17:25:00,U2215,J,U2,32N,NCE,2026-06-26 18:00:00,U23245,J,T1100,186,0.89,DOM,INT,C,1.0,2-T1,,
U2,319,LTN,2026-06-26 17:35:00,U2603,J,U2,319,LTN,2026-06-26 18:05:00,U2604,J,T1101,156,0.89,DOM,DOM,C,1.0,7-T1,,
BA,319,LHR,2026-06-26 17:35:00,BA1456,J,BA,319,LHR,2026-06-26 18:20:00,BA1457,J,T1102,144,0.89,DOM,DOM,C,0.5,9-T1,,
U2,319,BFS,2026-06-26 17:40:00,U259,J,U2,319,BFS,2026-06-26 18:10:00,U260,J,T1103,156,0.89,NIRISH,NIRISH,C,1.0,8-T1,,
U2,32A,JER,2026-06-26 17:55:00,U2306,J,U2,32A,CDG,2026-06-26 18:25:00,U23243,J,T1104,186,0.89,INT,INT,C,1.0,1-T1,,
FR,7M8,CPH,2026-06-26 18:00:00,FR3759,J,FR,7M8,MRS,2026-06-26 18:25:00,FR1287,J,T1105,197,0.9,INT,INT,C,1.0,15A-T1,,
FR,7M8,KUN,2026-06-26 18:05:00,FR2885,J,FR,7M8,ORK,2026-06-26 18:35:00,FR3732,J,T1106,197,0.9,INT,IRISH,C,1.0,17-T1,,
FR,7M8,POZ,2026-06-26 18:15:00,FR6619,J,FR,7M8,BER,2026-06-26 18:40:00,FR2376,J,T1107,197,0.9,INT,INT,C,1.0,16B-T1,,
FR,7M8,CRL,2026-06-26 18:20:00,FR7323,J,FR,7M8,BGY,2026-06-26 18:50:00,FR3658,J,T1108,197,0.9,INT,INT,C,1.0,10-T1,,
XQ,7M8,DLM,2026-06-26 18:25:00,XQ3688,J,XQ,7M8,DLM,2026-06-26 19:20:00,XQ3689,J,T1109,189,0.8,INT,INT,C,1.0,1B-T1,,
SK,32N,CPH,2026-06-26 18:25:00,SK2513,J,SK,32N,CPH,2026-06-26 19:10:00,SK2514,J,T1110,180,0.88,INT,INT,C,1.0,11-T1,,
DY,7M8,OSL,2026-06-26 18:30:00,DY1356,J,DY,7M8,OSL,2026-06-26 19:10:00,DY1357,J,T1111,189,0.78,INT,INT,C,1.0,14-T1,,
U2,32A,PRG,2026-06-26 18:35:00,U23326,J,U2,32A,LGW,2026-06-26 19:10:00,U2809,J,T1112,186,0.89,INT,DOM,C,1.0,16A-T1,,
FR,7M8,KRK,2026-06-26 18:45:00,FR6625,J,FR,7M8,KRK,2026-06-26 19:20:00,FR6624,J,T1113,197,0.9,INT,INT,C,1.0,15B-T1,,
DS,32A,GVA,2026-06-26 18:45:00,DS1587,J,DS,32A,GVA,2026-06-26 19:20:00,DS1588,J,T1114,186,0.84,INT,INT,C,1.0,15A-T1,,
EW,319,STR,2026-06-26 18:50:00,EW2480,J,EW,319,CGN,2026-06-26 19:30:00,EW363,J,T1115,150,0.88,INT,INT,C,1.0,8-T1,,
BA,32Q,LHR,2026-06-26 18:50:00,BA1458,J,BA,32Q,LHR,2026-06-26 19:40:00,BA1459,J,T1116,220,0.89,DOM,DOM,C,0.5,9-T1,,
TO,73H,ORY,2026-06-26 19:00:00,TO7928,J,TO,73H,ORY,2026-06-26 19:45:00,TO7929,J,T1117,189,0.85,INT,INT,C,1.0,2-T1,,
EI,AT7,DUB,2026-06-26 19:05:00,EI3556,J,EI,AT7,DUB,2026-06-26 19:40:00,EI3557,J,T1118,72,0.81,IRISH,IRISH,C,1.0,1-T1,,
BA,E90,LCY,2026-06-26 19:05:00,BA8712,J,BA,E90,PMI,2026-06-27 06:50:00,BA2337,J,T1119,106,0.89,DOM,INT,C,0.5,7-T1,,
EW,321,DUS,2026-06-26 19:05:00,EW9364,J,EW,321,DUS,2026-06-26 19:55:00,EW9365,J,T1120,232,0.88,INT,INT,C,1.0,16B-T1,,
U2,32A,VCE,2026-06-26 19:10:00,U23272,J,U2,32A,STN,2026-06-26 19:45:00,U2313,J,T1121,186,0.89,INT,DOM,C,1.0,17-T1,,
U2,32A,AMS,2026-06-26 19:10:00,U23304,J,U2,32A,BHX,2026-06-26 19:45:00,U2335,J,T1122,186,0.89,INT,DOM,C,1.0,1A-T1,,
U2,32A,BER,2026-06-26 19:20:00,U23262,J,U2,32A,BFS,2026-06-26 19:50:00,U2327,J,T1123,186,0.89,INT,NIRISH,C,1.0,10-T1,,
EI,AT7,BHD,2026-06-26 19:25:00,EI3658,J,EI,AT7,BHD,2026-06-26 19:55:00,EI3659,J,T1124,72,0.81,NIRISH,NIRISH,C,1.0,4-T1,,
BA,32N,LHR,2026-06-26 19:25:00,BA1460,J,BA,32N,LHR,2026-06-26 20:15:00,BA1461,J,T1125,180,0.89,DOM,DOM,C,0.5,3-T1,,
RK,73H,NQY,2026-06-26 19:30:00,RK9362,J,RK,73H,BOH,2026-06-26 21:00:00,RK1133,J,T1126,189,0.86,DOM,DOM,C,1.0,16A-T1,,
EI,AT7,DUB,2026-06-26 19:50:00,EI3258,J,EI,AT7,DUB,2026-06-26 20:30:00,EI3259,J,T1127,72,0.81,IRISH,IRISH,C,1.0,1B-T1,,
U2,32A,ZRH,2026-06-26 20:00:00,U23296,J,U2,32A,LDY,2026-06-26 20:35:00,U2317,J,T1128,186,0.89,INT,DOM,C,1.0,14-T1,,
EK,359,DXB,2026-06-26 20:05:00,EK23,J,EK,359,DXB,2026-06-26 22:00:00,EK24,J,T1129,312,0.93,INT,INT,E,1.0,15-T1,,
LM,AT7,KOI,2026-06-26 20:10:00,LM398,J,LM,AT7,SOU,2026-06-27 08:00:00,LM321,J,T1130,72,0.73,DOM,DOM,C,1.0,32-T1,,
EC,319,AMS,2026-06-26 20:20:00,EC7837,J,EC,319,AMS,2026-06-26 20:55:00,EC7838,J,T1133,156,0.88,INT,INT,C,1.0,17-T1,,
U2,32N,LGW,2026-06-26 20:45:00,U2815,J,U2,32N,LGW,2026-06-26 21:15:00,U2816,J,T1134,186,0.89,DOM,DOM,C,1.0,16B-T1,,
FR,73H,AGP,2026-06-26 21:00:00,FR5664,J,FR,73H,RZE,2026-06-27 05:40:00,FR4535,J,T1136,189,0.9,INT,INT,C,1.0,4-T1,,
U2,32N,BHX,2026-06-26 21:15:00,U2921,J,U2,32N,BHX,2026-06-26 21:55:00,U2922,J,T1138,186,0.89,DOM,DOM,C,1.0,17-T1,,
U2,319,LTN,2026-06-26 21:15:00,U2605,J,U2,319,LTN,2026-06-26 21:55:00,U2606,J,T1139,156,0.89,DOM,DOM,C,1.0,24-T1,,
FR,73H,DUB,2026-06-26 21:30:00,FR816,J,FR,73H,BTS,2026-06-27 05:40:00,FR6642,J,T1140,189,0.9,IRISH,INT,C,1.0,1B-T1,,
FR,7M8,ORK,2026-06-26 21:40:00,FR3731,J,FR,7M8,PSA,2026-06-27 05:50:00,FR3264,J,T1142,197,0.9,IRISH,INT,C,1.0,1-T1,,
U2,32N,BRS,2026-06-26 21:40:00,U2219,J,U2,32N,BRS,2026-06-26 22:10:00,U2220,J,T1143,186,0.89,DOM,DOM,C,1.0,2-T1,,
BA,319,LHR,2026-06-26 22:00:00,BA1464,J,BA,32A,LHR,2026-06-27 06:00:00,BA1467,J,T1145,144,0.89,DOM,DOM,C,0.5,8-T1,,
U2,32A,BHX,2026-06-26 22:35:00,U2336,J,U2,32A,MAD,2026-06-27 06:00:00,U23207,J,T1146,186,0.89,DOM,INT,C,1.0,6-T1,,
U2,32A,CDG,2026-06-26 22:40:00,U23244,J,U2,32N,DBV,2026-06-27 06:15:00,U23319,J,T1148,186,0.89,INT,INT,C,1.0,2-T1,,
U2,32A,LGW,2026-06-26 22:45:00,U2810,J,U2,32A,LGW,2026-06-27 06:15:00,U2807,J,T1149,186,0.89,DOM,DOM,C,1.0,24-T1,,
U2,32A,LDY,2026-06-26 22:50:00,U2318,J,U2,32A,KEF,2026-06-27 06:20:00,U23315,J,T1150,186,0.89,DOM,INT,C,1.0,9-T1,,
LH,32N,FRA,2026-06-26 23:05:00,LH964,J,LH,32N,FRA,2026-06-27 06:10:00,LH965,J,T1153,172,0.91,INT,INT,C,1.0,102-T1,,
RK,73H,STN,2026-06-26 23:05:00,RK1273,J,RK,73H,MLA,2026-06-27 06:45:00,RK6695,J,T1154,189,0.86,DOM,INT,C,1.0,1A-T1,,
FR,7M8,BER,2026-06-26 23:20:00,FR2377,J,FR,7M8,BCN,2026-06-27 05:55:00,FR6266,J,T1156,197,0.9,INT,INT,C,1.0,15B-T1,,
FR,73H,DUB,2026-06-26 23:30:00,FR818,J,FR,73H,DUB,2026-06-27 08:15:00,FR809,J,T1159,189,0.9,IRISH,IRISH,C,1.0,106-T1,,
FR,7M8,MRS,2026-06-26 23:55:00,FR1286,J,FR,7M8,OTP,2026-06-27 06:15:00,FR5614,J,T1160,197,0.9,INT,INT,C,1.0,17-T1,,
RK,73H,BOH,2026-06-27 00:15:00,RK1132,J,RK,73H,BFS,2026-06-27 08:15:00,RK5969,J,T1163,189,0.86,DOM,NIRISH,C,1.0,25-T1,,
FR,7M8,BGY,2026-06-27 00:20:00,FR3657,J,FR,7M8,ACE,2026-06-27 06:55:00,FR5608,J,T1164,197,0.9,INT,INT,C,1.0,104-T1,,
FR,7M8,FUE,2026-06-27 00:30:00,FR5684,J,FR,7M8,WRO,2026-06-27 06:55:00,FR1159,J,T1165,197,0.9,INT,INT,C,1.0,33-T1,,
LS,73H,PMI,2026-06-27 00:40:00,LS754,J,LS,73H,FAO,2026-06-27 06:45:00,LS769,J,T1167,189,0.92,INT,INT,C,0.8,15A-T1,,
LS,73H,BJV,2026-06-27 00:45:00,LS794,J,LS,73H,PMI,2026-06-27 06:45:00,LS717,J,T1168,189,0.92,INT,INT,C,0.8,103-T1,,
FR,7M8,TFS,2026-06-27 01:05:00,FR2977,J,FR,7M8,ORK,2026-06-27 07:05:00,FR3732,J,T1170,197,0.9,INT,IRISH,C,1.0,14-T1,,
FR,7M8,FAO,2026-06-27 01:05:00,FR5668,J,FR,7M8,ALC,2026-06-27 08:20:00,FR5579,J,T1171,197,0.9,INT,INT,C,1.0,29-T1,,
LS,32Q,KGS,2026-06-27 01:40:00,LS734,J,LS,32Q,ALC,2026-06-27 06:00:00,LS775,J,T1172,232,0.92,INT,INT,C,0.8,16B-T1,,
LS,32Q,AYT,2026-06-27 02:00:00,LS758,J,LS,32Q,AGP,2026-06-27 06:30:00,LS759,J,T1173,232,0.92,INT,INT,C,0.8,16A-T1,,
LS,73H,RHO,2026-06-27 02:05:00,LS726,J,LS,73H,VRN,2026-06-27 07:35:00,LS703,J,T1174,189,0.92,INT,INT,C,0.8,10-T1,,
LS,32Q,TFS,2026-06-27 02:10:00,LS740,J,LS,32Q,IBZ,2026-06-27 07:20:00,LS789,J,T1175,232,0.92,INT,INT,C,0.8,11-T1,,
NPT,73K,EMA,2026-06-27 02:25:00,NPT4N,M,NPT,73K,EMA,2026-06-27 03:30:00,NPT722F,P,T1176,0,0.0,DOM,DOM,C,1.0,311-T1,,
NPT,73K,EMA,2026-06-27 03:15:00,NPT5U,M,NPT,73K,EMA,2026-06-29 23:00:00,NPT4S,M,T1177,0,0.0,DOM,DOM,C,1.0,308-T1,,
NPT,73K,EMA,2026-06-27 06:15:00,NPT7224,H,NPT,73K,EMA,2026-06-29 23:50:00,NPT5D,M,T1178,0,0.0,DOM,DOM,C,1.0,210-FRT,,
QR,789,DOH,2026-06-27 06:25:00,QR31,J,QR,789,DOH,2026-06-27 07:55:00,QR32,J,T1179,311,0.87,INT,INT,E,1.0,4A-T1,,
D0,75C,LEJ,2026-06-27 06:45:00,D02134,F,D0,75C,LEJ,2026-06-27 07:45:00,D0201P,P,T1180,0,0.0,INT,INT,D,1.0,102-T1,,
HU,333,PEK,2026-06-27 07:00:00,HU407,J,HU,333,PEK,2026-06-27 12:00:00,HU408,J,T1181,292,0.73,INT,INT,E,1.0,18-T1,,
DL,76W,BOS,2026-06-27 07:05:00,DL122,J,DL,76W,ATL,2026-06-27 09:00:00,DL35,J,T1182,216,0.85,INT,INT,D,1.0,2-T1,,
AC,789,YYZ,2026-06-27 07:20:00,AC806,J,AC,789,YYZ,2026-06-27 09:00:00,AC807,J,T1183,298,0.85,INT,INT,E,1.0,16-T1,,
FR,73H,MRS,2026-06-27 07:25:00,FR1286,J,FR,73H,BLQ,2026-06-27 08:45:00,FR2453,J,T1184,189,0.9,INT,INT,C,1.0,1A-T1,,
WK,320,ZRH,2026-06-27 07:25:00,WK292,J,WK,320,ZRH,2026-06-27 08:35:00,WK293,J,T1185,180,0.61,INT,INT,C,1.0,7-T1,,
EC,319,AMS,2026-06-27 07:30:00,EC7837,J,EC,319,AMS,2026-06-27 08:00:00,EC7838,J,T1186,156,0.88,INT,INT,C,1.0,14-T1,,
AA,788,PHL,2026-06-27 07:30:00,AA278,J,AA,788,PHL,2026-06-27 11:25:00,AA279,J,T1187,234,0.89,INT,INT,E,1.0,15-T1,,
RK,73H,BFS,2026-06-27 07:50:00,RK5968,J,RK,73H,KRK,2026-06-27 09:50:00,RK6624,J,T1188,189,0.86,NIRISH,INT,C,1.0,9-T1,,
FR,73H,DUB,2026-06-27 07:50:00,FR808,J,FR,73H,PRG,2026-06-27 08:50:00,FR1054,J,T1189,189,0.9,IRISH,INT,C,1.0,27-T1,,
FR,7M8,ALC,2026-06-27 07:55:00,FR5578,J,FR,7M8,CIA,2026-06-27 08:55:00,FR5599,J,T1190,197,0.9,INT,INT,C,1.0,1B-T1,,
EI,AT7,BHD,2026-06-27 07:55:00,EI3650,J,EI,AT7,BHD,2026-06-27 08:25:00,EI3651,J,T1191,72,0.81,NIRISH,NIRISH,C,1.0,8-T1,,
FR,7M8,SNN,2026-06-27 07:55:00,FR1676,J,FR,7M8,SNN,2026-06-27 08:20:00,FR1677,J,T1192,197,0.9,IRISH,IRISH,C,1.0,1-T1,,
EI,AT7,DUB,2026-06-27 08:00:00,EI3250,J,EI,AT7,DUB,2026-06-27 08:35:00,EI3251,J,T1193,72,0.81,IRISH,IRISH,C,1.0,100-T1,,
UA,75W,EWR,2026-06-27 08:05:00,UA36,J,UA,75W,EWR,2026-06-27 09:40:00,UA37,J,T1194,176,0.84,INT,INT,D,1.0,10-T1,,
FR,73H,BLQ,2026-06-27 08:20:00,FR2454,J,FR,73H,PMI,2026-06-27 09:15:00,FR6656,J,T1195,189,0.9,INT,INT,C,1.0,31-T1,,
FR,73H,PRG,2026-06-27 08:25:00,FR1053,J,FR,73H,DUB,2026-06-27 10:30:00,FR813,J,T1196,189,0.9,INT,IRISH,C,1.0,33-T1,,
UA,75W,ORD,2026-06-27 08:25:00,UA118,J,UA,75W,ORD,2026-06-27 11:30:00,UA119,J,T1197,176,0.84,INT,INT,D,1.0,6-T1,,
AA,32X,JFK,2026-06-27 08:30:00,AA82,J,AA,32X,JFK,2026-06-27 10:30:00,AA83,J,T1198,155,0.89,INT,INT,C,1.0,102-T1,,
A3,32N,ATH,2026-06-27 08:30:00,A3632,J,A3,32N,ATH,2026-06-27 09:20:00,A3633,J,T1199,180,0.91,INT,INT,C,1.0,14-T1,,
EI,AT7,DUB,2026-06-27 08:30:00,EI3552,J,EI,AT7,DUB,2026-06-27 09:15:00,EI3553,J,T1200,72,0.81,IRISH,IRISH,C,1.0,5-T1,,
KL,73H,AMS,2026-06-27 08:30:00,KL923,J,KL,73H,AMS,2026-06-27 09:20:00,KL924,J,T1201,186,0.83,INT,INT,C,1.0,11-T1,,
U2,32N,LTN,2026-06-27 08:35:00,U2601,J,U2,32N,LGW,2026-06-27 09:10:00,U2830,J,T1202,186,0.89,DOM,DOM,C,1.0,24-T1,,
U2,32N,LGW,2026-06-27 08:35:00,U2829,J,U2,32N,LTN,2026-06-27 09:05:00,U2602,J,T1203,186,0.89,DOM,DOM,C,1.0,4-T1,,
DY,73H,OSL,2026-06-27 08:45:00,DY1354,J,DY,73H,OSL,2026-06-27 09:25:00,DY1355,J,T1204,186,0.78,INT,INT,C,1.0,1-T1,,
OS,320,VIE,2026-06-27 08:45:00,OS345,J,OS,320,VIE,2026-06-27 09:30:00,OS346,J,T1205,180,0.76,INT,INT,C,1.0,8-T1,,
U2,32A,BRS,2026-06-27 08:45:00,U2213,J,U2,32A,BRS,2026-06-27 09:10:00,U2214,J,T1206,186,0.89,DOM,DOM,C,1.0,25-T1,,
FR,7M8,CIA,2026-06-27 08:45:00,FR5598,J,FR,7M8,BZR,2026-06-27 11:15:00,FR7834,J,T1207,197,0.9,INT,INT,C,1.0,103-T1,,
EI,AT7,DUB,2026-06-27 09:05:00,EI3550,J,EI,AT7,DUB,2026-06-27 09:40:00,EI3551,J,T1208,72,0.81,IRISH,IRISH,C,1.0,1A-T1,,
U2,32A,BFS,2026-06-27 09:15:00,U2324,J,U2,32A,MUC,2026-06-27 09:45:00,U23263,J,T1209,186,0.89,NIRISH,INT,C,1.0,1B-T1,,
DL,76W,JFK,2026-06-27 09:20:00,DL208,J,DL,76W,BOS,2026-06-27 11:20:00,DL123,J,T1210,216,0.85,INT,INT,D,1.0,2-T1,,
B6,32Q,JFK,2026-06-27 09:20:00,B673,J,B6,32Q,BOS,2026-06-27 11:30:00,B61080,J,T1211,156,0.83,INT,INT,C,1.0,3-T1,,
TK,32Q,IST,2026-06-27 09:40:00,TK1343,J,TK,32Q,IST,2026-06-27 10:40:00,TK1344,J,T1213,190,0.87,INT,INT,C,1.0,4-T1,,
U2,32A,LGW,2026-06-27 09:50:00,U2808,J,U2,32A,BHD,2026-06-27 10:30:00,U2321,J,T1214,186,0.89,DOM,NIRISH,C,1.0,24-T1,,
WS,789,YYC,2026-06-27 09:50:00,WS20,J,WS,789,YYC,2026-06-27 11:50:00,WS21,J,T1215,320,0.89,INT,INT,E,1.0,16-T1,,
B6,32Q,BOS,2026-06-27 10:00:00,B61079,J,B6,32Q,JFK,2026-06-27 12:10:00,B672,J,T1216,156,0.83,INT,INT,C,1.0,30-T1,,
FR,73H,DUB,2026-06-27 10:05:00,FR812,J,FR,73H,BGY,2026-06-27 10:55:00,FR3646,J,T1217,189,0.9,IRISH,INT,C,1.0,1-T1,,
FR,7M8,ORK,2026-06-27 10:10:00,FR3731,J,FR,7M8,POZ,2026-06-27 12:20:00,FR6618,J,T1218,197,0.9,IRISH,INT,C,1.0,27-T1,,
WS,7M8,YYZ,2026-06-27 10:10:00,WS36,J,WS,7M8,YYZ,2026-06-27 11:30:00,WS37,J,T1219,174,0.89,INT,INT,C,1.0,11-T1,,
U2,32A,BHX,2026-06-27 10:15:00,U2332,J,U2,32A,BSL,2026-06-27 10:55:00,U23219,J,T1220,186,0.89,DOM,INT,C,1.0,9-T1,,
BA,319,LHR,2026-06-27 10:20:00,BA1442,J,BA,319,LHR,2026-06-27 11:10:00,BA1443,J,T1221,144,0.89,DOM,DOM,C,0.5,7-T1,,
U2,32A,STN,2026-06-27 10:25:00,U2308,J,U2,32A,CDG,2026-06-27 11:05:00,U23241,J,T1222,186,0.89,DOM,INT,C,1.0,25-T1,,
FR,73H,BGY,2026-06-27 10:30:00,FR3645,J,FR,73H,TLS,2026-06-27 11:25:00,FR1064,J,T1223,189,0.9,INT,INT,C,1.0,14-T1,,
UA,75W,IAD,2026-06-27 10:35:00,UA978,J,UA,75W,IAD,2026-06-27 12:30:00,UA979,J,T1224,176,0.84,INT,INT,D,1.0,10-T1,,
AF,223,CDG,2026-06-27 10:40:00,AF1686,J,AF,223,CDG,2026-06-27 11:35:00,AF1687,J,T1225,148,0.84,INT,INT,C,1.0,1B-T1,,
LM,AT7,LSI,2026-06-27 10:40:00,LM352,J,LM,AT7,EXT,2026-06-27 11:20:00,LM315,J,T1226,72,0.73,DOM,DOM,C,1.0,8-T1,,
EI,AT7,DUB,2026-06-27 10:40:00,EI3554,J,EI,AT7,DUB,2026-06-27 11:10:00,EI3555,J,T1227,72,0.81,IRISH,IRISH,C,1.0,5-T1,,
FR,73H,TLS,2026-06-27 11:00:00,FR1065,J,FR,73H,VIE,2026-06-27 13:10:00,FR1625,J,T1228,189,0.9,INT,INT,C,1.0,24-T1,,
U2,32A,GVA,2026-06-27 11:15:00,U23292,J,U2,32A,ZRH,2026-06-27 11:55:00,U23295,J,T1229,186,0.89,INT,INT,C,1.0,1A-T1,,
FR,7M8,BTS,2026-06-27 11:30:00,FR6643,J,FR,7M8,PIS,2026-06-27 12:40:00,FR7118,J,T1230,197,0.9,INT,INT,C,1.0,25-T1,,
U2,32A,LYS,2026-06-27 11:30:00,U23250,J,U2,32A,AMS,2026-06-27 12:10:00,U23301,J,T1231,186,0.89,INT,INT,C,1.0,1-T1,,
EI,AT7,DUB,2026-06-27 11:40:00,EI3252,J,EI,AT7,DUB,2026-06-27 12:20:00,EI3253,J,T1232,72,0.81,IRISH,IRISH,C,1.0,9-T1,,
SN,319,BRU,2026-06-27 11:50:00,SN2063,J,SN,319,BRU,2026-06-27 12:40:00,SN2064,J,T1233,141,0.84,INT,INT,C,1.0,11-T1,,
U2,32A,KEF,2026-06-27 11:50:00,U23316,J,U2,32N,PFO,2026-06-27 12:55:00,U23317,J,T1234,186,0.89,INT,INT,C,1.0,3-T1,,
DL,76W,ATL,2026-06-27 11:50:00,DL34,J,DL,76W,JFK,2026-06-27 14:05:00,DL209,J,T1235,216,0.85,INT,INT,D,1.0,2-T1,,
FR,7M8,PSA,2026-06-27 11:50:00,FR3265,J,FR,7M8,DUB,2026-06-27 13:00:00,FR817,J,T1236,197,0.9,INT,IRISH,C,1.0,15B-T1,,
U2,32N,NCE,2026-06-27 11:55:00,U23254,J,U2,32A,BRS,2026-06-27 13:10:00,U2319,J,T1237,186,0.89,INT,DOM,C,1.0,14-T1,,
XQ,73H,AYT,2026-06-27 11:55:00,XQ598,J,XQ,73H,AYT,2026-06-27 12:45:00,XQ599,J,T1238,189,0.8,INT,INT,C,1.0,15A-T1,,
LM,AT7,SOU,2026-06-27 12:00:00,LM322,J,LM,AT7,SOU,2026-06-27 12:40:00,LM323,J,T1239,72,0.73,DOM,DOM,C,1.0,7-T1,,
LH,320,FRA,2026-06-27 12:05:00,LH960,J,LH,320,FRA,2026-06-27 12:45:00,LH961,J,T1241,168,0.91,INT,INT,C,1.0,4-T1,,
FR,7M8,BCN,2026-06-27 12:10:00,FR6267,J,FR,7M8,SDR,2026-06-27 14:10:00,FR5631,J,T1242,197,0.9,INT,INT,C,1.0,106-T1,,
FR,7M8,WRO,2026-06-27 12:15:00,FR1158,J,FR,7M8,LPA,2026-06-27 14:50:00,FR6698,J,T1243,197,0.9,INT,INT,C,1.0,1A-T1,,
KL,73H,AMS,2026-06-27 12:20:00,KL927,J,KL,73H,AMS,2026-06-27 13:10:00,KL928,J,T1244,186,0.83,INT,INT,C,1.0,16B-T1,,
PC,32Q,SAW,2026-06-27 12:25:00,PC1187,J,PC,32Q,SAW,2026-06-27 13:35:00,PC1188,J,T1245,239,0.89,INT,INT,C,1.0,16A-T1,,
VS,351,MAN,2026-06-27 12:35:00,VS810P,P,VS,351,MCO,2026-06-27 14:05:00,VS225,J,T1246,0,0.8,DOM,INT,E,1.0,18-T1,,
U2,32A,MAD,2026-06-27 12:35:00,U23208,J,U2,32A,LJU,2026-06-27 13:20:00,U23217,J,T1247,186,0.89,INT,INT,C,1.0,1B-T1,,
EC,319,BER,2026-06-27 12:40:00,EC5001,J,EC,319,BER,2026-06-27 13:15:00,EC5002,J,T1248,156,0.88,INT,INT,C,1.0,1-T1,,
U2,32A,BRS,2026-06-27 12:40:00,U2320,J,U2,319,LTN,2026-06-27 13:20:00,U2604,J,T1249,186,0.89,DOM,DOM,C,1.0,6-T1,,
BA,32N,LHR,2026-06-27 12:50:00,BA1446,J,BA,32N,LHR,2026-06-27 13:50:00,BA1447,J,T1250,180,0.89,DOM,DOM,C,0.5,10-T1,,
U2,319,LTN,2026-06-27 12:50:00,U2603,J,U2,32A,DLM,2026-06-27 13:40:00,U23281,J,T1251,156,0.89,DOM,INT,C,1.0,8-T1,,
EI,AT7,DUB,2026-06-27 12:55:00,EI3254,J,EI,AT7,DUB,2026-06-27 13:25:00,EI3255,J,T1252,72,0.81,IRISH,IRISH,C,1.0,5-T1,,
U2,32A,BHD,2026-06-27 13:00:00,U2322,J,U2,32A,AYT,2026-06-27 13:55:00,U23285,J,T1253,186,0.89,NIRISH,INT,C,1.0,25-T1,,
LM,AT7,SYY,2026-06-27 13:15:00,LM344,J,LM,AT7,KOI,2026-06-27 13:55:00,LM391,J,T1254,72,0.73,DOM,DOM,C,1.0,4-T1,,
LS,32Q,ALC,2026-06-27 13:20:00,LS776,J,LS,32Q,RHO,2026-06-27 14:40:00,LS3905,J,T1255,232,0.92,INT,INT,C,0.8,11-T1,,
BA,E90,LCY,2026-06-27 13:25:00,BA8712,J,BA,E90,PMI,2026-06-27 14:45:00,BA4509,C,T1256,106,0.89,DOM,INT,C,0.5,7-T1,,
U2,32N,DBV,2026-06-27 13:30:00,U23320,J,U2,32N,HER,2026-06-27 14:10:00,U23223,J,T1257,186,0.89,INT,INT,C,1.0,14-T1,,
EW,319,DUS,2026-06-27 13:35:00,EW9364,J,EW,319,CGN,2026-06-27 14:15:00,EW363,J,T1258,150,0.88,INT,INT,C,1.0,16B-T1,,
EI,AT7,BHD,2026-06-27 13:35:00,EI3652,J,EI,AT7,BHD,2026-06-27 14:05:00,EI3653,J,T1259,72,0.81,NIRISH,NIRISH,C,1.0,9-T1,,
LS,73H,PMI,2026-06-27 13:35:00,LS718,J,LS,73H,DLM,2026-06-27 14:35:00,LS711,J,T1260,189,0.92,INT,INT,C,0.8,1-T1,,
QR,789,DOH,2026-06-27 13:40:00,QR29,J,QR,789,DOH,2026-06-27 15:10:00,QR30,J,T1261,311,0.87,INT,INT,E,1.0,15-T1,,
LM,AT7,SOU,2026-06-27 13:50:00,LM326,J,LM,AT7,SOU,2026-06-27 14:25:00,LM325,J,T1262,72,0.73,DOM,DOM,C,1.0,24-T1,,
LS,73H,VRN,2026-06-27 13:55:00,LS704,J,LS,73H,TFS,2026-06-27 14:55:00,LS727,J,T1263,189,0.92,INT,INT,C,0.8,16A-T1,,
BA,E90,PMI,2026-06-27 13:55:00,BA2338,J,BA,E90,FLR,2026-06-27 14:55:00,BA2345,J,T1264,106,0.89,INT,INT,C,0.5,5-T1,,
EC,319,LIN,2026-06-27 14:00:00,EC5421,J,EC,319,LIN,2026-06-27 14:30:00,EC5422,J,T1265,156,0.88,INT,INT,C,1.0,8-T1,,
FR,7M8,OTP,2026-06-27 14:00:00,FR5615,J,FR,7M8,TFS,2026-06-27 15:05:00,FR2969,J,T1266,197,0.9,INT,INT,C,1.0,1B-T1,,
FR,7M8,AGP,2026-06-27 14:15:00,FR5090,J,FR,7M8,BCN,2026-06-27 16:00:00,FR6274,J,T1267,197,0.9,INT,INT,C,1.0,3-T1,,
LS,32Q,AGP,2026-06-27 14:20:00,LS760,J,LS,32Q,AYT,2026-06-27 15:20:00,LS709,J,T1268,232,0.92,INT,INT,C,0.8,4-T1,,
RK,73H,STN,2026-06-27 14:25:00,RK8605,J,RK,73H,BFS,2026-06-27 15:40:00,RK179,J,T1269,189,0.86,DOM,NIRISH,C,1.0,25-T1,,
LS,73H,FAO,2026-06-27 14:30:00,LS770,J,LS,73H,FUE,2026-06-27 15:30:00,LS745,J,T1270,189,0.92,INT,INT,C,0.8,2-T1,,
LS,32Q,IBZ,2026-06-27 14:35:00,LS790,J,LS,32Q,ACE,2026-06-27 15:35:00,LS785,J,T1271,232,0.92,INT,INT,C,0.8,16B-T1,,
RK,73H,MLA,2026-06-27 14:50:00,RK6696,J,RK,73H,TIA,2026-06-27 17:00:00,RK8294,J,T1272,189,0.86,INT,INT,C,1.0,24-T1,,
U2,32A,MUC,2026-06-27 15:00:00,U23264,J,U2,32A,TFS,2026-06-27 15:45:00,U23201,J,T1273,186,0.89,INT,INT,C,1.0,17-T1,,
EI,AT7,DUB,2026-06-27 15:00:00,EI3256,J,EI,AT7,DUB,2026-06-27 15:30:00,EI3257,J,T1274,72,0.81,IRISH,IRISH,C,1.0,1-T1,,
LS,73H,NAP,2026-06-27 15:10:00,LS724,J,LS,73H,PMI,2026-06-27 16:10:00,LS765,J,T1275,189,0.92,INT,INT,C,0.8,10-T1,,
BA,320,LHR,2026-06-27 15:25:00,BA1452,J,BA,320,LHR,2026-06-27 16:15:00,BA1453,J,T1276,180,0.89,DOM,DOM,C,0.5,9-T1,,
BA,E90,PMI,2026-06-27 15:25:00,BA2906,J,BA,E90,PMI,2026-06-28 07:05:00,BA4513,C,T1277,106,0.89,INT,INT,C,0.5,7-T1,,
LM,AT7,EXT,2026-06-27 15:30:00,LM316,J,LM,AT7,GCI,2026-06-27 16:10:00,LM347,J,T1278,72,0.73,DOM,INT,C,1.0,5-T1,,
U2,32A,CDG,2026-06-27 15:35:00,U23242,J,U2,32A,NBE,2026-06-27 16:40:00,U23329,J,T1279,186,0.89,INT,INT,C,1.0,15B-T1,,
FR,7M8,DUB,2026-06-27 15:35:00,FR816,J,FR,7M8,NAP,2026-06-27 17:30:00,FR7409,J,T1280,197,0.9,IRISH,INT,C,1.0,1B-T1,,
RK,73H,KRK,2026-06-27 15:45:00,RK6625,J,RK,73H,STN,2026-06-27 18:15:00,RK1274,J,T1281,189,0.86,INT,DOM,C,1.0,11-T1,,
FR,73H,PMI,2026-06-27 15:50:00,FR6657,J,FR,73H,BVA,2026-06-27 19:25:00,FR5591,J,T1282,189,0.9,INT,INT,C,1.0,1A-T1,,
U2,32A,AMS,2026-06-27 15:55:00,U23302,J,U2,32A,ATH,2026-06-27 16:55:00,U23225,J,T1283,186,0.89,INT,INT,C,1.0,14-T1,,
TK,32Q,IST,2026-06-27 15:55:00,TK1345,J,TK,32Q,IST,2026-06-27 16:55:00,TK1346,J,T1284,190,0.87,INT,INT,C,1.0,15A-T1,,
U2,32A,BSL,2026-06-27 16:05:00,U23220,J,U2,32A,AGA,2026-06-27 17:00:00,U23327,J,T1285,186,0.89,INT,INT,C,1.0,17-T1,,
KL,32Q,AMS,2026-06-27 16:10:00,KL931,J,KL,32Q,AMS,2026-06-27 17:05:00,KL932,J,T1286,227,0.83,INT,INT,C,1.0,4-T1,,
LH,321,MUC,2026-06-27 16:30:00,LH2524,J,LH,321,MUC,2026-06-27 17:15:00,LH2525,J,T1287,195,0.91,INT,INT,C,1.0,16B-T1,,
AF,223,CDG,2026-06-27 16:30:00,AF1486,J,AF,223,CDG,2026-06-27 17:25:00,AF1487,J,T1288,148,0.84,INT,INT,C,1.0,16A-T1,,
FR,7M8,ACE,2026-06-27 16:30:00,FR5609,J,FR,7M8,BRI,2026-06-27 17:40:00,FR4516,J,T1289,197,0.9,INT,INT,C,1.0,25-T1,,
FR,7M8,BZR,2026-06-27 16:40:00,FR7835,J,FR,7M8,BER,2026-06-27 17:55:00,FR2376,J,T1290,197,0.9,INT,INT,C,1.0,2-T1,,
LM,AT7,SOU,2026-06-27 16:40:00,LM324,J,LM,AT7,SOU,2026-06-28 08:00:00,LM321,J,T1291,72,0.73,DOM,DOM,C,1.0,5-T1,,
FR,7M8,PIS,2026-06-27 17:00:00,FR7119,J,FR,7M8,ALC,2026-06-27 18:00:00,FR5580,J,T1293,197,0.9,INT,INT,C,1.0,6-T1,,
WK,320,ZRH,2026-06-27 17:00:00,WK290,J,WK,320,ZRH,2026-06-27 17:45:00,WK291,J,T1294,180,0.61,INT,INT,C,1.0,3-T1,,
U2,32A,ZRH,2026-06-27 17:00:00,U23296,J,U2,32A,ALC,2026-06-27 17:45:00,U23205,J,T1295,186,0.89,INT,INT,C,1.0,15B-T1,,
FR,7M8,FAO,2026-06-27 17:05:00,FR7644,J,FR,7M8,BUD,2026-06-27 18:00:00,FR1077,J,T1296,197,0.9,INT,INT,C,1.0,9-T1,,
LH,32Q,FRA,2026-06-27 17:05:00,LH962,J,LH,32Q,FRA,2026-06-27 17:50:00,LH963,J,T1297,204,0.91,INT,INT,C,1.0,10-T1,,
AY,E90,HEL,2026-06-27 17:20:00,AY1373,J,AY,E90,HEL,2026-06-27 18:05:00,AY1374,J,T1298,100,0.93,INT,INT,C,1.0,15A-T1,,
FR,7M8,POZ,2026-06-27 17:30:00,FR6619,J,FR,7M8,FAO,2026-06-27 18:30:00,FR7645,J,T1299,197,0.9,INT,INT,C,1.0,17-T1,,
FR,7M8,BUD,2026-06-27 17:35:00,FR1078,J,FR,7M8,FNC,2026-06-27 19:30:00,FR6674,J,T1300,197,0.9,INT,INT,C,1.0,16B-T1,,
BA,319,LHR,2026-06-27 17:35:00,BA1436,J,BA,319,LHR,2026-06-27 18:25:00,BA1437,J,T1301,144,0.89,DOM,DOM,C,0.5,4-T1,,
EC,319,PMI,2026-06-27 18:00:00,EC7259,J,EC,319,PMI,2026-06-27 18:45:00,EC7260,J,T1303,156,0.88,INT,INT,C,1.0,16A-T1,,
SK,32N,CPH,2026-06-27 18:25:00,SK2513,J,SK,32N,CPH,2026-06-27 19:10:00,SK2514,J,T1304,180,0.88,INT,INT,C,1.0,10-T1,,
DS,32A,GVA,2026-06-27 18:35:00,DS1431,J,DS,32A,GVA,2026-06-27 19:10:00,DS1432,J,T1305,186,0.84,INT,INT,C,1.0,15B-T1,,
EW,319,CGN,2026-06-27 18:35:00,EW362,J,EW,319,DUS,2026-06-27 19:15:00,EW9365,J,T1306,150,0.88,INT,INT,C,1.0,11-T1,,
EC,319,BCN,2026-06-27 18:50:00,EC7115,J,EC,319,BCN,2026-06-27 19:20:00,EC7116,J,T1307,156,0.88,INT,INT,C,1.0,17-T1,,
FR,73H,VIE,2026-06-27 19:00:00,FR1624,J,FR,73H,GOT,2026-06-27 19:40:00,FR5657,J,T1308,189,0.9,INT,INT,C,1.0,9-T1,,
FR,7M8,FNC,2026-06-27 19:05:00,FR6673,J,FR,7M8,CPH,2026-06-27 20:00:00,FR2674,J,T1309,197,0.9,INT,INT,C,1.0,24-T1,,
FR,73H,GOT,2026-06-27 19:15:00,FR5658,J,FR,73H,CRL,2026-06-27 20:00:00,FR7322,J,T1310,189,0.9,INT,INT,C,1.0,16A-T1,,
FR,7M8,SDR,2026-06-27 19:25:00,FR5632,J,FR,7M8,BUD,2026-06-28 05:40:00,FR1017,J,T1311,197,0.9,INT,INT,C,1.0,6-T1,,
U2,32A,LJU,2026-06-27 19:25:00,U23218,J,U2,32A,BFS,2026-06-27 19:55:00,U2329,J,T1312,186,0.89,INT,NIRISH,C,1.0,14-T1,,
EI,AT7,BHD,2026-06-27 19:25:00,EI3658,J,EI,AT7,BHD,2026-06-27 19:55:00,EI3659,J,T1313,72,0.81,NIRISH,NIRISH,C,1.0,2-T1,,
SK,32N,ARN,2026-06-27 19:30:00,SK2545,J,SK,32N,ARN,2026-06-27 20:15:00,SK2546,J,T1314,180,0.88,INT,INT,C,1.0,15B-T1,,
FR,73H,CRL,2026-06-27 19:35:00,FR7323,J,FR,73H,GDN,2026-06-27 21:40:00,FR6124,J,T1315,189,0.9,INT,INT,C,1.0,15A-T1,,
BA,320,LHR,2026-06-27 19:45:00,BA1460,J,BA,320,LHR,2026-06-27 20:35:00,BA1461,J,T1316,180,0.89,DOM,DOM,C,0.5,3-T1,,
EI,AT7,DUB,2026-06-27 19:50:00,EI3258,J,EI,AT7,DUB,2026-06-27 20:30:00,EI3259,J,T1317,72,0.81,IRISH,IRISH,C,1.0,1-T1,,
EK,359,DXB,2026-06-27 20:05:00,EK23,J,EK,359,DXB,2026-06-27 22:00:00,EK24,J,T1319,312,0.93,INT,INT,E,1.0,18-T1,,
FR,73H,GDN,2026-06-27 21:15:00,FR6123,J,FR,73H,DUB,2026-06-27 22:00:00,FR815,J,T1322,189,0.9,INT,IRISH,C,1.0,1-T1,,
BA,E90,FLR,2026-06-27 21:25:00,BA2344,J,BA,E90,LCY,2026-06-28 11:10:00,BA8707,J,T1324,106,0.89,INT,DOM,C,0.5,32-T1,,
FR,73H,DUB,2026-06-27 21:35:00,FR814,J,FR,73H,ALC,2026-06-28 06:05:00,FR5579,J,T1325,189,0.9,IRISH,INT,C,1.0,1B-T1,,
BA,32Q,LHR,2026-06-27 21:50:00,BA1464,J,BA,32Q,LHR,2026-06-28 07:30:00,BA1465,J,T1326,220,0.89,DOM,DOM,C,0.5,3-T1,,
U2,32A,BFS,2026-06-27 22:05:00,U2330,J,U2,32N,NAP,2026-06-28 05:40:00,U23273,J,T1328,186,0.89,NIRISH,INT,C,1.0,24-T1,,
FR,7M8,BCN,2026-06-27 22:15:00,FR6275,J,FR,7M8,CIA,2026-06-28 06:00:00,FR5589,J,T1329,197,0.9,INT,INT,C,1.0,1A-T1,,
FR,7M8,BER,2026-06-27 22:35:00,FR2377,J,FR,7M8,CRL,2026-06-28 06:00:00,FR7322,J,T1330,197,0.9,INT,INT,C,1.0,4-T1,,
FR,73H,BVA,2026-06-27 23:10:00,FR5592,J,FR,73H,VLC,2026-06-28 08:10:00,FR1092,J,T1332,189,0.9,INT,INT,C,1.0,103-T1,,
LH,32N,FRA,2026-06-27 23:10:00,LH964,J,LH,32N,FRA,2026-06-28 06:10:00,LH965,J,T1333,172,0.91,INT,INT,C,1.0,104-T1,,
KL,73H,AMS,2026-06-27 23:10:00,KL933,J,KL,73H,AMS,2026-06-28 05:45:00,KL922,J,T1334,186,0.83,INT,INT,C,1.0,16B-T1,,
LS,73H,PMI,2026-06-27 23:15:00,LS766,J,LS,73H,ALC,2026-06-28 05:55:00,LS775,J,T1335,189,0.92,INT,INT,C,0.8,9-T1,,
U2,32N,HER,2026-06-27 23:55:00,U23224,J,U2,32A,STN,2026-06-28 06:15:00,U2307,J,T1337,186,0.89,INT,DOM,C,1.0,102-T1,,
U2,32N,PFO,2026-06-27 23:55:00,U23318,J,U2,32N,NCE,2026-06-28 05:40:00,U23245,J,T1339,186,0.89,INT,INT,C,1.0,16A-T1,,
FR,7M8,NAP,2026-06-28 00:10:00,FR7410,J,FR,7M8,BIQ,2026-06-28 06:30:00,FR6016,J,T1341,197,0.9,INT,INT,C,1.0,106-T1,,
FR,7M8,CPH,2026-06-28 00:20:00,FR2675,J,FR,7M8,BVA,2026-06-28 06:40:00,FR5591,J,T1342,197,0.9,INT,INT,C,1.0,17-T1,,
U2,32A,AYT,2026-06-28 00:40:00,U23286,J,U2,32A,OLB,2026-06-28 06:15:00,U23311,J,T1344,186,0.89,INT,INT,C,1.0,31-T1,,
LS,73H,DLM,2026-06-28 00:45:00,LS712,J,LS,73H,PVK,2026-06-28 06:15:00,LS761,J,T1346,189,0.92,INT,INT,C,0.8,2-T1,,
FR,7M8,BRI,2026-06-28 00:45:00,FR4515,J,FR,7M8,KUN,2026-06-28 06:45:00,FR2886,J,T1347,197,0.9,INT,INT,C,1.0,25-T1,,
FR,7M8,ALC,2026-06-28 00:55:00,FR5581,J,FR,7M8,WMI,2026-06-28 07:25:00,FR4524,J,T1348,197,0.9,INT,INT,C,1.0,33-T1,,
LS,32Q,RHO,2026-06-28 01:05:00,LS3906,J,LS,32Q,REU,2026-06-28 06:15:00,LS799,J,T1349,232,0.92,INT,INT,C,0.8,14-T1,,
U2,32A,NBE,2026-06-28 01:15:00,U23330,J,U2,32A,GVA,2026-06-28 07:00:00,U23291,J,T1350,186,0.89,INT,INT,C,1.0,28-T1,,
LS,73H,TFS,2026-06-28 01:30:00,LS728,J,LS,73H,GRO,2026-06-28 06:55:00,LS3901,J,T1351,189,0.92,INT,INT,C,0.8,10-T1,,
FR,7M8,TFS,2026-06-28 01:30:00,FR2970,J,FR,7M8,DUB,2026-06-28 07:55:00,FR809,J,T1352,197,0.9,INT,IRISH,C,1.0,29-T1,,
LS,73H,FUE,2026-06-28 01:45:00,LS746,J,LS,73H,DBV,2026-06-28 07:20:00,LS791,J,T1353,189,0.92,INT,INT,C,0.8,1-T1,,
LS,32Q,ACE,2026-06-28 01:45:00,LS786,J,LS,32Q,PMI,2026-06-28 06:45:00,LS717,J,T1354,232,0.92,INT,INT,C,0.8,15B-T1,,
U2,32A,TFS,2026-06-28 01:55:00,U23212,J,U2,32A,CPH,2026-06-28 07:00:00,U23323,J,T1355,186,0.89,INT,INT,C,1.0,27-T1,,
LS,32Q,AYT,2026-06-28 02:00:00,LS710,J,LS,32Q,FAO,2026-06-28 06:45:00,LS769,J,T1356,232,0.92,INT,INT,C,0.8,15A-T1,,
U2,32A,ATH,2026-06-28 02:15:00,U23226,J,U2,32A,CDG,2026-06-28 07:05:00,U23241,J,T1357,186,0.89,INT,INT,C,1.0,11-T1,,
QR,789,DOH,2026-06-28 06:25:00,QR31,J,QR,789,DOH,2026-06-28 07:55:00,QR32,J,T1359,311,0.87,INT,INT,E,1.0,16-T1,,
DL,76W,BOS,2026-06-28 07:05:00,DL122,J,DL,76W,ATL,2026-06-28 09:00:00,DL35,J,T1360,216,0.85,INT,INT,D,1.0,2-T1,,
AC,789,YYZ,2026-06-28 07:20:00,AC806,J,AC,789,YYZ,2026-06-28 09:00:00,AC807,J,T1361,298,0.85,INT,INT,E,1.0,18-T1,,
FR,7M8,DUB,2026-06-28 07:30:00,FR808,J,FR,7M8,FAO,2026-06-28 10:05:00,FR5667,J,T1362,197,0.9,IRISH,INT,C,1.0,24-T1,,
AA,788,PHL,2026-06-28 07:30:00,AA278,J,AA,788,PHL,2026-06-28 11:25:00,AA279,J,T1363,234,0.89,INT,INT,E,1.0,15-T1,,
U2,319,BFS,2026-06-28 07:40:00,U255,J,U2,319,BFS,2026-06-28 08:10:00,U256,J,T1364,156,0.89,NIRISH,NIRISH,C,1.0,1-T1,,
AC,32Q,YUL,2026-06-28 07:40:00,AC936,J,AC,32Q,YUL,2026-06-28 09:15:00,AC937,J,T1365,182,0.85,INT,INT,C,1.0,4-T1,,
FR,73H,VLC,2026-06-28 07:45:00,FR1093,J,FR,73H,SVQ,2026-06-28 09:05:00,FR6760,J,T1366,189,0.9,INT,INT,C,1.0,1B-T1,,
EI,AT7,BHD,2026-06-28 07:55:00,EI3650,J,EI,AT7,BHD,2026-06-28 08:25:00,EI3651,J,T1367,72,0.81,NIRISH,NIRISH,C,1.0,7-T1,,
D8,7M8,CPH,2026-06-28 07:55:00,D83502,J,D8,7M8,CPH,2026-06-28 08:35:00,D83503,J,T1368,189,0.86,INT,INT,C,1.0,10-T1,,
EI,AT7,DUB,2026-06-28 08:00:00,EI3250,J,EI,AT7,DUB,2026-06-28 08:35:00,EI3251,J,T1369,72,0.81,IRISH,IRISH,C,1.0,1A-T1,,
WS,7M8,YHZ,2026-06-28 08:05:00,WS72,J,WS,7M8,YHZ,2026-06-28 09:25:00,WS73,J,T1370,174,0.89,INT,INT,C,1.0,14-T1,,
UA,75W,EWR,2026-06-28 08:05:00,UA36,J,UA,75W,EWR,2026-06-28 09:40:00,UA37,J,T1371,176,0.84,INT,INT,D,1.0,3-T1,,
UA,75W,ORD,2026-06-28 08:25:00,UA118,J,UA,75W,ORD,2026-06-28 11:30:00,UA119,J,T1372,176,0.84,INT,INT,D,1.0,6-T1,,
EI,AT7,DUB,2026-06-28 08:30:00,EI3552,J,EI,AT7,DUB,2026-06-28 09:15:00,EI3553,J,T1373,72,0.81,IRISH,IRISH,C,1.0,1-T1,,
AA,32X,JFK,2026-06-28 08:30:00,AA82,J,AA,32X,JFK,2026-06-28 10:30:00,AA83,J,T1374,155,0.89,INT,INT,C,1.0,16A-T1,,
KL,73H,AMS,2026-06-28 08:30:00,KL923,J,KL,73H,AMS,2026-06-28 09:20:00,KL924,J,T1375,186,0.83,INT,INT,C,1.0,11-T1,,
FR,73H,SVQ,2026-06-28 08:40:00,FR6761,J,FR,73H,GDN,2026-06-28 09:55:00,FR6591,J,T1376,189,0.9,INT,INT,C,1.0,16B-T1,,
EW,319,STR,2026-06-28 08:55:00,EW2480,J,EW,319,STR,2026-06-28 09:35:00,EW2481,J,T1377,150,0.88,INT,INT,C,1.0,1A-T1,,
EI,AT7,DUB,2026-06-28 09:05:00,EI3550,J,EI,AT7,DUB,2026-06-28 09:40:00,EI3551,J,T1378,72,0.81,IRISH,IRISH,C,1.0,5-T1,,
U2,319,LGW,2026-06-28 09:15:00,U2829,J,U2,319,LGW,2026-06-28 09:45:00,U2830,J,T1379,156,0.89,DOM,DOM,C,1.0,7-T1,,
BA,32N,LHR,2026-06-28 09:15:00,BA1438,J,BA,32N,LHR,2026-06-28 10:05:00,BA1439,J,T1380,180,0.89,DOM,DOM,C,0.5,9-T1,,
B6,32Q,JFK,2026-06-28 09:20:00,B673,J,B6,32Q,BOS,2026-06-28 11:30:00,B61080,J,T1381,156,0.83,INT,INT,C,1.0,102-T1,,
DL,76W,JFK,2026-06-28 09:20:00,DL208,J,DL,76W,BOS,2026-06-28 11:20:00,DL123,J,T1382,216,0.85,INT,INT,D,1.0,2-T1,,
U2,32A,STN,2026-06-28 09:20:00,U2308,J,U2,32A,PRG,2026-06-28 10:10:00,U23325,J,T1383,186,0.89,DOM,INT,C,1.0,25-T1,,
IB,32N,MAD,2026-06-28 09:30:00,IB707,J,IB,32N,MAD,2026-06-28 10:15:00,IB708,J,T1384,186,0.93,INT,INT,C,1.0,10-T1,,
FR,73H,GDN,2026-06-28 09:30:00,FR6590,J,FR,73H,BCN,2026-06-28 11:10:00,FR6266,J,T1385,189,0.9,INT,INT,C,1.0,33-T1,,
EC,32A,MXP,2026-06-28 09:35:00,EC3833,J,EC,32A,MXP,2026-06-28 10:05:00,EC3834,J,T1386,186,0.88,INT,INT,C,1.0,1-T1,,
TK,32Q,IST,2026-06-28 09:40:00,TK1343,J,TK,32Q,IST,2026-06-28 10:40:00,TK1344,J,T1387,190,0.87,INT,INT,C,1.0,4-T1,,
FR,7M8,FAO,2026-06-28 09:40:00,FR5668,J,FR,7M8,DUB,2026-06-28 10:25:00,FR815,J,T1388,197,0.9,INT,IRISH,C,1.0,11-T1,,
VS,351,MCO,2026-06-28 10:00:00,VS226,J,VS,351,MAN,2026-06-28 11:35:00,VS811P,P,T1389,397,0.8,INT,DOM,E,1.0,18-T1,,
B6,32Q,BOS,2026-06-28 10:00:00,B61079,J,B6,32Q,JFK,2026-06-28 12:10:00,B672,J,T1390,156,0.83,INT,INT,C,1.0,3-T1,,
FR,7M8,CRL,2026-06-28 10:00:00,FR7323,J,FR,7M8,BGY,2026-06-28 11:00:00,FR3646,J,T1391,197,0.9,INT,INT,C,1.0,1A-T1,,
WS,7M8,YYZ,2026-06-28 10:10:00,WS36,J,WS,7M8,YYZ,2026-06-28 11:30:00,WS37,J,T1392,174,0.89,INT,INT,C,1.0,1B-T1,,
KL,32Q,AMS,2026-06-28 10:15:00,KL925,J,KL,32Q,AMS,2026-06-28 11:10:00,KL926,J,T1393,227,0.83,INT,INT,C,1.0,16B-T1,,
FR,7M8,BVA,2026-06-28 10:25:00,FR5592,J,FR,7M8,KRK,2026-06-28 11:20:00,FR6624,J,T1394,197,0.9,INT,INT,C,1.0,1-T1,,
UA,75W,IAD,2026-06-28 10:35:00,UA978,J,UA,75W,IAD,2026-06-28 12:30:00,UA979,J,T1395,176,0.84,INT,INT,D,1.0,10-T1,,
EI,AT7,DUB,2026-06-28 10:40:00,EI3554,J,EI,AT7,DUB,2026-06-28 11:10:00,EI3555,J,T1396,72,0.81,IRISH,IRISH,C,1.0,5-T1,,
AF,223,CDG,2026-06-28 10:40:00,AF1686,J,AF,223,CDG,2026-06-28 11:35:00,AF1687,J,T1397,148,0.84,INT,INT,C,1.0,9-T1,,
BA,320,LHR,2026-06-28 10:45:00,BA1436,J,BA,320,LHR,2026-06-28 11:30:00,BA1437,J,T1398,180,0.89,DOM,DOM,C,0.5,7-T1,,
LM,AT7,IOM,2026-06-28 10:50:00,LM314,J,LM,AT7,IOM,2026-06-28 11:20:00,LM313,J,T1399,72,0.73,INT,INT,C,1.0,24-T1,,
XQ,73H,AYT,2026-06-28 10:50:00,XQ508,J,XQ,73H,AYT,2026-06-28 11:40:00,XQ509,J,T1400,189,0.8,INT,INT,C,1.0,16A-T1,,
FR,73H,BCN,2026-06-28 10:55:00,FR6267,J,FR,73H,WRO,2026-06-28 13:50:00,FR1159,J,T1401,189,0.9,INT,INT,C,1.0,103-T1,,
RK,73H,STN,2026-06-28 10:55:00,RK596,J,RK,73H,STN,2026-06-28 15:25:00,RK8604,J,T1402,189,0.86,DOM,DOM,C,1.0,25-T1,,
FR,7M8,KRK,2026-06-28 10:55:00,FR6625,J,FR,7M8,PRG,2026-06-28 12:20:00,FR1054,J,T1403,197,0.9,INT,INT,C,1.0,11-T1,,
U2,319,LTN,2026-06-28 11:15:00,U2601,J,U2,319,LTN,2026-06-28 11:45:00,U2602,J,T1404,156,0.89,DOM,DOM,C,1.0,8-T1,,
U2,32A,CDG,2026-06-28 11:20:00,U23242,J,U2,32A,STN,2026-06-28 11:50:00,U2311,J,T1405,186,0.89,INT,DOM,C,1.0,4-T1,,
U2,32A,CPH,2026-06-28 11:20:00,U23324,J,U2,32A,BHX,2026-06-28 11:50:00,U2331,J,T1406,186,0.89,INT,DOM,C,1.0,1A-T1,,
FR,7M8,BIQ,2026-06-28 11:30:00,FR6015,J,FR,7M8,CRL,2026-06-28 12:50:00,FR7352,J,T1407,197,0.9,INT,INT,C,1.0,14-T1,,
U2,32A,BRS,2026-06-28 11:40:00,U2213,J,U2,32A,BRS,2026-06-28 12:10:00,U2214,J,T1408,186,0.89,DOM,DOM,C,1.0,24-T1,,
EI,AT7,DUB,2026-06-28 11:40:00,EI3252,J,EI,AT7,DUB,2026-06-28 12:20:00,EI3253,J,T1409,72,0.81,IRISH,IRISH,C,1.0,16B-T1,,
DL,76W,ATL,2026-06-28 11:50:00,DL34,J,DL,76W,JFK,2026-06-28 14:05:00,DL209,J,T1410,216,0.85,INT,INT,D,1.0,2-T1,,
SN,319,BRU,2026-06-28 11:50:00,SN2063,J,SN,319,BRU,2026-06-28 12:40:00,SN2064,J,T1411,141,0.84,INT,INT,C,1.0,1-T1,,
XQ,73H,AYT,2026-06-28 11:55:00,XQ598,J,XQ,73H,AYT,2026-06-28 12:45:00,XQ599,J,T1412,189,0.8,INT,INT,C,1.0,17-T1,,
U2,32N,NCE,2026-06-28 11:55:00,U23246,J,U2,32A,BFS,2026-06-28 12:40:00,U2325,J,T1413,186,0.89,INT,NIRISH,C,1.0,15B-T1,,
LM,AT7,SOU,2026-06-28 12:00:00,LM322,J,LM,AT7,SYY,2026-06-28 12:35:00,LM343,J,T1414,72,0.73,DOM,DOM,C,1.0,7-T1,,
FR,7M8,BUD,2026-06-28 12:00:00,FR1018,J,FR,7M8,NRN,2026-06-28 13:10:00,FR5687,J,T1415,197,0.9,INT,INT,C,1.0,15A-T1,,
LH,320,FRA,2026-06-28 12:05:00,LH960,J,LH,320,FRA,2026-06-28 13:30:00,LH961,J,T1416,168,0.91,INT,INT,C,1.0,1B-T1,,
U2,32A,GVA,2026-06-28 12:10:00,U23292,J,U2,32N,ACE,2026-06-28 12:45:00,U23203,J,T1417,186,0.89,INT,INT,C,1.0,4-T1,,
KL,73H,AMS,2026-06-28 12:20:00,KL927,J,KL,73H,AMS,2026-06-28 13:10:00,KL928,J,T1418,186,0.83,INT,INT,C,1.0,16A-T1,,
FR,7M8,CIA,2026-06-28 12:40:00,FR5590,J,FR,7M8,CPH,2026-06-28 13:50:00,FR3760,J,T1419,197,0.9,INT,INT,C,1.0,1A-T1,,
U2,32A,KRK,2026-06-28 12:40:00,U23314,J,U2,32A,AMS,2026-06-28 13:50:00,U23301,J,T1420,186,0.89,INT,INT,C,1.0,16B-T1,,
U2,32A,MAD,2026-06-28 12:45:00,U23208,J,U2,32A,BSL,2026-06-28 13:55:00,U23219,J,T1421,186,0.89,INT,INT,C,1.0,24-T1,,
FR,7M8,KUN,2026-06-28 12:45:00,FR2885,J,FR,7M8,DUB,2026-06-28 14:00:00,FR817,J,T1422,197,0.9,INT,IRISH,C,1.0,6-T1,,
EI,AT7,DUB,2026-06-28 12:55:00,EI3254,J,EI,AT7,DUB,2026-06-28 13:25:00,EI3255,J,T1423,72,0.81,IRISH,IRISH,C,1.0,7-T1,,
U2,32A,OLB,2026-06-28 12:55:00,U23312,J,U2,32A,TFS,2026-06-28 14:25:00,U23201,J,T1424,186,0.89,INT,INT,C,1.0,11-T1,,
LS,32Q,REU,2026-06-28 12:55:00,LS800,J,LS,32Q,AYT,2026-06-28 14:00:00,LS757,J,T1425,232,0.92,INT,INT,C,0.8,10-T1,,
FR,7M8,DUB,2026-06-28 13:00:00,FR814,J,FR,7M8,TFS,2026-06-28 14:00:00,FR2980,J,T1426,197,0.9,IRISH,INT,C,1.0,102-T1,,
PC,32Q,SAW,2026-06-28 13:05:00,PC1187,J,PC,32Q,SAW,2026-06-28 14:15:00,PC1188,J,T1428,239,0.89,INT,INT,C,1.0,3-T1,,
FR,7M8,WMI,2026-06-28 13:10:00,FR4525,J,FR,7M8,RHO,2026-06-28 14:50:00,FR1674,J,T1429,197,0.9,INT,INT,C,1.0,4-T1,,
BA,32N,LHR,2026-06-28 13:10:00,BA1444,J,BA,32N,LHR,2026-06-28 14:00:00,BA1445,J,T1430,180,0.89,DOM,DOM,C,0.5,9-T1,,
EC,319,CDG,2026-06-28 13:10:00,EC4679,J,EC,319,CDG,2026-06-28 13:50:00,EC4680,J,T1431,156,0.88,INT,INT,C,1.0,8-T1,,
LS,73H,ALC,2026-06-28 13:20:00,LS776,J,LS,73H,BOJ,2026-06-28 14:25:00,LS729,J,T1432,189,0.92,INT,INT,C,0.8,15B-T1,,
FI,7M8,KEF,2026-06-28 13:20:00,FI434,J,FI,7M8,KEF,2026-06-28 14:15:00,FI435,J,T1433,160,0.86,INT,INT,C,1.0,14-T1,,
LS,73H,GRO,2026-06-28 13:25:00,LS3902,J,LS,73H,ACE,2026-06-28 14:30:00,LS705,J,T1434,189,0.92,INT,INT,C,0.8,1-T1,,
LS,32Q,PMI,2026-06-28 13:35:00,LS718,J,LS,32Q,PFO,2026-06-28 14:35:00,LS797,J,T1435,232,0.92,INT,INT,C,0.8,16A-T1,,
EI,AT7,BHD,2026-06-28 13:35:00,EI3652,J,EI,AT7,BHD,2026-06-28 14:05:00,EI3653,J,T1436,72,0.81,NIRISH,NIRISH,C,1.0,5-T1,,
U2,32N,NAP,2026-06-28 13:35:00,U23274,J,U2,32N,CFU,2026-06-28 14:50:00,U23233,J,T1437,186,0.89,INT,INT,C,1.0,15A-T1,,
QR,789,DOH,2026-06-28 13:40:00,QR29,J,QR,789,DOH,2026-06-28 15:10:00,QR30,J,T1438,311,0.87,INT,INT,E,1.0,18-T1,,
FR,7M8,SOF,2026-06-28 13:50:00,FR5161,J,FR,7M8,LIS,2026-06-28 17:05:00,FR479,J,T1439,197,0.9,INT,INT,C,1.0,1B-T1,,
BA,E90,PMI,2026-06-28 14:00:00,BA4514,C,BA,E90,LCY,2026-06-28 15:00:00,BA8703,J,T1440,106,0.89,INT,DOM,C,0.5,7-T1,,
EC,319,LIN,2026-06-28 14:25:00,EC5421,J,EC,319,LIN,2026-06-28 14:55:00,EC5422,J,T1441,156,0.88,INT,INT,C,1.0,16B-T1,,
LS,32Q,FAO,2026-06-28 14:30:00,LS770,J,LS,32Q,TFS,2026-06-28 15:30:00,LS739,J,T1442,232,0.92,INT,INT,C,0.8,10-T1,,
U2,32A,BHX,2026-06-28 14:40:00,U2332,J,U2,32A,LIS,2026-06-28 15:25:00,U23321,J,T1443,186,0.89,DOM,INT,C,1.0,6-T1,,
LS,73H,PVK,2026-06-28 14:50:00,LS762,J,LS,73H,AGP,2026-06-28 15:50:00,LS759,J,T1444,189,0.92,INT,INT,C,0.8,15B-T1,,
U2,32A,BFS,2026-06-28 14:55:00,U2326,J,U2,32A,BHD,2026-06-28 15:35:00,U2321,J,T1445,186,0.89,NIRISH,NIRISH,C,1.0,14-T1,,
SK,32N,ARN,2026-06-28 15:00:00,SK2541,J,SK,32N,ARN,2026-06-28 15:45:00,SK2542,J,T1446,180,0.88,INT,INT,C,1.0,16A-T1,,
EI,AT7,DUB,2026-06-28 15:00:00,EI3256,J,EI,AT7,DUB,2026-06-28 15:30:00,EI3257,J,T1447,72,0.81,IRISH,IRISH,C,1.0,1-T1,,
RK,73H,STN,2026-06-28 15:00:00,RK8605,J,RK,73H,BOH,2026-06-28 16:30:00,RK1133,J,T1448,189,0.86,DOM,DOM,C,1.0,2-T1,,
DY,73H,OSL,2026-06-28 15:05:00,DY1354,J,DY,73H,OSL,2026-06-28 15:45:00,DY1355,J,T1449,186,0.78,INT,INT,C,1.0,24-T1,,
LS,73H,DBV,2026-06-28 15:05:00,LS792,J,LS,73H,MLA,2026-06-28 16:40:00,LS3921,J,T1450,189,0.92,INT,INT,C,0.8,9-T1,,
U2,32A,STN,2026-06-28 15:05:00,U2312,J,U2,32A,LGW,2026-06-28 15:40:00,U2811,J,T1451,186,0.89,DOM,DOM,C,1.0,3-T1,,
U2,32N,BRS,2026-06-28 15:10:00,U2320,J,U2,32N,BRS,2026-06-28 15:40:00,U2319,J,T1452,186,0.89,DOM,DOM,C,1.0,4-T1,,
U2,32A,PRG,2026-06-28 15:20:00,U23326,J,U2,32A,CDG,2026-06-28 15:55:00,U23243,J,T1453,186,0.89,INT,INT,C,1.0,15A-T1,,
DY,73H,BGO,2026-06-28 15:20:00,DY1358,J,DY,73H,BGO,2026-06-28 16:00:00,DY1359,J,T1454,186,0.78,INT,INT,C,1.0,16B-T1,,
EW,32A,CGN,2026-06-28 15:40:00,EW362,J,EW,32A,CGN,2026-06-28 16:20:00,EW363,J,T1455,180,0.88,INT,INT,C,1.0,17-T1,,
RK,73H,RAK,2026-06-28 15:40:00,RK515,J,RK,73H,BFS,2026-06-28 18:10:00,RK179,J,T1456,189,0.86,INT,NIRISH,C,1.0,11-T1,,
FR,73H,AGP,2026-06-28 15:50:00,FR5090,J,FR,73H,ORK,2026-06-28 19:35:00,FR3732,J,T1457,189,0.9,INT,IRISH,C,1.0,25-T1,,
WK,320,ZRH,2026-06-28 15:50:00,WK290,J,WK,320,ZRH,2026-06-28 16:40:00,WK291,J,T1458,180,0.61,INT,INT,C,1.0,8-T1,,
TK,32Q,IST,2026-06-28 15:55:00,TK1345,J,TK,32Q,IST,2026-06-28 16:55:00,TK1346,J,T1459,190,0.87,INT,INT,C,1.0,10-T1,,
U2,32A,RAK,2026-06-28 16:05:00,U23332,J,U2,32A,BHX,2026-06-28 16:45:00,U2333,J,T1460,186,0.89,INT,DOM,C,1.0,16A-T1,,
KL,32Q,AMS,2026-06-28 16:10:00,KL931,J,KL,32Q,AMS,2026-06-28 17:05:00,KL932,J,T1461,227,0.83,INT,INT,C,1.0,15B-T1,,
D8,7M8,CPH,2026-06-28 16:15:00,D83504,J,D8,7M8,CPH,2026-06-28 16:55:00,D83505,J,T1462,189,0.86,INT,INT,C,1.0,14-T1,,
LM,AT7,EXT,2026-06-28 16:15:00,LM316,J,LM,AT7,LSI,2026-06-28 16:45:00,LM357,J,T1463,72,0.73,DOM,DOM,C,1.0,7-T1,,
BA,319,LHR,2026-06-28 16:20:00,BA1454,J,BA,319,LHR,2026-06-28 17:10:00,BA1455,J,T1464,144,0.89,DOM,DOM,C,0.5,4-T1,,
EI,AT7,BHD,2026-06-28 16:20:00,EI3656,J,EI,AT7,BHD,2026-06-28 16:50:00,EI3657,J,T1465,72,0.81,NIRISH,NIRISH,C,1.0,3-T1,,
LH,321,MUC,2026-06-28 16:25:00,LH2524,J,LH,321,MUC,2026-06-28 17:10:00,LH2525,J,T1466,195,0.91,INT,INT,C,1.0,24-T1,,
FR,7M8,BGY,2026-06-28 16:30:00,FR3645,J,FR,7M8,RIX,2026-06-28 17:10:00,FR3170,J,T1467,197,0.9,INT,INT,C,1.0,16B-T1,,
AF,223,CDG,2026-06-28 16:30:00,AF1486,J,AF,223,CDG,2026-06-28 17:25:00,AF1487,J,T1468,148,0.84,INT,INT,C,1.0,6-T1,,
EC,32A,BOD,2026-06-28 16:35:00,EC1925,J,EC,32A,BOD,2026-06-28 17:10:00,EC1926,J,T1469,186,0.88,INT,INT,C,1.0,15A-T1,,
FR,7M8,DUB,2026-06-28 16:35:00,FR816,J,FR,7M8,OTP,2026-06-28 17:25:00,FR5614,J,T1470,197,0.9,IRISH,INT,C,1.0,1-T1,,
FR,7M8,CRL,2026-06-28 16:45:00,FR7353,J,FR,7M8,SNN,2026-06-28 17:25:00,FR1677,J,T1471,197,0.9,INT,IRISH,C,1.0,17-T1,,
LM,AT7,SOU,2026-06-28 16:45:00,LM326,J,LM,AT7,KOI,2026-06-28 17:20:00,LM397,J,T1472,72,0.73,DOM,DOM,C,1.0,5-T1,,
FR,7M8,NRN,2026-06-28 16:50:00,FR5688,J,FR,7M8,PMI,2026-06-28 17:40:00,FR6656,J,T1473,197,0.9,INT,INT,C,1.0,2-T1,,
FR,7M8,SNN,2026-06-28 17:00:00,FR1676,J,FR,7M8,NTE,2026-06-28 17:45:00,FR1051,J,T1474,197,0.9,IRISH,INT,C,1.0,1A-T1,,
U2,32A,BRS,2026-06-28 17:00:00,U2217,J,U2,32A,BRS,2026-06-28 17:30:00,U2218,J,T1475,186,0.89,DOM,DOM,C,1.0,9-T1,,
LH,32Q,FRA,2026-06-28 17:05:00,LH962,J,LH,32Q,FRA,2026-06-28 18:10:00,LH963,J,T1476,204,0.91,INT,INT,C,1.0,16A-T1,,
U2,319,LTN,2026-06-28 17:10:00,U2605,J,U2,319,LTN,2026-06-28 17:40:00,U2606,J,T1477,156,0.89,DOM,DOM,C,1.0,8-T1,,
RK,73H,VCE,2026-06-28 17:20:00,RK1653,J,RK,73H,STN,2026-06-28 20:10:00,RK1274,J,T1478,189,0.86,INT,DOM,C,1.0,14-T1,,
BA,320,LHR,2026-06-28 17:20:00,BA1456,J,BA,320,LHR,2026-06-28 18:10:00,BA1457,J,T1479,180,0.89,DOM,DOM,C,0.5,3-T1,,
FR,7M8,PRG,2026-06-28 17:20:00,FR1053,J,FR,7M8,MRS,2026-06-28 18:35:00,FR1287,J,T1480,197,0.9,INT,INT,C,1.0,10-T1,,
U2,32A,AMS,2026-06-28 17:25:00,U23302,J,U2,32A,BER,2026-06-28 18:00:00,U23261,J,T1481,186,0.89,INT,INT,C,1.0,15B-T1,,
U2,32A,BHD,2026-06-28 17:50:00,U2322,J,U2,32A,AMS,2026-06-28 18:20:00,U23303,J,T1482,186,0.89,NIRISH,INT,C,1.0,1-T1,,
LM,AT7,SYY,2026-06-28 17:50:00,LM344,J,LM,AT7,SOU,2026-06-28 18:30:00,LM329,J,T1483,72,0.73,DOM,DOM,C,1.0,5-T1,,
FR,7M8,CPH,2026-06-28 18:10:00,FR3759,J,FR,7M8,DUB,2026-06-28 23:55:00,FR819,J,T1484,197,0.9,INT,IRISH,C,1.0,15A-T1,,
XQ,7M8,DLM,2026-06-28 18:25:00,XQ3688,J,XQ,7M8,DLM,2026-06-28 19:20:00,XQ3689,J,T1485,189,0.8,INT,INT,C,1.0,17-T1,,
SK,32N,CPH,2026-06-28 18:25:00,SK2513,J,SK,32N,CPH,2026-06-28 19:10:00,SK2514,J,T1486,180,0.88,INT,INT,C,1.0,6-T1,,
EW,32A,DUS,2026-06-28 18:35:00,EW9364,J,EW,32A,DUS,2026-06-28 19:15:00,EW9365,J,T1487,180,0.88,INT,INT,C,1.0,16A-T1,,
FR,320,VIE,2026-06-28 18:45:00,FR1624,J,FR,320,VIE,2026-06-28 19:20:00,FR1625,J,T1488,180,0.9,INT,INT,C,1.0,15B-T1,,
DS,32A,GVA,2026-06-28 18:45:00,DS1587,J,DS,32A,GVA,2026-06-28 19:35:00,DS1588,J,T1489,186,0.84,INT,INT,C,1.0,24-T1,,
U2,319,BFS,2026-06-28 18:50:00,U257,J,U2,32A,STN,2026-06-28 19:30:00,U2313,J,T1490,156,0.89,NIRISH,DOM,C,1.0,7-T1,,
BA,32N,LHR,2026-06-28 18:50:00,BA1458,J,BA,32N,LHR,2026-06-28 19:40:00,BA1459,J,T1491,180,0.89,DOM,DOM,C,0.5,2-T1,,
U2,32A,BSL,2026-06-28 19:00:00,U23220,J,U2,319,BFS,2026-06-28 19:30:00,U258,J,T1492,186,0.89,INT,NIRISH,C,1.0,16B-T1,,
EC,319,ALC,2026-06-28 19:00:00,EC5553,J,EC,319,ALC,2026-06-28 19:35:00,EC5554,J,T1493,156,0.88,INT,INT,C,1.0,8-T1,,
TO,73H,ORY,2026-06-28 19:05:00,TO7928,J,TO,73H,ORY,2026-06-28 19:50:00,TO7929,J,T1494,189,0.85,INT,INT,C,1.0,10-T1,,
EI,AT7,DUB,2026-06-28 19:05:00,EI3556,J,EI,AT7,DUB,2026-06-28 19:40:00,EI3557,J,T1495,72,0.81,IRISH,IRISH,C,1.0,1-T1,,
FR,73H,WRO,2026-06-28 19:10:00,FR1158,J,FR,73H,MAD,2026-06-28 20:10:00,FR189,J,T1496,189,0.9,INT,INT,C,1.0,11-T1,,
EI,AT7,BHD,2026-06-28 19:25:00,EI3658,J,EI,AT7,BHD,2026-06-28 19:55:00,EI3659,J,T1497,72,0.81,NIRISH,NIRISH,C,1.0,9-T1,,
U2,32A,BHX,2026-06-28 19:30:00,U2334,J,U2,32A,LGW,2026-06-28 20:00:00,U2809,J,T1498,186,0.89,DOM,DOM,C,1.0,1B-T1,,
U2,32A,LGW,2026-06-28 19:30:00,U2812,J,U2,32A,BHX,2026-06-28 20:20:00,U2335,J,T1499,186,0.89,DOM,DOM,C,1.0,6-T1,,
BA,319,LHR,2026-06-28 19:35:00,BA1460,J,BA,319,LHR,2026-06-28 20:25:00,BA1461,J,T1500,144,0.89,DOM,DOM,C,0.5,3-T1,,
FR,73H,MAD,2026-06-28 19:45:00,FR188,J,FR,73H,DUB,2026-06-28 21:45:00,FR813,J,T1501,189,0.9,INT,IRISH,C,1.0,15B-T1,,
RK,73H,BOH,2026-06-28 19:45:00,RK1132,J,RK,73H,CPH,2026-06-28 20:45:00,RK6924,J,T1502,189,0.86,DOM,INT,C,1.0,4-T1,,
D8,7M8,ARN,2026-06-28 19:50:00,D84463,J,D8,7M8,ARN,2026-06-28 20:30:00,D84464,J,T1503,189,0.86,INT,INT,C,1.0,16B-T1,,
EI,AT7,DUB,2026-06-28 19:50:00,EI3258,J,EI,AT7,DUB,2026-06-28 20:30:00,EI3259,J,T1504,72,0.81,IRISH,IRISH,C,1.0,1A-T1,,
EK,359,DXB,2026-06-28 20:05:00,EK23,J,EK,359,DXB,2026-06-28 22:00:00,EK24,J,T1505,312,0.93,INT,INT,E,1.0,18-T1,,
U2,32A,CDG,2026-06-28 20:10:00,U23244,J,U2,32A,BFS,2026-06-28 20:40:00,U2329,J,T1506,186,0.89,INT,NIRISH,C,1.0,16A-T1,,
LM,AT7,KOI,2026-06-28 20:10:00,LM398,J,LM,AT7,LSI,2026-06-29 06:50:00,LM353,J,T1508,72,0.73,DOM,DOM,C,1.0,32-T1,,
BA,319,LHR,2026-06-28 20:25:00,BA1462,J,BA,319,LHR,2026-06-28 21:15:00,BA1463,J,T1510,144,0.89,DOM,DOM,C,0.5,9-T1,,
VY,321,BCN,2026-06-28 20:25:00,VY7846,J,VY,321,BCN,2026-06-28 21:25:00,VY7847,J,T1511,220,0.84,INT,INT,C,1.0,10-T1,,
DY,7M8,OSL,2026-06-28 20:30:00,DY1356,J,DY,7M8,OSL,2026-06-28 21:10:00,DY1357,J,T1512,189,0.78,INT,INT,C,1.0,14-T1,,
U2,319,LGW,2026-06-28 20:40:00,U2805,J,U2,32Q,LGW,2026-06-28 21:15:00,U2806,J,T1513,156,0.89,DOM,DOM,C,1.0,6-T1,,
U2,32N,LTN,2026-06-28 20:45:00,U2603,J,U2,32N,LTN,2026-06-28 21:15:00,U2604,J,T1514,186,0.89,DOM,DOM,C,1.0,3-T1,,
FR,73H,DUB,2026-06-28 21:20:00,FR812,J,FR,73H,TLS,2026-06-29 05:50:00,FR1064,J,T1516,189,0.9,IRISH,INT,C,1.0,1-T1,,
BA,E90,LCY,2026-06-28 21:20:00,BA8718,J,BA,E90,LCY,2026-06-29 06:20:00,BA8701,J,T1517,106,0.89,DOM,DOM,C,0.5,5-T1,,
U2,32A,BRS,2026-06-28 21:40:00,U2219,J,U2,32A,BRS,2026-06-28 22:10:00,U2220,J,T1518,186,0.89,DOM,DOM,C,1.0,9-T1,,
BA,E90,LCY,2026-06-28 21:45:00,BA8714,J,BA,E90,LCY,2026-06-29 07:00:00,BA8711,J,T1519,106,0.89,DOM,DOM,C,0.5,7-T1,,
FR,7M8,NTE,2026-06-28 21:55:00,FR1052,J,FR,7M8,ACE,2026-06-29 05:40:00,FR5593,J,T1521,197,0.9,INT,INT,C,1.0,1A-T1,,
LM,AT7,SOU,2026-06-28 22:30:00,LM328,J,LM,AT7,KOI,2026-06-29 07:00:00,LM391,J,T1523,72,0.73,DOM,DOM,C,1.0,8-T1,,
U2,32N,ACE,2026-06-28 22:30:00,U23204,J,U2,32N,STN,2026-06-29 06:00:00,U2307,J,T1524,186,0.89,INT,DOM,C,1.0,4-T1,,
U2,32A,STN,2026-06-28 22:35:00,U2314,J,U2,32A,PRG,2026-06-29 06:05:00,U23325,J,T1525,186,0.89,DOM,INT,C,1.0,6-T1,,
U2,32A,LIS,2026-06-28 22:40:00,U23322,J,U2,32A,LDY,2026-06-29 06:15:00,U2317,J,T1526,186,0.89,INT,DOM,C,1.0,3-T1,,
FR,73H,ORK,2026-06-28 22:40:00,FR3731,J,FR,73H,ZAD,2026-06-29 06:25:00,FR9286,J,T1527,189,0.9,IRISH,INT,C,1.0,102-T1,,
U2,32A,BER,2026-06-28 22:55:00,U23262,J,U2,32A,KRK,2026-06-29 06:30:00,U23313,J,T1529,186,0.89,INT,INT,C,1.0,2-T1,,
U2,32A,BFS,2026-06-28 22:55:00,U2330,J,U2,32A,BFS,2026-06-29 06:40:00,U2323,J,T1531,186,0.89,NIRISH,NIRISH,C,1.0,24-T1,,
FR,7M8,RIX,2026-06-28 23:00:00,FR3171,J,FR,7M8,MLA,2026-06-29 06:05:00,FR6695,J,T1532,197,0.9,INT,INT,C,1.0,15B-T1,,
LS,73H,BOJ,2026-06-28 23:00:00,LS730,J,LS,73H,DLM,2026-06-29 06:15:00,LS711,J,T1533,189,0.92,INT,INT,C,0.8,16A-T1,,
BA,32N,LHR,2026-06-28 23:00:00,BA1466,J,BA,32N,LHR,2026-06-29 07:00:00,BA1467,J,T1534,180,0.89,DOM,DOM,C,0.5,9-T1,,
RK,73H,STN,2026-06-28 23:20:00,RK1273,J,RK,73H,AGA,2026-06-29 07:50:00,RK861,J,T1537,189,0.86,DOM,INT,C,1.0,100-T1,,
U2,32N,CFU,2026-06-28 23:25:00,U23234,J,U2,32A,JER,2026-06-29 07:05:00,U2305,J,T1538,186,0.89,INT,INT,C,1.0,106-T1,,
FR,7M8,DUB,2026-06-28 23:30:00,FR818,J,FR,7M8,PSA,2026-06-29 06:15:00,FR3264,J,T1539,197,0.9,IRISH,INT,C,1.0,1B-T1,,
U2,32A,LGW,2026-06-28 23:35:00,U2810,J,U2,32N,VCE,2026-06-29 07:05:00,U23271,J,T1540,186,0.89,DOM,INT,C,1.0,25-T1,,
FR,7M8,MRS,2026-06-28 23:55:00,FR1286,J,FR,7M8,BCN,2026-06-29 06:20:00,FR6266,J,T1542,197,0.9,INT,INT,C,1.0,29-T1,,
FR,7M8,LIS,2026-06-28 23:55:00,FR478,J,FR,7M8,FAO,2026-06-29 06:35:00,FR5667,J,T1543,197,0.9,INT,INT,C,1.0,27-T1,,
FR,7M8,PMI,2026-06-29 00:15:00,FR6657,J,FR,7M8,FUE,2026-06-29 07:50:00,FR5683,J,T1545,197,0.9,INT,INT,C,1.0,11-T1,,
LS,73H,ACE,2026-06-29 00:40:00,LS706,J,LS,73H,CFU,2026-06-29 07:15:00,LS749,J,T1548,189,0.92,INT,INT,C,0.8,14-T1,,
LS,32Q,AYT,2026-06-29 00:45:00,LS758,J,LS,32Q,ZTH,2026-06-29 05:40:00,LS731,J,T1549,232,0.92,INT,INT,C,0.8,17-T1,,
FR,7M8,OTP,2026-06-29 01:10:00,FR5615,J,FR,7M8,KRK,2026-06-29 09:35:00,FR6624,J,T1551,197,0.9,INT,INT,C,1.0,31-T1,,
LS,73H,MLA,2026-06-29 01:15:00,LS3922,J,LS,73H,FCO,2026-06-29 07:30:00,LS3915,J,T1553,189,0.92,INT,INT,C,0.8,10-T1,,
LS,32Q,PFO,2026-06-29 02:00:00,LS798,J,LS,32Q,AGP,2026-06-29 06:30:00,LS759,J,T1554,232,0.92,INT,INT,C,0.8,15A-T1,,
LS,32Q,TFS,2026-06-29 02:05:00,LS740,J,LS,32Q,FAO,2026-06-29 06:45:00,LS769,J,T1555,232,0.92,INT,INT,C,0.8,16B-T1,,
D0,75C,LEJ,2026-06-29 04:30:00,D02134,F,D0,75C,LEJ,2026-06-29 20:10:00,D02135,F,T1556,0,0.0,INT,INT,D,1.0,211-FRT,,
MUK,76X,EMA,2026-06-29 05:25:00,MUK6566,F,MUK,76X,EMA,2026-06-29 20:10:00,MUK6565,F,T1557,0,0.0,DOM,DOM,D,1.0,212-FRT,,
QR,789,DOH,2026-06-29 06:25:00,QR31,J,QR,789,DOH,2026-06-29 07:55:00,QR32,J,T1558,311,0.87,INT,INT,E,1.0,18-T1,,
TO,73H,ORY,2026-06-29 06:55:00,TO7928,J,TO,73H,ORY,2026-06-29 07:40:00,TO7929,J,T1559,189,0.85,INT,INT,C,1.0,1-T1,,
HU,333,PEK,2026-06-29 07:00:00,HU407,J,HU,333,PEK,2026-06-29 12:00:00,HU408,J,T1560,292,0.73,INT,INT,E,1.0,4A-T1,,
DL,76W,BOS,2026-06-29 07:05:00,DL122,J,DL,76W,ATL,2026-06-29 09:00:00,DL35,J,T1561,216,0.85,INT,INT,D,1.0,2-T1,,
AC,789,YYZ,2026-06-29 07:20:00,AC806,J,AC,789,YYZ,2026-06-29 09:00:00,AC807,J,T1562,298,0.85,INT,INT,E,1.0,15-T1,,
RK,73H,BFS,2026-06-29 07:25:00,RK5968,J,RK,73H,STN,2026-06-29 13:55:00,RK1274,J,T1563,189,0.86,NIRISH,DOM,C,1.0,25-T1,,
FR,73H,DUB,2026-06-29 07:25:00,FR808,J,FR,73H,BLQ,2026-06-29 08:15:00,FR2453,J,T1564,189,0.9,IRISH,INT,C,1.0,1B-T1,,
AA,788,PHL,2026-06-29 07:30:00,AA278,J,AA,788,PHL,2026-06-29 11:25:00,AA279,J,T1565,234,0.89,INT,INT,E,1.0,16-T1,,
BA,319,LHR,2026-06-29 07:40:00,BA1436,J,BA,319,LHR,2026-06-29 09:00:00,BA1437,J,T1566,144,0.89,DOM,DOM,C,0.5,7-T1,,
AY,E90,HEL,2026-06-29 07:40:00,AY1371,J,AY,E90,HEL,2026-06-29 08:25:00,AY1372,J,T1567,100,0.93,INT,INT,C,1.0,1A-T1,,
U2,32A,LGW,2026-06-29 07:40:00,U2829,J,U2,32A,LGW,2026-06-29 08:15:00,U2830,J,T1568,186,0.89,DOM,DOM,C,1.0,9-T1,,
FR,73H,BLQ,2026-06-29 07:50:00,FR2454,J,FR,73H,CRL,2026-06-29 09:10:00,FR7322,J,T1569,189,0.9,INT,INT,C,1.0,14-T1,,
EI,AT7,BHD,2026-06-29 07:55:00,EI3650,J,EI,AT7,BHD,2026-06-29 08:25:00,EI3651,J,T1570,72,0.81,NIRISH,NIRISH,C,1.0,10-T1,,
EI,AT7,DUB,2026-06-29 08:00:00,EI3250,J,EI,AT7,DUB,2026-06-29 08:35:00,EI3251,J,T1571,72,0.81,IRISH,IRISH,C,1.0,1-T1,,
FR,73H,ALC,2026-06-21 13:00:00,FR5578,J,FR,73H,PSA,2026-06-21 14:10:00,FR3264,J,T26,189,0.9,INT,INT,C,1.0,27-T1,1.0,25-T1
FR,73H,ALC,2026-06-21 14:30:00,FR5578,J,FR,73H,PSA,2026-06-21 16:40:00,FR3264,J,T26,189,0.9,INT,INT,C,1.0,25-T1,3.0,27-T1
FR,73H,AGP,2026-06-21 15:50:00,FR5090,J,FR,73H,ORK,2026-06-21 17:00:00,FR3732,J,T59,189,0.9,INT,IRISH,C,1.0,11-T1,1.0,25-T1
FR,73H,AGP,2026-06-21 17:20:00,FR5090,J,FR,73H,ORK,2026-06-21 19:35:00,FR3732,J,T59,189,0.9,INT,IRISH,C,1.0,25-T1,3.0,11-T1
LM,AT7,LSI,2026-06-21 20:10:00,LM356,J,LM,AT7,SOU,2026-06-21 21:20:00,LM321,J,T112,72,0.73,DOM,DOM,C,1.0,7-T1,1.0,308-T1
LM,AT7,LSI,2026-06-21 21:40:00,LM356,J,LM,AT7,SOU,2026-06-22 06:40:00,LM321,J,T112,72,0.73,DOM,DOM,C,1.0,308-T1,3.0,7-T1
FR,73H,DUB,2026-06-21 21:20:00,FR812,J,FR,73H,TLS,2026-06-21 22:30:00,FR1064,J,T120,189,0.9,IRISH,INT,C,1.0,1-T1,1.0,310-T1
FR,73H,DUB,2026-06-21 22:50:00,FR812,J,FR,73H,TLS,2026-06-22 05:50:00,FR1064,J,T120,189,0.9,IRISH,INT,C,1.0,310-T1,3.0,1-T1
U2,32A,LIS,2026-06-21 22:05:00,U23322,J,U2,32N,STN,2026-06-21 23:15:00,U2307,J,T126,186,0.89,INT,DOM,C,1.0,15B-T1,1.0,311-T1
U2,32A,LIS,2026-06-21 23:35:00,U23322,J,U2,32N,STN,2026-06-22 06:00:00,U2307,J,T126,186,0.89,INT,DOM,C,1.0,311-T1,3.0,15B-T1
BA,32N,LHR,2026-06-21 22:10:00,BA1464,J,BA,32N,LHR,2026-06-21 23:20:00,BA1465,J,T127,180,0.89,DOM,DOM,C,0.5,10-T1,1.0,30-T1
BA,32N,LHR,2026-06-21 23:40:00,BA1464,J,BA,32N,LHR,2026-06-22 06:20:00,BA1465,J,T127,180,0.89,DOM,DOM,C,0.5,30-T1,3.0,10-T1
FR,73H,PSA,2026-06-21 22:40:00,FR3265,J,FR,73H,DUB,2026-06-21 23:50:00,FR809,J,T131,189,0.9,INT,IRISH,C,1.0,11-T1,1.0,211-FRT
FR,73H,PSA,2026-06-22 00:10:00,FR3265,J,FR,73H,DUB,2026-06-22 06:20:00,FR809,J,T131,189,0.9,INT,IRISH,C,1.0,211-FRT,2.0,
FR,73H,PSA,2026-06-22 06:40:00,FR3265,J,FR,73H,DUB,2026-06-22 07:50:00,FR809,J,T131,189,0.9,INT,IRISH,C,1.0,6-T1,3.0,211-FRT
LH,32N,FRA,2026-06-21 22:55:00,LH964,J,LH,32N,FRA,2026-06-22 00:05:00,LH965,J,T134,172,0.91,INT,INT,C,1.0,15A-T1,1.0,313-T1
LH,32N,FRA,2026-06-22 00:25:00,LH964,J,LH,32N,FRA,2026-06-22 06:10:00,LH965,J,T134,172,0.91,INT,INT,C,1.0,313-T1,3.0,15A-T1
U2,32A,BFS,2026-06-21 22:55:00,U2330,J,U2,32A,KRK,2026-06-22 00:05:00,U23313,J,T135,186,0.89,NIRISH,INT,C,1.0,14-T1,1.0,315-T1
U2,32A,BFS,2026-06-22 00:25:00,U2330,J,U2,32A,KRK,2026-06-22 06:30:00,U23313,J,T135,186,0.89,NIRISH,INT,C,1.0,315-T1,3.0,14-T1
KL,73H,AMS,2026-06-21 23:10:00,KL933,J,KL,73H,AMS,2026-06-22 00:20:00,KL922,J,T140,186,0.83,INT,INT,C,1.0,16A-T1,1.0,9-T1
KL,73H,AMS,2026-06-22 00:40:00,KL933,J,KL,73H,AMS,2026-06-22 05:45:00,KL922,J,T140,186,0.83,INT,INT,C,1.0,9-T1,3.0,16A-T1
LS,73H,AGP,2026-06-21 23:40:00,LS760,J,LS,73H,PMI,2026-06-22 00:50:00,LS717,J,T144,189,0.92,INT,INT,C,0.8,10-T1,1.0,28-T1
LS,73H,AGP,2026-06-22 01:10:00,LS760,J,LS,73H,PMI,2026-06-22 06:45:00,LS717,J,T144,189,0.92,INT,INT,C,0.8,28-T1,3.0,10-T1
RK,73H,CPH,2026-06-22 00:25:00,RK6925,J,RK,73H,AGA,2026-06-22 01:35:00,RK861,J,T150,189,0.86,INT,INT,C,1.0,14-T1,1.0,309-T1
RK,73H,CPH,2026-06-22 01:55:00,RK6925,J,RK,73H,AGA,2026-06-22 07:50:00,RK861,J,T150,189,0.86,INT,INT,C,1.0,309-T1,3.0,14-T1
U2,32N,TFS,2026-06-22 00:35:00,U23202,J,U2,32A,BHX,2026-06-22 01:45:00,U2331,J,T151,186,0.89,INT,DOM,C,1.0,15A-T1,1.0,208-FRT
U2,32N,TFS,2026-06-22 02:05:00,U23202,J,U2,32A,BHX,2026-06-22 05:40:00,U2331,J,T151,186,0.89,INT,DOM,C,1.0,208-FRT,2.0,
U2,32N,TFS,2026-06-22 06:00:00,U23202,J,U2,32A,BHX,2026-06-22 07:10:00,U2331,J,T151,186,0.89,INT,DOM,C,1.0,1A-T1,3.0,208-FRT
LS,73H,ACE,2026-06-22 00:40:00,LS706,J,LS,73H,CFU,2026-06-22 05:45:00,LS749,J,T152,189,0.92,INT,INT,C,0.8,314-T1,1.0,9-T1
LS,73H,ACE,2026-06-22 06:05:00,LS706,J,LS,73H,CFU,2026-06-22 07:15:00,LS749,J,T152,189,0.92,INT,INT,C,0.8,9-T1,3.0,314-T1
FR,7M8,KRK,2026-06-22 09:10:00,FR6625,J,FR,7M8,EGC,2026-06-22 11:50:00,FR8750,J,T190,197,0.9,INT,INT,C,1.0,106-T1,1.0,24-T1
FR,7M8,KRK,2026-06-22 12:10:00,FR6625,J,FR,7M8,EGC,2026-06-22 13:20:00,FR8750,J,T190,197,0.9,INT,INT,C,1.0,24-T1,3.0,106-T1
FR,73H,ZAD,2026-06-22 12:45:00,FR9287,J,FR,73H,FAO,2026-06-22 13:55:00,FR7645,J,T233,189,0.9,INT,INT,C,1.0,27-T1,1.0,3-T1
FR,73H,ZAD,2026-06-22 14:15:00,FR9287,J,FR,73H,FAO,2026-06-22 17:05:00,FR7645,J,T233,189,0.9,INT,INT,C,1.0,3-T1,3.0,27-T1
FR,7M8,POZ,2026-06-22 19:40:00,FR6619,J,FR,7M8,TLS,2026-06-22 20:50:00,FR1064,J,T309,197,0.9,INT,INT,C,1.0,16A-T1,1.0,1A-T1
FR,7M8,POZ,2026-06-22 21:10:00,FR6619,J,FR,7M8,TLS,2026-06-23 05:35:00,FR1064,J,T309,197,0.9,INT,INT,C,1.0,1A-T1,3.0,16A-T1
LM,AT7,LSI,2026-06-22 20:10:00,LM356,J,LM,AT7,SOU,2026-06-22 21:20:00,LM321,J,T316,72,0.73,DOM,DOM,C,1.0,7-T1,1.0,311R-T1
LM,AT7,LSI,2026-06-22 21:40:00,LM356,J,LM,AT7,SOU,2026-06-23 06:40:00,LM321,J,T316,72,0.73,DOM,DOM,C,1.0,311R-T1,3.0,7-T1
AF,223,CDG,2026-06-22 20:55:00,AF1886,J,AF,223,CDG,2026-06-22 22:05:00,AF1887,J,T320,148,0.84,INT,INT,C,1.0,15A-T1,1.0,27-T1
AF,223,CDG,2026-06-22 22:25:00,AF1886,J,AF,223,CDG,2026-06-23 05:40:00,AF1887,J,T320,148,0.84,INT,INT,C,1.0,27-T1,3.0,15A-T1
BA,E90,LCY,2026-06-22 21:10:00,BA8714,J,BA,E90,LCY,2026-06-23 05:30:00,BA8711,J,T324,106,0.89,DOM,DOM,C,0.5,5-T1,1.0,311L-T1
BA,E90,LCY,2026-06-23 05:50:00,BA8714,J,BA,E90,LCY,2026-06-23 07:00:00,BA8711,J,T324,106,0.89,DOM,DOM,C,0.5,311L-T1,3.0,5-T1
LM,AT7,SOU,2026-06-22 21:40:00,LM328,J,LM,AT7,KOI,2026-06-22 22:50:00,LM391,J,T328,72,0.73,DOM,DOM,C,1.0,10-T1,1.0,308-T1
LM,AT7,SOU,2026-06-22 23:10:00,LM328,J,LM,AT7,KOI,2026-06-23 07:00:00,LM391,J,T328,72,0.73,DOM,DOM,C,1.0,308-T1,3.0,10-T1
U2,32A,CTA,2026-06-22 23:00:00,U23276,J,U2,32A,DBV,2026-06-23 00:10:00,U23319,J,T335,186,0.89,INT,INT,C,1.0,11-T1,1.0,317-T1
U2,32A,CTA,2026-06-23 00:30:00,U23276,J,U2,32A,DBV,2026-06-23 06:10:00,U23319,J,T335,186,0.89,INT,INT,C,1.0,317-T1,3.0,11-T1
LH,32N,FRA,2026-06-22 23:05:00,LH964,J,LH,32N,FRA,2026-06-23 00:15:00,LH965,J,T336,172,0.91,INT,INT,C,1.0,15A-T1,1.0,29-T1
LH,32N,FRA,2026-06-23 00:35:00,LH964,J,LH,32N,FRA,2026-06-23 06:10:00,LH965,J,T336,172,0.91,INT,INT,C,1.0,29-T1,3.0,15A-T1
FR,7M8,IBZ,2026-06-22 23:20:00,FR6604,J,FR,7M8,BCN,2026-06-23 00:30:00,FR6274,J,T338,197,0.9,INT,INT,C,1.0,10-T1,1.0,316-T1
FR,7M8,IBZ,2026-06-23 00:50:00,FR6604,J,FR,7M8,BCN,2026-06-23 06:00:00,FR6274,J,T338,197,0.9,INT,INT,C,1.0,316-T1,3.0,10-T1
U2,32A,NCE,2026-06-22 23:55:00,U23246,J,U2,32A,BFS,2026-06-23 01:05:00,U2323,J,T346,186,0.89,INT,NIRISH,C,1.0,16B-T1,1.0,30-T1
U2,32A,NCE,2026-06-23 01:25:00,U23246,J,U2,32A,BFS,2026-06-23 07:00:00,U2323,J,T346,186,0.89,INT,NIRISH,C,1.0,30-T1,3.0,16B-T1
FR,7M8,BGY,2026-06-22 23:55:00,FR3645,J,FR,7M8,DUB,2026-06-23 01:05:00,FR815,J,T347,197,0.9,INT,IRISH,C,1.0,15B-T1,1.0,315-T1
FR,7M8,BGY,2026-06-23 01:25:00,FR3645,J,FR,7M8,DUB,2026-06-23 06:15:00,FR815,J,T347,197,0.9,INT,IRISH,C,1.0,315-T1,3.0,15B-T1
FR,7M8,CPH,2026-06-23 00:25:00,FR2675,J,FR,7M8,VLC,2026-06-23 01:35:00,FR1092,J,T349,197,0.9,INT,INT,C,1.0,14-T1,1.0,104-T1
FR,7M8,CPH,2026-06-23 01:55:00,FR2675,J,FR,7M8,VLC,2026-06-23 07:15:00,FR1092,J,T349,197,0.9,INT,INT,C,1.0,104-T1,3.0,14-T1
U2,32N,RHO,2026-06-23 00:40:00,U23228,J,U2,32A,BHX,2026-06-23 01:50:00,U2331,J,T351,186,0.89,INT,DOM,C,1.0,15A-T1,1.0,309-T1
U2,32N,RHO,2026-06-23 02:10:00,U23228,J,U2,32A,BHX,2026-06-23 05:35:00,U2331,J,T351,186,0.89,INT,DOM,C,1.0,309-T1,2.0,
U2,32N,RHO,2026-06-23 05:55:00,U23228,J,U2,32A,BHX,2026-06-23 07:05:00,U2331,J,T351,186,0.89,INT,DOM,C,1.0,1A-T1,3.0,309-T1
FR,7M8,WMI,2026-06-23 00:50:00,FR4525,J,FR,7M8,MLA,2026-06-23 06:15:00,FR6695,J,T354,197,0.9,INT,INT,C,1.0,317A-T1,1.0,24-T1
FR,7M8,WMI,2026-06-23 06:35:00,FR4525,J,FR,7M8,MLA,2026-06-23 07:45:00,FR6695,J,T354,197,0.9,INT,INT,C,1.0,24-T1,3.0,317A-T1
FR,7M8,BTS,2026-06-23 00:55:00,FR6643,J,FR,7M8,LPA,2026-06-23 06:50:00,FR6698,J,T355,197,0.9,INT,INT,C,1.0,312-T1,1.0,25-T1
FR,7M8,BTS,2026-06-23 07:10:00,FR6643,J,FR,7M8,LPA,2026-06-23 08:20:00,FR6698,J,T355,197,0.9,INT,INT,C,1.0,25-T1,3.0,312-T1
FR,7M8,TFS,2026-06-23 01:05:00,FR2970,J,FR,7M8,BLQ,2026-06-23 02:15:00,FR2453,J,T356,197,0.9,INT,INT,C,1.0,10-T1,1.0,314-T1
FR,7M8,TFS,2026-06-23 02:35:00,FR2970,J,FR,7M8,BLQ,2026-06-23 07:45:00,FR2453,J,T356,197,0.9,INT,INT,C,1.0,314-T1,2.0,
FR,7M8,TFS,2026-06-23 08:05:00,FR2970,J,FR,7M8,BLQ,2026-06-23 09:15:00,FR2453,J,T356,197,0.9,INT,INT,C,1.0,9-T1,3.0,314-T1
RK,73H,SDR,2026-06-23 15:00:00,RK5632,J,RK,73H,STN,2026-06-23 16:10:00,RK1274,J,T463,189,0.86,INT,DOM,C,1.0,103-T1,1.0,25-T1
RK,73H,SDR,2026-06-23 16:30:00,RK5632,J,RK,73H,STN,2026-06-23 19:30:00,RK1274,J,T463,189,0.86,INT,DOM,C,1.0,25-T1,3.0,103-T1
BA,E90,EAS,2026-06-23 19:10:00,BA2920,J,BA,E90,LCY,2026-06-23 20:20:00,BA8701,J,T504,106,0.89,INT,DOM,C,0.5,16B-T1,1.0,317A-T1
BA,E90,EAS,2026-06-23 20:40:00,BA2920,J,BA,E90,LCY,2026-06-24 06:20:00,BA8701,J,T504,106,0.89,INT,DOM,C,0.5,317A-T1,3.0,16B-T1
FR,73H,PMI,2026-06-23 20:00:00,FR9188,J,FR,73H,MAD,2026-06-23 21:10:00,FR189,J,T512,189,0.9,INT,INT,C,1.0,14-T1,1.0,33-T1
FR,73H,PMI,2026-06-23 21:30:00,FR9188,J,FR,73H,MAD,2026-06-24 06:45:00,FR189,J,T512,189,0.9,INT,INT,C,1.0,33-T1,3.0,14-T1
LM,AT7,KOI,2026-06-23 20:10:00,LM398,J,LM,AT7,LSI,2026-06-23 21:20:00,LM353,J,T515,72,0.73,DOM,DOM,C,1.0,24-T1,1.0,309-T1
LM,AT7,KOI,2026-06-23 21:40:00,LM398,J,LM,AT7,LSI,2026-06-24 06:50:00,LM353,J,T515,72,0.73,DOM,DOM,C,1.0,309-T1,3.0,24-T1
AF,223,CDG,2026-06-23 20:55:00,AF1886,J,AF,223,CDG,2026-06-23 22:05:00,AF1887,J,T519,148,0.84,INT,INT,C,1.0,15A-T1,1.0,106-T1
AF,223,CDG,2026-06-23 22:25:00,AF1886,J,AF,223,CDG,2026-06-24 05:40:00,AF1887,J,T519,148,0.84,INT,INT,C,1.0,106-T1,3.0,15A-T1
BA,E90,LCY,2026-06-23 21:10:00,BA8714,J,BA,E90,LCY,2026-06-23 22:20:00,BA8713,J,T520,106,0.89,DOM,DOM,C,0.5,2-T1,1.0,315-T1
BA,E90,LCY,2026-06-23 22:40:00,BA8714,J,BA,E90,LCY,2026-06-24 07:25:00,BA8713,J,T520,106,0.89,DOM,DOM,C,0.5,315-T1,3.0,2-T1
LM,AT7,SOU,2026-06-23 21:40:00,LM328,J,LM,AT7,KOI,2026-06-23 22:50:00,LM391,J,T525,72,0.73,DOM,DOM,C,1.0,10-T1,1.0,32-T1
LM,AT7,SOU,2026-06-23 23:10:00,LM328,J,LM,AT7,KOI,2026-06-24 07:00:00,LM391,J,T525,72,0.73,DOM,DOM,C,1.0,32-T1,3.0,10-T1
RK,73H,AGP,2026-06-23 21:50:00,RK5090,J,RK,73H,TIA,2026-06-23 23:00:00,RK8294,J,T526,189,0.86,INT,INT,C,1.0,14-T1,1.0,316-T1
RK,73H,AGP,2026-06-23 23:20:00,RK5090,J,RK,73H,TIA,2026-06-24 05:40:00,RK8294,J,T526,189,0.86,INT,INT,C,1.0,316-T1,3.0,14-T1
RK,73H,STN,2026-06-23 22:40:00,RK1273,J,RK,73H,STN,2026-06-23 23:50:00,RK597,J,T534,189,0.86,DOM,DOM,C,1.0,6-T1,1.0,312-T1
RK,73H,STN,2026-06-24 00:10:00,RK1273,J,RK,73H,STN,2026-06-24 07:10:00,RK597,J,T534,189,0.86,DOM,DOM,C,1.0,312-T1,3.0,6-T1
LH,32N,FRA,2026-06-23 23:05:00,LH964,J,LH,32N,FRA,2026-06-24 00:15:00,LH965,J,T538,172,0.91,INT,INT,C,1.0,16B-T1,1.0,308-T1
LH,32N,FRA,2026-06-24 00:35:00,LH964,J,LH,32N,FRA,2026-06-24 06:10:00,LH965,J,T538,172,0.91,INT,INT,C,1.0,308-T1,3.0,16B-T1
LS,73H,PVK,2026-06-23 23:15:00,LS762,J,LS,73H,FAO,2026-06-24 00:25:00,LS769,J,T540,189,0.92,INT,INT,C,0.8,17-T1,1.0,310-T1
LS,73H,PVK,2026-06-24 00:45:00,LS762,J,LS,73H,FAO,2026-06-24 06:45:00,LS769,J,T540,189,0.92,INT,INT,C,0.8,310-T1,3.0,17-T1
FR,73H,KRK,2026-06-23 23:55:00,FR6625,J,FR,73H,DUB,2026-06-24 01:05:00,FR809,J,T542,189,0.9,INT,IRISH,C,1.0,10-T1,1.0,211-FRT
FR,73H,KRK,2026-06-24 01:25:00,FR6625,J,FR,73H,DUB,2026-06-24 05:50:00,FR809,J,T542,189,0.9,INT,IRISH,C,1.0,211-FRT,2.0,
FR,73H,KRK,2026-06-24 06:10:00,FR6625,J,FR,73H,DUB,2026-06-24 07:20:00,FR809,J,T542,189,0.9,INT,IRISH,C,1.0,1-T1,3.0,211-FRT
FR,7M8,CPH,2026-06-24 00:35:00,FR2675,J,FR,7M8,SNN,2026-06-24 01:45:00,FR1677,J,T548,197,0.9,INT,IRISH,C,1.0,16B-T1,1.0,317-T1
FR,7M8,CPH,2026-06-24 02:05:00,FR2675,J,FR,7M8,SNN,2026-06-24 06:45:00,FR1677,J,T548,197,0.9,INT,IRISH,C,1.0,317-T1,2.0,
FR,7M8,CPH,2026-06-24 07:05:00,FR2675,J,FR,7M8,SNN,2026-06-24 08:15:00,FR1677,J,T548,197,0.9,INT,IRISH,C,1.0,25-T1,3.0,317-T1
U2,32A,DLM,2026-06-24 00:40:00,U23282,J,U2,32A,BHX,2026-06-24 01:50:00,U2331,J,T549,186,0.89,INT,DOM,C,1.0,16A-T1,1.0,208-FRT
U2,32A,DLM,2026-06-24 02:10:00,U23282,J,U2,32A,BHX,2026-06-24 05:45:00,U2331,J,T549,186,0.89,INT,DOM,C,1.0,208-FRT,2.0,
U2,32A,DLM,2026-06-24 06:05:00,U23282,J,U2,32A,BHX,2026-06-24 07:15:00,U2331,J,T549,186,0.89,INT,DOM,C,1.0,9-T1,3.0,208-FRT
RK,73H,BFS,2026-06-24 06:50:00,RK5968,J,RK,73H,STN,2026-06-24 08:00:00,RK1274,J,T564,189,0.86,NIRISH,DOM,C,1.0,24-T1,1.0,29-T1
RK,73H,BFS,2026-06-24 08:20:00,RK5968,J,RK,73H,STN,2026-06-24 11:15:00,RK1274,J,T564,189,0.86,NIRISH,DOM,C,1.0,29-T1,3.0,24-T1
FR,73H,DUB,2026-06-24 06:50:00,FR808,J,FR,73H,SVQ,2026-06-24 09:00:00,FR6760,J,T565,189,0.9,IRISH,INT,C,1.0,104-T1,1.0,14-T1
FR,73H,DUB,2026-06-24 09:20:00,FR808,J,FR,73H,SVQ,2026-06-24 10:30:00,FR6760,J,T565,189,0.9,IRISH,INT,C,1.0,14-T1,3.0,104-T1
RK,73H,STN,2026-06-24 10:20:00,RK596,J,RK,73H,NQY,2026-06-24 13:20:00,RK9361,J,T609,189,0.86,DOM,DOM,C,1.0,102-T1,1.0,24-T1
RK,73H,STN,2026-06-24 13:40:00,RK596,J,RK,73H,NQY,2026-06-24 14:50:00,RK9361,J,T609,189,0.86,DOM,DOM,C,1.0,24-T1,3.0,102-T1
LM,AT7,SYY,2026-06-24 13:05:00,LM344,J,LM,AT7,LSI,2026-06-24 15:15:00,LM357,J,T637,72,0.73,DOM,DOM,C,1.0,32-T1,1.0,2-T1
LM,AT7,SYY,2026-06-24 15:35:00,LM344,J,LM,AT7,LSI,2026-06-24 16:45:00,LM357,J,T637,72,0.73,DOM,DOM,C,1.0,2-T1,3.0,32-T1
RK,73H,BFS,2026-06-24 18:35:00,RK9450,J,RK,73H,STN,2026-06-24 19:45:00,RK597,J,T694,189,0.86,NIRISH,DOM,C,1.0,24-T1,1.0,311-T1
RK,73H,BFS,2026-06-24 20:05:00,RK9450,J,RK,73H,STN,2026-06-25 05:55:00,RK597,J,T694,189,0.86,NIRISH,DOM,C,1.0,311-T1,2.0,
RK,73H,BFS,2026-06-25 06:15:00,RK9450,J,RK,73H,STN,2026-06-25 07:25:00,RK597,J,T694,189,0.86,NIRISH,DOM,C,1.0,6-T1,3.0,311-T1
FR,7M8,BUD,2026-06-24 19:25:00,FR1018,J,FR,7M8,WRO,2026-06-24 20:35:00,FR1159,J,T702,197,0.9,INT,INT,C,1.0,16B-T1,1.0,308-T1
FR,7M8,BUD,2026-06-24 20:55:00,FR1018,J,FR,7M8,WRO,2026-06-25 05:40:00,FR1159,J,T702,197,0.9,INT,INT,C,1.0,308-T1,3.0,16B-T1
LM,AT7,KOI,2026-06-24 20:10:00,LM398,J,LM,AT7,LSI,2026-06-24 21:20:00,LM353,J,T711,72,0.73,DOM,DOM,C,1.0,24-T1,1.0,32-T1
LM,AT7,KOI,2026-06-24 21:40:00,LM398,J,LM,AT7,LSI,2026-06-25 06:50:00,LM353,J,T711,72,0.73,DOM,DOM,C,1.0,32-T1,3.0,24-T1
AF,223,CDG,2026-06-24 20:55:00,AF1886,J,AF,223,CDG,2026-06-24 22:05:00,AF1887,J,T719,148,0.84,INT,INT,C,1.0,10-T1,1.0,317-T1
AF,223,CDG,2026-06-24 22:25:00,AF1886,J,AF,223,CDG,2026-06-25 05:40:00,AF1887,J,T719,148,0.84,INT,INT,C,1.0,317-T1,3.0,10-T1
LM,AT7,SOU,2026-06-24 21:40:00,LM328,J,LM,AT7,KOI,2026-06-24 22:50:00,LM391,J,T723,72,0.73,DOM,DOM,C,1.0,25-T1,1.0,313-T1
LM,AT7,SOU,2026-06-24 23:10:00,LM328,J,LM,AT7,KOI,2026-06-25 07:00:00,LM391,J,T723,72,0.73,DOM,DOM,C,1.0,313-T1,3.0,25-T1
RK,73H,STN,2026-06-24 21:45:00,RK8605,J,RK,73H,TFS,2026-06-24 22:55:00,RK2969,J,T724,189,0.86,DOM,INT,C,1.0,16B-T1,1.0,30-T1
RK,73H,STN,2026-06-24 23:15:00,RK8605,J,RK,73H,TFS,2026-06-25 07:35:00,RK2969,J,T724,189,0.86,DOM,INT,C,1.0,30-T1,3.0,16B-T1
LH,32N,FRA,2026-06-24 22:45:00,LH964,J,LH,32N,FRA,2026-06-24 23:55:00,LH965,J,T728,172,0.91,INT,INT,C,1.0,10-T1,1.0,310-T1
LH,32N,FRA,2026-06-25 00:15:00,LH964,J,LH,32N,FRA,2026-06-25 06:10:00,LH965,J,T728,172,0.91,INT,INT,C,1.0,310-T1,3.0,10-T1
FR,7M8,ACE,2026-06-24 23:00:00,FR5594,J,FR,7M8,LPA,2026-06-25 00:10:00,FR6698,J,T729,197,0.9,INT,INT,C,1.0,14-T1,1.0,103-T1
FR,7M8,ACE,2026-06-25 00:30:00,FR5594,J,FR,7M8,LPA,2026-06-25 06:00:00,FR6698,J,T729,197,0.9,INT,INT,C,1.0,103-T1,3.0,14-T1
RK,73H,RAK,2026-06-24 23:45:00,RK515,J,RK,73H,BFS,2026-06-25 00:55:00,RK5969,J,T734,189,0.86,INT,NIRISH,C,1.0,11-T1,1.0,316-T1
RK,73H,RAK,2026-06-25 01:15:00,RK515,J,RK,73H,BFS,2026-06-25 06:30:00,RK5969,J,T734,189,0.86,INT,NIRISH,C,1.0,316-T1,2.0,
RK,73H,RAK,2026-06-25 06:50:00,RK515,J,RK,73H,BFS,2026-06-25 08:00:00,RK5969,J,T734,189,0.86,INT,NIRISH,C,1.0,24-T1,3.0,316-T1
U2,32A,PFO,2026-06-24 23:55:00,U23318,J,U2,32A,AMS,2026-06-25 01:05:00,U23301,J,T737,186,0.89,INT,INT,C,1.0,16A-T1,1.0,312-T1
U2,32A,PFO,2026-06-25 01:25:00,U23318,J,U2,32A,AMS,2026-06-25 06:55:00,U23301,J,T737,186,0.89,INT,INT,C,1.0,312-T1,3.0,16A-T1
U2,32A,AYT,2026-06-25 00:30:00,U23286,J,U2,32A,CDG,2026-06-25 01:40:00,U23241,J,T740,186,0.89,INT,INT,C,1.0,14-T1,1.0,31-T1
U2,32A,AYT,2026-06-25 02:00:00,U23286,J,U2,32A,CDG,2026-06-25 07:00:00,U23241,J,T740,186,0.89,INT,INT,C,1.0,31-T1,3.0,14-T1
LS,73H,CTA,2026-06-25 00:30:00,LS816,J,LS,73H,FAO,2026-06-25 01:40:00,LS769,J,T741,189,0.92,INT,INT,C,0.8,10-T1,1.0,317A-T1
LS,73H,CTA,2026-06-25 02:00:00,LS816,J,LS,73H,FAO,2026-06-25 06:45:00,LS769,J,T741,189,0.92,INT,INT,C,0.8,317A-T1,3.0,10-T1
U2,32A,TFS,2026-06-25 01:20:00,U23202,J,U2,32A,BHX,2026-06-25 02:30:00,U2331,J,T747,186,0.89,INT,DOM,C,1.0,11-T1,1.0,315-T1
U2,32A,TFS,2026-06-25 02:50:00,U23202,J,U2,32A,BHX,2026-06-25 07:00:00,U2331,J,T747,186,0.89,INT,DOM,C,1.0,315-T1,3.0,11-T1
RK,73H,BFS,2026-06-25 07:35:00,RK5968,J,RK,73H,STN,2026-06-25 11:30:00,RK1274,J,T767,189,0.86,NIRISH,DOM,C,1.0,31-T1,1.0,6-T1
RK,73H,BFS,2026-06-25 11:50:00,RK5968,J,RK,73H,STN,2026-06-25 13:00:00,RK1274,J,T767,189,0.86,NIRISH,DOM,C,1.0,6-T1,3.0,31-T1
RK,73H,STN,2026-06-25 10:35:00,RK596,J,RK,73H,MLA,2026-06-25 15:30:00,RK6695,J,T808,189,0.86,DOM,INT,C,1.0,28-T1,1.0,6-T1
RK,73H,STN,2026-06-25 15:50:00,RK596,J,RK,73H,MLA,2026-06-25 17:00:00,RK6695,J,T808,189,0.86,DOM,INT,C,1.0,6-T1,3.0,28-T1
FR,73H,ORK,2026-06-25 11:10:00,FR3731,J,FR,73H,VCE,2026-06-25 14:30:00,FR1652,J,T816,189,0.9,IRISH,INT,C,1.0,100-T1,1.0,24-T1
FR,73H,ORK,2026-06-25 14:50:00,FR3731,J,FR,73H,VCE,2026-06-25 16:00:00,FR1652,J,T816,189,0.9,IRISH,INT,C,1.0,24-T1,3.0,100-T1
FR,73H,RIX,2026-06-25 11:35:00,FR3171,J,FR,73H,CFU,2026-06-25 12:45:00,FR7844,J,T820,189,0.9,INT,INT,C,1.0,27-T1,1.0,25-T1
FR,73H,RIX,2026-06-25 13:05:00,FR3171,J,FR,73H,CFU,2026-06-25 16:55:00,FR7844,J,T820,189,0.9,INT,INT,C,1.0,25-T1,3.0,27-T1
FR,73H,BTS,2026-06-25 17:30:00,FR6643,J,FR,73H,BGY,2026-06-25 18:40:00,FR3646,J,T892,189,0.9,INT,INT,C,1.0,16A-T1,1.0,314-T1
FR,73H,BTS,2026-06-25 19:00:00,FR6643,J,FR,73H,BGY,2026-06-26 05:50:00,FR3646,J,T892,189,0.9,INT,INT,C,1.0,314-T1,2.0,
FR,73H,BTS,2026-06-26 06:10:00,FR6643,J,FR,73H,BGY,2026-06-26 07:20:00,FR3646,J,T892,189,0.9,INT,INT,C,1.0,1A-T1,3.0,314-T1
LM,AT7,KOI,2026-06-25 20:10:00,LM398,J,LM,AT7,LSI,2026-06-25 21:20:00,LM353,J,T919,72,0.73,DOM,DOM,C,1.0,16A-T1,1.0,310-T1
LM,AT7,KOI,2026-06-25 21:40:00,LM398,J,LM,AT7,LSI,2026-06-26 06:50:00,LM353,J,T919,72,0.73,DOM,DOM,C,1.0,310-T1,3.0,16A-T1
RK,73H,STN,2026-06-25 21:00:00,RK8605,J,RK,73H,AGA,2026-06-25 22:10:00,RK861,J,T927,189,0.86,DOM,INT,C,1.0,15A-T1,1.0,313-T1
RK,73H,STN,2026-06-25 22:30:00,RK8605,J,RK,73H,AGA,2026-06-26 06:25:00,RK861,J,T927,189,0.86,DOM,INT,C,1.0,313-T1,3.0,15A-T1
BA,E90,LCY,2026-06-25 21:10:00,BA8714,J,BA,E90,LCY,2026-06-25 22:20:00,BA8703,J,T931,106,0.89,DOM,DOM,C,0.5,1-T1,1.0,309-T1
BA,E90,LCY,2026-06-25 22:40:00,BA8714,J,BA,E90,LCY,2026-06-26 08:50:00,BA8703,J,T931,106,0.89,DOM,DOM,C,0.5,309-T1,3.0,1-T1
LM,AT7,SOU,2026-06-25 21:40:00,LM328,J,LM,AT7,KOI,2026-06-25 22:50:00,LM391,J,T933,72,0.73,DOM,DOM,C,1.0,15B-T1,1.0,32-T1
LM,AT7,SOU,2026-06-25 23:10:00,LM328,J,LM,AT7,KOI,2026-06-26 07:00:00,LM391,J,T933,72,0.73,DOM,DOM,C,1.0,32-T1,3.0,15B-T1
FR,73H,DUB,2026-06-25 22:00:00,FR816,J,FR,73H,PSA,2026-06-25 23:10:00,FR3264,J,T935,189,0.9,IRISH,INT,C,1.0,1B-T1,1.0,317A-T1
FR,73H,DUB,2026-06-25 23:30:00,FR816,J,FR,73H,PSA,2026-06-26 08:20:00,FR3264,J,T935,189,0.9,IRISH,INT,C,1.0,317A-T1,3.0,1B-T1
U2,32A,CDG,2026-06-25 23:05:00,U23244,J,U2,32A,BCN,2026-06-26 00:15:00,U23215,J,T940,186,0.89,INT,INT,C,1.0,14-T1,1.0,312-T1
U2,32A,CDG,2026-06-26 00:35:00,U23244,J,U2,32A,BCN,2026-06-26 06:05:00,U23215,J,T940,186,0.89,INT,INT,C,1.0,312-T1,3.0,14-T1
BA,319,LHR,2026-06-25 23:05:00,BA1466,J,BA,32N,LHR,2026-06-26 00:15:00,BA1467,J,T942,144,0.89,DOM,DOM,C,0.5,3-T1,1.0,212-FRT
BA,319,LHR,2026-06-26 00:35:00,BA1466,J,BA,32N,LHR,2026-06-26 07:05:00,BA1467,J,T942,144,0.89,DOM,DOM,C,0.5,212-FRT,2.0,
BA,319,LHR,2026-06-26 07:25:00,BA1466,J,BA,32N,LHR,2026-06-26 08:35:00,BA1467,J,T942,144,0.89,DOM,DOM,C,0.5,8-T1,3.0,212-FRT
FR,7M8,BCN,2026-06-25 23:45:00,FR6912,J,FR,7M8,SOF,2026-06-26 00:55:00,FR5160,J,T946,197,0.9,INT,INT,C,1.0,15B-T1,1.0,100-T1
FR,7M8,BCN,2026-06-26 01:15:00,FR6912,J,FR,7M8,SOF,2026-06-26 05:50:00,FR5160,J,T946,197,0.9,INT,INT,C,1.0,100-T1,3.0,15B-T1
U2,32A,DBV,2026-06-25 23:55:00,U23320,J,U2,32A,BHX,2026-06-26 01:05:00,U2331,J,T947,186,0.89,INT,DOM,C,1.0,10-T1,1.0,308-T1
U2,32A,DBV,2026-06-26 01:25:00,U23320,J,U2,32A,BHX,2026-06-26 06:35:00,U2331,J,T947,186,0.89,INT,DOM,C,1.0,308-T1,3.0,10-T1
FR,73H,CFU,2026-06-26 00:50:00,FR7845,J,FR,73H,PMO,2026-06-26 02:00:00,FR3425,J,T956,189,0.9,INT,INT,C,1.0,14-T1,1.0,317-T1
FR,73H,CFU,2026-06-26 02:20:00,FR7845,J,FR,73H,PMO,2026-06-26 08:20:00,FR3425,J,T956,189,0.9,INT,INT,C,1.0,317-T1,3.0,14-T1
FR,73H,MXP,2026-06-26 08:30:00,FR7053,J,FR,73H,SNN,2026-06-26 10:35:00,FR1677,J,T996,189,0.9,INT,IRISH,C,1.0,106-T1,1.0,25-T1
FR,73H,MXP,2026-06-26 10:55:00,FR7053,J,FR,73H,SNN,2026-06-26 12:05:00,FR1677,J,T996,189,0.9,INT,IRISH,C,1.0,25-T1,3.0,106-T1
FR,73H,RIX,2026-06-26 08:50:00,FR3171,J,FR,73H,DUB,2026-06-26 10:00:00,FR813,J,T1002,189,0.9,INT,IRISH,C,1.0,27-T1,1.0,6-T1
FR,73H,RIX,2026-06-26 10:20:00,FR3171,J,FR,73H,DUB,2026-06-26 12:15:00,FR813,J,T1002,189,0.9,INT,IRISH,C,1.0,6-T1,3.0,27-T1
FR,73H,DUB,2026-06-26 11:50:00,FR812,J,FR,73H,DUB,2026-06-26 14:00:00,FR815,J,T1030,189,0.9,IRISH,IRISH,C,1.0,104-T1,1.0,9-T1
FR,73H,DUB,2026-06-26 14:20:00,FR812,J,FR,73H,DUB,2026-06-26 15:30:00,FR815,J,T1030,189,0.9,IRISH,IRISH,C,1.0,9-T1,3.0,104-T1
FR,73H,BGY,2026-06-26 12:50:00,FR3645,J,FR,73H,VCE,2026-06-26 14:55:00,FR1652,J,T1042,189,0.9,INT,INT,C,1.0,27-T1,1.0,14-T1
FR,73H,BGY,2026-06-26 15:15:00,FR3645,J,FR,73H,VCE,2026-06-26 16:25:00,FR1652,J,T1042,189,0.9,INT,INT,C,1.0,14-T1,3.0,27-T1
LM,AT7,LSI,2026-06-26 20:10:00,LM356,J,LM,AT7,LSI,2026-06-26 21:20:00,LM353,J,T1131,72,0.73,DOM,DOM,C,1.0,8-T1,1.0,310R-T1
LM,AT7,LSI,2026-06-26 21:40:00,LM356,J,LM,AT7,LSI,2026-06-27 07:20:00,LM353,J,T1131,72,0.73,DOM,DOM,C,1.0,310R-T1,3.0,8-T1
RK,73H,BFS,2026-06-26 20:15:00,RK178,J,RK,73H,STN,2026-06-26 21:25:00,RK597,J,T1132,189,0.86,NIRISH,DOM,C,1.0,11-T1,1.0,317A-T1
RK,73H,BFS,2026-06-26 21:45:00,RK178,J,RK,73H,STN,2026-06-27 06:15:00,RK597,J,T1132,189,0.86,NIRISH,DOM,C,1.0,317A-T1,3.0,11-T1
AF,223,CDG,2026-06-26 20:55:00,AF1886,J,AF,223,CDG,2026-06-26 22:05:00,AF1887,J,T1135,148,0.84,INT,INT,C,1.0,10-T1,1.0,314-T1
AF,223,CDG,2026-06-26 22:25:00,AF1886,J,AF,223,CDG,2026-06-27 05:40:00,AF1887,J,T1135,148,0.84,INT,INT,C,1.0,314-T1,3.0,10-T1
BA,E90,LCY,2026-06-26 21:10:00,BA8714,J,BA,E90,EAS,2026-06-26 22:20:00,BA2919,J,T1137,106,0.89,DOM,INT,C,0.5,9-T1,1.0,312L-T1
BA,E90,LCY,2026-06-26 22:40:00,BA8714,J,BA,E90,EAS,2026-06-27 14:10:00,BA2919,J,T1137,106,0.89,DOM,INT,C,0.5,312L-T1,3.0,9-T1
LM,AT7,SOU,2026-06-26 21:40:00,LM328,J,LM,AT7,SYY,2026-06-26 22:50:00,LM343,J,T1141,72,0.73,DOM,DOM,C,1.0,5-T1,1.0,205-FRT
LM,AT7,SOU,2026-06-26 23:10:00,LM328,J,LM,AT7,SYY,2026-06-27 06:35:00,LM343,J,T1141,72,0.73,DOM,DOM,C,1.0,205-FRT,2.0,
LM,AT7,SOU,2026-06-27 06:55:00,LM328,J,LM,AT7,SYY,2026-06-27 08:05:00,LM343,J,T1141,72,0.73,DOM,DOM,C,1.0,24-T1,3.0,205-FRT
U2,32A,BFS,2026-06-26 22:00:00,U2328,J,U2,32N,NCE,2026-06-26 23:10:00,U23245,J,T1144,186,0.89,NIRISH,INT,C,1.0,16B-T1,1.0,317-T1
U2,32A,BFS,2026-06-26 23:30:00,U2328,J,U2,32N,NCE,2026-06-27 05:35:00,U23245,J,T1144,186,0.89,NIRISH,INT,C,1.0,317-T1,3.0,16B-T1
U2,32A,BSL,2026-06-26 22:40:00,U23220,J,U2,32A,GVA,2026-06-26 23:50:00,U23291,J,T1147,186,0.89,INT,INT,C,1.0,11-T1,1.0,309-T1
U2,32A,BSL,2026-06-27 00:10:00,U23220,J,U2,32A,GVA,2026-06-27 06:05:00,U23291,J,T1147,186,0.89,INT,INT,C,1.0,309-T1,3.0,11-T1
U2,32A,STN,2026-06-26 22:55:00,U2314,J,U2,32A,LYS,2026-06-27 05:00:00,U23249,J,T1151,186,0.89,DOM,INT,C,1.0,3-T1,1.0,313-T1
U2,32A,STN,2026-06-27 05:20:00,U2314,J,U2,32A,LYS,2026-06-27 06:30:00,U23249,J,T1151,186,0.89,DOM,INT,C,1.0,313-T1,3.0,3-T1
BA,32A,LHR,2026-06-26 23:00:00,BA1466,J,BA,319,LHR,2026-06-27 00:10:00,BA1465,J,T1152,180,0.89,DOM,DOM,C,0.5,10-T1,1.0,30-T1
BA,32A,LHR,2026-06-27 00:30:00,BA1466,J,BA,319,LHR,2026-06-27 07:40:00,BA1465,J,T1152,180,0.89,DOM,DOM,C,0.5,30-T1,3.0,10-T1
KL,73H,AMS,2026-06-26 23:10:00,KL933,J,KL,73H,AMS,2026-06-27 00:20:00,KL922,J,T1155,186,0.83,INT,INT,C,1.0,15A-T1,1.0,315-T1
KL,73H,AMS,2026-06-27 00:40:00,KL933,J,KL,73H,AMS,2026-06-27 05:45:00,KL922,J,T1155,186,0.83,INT,INT,C,1.0,315-T1,3.0,15A-T1
FR,73H,PMI,2026-06-26 23:20:00,FR6657,J,FR,73H,MRS,2026-06-27 06:30:00,FR1287,J,T1157,189,0.9,INT,INT,C,1.0,28-T1,1.0,6-T1
FR,73H,PMI,2026-06-27 06:50:00,FR6657,J,FR,73H,MRS,2026-06-27 08:00:00,FR1287,J,T1157,189,0.9,INT,INT,C,1.0,6-T1,3.0,28-T1
U2,32N,MAD,2026-06-26 23:25:00,U23210,J,U2,32A,STN,2026-06-27 00:35:00,U2307,J,T1158,186,0.89,INT,DOM,C,1.0,14-T1,1.0,100-T1
U2,32N,MAD,2026-06-27 00:55:00,U23210,J,U2,32A,STN,2026-06-27 07:00:00,U2307,J,T1158,186,0.89,INT,DOM,C,1.0,100-T1,3.0,14-T1
U2,32N,NCE,2026-06-27 00:05:00,U23246,J,U2,32A,BFS,2026-06-27 01:15:00,U2323,J,T1161,186,0.89,INT,NIRISH,C,1.0,16B-T1,1.0,31-T1
U2,32N,NCE,2026-06-27 01:35:00,U23246,J,U2,32A,BFS,2026-06-27 07:00:00,U2323,J,T1161,186,0.89,INT,NIRISH,C,1.0,31-T1,3.0,16B-T1
FR,7M8,ACE,2026-06-27 00:10:00,FR5594,J,FR,7M8,AGP,2026-06-27 01:20:00,FR5091,J,T1162,197,0.9,INT,INT,C,1.0,16A-T1,1.0,27-T1
FR,7M8,ACE,2026-06-27 01:40:00,FR5594,J,FR,7M8,AGP,2026-06-27 06:40:00,FR5091,J,T1162,197,0.9,INT,INT,C,1.0,27-T1,3.0,16A-T1
U2,32A,RHO,2026-06-27 00:35:00,U23228,J,U2,32A,BHX,2026-06-27 01:45:00,U2331,J,T1166,186,0.89,INT,DOM,C,1.0,10-T1,1.0,211-FRT
U2,32A,RHO,2026-06-27 02:05:00,U23228,J,U2,32A,BHX,2026-06-27 05:40:00,U2331,J,T1166,186,0.89,INT,DOM,C,1.0,211-FRT,2.0,
U2,32A,RHO,2026-06-27 06:00:00,U23228,J,U2,32A,BHX,2026-06-27 07:10:00,U2331,J,T1166,186,0.89,INT,DOM,C,1.0,1B-T1,3.0,211-FRT
LS,73H,LPA,2026-06-27 01:05:00,LS716,J,LS,73H,NAP,2026-06-27 05:50:00,LS723,J,T1169,189,0.92,INT,INT,C,0.8,316-T1,1.0,1-T1
LS,73H,LPA,2026-06-27 06:10:00,LS716,J,LS,73H,NAP,2026-06-27 07:20:00,LS723,J,T1169,189,0.92,INT,INT,C,0.8,1-T1,3.0,316-T1
RK,73H,STN,2026-06-27 09:25:00,RK596,J,RK,73H,STN,2026-06-27 13:20:00,RK8604,J,T1212,189,0.86,DOM,DOM,C,1.0,104-T1,1.0,6-T1
RK,73H,STN,2026-06-27 13:40:00,RK596,J,RK,73H,STN,2026-06-27 14:50:00,RK8604,J,T1212,189,0.86,DOM,DOM,C,1.0,6-T1,3.0,104-T1
FR,73H,RZE,2026-06-27 12:00:00,FR4536,J,FR,73H,CIA,2026-06-27 15:10:00,FR5589,J,T1240,189,0.9,INT,INT,C,1.0,28-T1,1.0,6-T1
FR,73H,RZE,2026-06-27 15:30:00,FR4536,J,FR,73H,CIA,2026-06-27 16:40:00,FR5589,J,T1240,189,0.9,INT,INT,C,1.0,6-T1,3.0,28-T1
LM,AT7,KOI,2026-06-27 16:45:00,LM392,J,LM,AT7,EXT,2026-06-27 17:55:00,LM315,J,T1292,72,0.73,DOM,DOM,C,1.0,8-T1,1.0,316-T1
LM,AT7,KOI,2026-06-27 18:15:00,LM392,J,LM,AT7,EXT,2026-06-28 12:05:00,LM315,J,T1292,72,0.73,DOM,DOM,C,1.0,316-T1,3.0,8-T1
RK,73H,BFS,2026-06-27 17:50:00,RK178,J,RK,73H,RAK,2026-06-27 19:00:00,RK514,J,T1302,189,0.86,NIRISH,INT,C,1.0,1-T1,1.0,317-T1
RK,73H,BFS,2026-06-27 19:20:00,RK178,J,RK,73H,RAK,2026-06-28 05:40:00,RK514,J,T1302,189,0.86,NIRISH,INT,C,1.0,317-T1,2.0,
RK,73H,BFS,2026-06-28 06:00:00,RK178,J,RK,73H,RAK,2026-06-28 07:10:00,RK514,J,T1302,189,0.86,NIRISH,INT,C,1.0,24-T1,3.0,317-T1
BA,E90,EAS,2026-06-27 19:50:00,BA2920,J,BA,E90,PMI,2026-06-27 21:00:00,BA2907,J,T1318,106,0.89,INT,INT,C,0.5,16B-T1,1.0,8-T1
BA,E90,EAS,2026-06-27 21:20:00,BA2920,J,BA,E90,PMI,2026-06-28 08:00:00,BA2907,J,T1318,106,0.89,INT,INT,C,0.5,8-T1,3.0,16B-T1
LM,AT7,GCI,2026-06-27 20:45:00,LM348,J,LM,AT7,SOU,2026-06-27 21:55:00,LM325,J,T1320,72,0.73,INT,DOM,C,1.0,1A-T1,1.0,212-FRT
LM,AT7,GCI,2026-06-27 22:15:00,LM348,J,LM,AT7,SOU,2026-06-28 11:15:00,LM325,J,T1320,72,0.73,INT,DOM,C,1.0,212-FRT,2.0,
LM,AT7,GCI,2026-06-28 11:35:00,LM348,J,LM,AT7,SOU,2026-06-28 12:45:00,LM325,J,T1320,72,0.73,INT,DOM,C,1.0,5-T1,3.0,212-FRT
AF,223,CDG,2026-06-27 20:55:00,AF1886,J,AF,223,CDG,2026-06-27 22:05:00,AF1887,J,T1321,148,0.84,INT,INT,C,1.0,16A-T1,1.0,315-T1
AF,223,CDG,2026-06-27 22:25:00,AF1886,J,AF,223,CDG,2026-06-28 05:40:00,AF1887,J,T1321,148,0.84,INT,INT,C,1.0,315-T1,3.0,16A-T1
RK,73H,STN,2026-06-27 21:25:00,RK1273,J,RK,73H,STN,2026-06-27 22:35:00,RK597,J,T1323,189,0.86,DOM,DOM,C,1.0,2-T1,1.0,309-T1
RK,73H,STN,2026-06-27 22:55:00,RK1273,J,RK,73H,STN,2026-06-28 06:15:00,RK597,J,T1323,189,0.86,DOM,DOM,C,1.0,309-T1,2.0,
RK,73H,STN,2026-06-28 06:35:00,RK1273,J,RK,73H,STN,2026-06-28 07:45:00,RK597,J,T1323,189,0.86,DOM,DOM,C,1.0,14-T1,3.0,309-T1
BA,E90,PMI,2026-06-27 21:55:00,BA4510,C,BA,E90,LCY,2026-06-27 23:05:00,BA8701,J,T1327,106,0.89,INT,DOM,C,0.5,10-T1,1.0,30-T1
BA,E90,PMI,2026-06-27 23:25:00,BA4510,C,BA,E90,LCY,2026-06-28 11:20:00,BA8701,J,T1327,106,0.89,INT,DOM,C,0.5,30-T1,3.0,10-T1
BA,32Q,LHR,2026-06-27 23:05:00,BA1466,J,BA,32Q,LHR,2026-06-28 00:15:00,BA1467,J,T1331,220,0.89,DOM,DOM,C,0.5,1-T1,1.0,317A-T1
BA,32Q,LHR,2026-06-28 00:35:00,BA1466,J,BA,32Q,LHR,2026-06-28 07:05:00,BA1467,J,T1331,220,0.89,DOM,DOM,C,0.5,317A-T1,2.0,
BA,32Q,LHR,2026-06-28 07:25:00,BA1466,J,BA,32Q,LHR,2026-06-28 08:35:00,BA1467,J,T1331,220,0.89,DOM,DOM,C,0.5,9-T1,3.0,317A-T1
FR,73H,CIA,2026-06-27 23:15:00,FR5590,J,FR,73H,AGP,2026-06-28 00:25:00,FR5091,J,T1336,189,0.9,INT,INT,C,1.0,14-T1,1.0,211-FRT
FR,73H,CIA,2026-06-28 00:45:00,FR5590,J,FR,73H,AGP,2026-06-28 07:05:00,FR5091,J,T1336,189,0.9,INT,INT,C,1.0,211-FRT,2.0,
FR,73H,CIA,2026-06-28 07:25:00,FR5590,J,FR,73H,AGP,2026-06-28 08:35:00,FR5091,J,T1336,189,0.9,INT,INT,C,1.0,25-T1,3.0,211-FRT
U2,32A,DLM,2026-06-27 23:55:00,U23282,J,U2,32A,MAD,2026-06-28 01:05:00,U23207,J,T1338,186,0.89,INT,INT,C,1.0,10-T1,1.0,313-T1
U2,32A,DLM,2026-06-28 01:25:00,U23282,J,U2,32A,MAD,2026-06-28 06:00:00,U23207,J,T1338,186,0.89,INT,INT,C,1.0,313-T1,3.0,10-T1
FR,7M8,LPA,2026-06-27 23:55:00,FR6697,J,FR,7M8,SOF,2026-06-28 01:05:00,FR5160,J,T1340,197,0.9,INT,INT,C,1.0,15B-T1,1.0,310-T1
FR,7M8,LPA,2026-06-28 01:25:00,FR6697,J,FR,7M8,SOF,2026-06-28 06:10:00,FR5160,J,T1340,197,0.9,INT,INT,C,1.0,310-T1,3.0,15B-T1
RK,73H,TIA,2026-06-28 00:30:00,RK8295,J,RK,73H,VCE,2026-06-28 01:40:00,RK1652,J,T1343,189,0.86,INT,INT,C,1.0,15A-T1,1.0,312-T1
RK,73H,TIA,2026-06-28 02:00:00,RK8295,J,RK,73H,VCE,2026-06-28 11:25:00,RK1652,J,T1343,189,0.86,INT,INT,C,1.0,312-T1,3.0,15A-T1
U2,32A,ALC,2026-06-28 00:40:00,U23206,J,U2,32A,KRK,2026-06-28 01:50:00,U23313,J,T1345,186,0.89,INT,INT,C,1.0,11-T1,1.0,100-T1
U2,32A,ALC,2026-06-28 02:10:00,U23206,J,U2,32A,KRK,2026-06-28 06:40:00,U23313,J,T1345,186,0.89,INT,INT,C,1.0,100-T1,3.0,11-T1
U2,32A,AGA,2026-06-28 02:15:00,U23328,J,U2,32A,RAK,2026-06-28 05:40:00,U23331,J,T1358,186,0.89,INT,INT,C,1.0,314-T1,1.0,6-T1
U2,32A,AGA,2026-06-28 06:00:00,U23328,J,U2,32A,RAK,2026-06-28 07:10:00,U23331,J,T1358,186,0.89,INT,INT,C,1.0,6-T1,3.0,314-T1
FR,73H,ALC,2026-06-28 13:00:00,FR5578,J,FR,73H,PSA,2026-06-28 14:10:00,FR3264,J,T1427,189,0.9,INT,INT,C,1.0,33-T1,1.0,1A-T1
FR,73H,ALC,2026-06-28 14:30:00,FR5578,J,FR,73H,PSA,2026-06-28 16:40:00,FR3264,J,T1427,189,0.9,INT,INT,C,1.0,1A-T1,3.0,33-T1
LM,AT7,LSI,2026-06-28 20:10:00,LM356,J,LM,AT7,SOU,2026-06-28 21:20:00,LM321,J,T1507,72,0.73,DOM,DOM,C,1.0,8-T1,1.0,311R-T1
LM,AT7,LSI,2026-06-28 21:40:00,LM356,J,LM,AT7,SOU,2026-06-29 06:40:00,LM321,J,T1507,72,0.73,DOM,DOM,C,1.0,311R-T1,3.0,8-T1
RK,73H,BFS,2026-06-28 20:20:00,RK178,J,RK,73H,STN,2026-06-28 21:30:00,RK597,J,T1509,189,0.86,NIRISH,DOM,C,1.0,25-T1,1.0,317A-T1
RK,73H,BFS,2026-06-28 21:50:00,RK178,J,RK,73H,STN,2026-06-29 06:10:00,RK597,J,T1509,189,0.86,NIRISH,DOM,C,1.0,317A-T1,3.0,25-T1
AF,223,CDG,2026-06-28 20:55:00,AF1886,J,AF,223,CDG,2026-06-28 22:05:00,AF1887,J,T1515,148,0.84,INT,INT,C,1.0,16B-T1,1.0,313-T1
AF,223,CDG,2026-06-28 22:25:00,AF1886,J,AF,223,CDG,2026-06-29 05:40:00,AF1887,J,T1515,148,0.84,INT,INT,C,1.0,313-T1,3.0,16B-T1
U2,32A,AMS,2026-06-28 21:50:00,U23304,J,U2,32A,LGW,2026-06-28 23:00:00,U2807,J,T1520,186,0.89,INT,DOM,C,1.0,1B-T1,1.0,28-T1
U2,32A,AMS,2026-06-28 23:20:00,U23304,J,U2,32A,LGW,2026-06-29 05:40:00,U2807,J,T1520,186,0.89,INT,DOM,C,1.0,28-T1,3.0,1B-T1
BA,32N,LHR,2026-06-28 22:10:00,BA1464,J,BA,32N,LHR,2026-06-28 23:20:00,BA1465,J,T1522,180,0.89,DOM,DOM,C,0.5,10-T1,1.0,309-T1
BA,32N,LHR,2026-06-28 23:40:00,BA1464,J,BA,32N,LHR,2026-06-29 06:20:00,BA1465,J,T1522,180,0.89,DOM,DOM,C,0.5,309-T1,3.0,10-T1
FR,73H,PSA,2026-06-28 22:40:00,FR3265,J,FR,73H,DUB,2026-06-28 23:50:00,FR809,J,T1528,189,0.9,INT,IRISH,C,1.0,11-T1,1.0,33-T1
FR,73H,PSA,2026-06-29 00:10:00,FR3265,J,FR,73H,DUB,2026-06-29 07:50:00,FR809,J,T1528,189,0.9,INT,IRISH,C,1.0,33-T1,3.0,11-T1
LH,32N,FRA,2026-06-28 22:55:00,LH964,J,LH,32N,FRA,2026-06-29 00:05:00,LH965,J,T1530,172,0.91,INT,INT,C,1.0,16B-T1,1.0,103-T1
LH,32N,FRA,2026-06-29 00:25:00,LH964,J,LH,32N,FRA,2026-06-29 06:10:00,LH965,J,T1530,172,0.91,INT,INT,C,1.0,103-T1,3.0,16B-T1
U2,32A,BHX,2026-06-28 23:05:00,U2336,J,U2,32A,LTN,2026-06-29 00:15:00,U2301,J,T1535,186,0.89,DOM,DOM,C,1.0,17-T1,1.0,315-T1
U2,32A,BHX,2026-06-29 00:35:00,U2336,J,U2,32A,LTN,2026-06-29 07:00:00,U2301,J,T1535,186,0.89,DOM,DOM,C,1.0,315-T1,3.0,17-T1
KL,73H,AMS,2026-06-28 23:10:00,KL933,J,KL,73H,AMS,2026-06-29 00:20:00,KL922,J,T1536,186,0.83,INT,INT,C,1.0,14-T1,1.0,314-T1
KL,73H,AMS,2026-06-29 00:40:00,KL933,J,KL,73H,AMS,2026-06-29 05:45:00,KL922,J,T1536,186,0.83,INT,INT,C,1.0,314-T1,3.0,14-T1
LS,73H,AGP,2026-06-28 23:40:00,LS760,J,LS,73H,PMI,2026-06-29 00:50:00,LS717,J,T1541,189,0.92,INT,INT,C,0.8,10-T1,1.0,317-T1
LS,73H,AGP,2026-06-29 01:10:00,LS760,J,LS,73H,PMI,2026-06-29 06:45:00,LS717,J,T1541,189,0.92,INT,INT,C,0.8,317-T1,3.0,10-T1
FR,7M8,TFS,2026-06-29 00:00:00,FR2981,J,FR,7M8,PMO,2026-06-29 06:10:00,FR3425,J,T1544,197,0.9,INT,INT,C,1.0,30-T1,1.0,6-T1
FR,7M8,TFS,2026-06-29 06:30:00,FR2981,J,FR,7M8,PMO,2026-06-29 07:40:00,FR3425,J,T1544,197,0.9,INT,INT,C,1.0,6-T1,3.0,30-T1
RK,73H,CPH,2026-06-29 00:25:00,RK6925,J,RK,73H,BFS,2026-06-29 01:35:00,RK5969,J,T1546,189,0.86,INT,NIRISH,C,1.0,15A-T1,1.0,312-T1
RK,73H,CPH,2026-06-29 01:55:00,RK6925,J,RK,73H,BFS,2026-06-29 08:00:00,RK5969,J,T1546,189,0.86,INT,NIRISH,C,1.0,312-T1,3.0,15A-T1
U2,32A,TFS,2026-06-29 00:35:00,U23202,J,U2,32A,BHX,2026-06-29 01:45:00,U2331,J,T1547,186,0.89,INT,DOM,C,1.0,16B-T1,1.0,316-T1
U2,32A,TFS,2026-06-29 02:05:00,U23202,J,U2,32A,BHX,2026-06-29 05:40:00,U2331,J,T1547,186,0.89,INT,DOM,C,1.0,316-T1,2.0,
U2,32A,TFS,2026-06-29 06:00:00,U23202,J,U2,32A,BHX,2026-06-29 07:10:00,U2331,J,T1547,186,0.89,INT,DOM,C,1.0,1A-T1,3.0,316-T1
FR,7M8,RHO,2026-06-29 00:50:00,FR1675,J,FR,7M8,BER,2026-06-29 06:45:00,FR2376,J,T1550,197,0.9,INT,INT,C,1.0,104-T1,1.0,24-T1
FR,7M8,RHO,2026-06-29 07:05:00,FR1675,J,FR,7M8,BER,2026-06-29 08:15:00,FR2376,J,T1550,197,0.9,INT,INT,C,1.0,24-T1,3.0,104-T1
RK,73H,CPH,2026-06-29 01:15:00,RK6925,J,RK,73H,NQY,2026-06-29 08:15:00,RK9361,J,T1552,189,0.86,INT,DOM,C,1.0,310-T1,1.0,17-T1
RK,73H,CPH,2026-06-29 08:35:00,RK6925,J,RK,73H,NQY,2026-06-29 09:45:00,RK9361,J,T1552,189,0.86,INT,DOM,C,1.0,17-T1,3.0,310-T1
