Arr_Operator,Arr_Aircraft_Type,Arr_Origin/Dest,Arr_Scheduled_Date,Arr_Flight_No,Arr_Flight_Type,Dep_Operator,Dep_Aircraft_Type,Dep_Origin/Dest,Dep_Scheduled_Date,Dep_Flight_No,Dep_Flight_Type,TurnID,seats,slf,DI_arr,DI_dep,ACcode,tow_pen,stand,leg,tow to/from
NPT,73K,EMA,2027-02-20 03:15:00,NPT5U,M,NPT,73K,EMA,2027-02-22 22:55:00,NPT4S,M,T0,0,0.0,DOM,DOM,C,1.0,210-FRT,,
NPT,73K,EMA,2027-02-20 06:15:00,NPT7224,H,NPT,73K,EMA,2027-02-22 23:50:00,NPT5D,M,T1,0,0.0,DOM,DOM,C,1.0,208-FRT,,
CJ,E90,LCY,2027-02-20 12:50:00,CJ8704,J,CJ,E90,LCY,2027-02-21 12:00:00,CJ8701,J,T3,106,0.7,DOM,DOM,C,0.5,3-T1,,
U2,32A,STN,2027-02-21 10:55:00,U2310,J,U2,32A,GVA,2027-02-21 12:00:00,U23295,J,T5,186,0.83,DOM,INT,C,1.0,6-T1,,
U2,32A,CDG,2027-02-21 11:20:00,U23242,J,U2,32A,BHX,2027-02-21 12:00:00,U2341,J,T6,186,0.83,INT,DOM,C,1.0,22-T1,,
FR,7M8,GDN,2027-02-21 11:25:00,FR6123,J,FR,7M8,DUB,2027-02-21 12:25:00,FR817,J,T7,197,0.88,INT,IRISH,C,1.0,1B-T1,,
SN,319,BRU,2027-02-21 11:30:00,SN2063,J,SN,319,BRU,2027-02-21 12:20:00,SN2064,J,T8,141,0.75,INT,INT,C,1.0,2-T1,,
EA,AT7,DUB,2027-02-21 11:40:00,EA3252,J,EA,AT7,BHD,2027-02-21 12:20:00,EA3653,J,T9,72,0.82,IRISH,NIRISH,C,1.0,1-T1,,
BA,32Q,LHR,2027-02-21 11:40:00,BA1446,J,BA,32Q,LHR,2027-02-21 12:40:00,BA1447,J,T10,220,0.75,DOM,DOM,C,0.5,4-T1,,
FR,73H,POZ,2027-02-21 11:40:00,FR6619,J,FR,73H,PRG,2027-02-21 13:15:00,FR1054,J,T11,189,0.88,INT,INT,C,1.0,17-T1,,
EA,AT7,BHD,2027-02-21 11:50:00,EA3652,J,EA,AT7,DUB,2027-02-21 12:20:00,EA3253,J,T12,72,0.82,NIRISH,IRISH,C,1.0,5-T1,,
EC,319,AMS,2027-02-21 11:50:00,EC7837,J,EC,319,AMS,2027-02-21 12:20:00,EC7838,J,T13,156,0.85,INT,INT,C,1.0,19-T1,,
FR,7M8,OPO,2027-02-21 11:55:00,FR5680,J,FR,7M8,BUD,2027-02-21 12:30:00,FR1017,J,T14,197,0.88,INT,INT,C,1.0,16B-T1,,
LH,32N,FRA,2027-02-21 11:55:00,LH960,J,LH,32N,FRA,2027-02-21 12:40:00,LH961,J,T15,172,0.82,INT,INT,C,1.0,20-T1,,
U2,32N,GVA,2027-02-21 12:05:00,U23292,J,U2,32N,ATH,2027-02-21 13:00:00,U23237,J,T16,186,0.83,INT,INT,C,1.0,16A-T1,,
U2,32A,KRK,2027-02-21 12:15:00,U23314,J,U2,32N,BFS,2027-02-21 13:10:00,U2331,J,T17,186,0.83,INT,NIRISH,C,1.0,1A-T1,,
KL,32Q,AMS,2027-02-21 12:30:00,KL927,J,KL,32Q,AMS,2027-02-21 13:25:00,KL928,J,T18,227,0.82,INT,INT,C,1.0,3-T1,,
U2,32N,INN,2027-02-21 12:30:00,U23308,J,U2,32A,MUC,2027-02-21 13:40:00,U23263,J,T19,186,0.83,INT,INT,C,1.0,22-T1,,
QR,789,DOH,2027-02-21 12:35:00,QR29,J,QR,789,DOH,2027-02-21 14:05:00,QR30,J,T20,311,0.91,INT,INT,E,1.0,15-T1,,
LS,73H,TRN,2027-02-21 12:40:00,LS720,J,LS,73H,FAO,2027-02-21 14:35:00,LS769,J,T21,189,0.9,INT,INT,C,0.8,2-T1,,
EA,AT7,DUB,2027-02-21 12:40:00,EA3254,J,EA,AT7,DUB,2027-02-21 13:10:00,EA3255,J,T22,72,0.82,IRISH,IRISH,C,1.0,1-T1,,
U2,32A,LTN,2027-02-21 12:55:00,U2304,J,U2,32A,PRG,2027-02-21 13:50:00,U23325,J,T23,186,0.83,DOM,INT,C,1.0,19-T1,,
BA,320,LHR,2027-02-21 13:05:00,BA1450,J,BA,320,LHR,2027-02-21 14:35:00,BA1451,J,T24,180,0.75,DOM,DOM,C,0.5,20-T1,,
FR,73H,NRN,2027-02-21 13:10:00,FR5688,J,FR,73H,NRN,2027-02-21 13:35:00,FR5687,J,T25,189,0.88,INT,INT,C,1.0,16B-T1,,
U2,32Q,KEF,2027-02-21 13:30:00,U23316,J,U2,32Q,CDG,2027-02-21 14:20:00,U23245,J,T26,235,0.83,INT,INT,C,1.0,1B-T1,,
FR,7M8,DUB,2027-02-21 13:30:00,FR812,J,FR,7M8,DUB,2027-02-21 13:55:00,FR813,J,T27,197,0.88,IRISH,IRISH,C,1.0,1-T1,,
RK,73H,TIA,2027-02-21 13:35:00,RK8295,J,RK,73H,STN,2027-02-21 15:05:00,RK9816,J,T28,189,0.86,INT,DOM,C,1.0,100-T1,,
LS,73H,ALC,2027-02-21 13:35:00,LS776,J,LS,73H,PRG,2027-02-21 14:40:00,LS3923,J,T29,189,0.9,INT,INT,C,0.8,16A-T1,,
FR,7M8,KUN,2027-02-21 13:40:00,FR2885,J,FR,7M8,TFS,2027-02-21 14:30:00,FR2969,J,T30,197,0.88,INT,INT,C,1.0,1A-T1,,
FR,7M8,CPH,2027-02-21 13:40:00,FR2675,J,FR,7M8,ACE,2027-02-21 15:05:00,FR5593,J,T31,197,0.88,INT,INT,C,1.0,4-T1,,
LS,73H,GVA,2027-02-21 13:45:00,LS780,J,LS,73H,MLA,2027-02-21 14:40:00,LS3921,J,T32,189,0.9,INT,INT,C,0.8,3-T1,,
U2,32A,BRS,2027-02-21 13:50:00,U2322,J,U2,32A,BFS,2027-02-21 14:35:00,U254,J,T33,186,0.83,DOM,NIRISH,C,1.0,6-T1,,
U2,32A,BFS,2027-02-21 14:05:00,U253,J,U2,32A,STN,2027-02-21 14:40:00,U2313,J,T34,186,0.83,NIRISH,DOM,C,1.0,17-T1,,
RK,73H,STN,2027-02-21 14:15:00,RK8605,J,RK,73H,BOH,2027-02-21 15:25:00,RK1133,J,T35,189,0.86,DOM,DOM,C,1.0,1-T1,,
EC,32A,LIN,2027-02-21 14:25:00,EC5421,J,EC,32A,LIN,2027-02-21 15:00:00,EC5422,J,T36,186,0.85,INT,INT,C,1.0,15B-T1,,
FR,7M8,BCN,2027-02-21 14:25:00,FR6267,J,FR,7M8,DUB,2027-02-21 15:50:00,FR819,J,T37,197,0.88,INT,IRISH,C,1.0,19-T1,,
FR,73H,ALC,2027-02-21 14:30:00,FR5578,J,FR,73H,ALC,2027-02-21 14:55:00,FR5579,J,T38,189,0.88,INT,INT,C,1.0,15A-T1,,
U2,319,LGW,2027-02-21 14:30:00,U2809,J,U2,319,LGW,2027-02-21 15:05:00,U2810,J,T39,156,0.83,DOM,DOM,C,1.0,22-T1,,
U2,32Q,LIS,2027-02-21 14:35:00,U23322,J,U2,32Q,BHX,2027-02-21 15:35:00,U2339,J,T40,235,0.83,INT,DOM,C,1.0,16B-T1,,
U2,32A,BHX,2027-02-21 14:50:00,U2342,J,U2,32A,BHD,2027-02-21 15:35:00,U2343,J,T41,186,0.83,DOM,NIRISH,C,1.0,1B-T1,,
FR,7M8,DUB,2027-02-21 15:00:00,FR816,J,FR,7M8,OTP,2027-02-21 16:40:00,FR5614,J,T42,197,0.88,IRISH,INT,C,1.0,1A-T1,,
DS,32A,BSL,2027-02-21 15:05:00,DS1231,J,DS,32A,BSL,2027-02-21 15:40:00,DS1232,J,T43,186,0.86,INT,INT,C,1.0,16A-T1,,
TK,32Q,IST,2027-02-21 15:20:00,TK1345,J,TK,32Q,IST,2027-02-21 16:20:00,TK1346,J,T44,190,0.81,INT,INT,C,1.0,15A-T1,,
FR,7M8,RZE,2027-02-21 15:20:00,FR4536,J,FR,7M8,CIA,2027-02-21 16:50:00,FR5589,J,T45,197,0.88,INT,INT,C,1.0,15B-T1,,
EC,32N,AMS,2027-02-21 15:20:00,EC7835,J,EC,32N,AMS,2027-02-21 15:50:00,EC7836,J,T46,186,0.85,INT,INT,C,1.0,17-T1,,
U2,32N,BFS,2027-02-21 15:25:00,U2332,J,U2,32N,MAD,2027-02-21 16:00:00,U23209,J,T47,186,0.83,NIRISH,INT,C,1.0,22-T1,,
FR,73H,CRL,2027-02-21 15:40:00,FR7323,J,FR,73H,BER,2027-02-21 16:30:00,FR2376,J,T48,189,0.88,INT,INT,C,1.0,20-T1,,
BA,32Q,LHR,2027-02-21 15:40:00,BA1452,J,BA,32Q,LHR,2027-02-21 16:30:00,BA1453,J,T49,220,0.75,DOM,DOM,C,0.5,2-T1,,
U2,32A,LTN,2027-02-21 15:40:00,U2603,J,U2,32A,LTN,2027-02-21 16:20:00,U2604,J,T50,186,0.83,DOM,DOM,C,1.0,6-T1,,
EA,AT7,DUB,2027-02-21 15:45:00,EA3256,J,EA,AT7,DUB,2027-02-21 16:15:00,EA3257,J,T51,72,0.82,IRISH,IRISH,C,1.0,1-T1,,
U2,32A,LGW,2027-02-21 15:50:00,U2811,J,U2,32A,LGW,2027-02-21 16:30:00,U2812,J,T52,180,0.83,DOM,DOM,C,1.0,4-T1,,
KL,32Q,AMS,2027-02-21 16:05:00,KL931,J,KL,32Q,AMS,2027-02-21 17:00:00,KL932,J,T53,227,0.82,INT,INT,C,1.0,16B-T1,,
AF,223,CDG,2027-02-21 16:05:00,AF1486,J,AF,223,CDG,2027-02-21 17:00:00,AF1487,J,T54,148,0.82,INT,INT,C,1.0,16A-T1,,
LM,AT7,EXT,2027-02-21 16:15:00,LM316,J,LM,AT7,LSI,2027-02-21 16:45:00,LM357,J,T55,72,0.56,DOM,DOM,C,1.0,17-T1,,
EA,AT7,BHD,2027-02-21 16:20:00,EA3656,J,EA,AT7,BHD,2027-02-21 16:50:00,EA3657,J,T56,72,0.82,NIRISH,NIRISH,C,1.0,5-T1,,
FR,73H,TFS,2027-02-21 16:20:00,FR2977,J,FR,73H,MXP,2027-02-21 17:10:00,FR7052,J,T57,189,0.88,INT,INT,C,1.0,22-T1,,
FR,7M8,CIA,2027-02-21 16:25:00,FR5590,J,FR,7M8,AGP,2027-02-21 17:05:00,FR5091,J,T58,197,0.88,INT,INT,C,1.0,19-T1,,
U2,32N,BRS,2027-02-21 16:40:00,U2213,J,U2,32N,BRS,2027-02-21 17:10:00,U2214,J,T59,186,0.83,DOM,DOM,C,1.0,1B-T1,,
LM,AT7,SOU,2027-02-21 16:45:00,LM326,J,LM,AT7,KOI,2027-02-21 17:20:00,LM397,J,T60,72,0.56,DOM,DOM,C,1.0,3-T1,,
EA,AT7,DUB,2027-02-21 16:50:00,EA3554,J,EA,AT7,DUB,2027-02-21 17:20:00,EA3555,J,T61,72,0.82,IRISH,IRISH,C,1.0,1-T1,,
TO,73H,ORY,2027-02-21 17:00:00,TO7928,J,TO,73H,ORY,2027-02-21 17:45:00,TO7929,J,T62,189,0.85,INT,INT,C,1.0,20-T1,,
U2,32A,GVA,2027-02-21 17:20:00,U23296,J,U2,32A,BER,2027-02-21 17:55:00,U23261,J,T63,186,0.83,INT,INT,C,1.0,16B-T1,,
U2,32A,FUE,2027-02-21 17:20:00,U23208,J,U2,32A,CPH,2027-02-21 18:05:00,U23323,J,T64,186,0.83,INT,INT,C,1.0,15A-T1,,
BA,32Q,LHR,2027-02-21 17:40:00,BA1454,J,BA,32Q,LHR,2027-02-21 18:35:00,BA1455,J,T65,220,0.75,DOM,DOM,C,0.5,2-T1,,
LM,AT7,SYY,2027-02-21 17:50:00,LM344,J,LM,AT7,SOU,2027-02-21 18:30:00,LM329,J,T66,72,0.56,DOM,DOM,C,1.0,4-T1,,
U2,32A,BHD,2027-02-21 17:50:00,U2344,J,U2,32A,AMS,2027-02-21 18:35:00,U23301,J,T67,186,0.83,NIRISH,INT,C,1.0,15B-T1,,
U2,32A,STN,2027-02-21 17:55:00,U2314,J,U2,32A,CDG,2027-02-21 18:40:00,U23243,J,T68,186,0.83,DOM,INT,C,1.0,6-T1,,
CJ,E90,LCY,2027-02-21 18:15:00,CJ8716,J,CJ,E90,LCY,2027-02-21 18:55:00,CJ8709,J,T69,106,0.7,DOM,DOM,C,0.5,5-T1,,
RK,73H,STN,2027-02-21 18:15:00,RK9817,J,RK,73H,STN,2027-02-21 18:40:00,RK9822,J,T70,189,0.86,DOM,DOM,C,1.0,22-T1,,
SK,319,CPH,2027-02-21 18:25:00,SK2513,J,SK,319,CPH,2027-02-21 19:10:00,SK2514,J,T71,150,0.82,INT,INT,C,1.0,1A-T1,,
FR,73H,PRG,2027-02-21 18:25:00,FR1053,J,FR,73H,CPH,2027-02-21 18:55:00,FR3760,J,T72,189,0.88,INT,INT,C,1.0,16A-T1,,
FR,7M8,DUB,2027-02-21 18:25:00,FR818,J,FR,7M8,KRK,2027-02-21 18:50:00,FR6624,J,T73,197,0.88,IRISH,INT,C,1.0,1-T1,,
U2,32Q,BHX,2027-02-21 18:30:00,U2340,J,U2,319,LGW,2027-02-21 19:25:00,U2814,J,T75,235,0.83,DOM,DOM,C,1.0,3-T1,,
EW,32A,DUS,2027-02-21 18:35:00,EW9364,J,EW,32A,DUS,2027-02-21 19:25:00,EW9365,J,T76,180,0.7,INT,INT,C,1.0,16B-T1,,
RK,73H,BOH,2027-02-21 18:45:00,RK1132,J,RK,73H,WRO,2027-02-21 19:10:00,RK1159,J,T77,189,0.86,DOM,INT,C,1.0,1B-T1,,
U2,32Q,CDG,2027-02-21 18:45:00,U23246,J,U2,32Q,STN,2027-02-21 19:25:00,U2317,J,T78,235,0.83,INT,DOM,C,1.0,20-T1,,
FR,7M8,BUD,2027-02-21 18:50:00,FR1018,J,FR,7M8,DUB,2027-02-21 19:15:00,FR809,J,T79,197,0.88,INT,IRISH,C,1.0,106-T1,,
U2,319,LGW,2027-02-21 18:50:00,U2813,J,U2,32Q,BFS,2027-02-21 19:30:00,U2333,J,T80,156,0.83,DOM,NIRISH,C,1.0,4-T1,,
FR,7M8,LIS,2027-02-21 18:50:00,FR478,J,FR,7M8,LIS,2027-02-21 19:15:00,FR479,J,T81,197,0.88,INT,INT,C,1.0,15A-T1,,
EK,359,DXB,2027-02-21 18:55:00,EK23,J,EK,359,DXB,2027-02-21 20:50:00,EK24,J,T82,312,0.76,INT,INT,E,1.0,18-T1,,
RK,73H,BFS,2027-02-21 19:00:00,RK5968,J,RK,73H,BFS,2027-02-21 19:20:00,RK5969,J,T83,189,0.86,NIRISH,NIRISH,C,1.0,6-T1,,
U2,32A,MUC,2027-02-21 19:05:00,U23264,J,U2,32A,BRS,2027-02-21 19:45:00,U2323,J,T84,186,0.83,INT,DOM,C,1.0,15B-T1,,
U2,32A,PRG,2027-02-21 19:05:00,U23326,J,U2,32A,BHX,2027-02-21 19:35:00,U2337,J,T85,186,0.83,INT,DOM,C,1.0,22-T1,,
WK,320,ZRH,2027-02-21 19:10:00,WK290,J,WK,320,ZRH,2027-02-22 07:40:00,WK291,J,T86,180,0.7,INT,INT,C,1.0,403-T1,,
EA,AT7,BHD,2027-02-21 19:30:00,EA3658,J,EA,AT7,BHD,2027-02-21 20:00:00,EA3659,J,T87,72,0.82,NIRISH,NIRISH,C,1.0,1-T1,,
BA,32N,LHR,2027-02-21 19:35:00,BA1458,J,BA,32N,LHR,2027-02-21 20:30:00,BA1459,J,T88,180,0.75,DOM,DOM,C,0.5,2-T1,,
VY,32N,BCN,2027-02-21 19:40:00,VY7752,J,VY,32N,BCN,2027-02-21 20:20:00,VY7753,J,T89,186,0.87,INT,INT,C,1.0,15A-T1,,
KL,E7W,AMS,2027-02-21 20:00:00,KL929,J,KL,E7W,AMS,2027-02-21 20:30:00,KL930,J,T90,88,0.82,INT,INT,C,1.0,16A-T1,,
U2,319,LTN,2027-02-21 20:05:00,U2605,J,U2,319,LTN,2027-02-21 20:40:00,U2606,J,T91,156,0.83,DOM,DOM,C,1.0,15B-T1,,
U2,32A,LGW,2027-02-21 20:05:00,U2815,J,U2,32A,LGW,2027-02-21 20:45:00,U2816,J,T92,180,0.83,DOM,DOM,C,1.0,20-T1,,
LM,AT7,KOI,2027-02-21 20:10:00,LM398,J,LM,AT7,LSI,2027-02-22 06:50:00,LM353,J,T93,72,0.56,DOM,DOM,C,1.0,5-T1,,
LM,AT7,LSI,2027-02-21 20:10:00,LM356,J,LM,AT7,SOU,2027-02-22 06:40:00,LM321,J,T94,72,0.56,DOM,DOM,C,1.0,310R-T1,,
EA,AT7,DUB,2027-02-21 20:15:00,EA3258,J,EA,AT7,DUB,2027-02-21 20:45:00,EA3259,J,T95,72,0.82,IRISH,IRISH,C,1.0,1B-T1,,
LS,32Q,FUE,2027-02-21 20:30:00,LS738,J,LS,32Q,FNC,2027-02-22 09:25:00,LS735,J,T99,232,0.9,INT,INT,C,0.8,33-T1,,
U2,32N,SEN,2027-02-21 20:30:00,U2983,J,U2,32N,SEN,2027-02-21 21:00:00,U2984,J,T100,186,0.83,DOM,DOM,C,1.0,6-T1,,
BA,32N,LHR,2027-02-21 20:40:00,BA1460,J,BA,32N,LHR,2027-02-22 05:50:00,BA1461,J,T101,180,0.75,DOM,DOM,C,0.5,15A-T1,,
U2,32N,BRS,2027-02-21 20:50:00,U2215,J,U2,32N,BRS,2027-02-21 21:20:00,U2216,J,T102,186,0.83,DOM,DOM,C,1.0,16A-T1,,
FR,73H,BGY,2027-02-21 21:15:00,FR3657,J,FR,73H,BGY,2027-02-21 21:40:00,FR3658,J,T103,189,0.88,INT,INT,C,1.0,20-T1,,
FR,73H,BER,2027-02-21 21:15:00,FR2377,J,FR,73H,ORK,2027-02-21 23:25:00,FR3740,J,T104,189,0.88,INT,IRISH,C,1.0,17-T1,,
CJ,E90,LCY,2027-02-21 21:45:00,CJ8718,J,CJ,E90,LCY,2027-02-22 07:00:00,CJ8711,J,T105,106,0.7,DOM,DOM,C,0.5,100-T1,,
FR,7M8,DUB,2027-02-21 21:50:00,FR808,J,FR,7M8,SNN,2027-02-21 23:10:00,FR1677,J,T106,197,0.88,IRISH,IRISH,C,1.0,1B-T1,,
U2,32Q,BFS,2027-02-21 21:55:00,U2334,J,U2,32A,STN,2027-02-22 06:10:00,U2309,J,T109,235,0.83,NIRISH,DOM,C,1.0,4-T1,,
U2,32A,AMS,2027-02-21 22:15:00,U23302,J,U2,32Q,CDG,2027-02-22 06:25:00,U23245,J,T111,186,0.83,INT,INT,C,1.0,2-T1,,
AF,223,CDG,2027-02-21 22:15:00,AF1886,J,AF,223,CDG,2027-02-22 05:50:00,AF1887,J,T112,148,0.82,INT,INT,C,1.0,15B-T1,,
U2,32A,BHX,2027-02-21 22:20:00,U2338,J,U2,32A,BHX,2027-02-22 06:40:00,U2337,J,T113,186,0.83,DOM,DOM,C,1.0,1A-T1,,
LS,73H,FAO,2027-02-21 22:25:00,LS770,J,LS,73H,AYT,2027-02-22 09:40:00,LS709,J,T114,189,0.9,INT,INT,C,0.8,34-T1,,
U2,32A,CPH,2027-02-21 22:25:00,U23324,J,U2,32A,BFS,2027-02-22 06:45:00,U2327,J,T115,186,0.83,INT,NIRISH,C,1.0,106-T1,,
LM,AT7,SOU,2027-02-21 22:30:00,LM328,J,LM,AT7,KOI,2027-02-22 07:00:00,LM391,J,T116,72,0.56,DOM,DOM,C,1.0,7-T1,,
U2,32Q,STN,2027-02-21 22:40:00,U2318,J,U2,32A,TOS,2027-02-22 06:45:00,U23215,J,T117,235,0.83,DOM,INT,C,1.0,1-T1,,
FR,73H,MXP,2027-02-21 22:40:00,FR7053,J,FR,73H,BER,2027-02-22 07:05:00,FR2376,J,T118,189,0.88,INT,INT,C,1.0,103-T1,,
FR,7M8,SNN,2027-02-21 22:45:00,FR1676,J,FR,7M8,TFS,2027-02-22 06:05:00,FR2969,J,T119,197,0.88,IRISH,INT,C,1.0,104-T1,,
U2,32A,BRS,2027-02-21 22:45:00,U2324,J,U2,32A,LGW,2027-02-22 07:00:00,U2860,J,T120,186,0.83,DOM,DOM,C,1.0,6-T1,,
U2,32N,MAD,2027-02-21 22:50:00,U23210,J,U2,32A,LTN,2027-02-22 07:00:00,U2301,J,T122,186,0.83,INT,DOM,C,1.0,405-T1,,
U2,32A,CDG,2027-02-21 22:55:00,U23244,J,U2,32Q,PRG,2027-02-22 07:20:00,U23325,J,T123,186,0.83,INT,INT,C,1.0,35-T1,,
FR,73H,ORK,2027-02-21 23:00:00,FR3739,J,FR,73H,KRK,2027-02-22 07:15:00,FR6624,J,T124,189,0.88,IRISH,INT,C,1.0,407-T1,,
FR,73H,CPH,2027-02-21 23:10:00,FR3759,J,FR,73H,CRL,2027-02-22 07:35:00,FR7322,J,T126,189,0.88,INT,INT,C,1.0,102-T1,,
KL,32Q,AMS,2027-02-21 23:10:00,KL933,J,KL,32Q,AMS,2027-02-22 05:40:00,KL922,J,T127,227,0.82,INT,INT,C,1.0,3-T1,,
FR,7M8,OTP,2027-02-22 00:20:00,FR5615,J,FR,7M8,SOF,2027-02-22 06:05:00,FR5160,J,T130,197,0.88,INT,INT,C,1.0,22-T1,,
FR,7M8,TFS,2027-02-22 00:40:00,FR2970,J,FR,7M8,BCN,2027-02-22 06:25:00,FR6266,J,T132,197,0.88,INT,INT,C,1.0,20-T1,,
FR,7M8,ACE,2027-02-22 00:50:00,FR5594,J,FR,7M8,VIE,2027-02-22 06:30:00,FR1625,J,T134,197,0.88,INT,INT,C,1.0,16B-T1,,
FR,7M8,KRK,2027-02-22 00:55:00,FR359,J,FR,7M8,SVQ,2027-02-22 07:20:00,FR6760,J,T135,197,0.88,INT,INT,C,1.0,16A-T1,,
MUK,76X,EMA,2027-02-22 05:30:00,MUK6566,F,MUK,76X,EMA,2027-02-22 20:10:00,MUK6565,F,T136,0,0.0,DOM,DOM,D,1.0,211-FRT,,
QR,789,DOH,2027-02-22 06:00:00,QR31,J,QR,789,DOH,2027-02-22 07:30:00,QR32,J,T137,311,0.91,INT,INT,E,1.0,18-T1,,
D0,75C,LEJ,2027-02-22 06:05:00,D02134,F,D0,75C,LEJ,2027-02-22 20:10:00,D02135,F,T138,0,0.0,INT,INT,D,1.0,212-FRT,,
HU,333,PEK,2027-02-22 06:35:00,HU407,J,HU,333,PEK,2027-02-22 10:50:00,HU408,J,T139,292,0.89,INT,INT,E,1.0,15-T1,,
FR,73H,CRL,2027-02-22 07:10:00,FR7323,J,FR,73H,VCE,2027-02-22 07:40:00,FR1652,J,T140,189,0.88,INT,INT,C,1.0,16B-T1,,
FR,7M8,DUB,2027-02-22 07:10:00,FR818,J,FR,7M8,DUB,2027-02-22 07:35:00,FR819,J,T141,197,0.88,IRISH,IRISH,C,1.0,1-T1,,
EC,32N,AMS,2027-02-22 07:40:00,EC7835,J,EC,32N,AMS,2027-02-22 08:30:00,EC7836,J,T142,186,0.85,INT,INT,C,1.0,22-T1,,
FR,73H,KUN,2027-02-22 07:50:00,FR2885,J,FR,73H,KUN,2027-02-22 08:15:00,FR2886,J,T143,189,0.88,INT,INT,C,1.0,19-T1,,
EA,AT7,DUB,2027-02-22 07:55:00,EA3250,J,EA,AT7,BHD,2027-02-22 08:25:00,EA3651,J,T144,72,0.82,IRISH,NIRISH,C,1.0,1A-T1,,
UA,75W,EWR,2027-02-22 07:55:00,UA36,J,UA,75W,EWR,2027-02-22 09:25:00,UA37,J,T145,176,0.92,INT,INT,D,1.0,1-T1,,
EA,AT7,BHD,2027-02-22 07:55:00,EA3650,J,EA,AT7,DUB,2027-02-22 08:30:00,EA3251,J,T146,72,0.82,NIRISH,IRISH,C,1.0,5-T1,,
BA,32N,LHR,2027-02-22 08:05:00,BA1438,J,BA,32N,LHR,2027-02-22 08:55:00,BA1439,J,T147,180,0.75,DOM,DOM,C,0.5,4-T1,,
CJ,E90,LCY,2027-02-22 08:10:00,CJ8700,J,CJ,E90,LCY,2027-02-22 08:45:00,CJ8703,J,T148,106,0.7,DOM,DOM,C,0.5,16B-T1,,
FR,73H,BUD,2027-02-22 08:25:00,FR1018,J,FR,73H,BUD,2027-02-22 08:50:00,FR1017,J,T149,189,0.88,INT,INT,C,1.0,17-T1,,
EA,AT7,DUB,2027-02-22 08:30:00,EA3552,J,EA,AT7,DUB,2027-02-22 09:15:00,EA3553,J,T150,72,0.82,IRISH,IRISH,C,1.0,2-T1,,
KL,32Q,AMS,2027-02-22 08:40:00,KL923,J,KL,32Q,AMS,2027-02-22 09:30:00,KL924,J,T151,227,0.82,INT,INT,C,1.0,20-T1,,
EA,AT7,DUB,2027-02-22 08:55:00,EA3550,J,EA,AT7,DUB,2027-02-22 09:30:00,EA3551,J,T152,72,0.82,IRISH,IRISH,C,1.0,5-T1,,
U2,32A,BFS,2027-02-22 09:00:00,U2328,J,U2,32A,LDY,2027-02-22 09:50:00,U2307,J,T153,186,0.83,NIRISH,DOM,C,1.0,3-T1,,
FR,73H,BGY,2027-02-22 09:00:00,FR9009,J,FR,73H,BGY,2027-02-22 09:25:00,FR9008,J,T154,189,0.88,INT,INT,C,1.0,22-T1,,
BA,320,LHR,2027-02-22 09:05:00,BA1440,J,BA,320,LHR,2027-02-22 09:55:00,BA1441,J,T155,180,0.75,DOM,DOM,C,0.5,16B-T1,,
U2,32Q,BRS,2027-02-22 09:15:00,U2211,J,U2,32Q,BRS,2027-02-22 09:55:00,U2212,J,T156,235,0.83,DOM,DOM,C,1.0,6-T1,,
U2,32A,BHX,2027-02-22 09:25:00,U2338,J,U2,32A,GVA,2027-02-22 10:10:00,U23293,J,T157,186,0.83,DOM,INT,C,1.0,1A-T1,,
U2,319,LGW,2027-02-22 09:25:00,U2853,J,U2,32A,STN,2027-02-22 09:55:00,U2311,J,T158,156,0.83,DOM,DOM,C,1.0,4-T1,,
U2,32A,STN,2027-02-22 09:25:00,U2310,J,U2,319,LGW,2027-02-22 09:55:00,U2854,J,T159,186,0.83,DOM,DOM,C,1.0,1B-T1,,
FR,73H,MAD,2027-02-22 09:35:00,FR188,J,FR,73H,MAD,2027-02-22 10:00:00,FR189,J,T160,189,0.88,INT,INT,C,1.0,17-T1,,
FR,7M8,FAO,2027-02-22 09:40:00,FR5668,J,FR,7M8,FAO,2027-02-22 10:05:00,FR5667,J,T161,197,0.88,INT,INT,C,1.0,19-T1,,
TK,32Q,IST,2027-02-22 09:40:00,TK1343,J,TK,32Q,IST,2027-02-22 10:40:00,TK1344,J,T162,190,0.81,INT,INT,C,1.0,16A-T1,,
AY,E90,HEL,2027-02-22 09:40:00,AY1371,J,AY,E90,HEL,2027-02-22 10:25:00,AY1372,J,T163,100,0.66,INT,INT,C,1.0,36-T1,,
DL,76W,JFK,2027-02-22 09:40:00,DL208,J,DL,76W,JFK,2027-02-22 11:35:00,DL209,J,T164,216,0.88,INT,INT,D,1.0,2-T1,,
LM,AT7,KOI,2027-02-22 09:50:00,LM392,J,LM,AT7,SOU,2027-02-22 13:00:00,LM325,J,T165,72,0.56,DOM,DOM,C,1.0,100-T1,,
D8,7M8,CPH,2027-02-22 10:00:00,D83502,J,D8,7M8,CPH,2027-02-22 10:40:00,D83503,J,T166,189,0.87,INT,INT,C,1.0,22-T1,,
U2,32N,LTN,2027-02-22 10:05:00,U2302,J,U2,32A,CPH,2027-02-22 11:10:00,U23323,J,T167,186,0.83,DOM,INT,C,1.0,1-T1,,
BA,320,LHR,2027-02-22 10:10:00,BA1442,J,BA,320,LHR,2027-02-22 11:15:00,BA1443,J,T168,180,0.75,DOM,DOM,C,0.5,3-T1,,
CJ,E90,LCY,2027-02-22 10:15:00,CJ8702,J,CJ,E90,LCY,2027-02-22 10:50:00,CJ8715,J,T169,106,0.7,DOM,DOM,C,0.5,4-T1,,
RK,73H,STN,2027-02-22 10:20:00,RK1273,J,RK,73H,BFS,2027-02-22 10:55:00,RK179,J,T171,189,0.86,DOM,NIRISH,C,1.0,1B-T1,,
AF,223,CDG,2027-02-22 10:30:00,AF1686,J,AF,223,CDG,2027-02-22 11:30:00,AF1687,J,T172,148,0.82,INT,INT,C,1.0,20-T1,,
RK,73H,BFS,2027-02-22 10:30:00,RK178,J,RK,73H,STN,2027-02-22 11:35:00,RK9816,J,T173,189,0.86,NIRISH,DOM,C,1.0,1A-T1,,
LM,AT7,SOU,2027-02-22 10:40:00,LM322,J,LM,AT7,EXT,2027-02-22 11:00:00,LM315,J,T174,72,0.56,DOM,DOM,C,1.0,17-T1,,
U2,32A,LGW,2027-02-22 10:40:00,U2861,J,U2,32Q,MAD,2027-02-22 11:40:00,U23209,J,T175,186,0.83,DOM,INT,C,1.0,6-T1,,
PC,32Q,SAW,2027-02-22 10:50:00,PC1187,J,PC,32Q,SAW,2027-02-22 11:55:00,PC1188,J,T176,239,0.89,INT,INT,C,1.0,16B-T1,,
U2,32Q,CDG,2027-02-22 10:55:00,U23246,J,U2,32A,BFS,2027-02-22 12:05:00,U252,J,T177,235,0.83,INT,NIRISH,C,1.0,19-T1,,
RK,73H,BOH,2027-02-22 11:05:00,RK1132,J,RK,73H,STN,2027-02-22 13:50:00,RK8604,J,T178,189,0.86,DOM,DOM,C,1.0,102-T1,,
FR,73H,GDN,2027-02-22 11:15:00,FR6123,J,FR,73H,GDN,2027-02-22 11:40:00,FR6124,J,T179,189,0.88,INT,INT,C,1.0,15A-T1,,
EC,32N,AMS,2027-02-22 11:30:00,EC7837,J,EC,32N,AMS,2027-02-22 12:05:00,EC7838,J,T180,186,0.85,INT,INT,C,1.0,16A-T1,,
U2,32A,BFS,2027-02-22 11:35:00,U251,J,U2,32A,BER,2027-02-22 12:45:00,U23261,J,T181,186,0.83,NIRISH,INT,C,1.0,22-T1,,
EA,AT7,DUB,2027-02-22 11:40:00,EA3252,J,EA,AT7,BHD,2027-02-22 12:20:00,EA3653,J,T182,72,0.82,IRISH,NIRISH,C,1.0,1B-T1,,
U2,32A,GVA,2027-02-22 11:45:00,U23292,J,U2,32A,LTN,2027-02-22 12:50:00,U2305,J,T183,186,0.83,INT,DOM,C,1.0,1-T1,,
FR,73H,BER,2027-02-22 11:50:00,FR2377,J,FR,73H,DUB,2027-02-22 12:15:00,FR817,J,T184,189,0.88,INT,IRISH,C,1.0,20-T1,,
EA,AT7,BHD,2027-02-22 11:50:00,EA3652,J,EA,AT7,DUB,2027-02-22 12:20:00,EA3253,J,T185,72,0.82,NIRISH,IRISH,C,1.0,5-T1,,
LH,32N,FRA,2027-02-22 11:55:00,LH960,J,LH,32N,FRA,2027-02-22 12:40:00,LH961,J,T186,172,0.82,INT,INT,C,1.0,4-T1,,
U2,32N,LGW,2027-02-22 12:05:00,U2804,J,U2,32N,BHX,2027-02-22 12:50:00,U26642,J,T187,186,0.83,DOM,DOM,C,1.0,6-T1,,
U2,32A,LDY,2027-02-22 12:10:00,U2308,J,U2,32N,TFS,2027-02-22 13:05:00,U23231,J,T188,186,0.83,DOM,INT,C,1.0,17-T1,,
FR,7M8,OPO,2027-02-22 12:10:00,FR5680,J,FR,7M8,BVA,2027-02-22 12:45:00,FR5591,J,T189,197,0.88,INT,INT,C,1.0,2-T1,,
BA,32Q,LHR,2027-02-22 12:10:00,BA1446,J,BA,32Q,LHR,2027-02-22 13:05:00,BA1447,J,T190,220,0.75,DOM,DOM,C,0.5,3-T1,,
FR,7M8,VIE,2027-02-22 12:20:00,FR1624,J,FR,7M8,ORK,2027-02-22 13:00:00,FR3732,J,T191,197,0.88,INT,IRISH,C,1.0,16B-T1,,
U2,32N,BHX,2027-02-22 12:20:00,U26641,J,U2,32Q,KRK,2027-02-22 13:35:00,U23313,J,T192,186,0.83,DOM,INT,C,1.0,1A-T1,,
KL,32Q,AMS,2027-02-22 12:30:00,KL927,J,KL,32Q,AMS,2027-02-22 13:25:00,KL928,J,T193,227,0.82,INT,INT,C,1.0,16A-T1,,
QR,789,DOH,2027-02-22 12:35:00,QR29,J,QR,789,DOH,2027-02-22 14:05:00,QR30,J,T194,311,0.91,INT,INT,E,1.0,15-T1,,
FR,7M8,BCN,2027-02-22 12:35:00,FR6267,J,FR,7M8,POZ,2027-02-22 13:20:00,FR6618,J,T195,197,0.88,INT,INT,C,1.0,19-T1,,
EA,AT7,DUB,2027-02-22 12:40:00,EA3254,J,EA,AT7,DUB,2027-02-22 13:10:00,EA3255,J,T196,72,0.82,IRISH,IRISH,C,1.0,5-T1,,
U2,32Q,PRG,2027-02-22 12:50:00,U23326,J,U2,32N,RAK,2027-02-22 13:55:00,U23223,J,T197,235,0.83,INT,INT,C,1.0,1B-T1,,
DY,73H,OSL,2027-02-22 12:55:00,DY1640,J,DY,73H,OSL,2027-02-22 13:35:00,DY1641,J,T198,186,0.86,INT,INT,C,1.0,20-T1,,
U2,32A,STN,2027-02-22 13:10:00,U2312,J,U2,32A,BHD,2027-02-22 14:00:00,U2343,J,T199,186,0.83,DOM,NIRISH,C,1.0,4-T1,,
FR,73H,KRK,2027-02-22 13:20:00,FR6625,J,FR,73H,DUB,2027-02-22 13:45:00,FR809,J,T200,189,0.88,INT,IRISH,C,1.0,22-T1,,
BA,320,LHR,2027-02-22 13:25:00,BA1448,J,BA,320,LHR,2027-02-22 14:10:00,BA1449,J,T201,180,0.75,DOM,DOM,C,0.5,2-T1,,
U2,32Q,BRS,2027-02-22 13:25:00,U2213,J,U2,32N,NBE,2027-02-22 15:15:00,U23329,J,T202,235,0.83,DOM,INT,C,1.0,6-T1,,
U2,32A,TOS,2027-02-22 13:25:00,U23216,J,U2,32Q,BRS,2027-02-22 14:05:00,U2214,J,T203,186,0.83,INT,DOM,C,1.0,17-T1,,
FR,73H,VCE,2027-02-22 13:25:00,FR1653,J,FR,73H,NOC,2027-02-22 14:15:00,FR890,J,T204,189,0.88,INT,IRISH,C,1.0,3-T1,,
FR,7M8,SNN,2027-02-22 13:35:00,FR1676,J,FR,7M8,SNN,2027-02-22 14:00:00,FR3599,J,T205,197,0.88,IRISH,IRISH,C,1.0,1-T1,,
LG,295,LUX,2027-02-22 13:35:00,LG4731,J,LG,295,LUX,2027-02-22 15:25:00,LG4732,J,T206,136,0.83,INT,INT,C,1.0,16B-T1,,
EC,32A,LIN,2027-02-22 13:40:00,EC5421,J,EC,32A,LIN,2027-02-22 14:15:00,EC5422,J,T207,186,0.85,INT,INT,C,1.0,19-T1,,
FR,7M8,SOF,2027-02-22 13:50:00,FR5161,J,FR,7M8,MLA,2027-02-22 14:55:00,FR6695,J,T208,197,0.88,INT,INT,C,1.0,16A-T1,,
EC,32A,CDG,2027-02-22 13:55:00,EC4689,J,EC,32A,CDG,2027-02-22 14:35:00,EC4690,J,T209,186,0.85,INT,INT,C,1.0,20-T1,,
FR,7M8,SVQ,2027-02-22 14:20:00,FR6761,J,FR,7M8,NAP,2027-02-22 16:20:00,FR7409,J,T210,197,0.88,INT,INT,C,1.0,22-T1,,
DS,32A,BSL,2027-02-22 14:35:00,DS1231,J,DS,32A,BSL,2027-02-22 15:15:00,DS1232,J,T211,186,0.86,INT,INT,C,1.0,15A-T1,,
RK,73H,STN,2027-02-22 14:45:00,RK9817,J,RK,73H,AGA,2027-02-22 15:35:00,RK861,J,T212,189,0.86,DOM,INT,C,1.0,1B-T1,,
FR,73H,DUB,2027-02-22 14:50:00,FR816,J,FR,73H,CIA,2027-02-22 16:10:00,FR5589,J,T213,189,0.88,IRISH,INT,C,1.0,1-T1,,
U2,32A,BRS,2027-02-22 15:00:00,U2215,J,U2,32A,ZRH,2027-02-22 15:30:00,U22755,J,T214,186,0.83,DOM,INT,C,1.0,2-T1,,
SN,319,BRU,2027-02-22 15:00:00,SN2063,J,SN,319,BRU,2027-02-22 15:50:00,SN2064,J,T215,141,0.75,INT,INT,C,1.0,20-T1,,
LM,AT7,EXT,2027-02-22 15:10:00,LM316,J,LM,AT7,LSI,2027-02-22 16:45:00,LM357,J,T216,72,0.56,DOM,DOM,C,1.0,102-T1,,
TO,73H,ORY,2027-02-22 15:10:00,TO7928,J,TO,73H,ORY,2027-02-22 15:55:00,TO7929,J,T217,189,0.85,INT,INT,C,1.0,19-T1,,
TK,32Q,IST,2027-02-22 15:20:00,TK1345,J,TK,32Q,IST,2027-02-22 16:20:00,TK1346,J,T218,190,0.81,INT,INT,C,1.0,16A-T1,,
BA,320,LHR,2027-02-22 15:20:00,BA1450,J,BA,320,LHR,2027-02-22 16:05:00,BA1451,J,T219,180,0.75,DOM,DOM,C,0.5,3-T1,,
U2,32A,GVA,2027-02-22 15:20:00,U23294,J,U2,32A,BFS,2027-02-22 16:00:00,U2331,J,T220,186,0.83,INT,NIRISH,C,1.0,17-T1,,
CJ,E90,LCY,2027-02-22 15:25:00,CJ8716,J,CJ,E90,LCY,2027-02-22 16:00:00,CJ8707,J,T221,106,0.7,DOM,DOM,C,0.5,4-T1,,
U2,32A,CPH,2027-02-22 15:30:00,U23324,J,U2,32A,STN,2027-02-22 16:05:00,U2313,J,T222,186,0.83,INT,DOM,C,1.0,15B-T1,,
EA,AT7,DUB,2027-02-22 15:45:00,EA3256,J,EA,AT7,DUB,2027-02-22 16:15:00,EA3257,J,T223,72,0.82,IRISH,IRISH,C,1.0,5-T1,,
U2,32A,LTN,2027-02-22 15:45:00,U2306,J,U2,32A,NCE,2027-02-22 16:20:00,U23251,J,T224,186,0.83,DOM,INT,C,1.0,6-T1,,
FR,7M8,ORK,2027-02-22 16:05:00,FR3731,J,FR,7M8,AGP,2027-02-22 16:55:00,FR5091,J,T225,197,0.88,IRISH,INT,C,1.0,1B-T1,,
KL,32Q,AMS,2027-02-22 16:05:00,KL931,J,KL,32Q,AMS,2027-02-22 17:00:00,KL932,J,T226,227,0.82,INT,INT,C,1.0,15A-T1,,
AF,223,CDG,2027-02-22 16:05:00,AF1486,J,AF,223,CDG,2027-02-22 17:00:00,AF1487,J,T227,148,0.82,INT,INT,C,1.0,16B-T1,,
U2,32A,BHD,2027-02-22 16:15:00,U2344,J,U2,319,LGW,2027-02-22 16:50:00,U2812,J,T228,186,0.83,NIRISH,DOM,C,1.0,2-T1,,
FR,7M8,TFS,2027-02-22 16:15:00,FR2977,J,FR,7M8,OTP,2027-02-22 17:05:00,FR5614,J,T229,197,0.88,INT,INT,C,1.0,19-T1,,
FR,73H,DUB,2027-02-22 16:20:00,FR808,J,FR,73H,DUB,2027-02-22 17:10:00,FR813,J,T230,189,0.88,IRISH,IRISH,C,1.0,1A-T1,,
BA,32Q,LHR,2027-02-22 16:20:00,BA1452,J,BA,32Q,LHR,2027-02-22 17:30:00,BA1453,J,T231,220,0.75,DOM,DOM,C,0.5,4-T1,,
EA,AT7,BHD,2027-02-22 16:20:00,EA3656,J,EA,AT7,BHD,2027-02-22 16:50:00,EA3657,J,T232,72,0.82,NIRISH,NIRISH,C,1.0,20-T1,,
U2,319,LGW,2027-02-22 16:20:00,U2811,J,U2,32A,GVA,2027-02-22 16:50:00,U23295,J,T233,156,0.83,DOM,INT,C,1.0,17-T1,,
FR,7M8,BVA,2027-02-22 16:30:00,FR5592,J,FR,7M8,BCN,2027-02-22 17:20:00,FR6274,J,T234,197,0.88,INT,INT,C,1.0,15B-T1,,
LM,AT7,SYY,2027-02-22 16:45:00,LM344,J,LM,AT7,KOI,2027-02-22 17:20:00,LM397,J,T235,72,0.56,DOM,DOM,C,1.0,3-T1,,
U2,32N,BRS,2027-02-22 16:50:00,U2219,J,U2,32N,BRS,2027-02-22 17:20:00,U2220,J,T236,186,0.83,DOM,DOM,C,1.0,6-T1,,
EA,AT7,DUB,2027-02-22 16:50:00,EA3554,J,EA,AT7,DUB,2027-02-22 17:20:00,EA3555,J,T237,72,0.82,IRISH,IRISH,C,1.0,100-T1,,
FR,73H,NOC,2027-02-22 17:00:00,FR891,J,FR,73H,BGY,2027-02-22 17:25:00,FR3646,J,T239,189,0.88,IRISH,INT,C,1.0,1-T1,,
RK,73H,STN,2027-02-22 17:00:00,RK8605,J,RK,73H,ALC,2027-02-22 17:50:00,RK5579,J,T240,189,0.86,DOM,INT,C,1.0,22-T1,,
LM,AT7,SOU,2027-02-22 17:00:00,LM326,J,LM,AT7,SOU,2027-02-22 17:40:00,LM329,J,T241,72,0.56,DOM,DOM,C,1.0,5-T1,,
BA,320,LHR,2027-02-22 17:25:00,BA1454,J,BA,320,LHR,2027-02-22 18:25:00,BA1455,J,T242,180,0.75,DOM,DOM,C,0.5,15A-T1,,
FR,73H,PRG,2027-02-22 17:30:00,FR1053,J,FR,73H,PRG,2027-02-22 17:55:00,FR1054,J,T243,189,0.88,INT,INT,C,1.0,17-T1,,
EC,32N,MXP,2027-02-22 17:30:00,EC3933,J,EC,32N,MXP,2027-02-22 18:00:00,EC3934,J,T244,186,0.85,INT,INT,C,1.0,19-T1,,
AY,E90,HEL,2027-02-22 17:50:00,AY1373,J,AY,E90,HEL,2027-02-22 18:35:00,AY1374,J,T246,100,0.66,INT,INT,C,1.0,1-T1,,
U2,32A,BER,2027-02-22 17:55:00,U23262,J,U2,32A,BHX,2027-02-22 18:35:00,U2339,J,T247,186,0.83,INT,DOM,C,1.0,20-T1,,
U2,32A,BFS,2027-02-22 18:15:00,U2332,J,U2,32Q,AMS,2027-02-22 18:45:00,U23301,J,T248,186,0.83,NIRISH,INT,C,1.0,4-T1,,
SK,319,CPH,2027-02-22 18:25:00,SK2513,J,SK,319,CPH,2027-02-22 19:10:00,SK2514,J,T249,150,0.82,INT,INT,C,1.0,15B-T1,,
BA,320,LHR,2027-02-22 18:30:00,BA1456,J,BA,320,LHR,2027-02-22 19:20:00,BA1457,J,T250,180,0.75,DOM,DOM,C,0.5,2-T1,,
U2,32Q,MAD,2027-02-22 18:30:00,U23210,J,U2,32Q,CDG,2027-02-22 19:15:00,U23243,J,T251,235,0.83,INT,INT,C,1.0,16A-T1,,
FR,7M8,POZ,2027-02-22 18:35:00,FR6619,J,FR,7M8,DUB,2027-02-22 19:00:00,FR815,J,T252,197,0.88,INT,IRISH,C,1.0,22-T1,,
LS,32Q,FNC,2027-02-22 18:50:00,LS736,J,LS,32Q,ACE,2027-02-23 08:45:00,LS705,J,T254,232,0.9,INT,INT,C,0.8,407-T1,,
EK,359,DXB,2027-02-22 18:55:00,EK23,J,EK,359,DXB,2027-02-22 20:50:00,EK24,J,T255,312,0.76,INT,INT,E,1.0,18-T1,,
U2,32A,BRS,2027-02-22 19:10:00,U2217,J,U2,32A,BRS,2027-02-22 19:40:00,U2218,J,T256,186,0.83,DOM,DOM,C,1.0,20-T1,,
U2,32A,STN,2027-02-22 19:10:00,U2314,J,U2,32A,STN,2027-02-22 19:40:00,U2317,J,T257,186,0.83,DOM,DOM,C,1.0,1A-T1,,
EC,319,BCN,2027-02-22 19:25:00,EC7199,J,EC,319,BCN,2027-02-22 19:55:00,EC7200,J,T258,156,0.85,INT,INT,C,1.0,22-T1,,
CJ,E90,LCY,2027-02-22 19:25:00,CJ8708,J,CJ,E90,LCY,2027-02-22 20:00:00,CJ8719,J,T259,106,0.7,DOM,DOM,C,0.5,3-T1,,
U2,32A,LTN,2027-02-22 19:25:00,U2605,J,U2,32A,LTN,2027-02-22 19:55:00,U2606,J,T260,186,0.83,DOM,DOM,C,1.0,6-T1,,
FR,73H,NRN,2027-02-22 19:30:00,FR5688,J,FR,73H,NRN,2027-02-22 19:55:00,FR5687,J,T261,189,0.88,INT,INT,C,1.0,15B-T1,,
EA,AT7,BHD,2027-02-22 19:30:00,EA3658,J,EA,AT7,BHD,2027-02-22 20:00:00,EA3659,J,T262,72,0.82,NIRISH,NIRISH,C,1.0,5-T1,,
FR,73H,DUB,2027-02-22 19:45:00,FR812,J,FR,73H,CPH,2027-02-22 20:10:00,FR2674,J,T264,189,0.88,IRISH,INT,C,1.0,1-T1,,
U2,32A,BFS,2027-02-22 19:55:00,U253,J,U2,32A,BFS,2027-02-22 20:30:00,U254,J,T266,186,0.83,NIRISH,NIRISH,C,1.0,1B-T1,,
KL,E7W,AMS,2027-02-22 20:00:00,KL929,J,KL,E7W,AMS,2027-02-22 20:30:00,KL930,J,T267,88,0.82,INT,INT,C,1.0,20-T1,,
U2,32Q,KRK,2027-02-22 20:05:00,U23314,J,U2,319,LGW,2027-02-22 20:55:00,U2816,J,T268,235,0.83,INT,DOM,C,1.0,16A-T1,,
LM,AT7,LSI,2027-02-22 20:10:00,LM356,J,LM,AT7,SOU,2027-02-23 06:40:00,LM321,J,T269,72,0.56,DOM,DOM,C,1.0,35-T1,,
LM,AT7,KOI,2027-02-22 20:10:00,LM398,J,LM,AT7,LSI,2027-02-23 06:50:00,LM353,J,T270,72,0.56,DOM,DOM,C,1.0,404-T1,,
EA,AT7,DUB,2027-02-22 20:15:00,EA3258,J,EA,AT7,DUB,2027-02-22 20:45:00,EA3259,J,T271,72,0.82,IRISH,IRISH,C,1.0,1A-T1,,
D8,7M8,ARN,2027-02-22 20:15:00,D84463,J,D8,7M8,ARN,2027-02-22 20:55:00,D84464,J,T272,189,0.87,INT,INT,C,1.0,15B-T1,,
U2,319,LGW,2027-02-22 20:25:00,U2815,J,U2,32A,BRS,2027-02-22 21:00:00,U2216,J,T273,156,0.83,DOM,DOM,C,1.0,6-T1,,
BA,32Q,LHR,2027-02-22 21:15:00,BA1462,J,BA,32Q,LHR,2027-02-23 06:50:00,BA1463,J,T278,220,0.75,DOM,DOM,C,0.5,2-T1,,
LM,AT7,SOU,2027-02-22 21:40:00,LM328,J,LM,AT7,KOI,2027-02-23 07:00:00,LM391,J,T281,72,0.56,DOM,DOM,C,1.0,5-T1,,
RK,73H,STN,2027-02-22 22:10:00,RK596,J,RK,73H,STN,2027-02-22 22:35:00,RK880,J,T284,189,0.86,DOM,DOM,C,1.0,16A-T1,,
U2,32A,NCE,2027-02-22 22:15:00,U23252,J,U2,32Q,CDG,2027-02-23 06:25:00,U23245,J,T285,186,0.83,INT,INT,C,1.0,1A-T1,,
U2,32A,AMS,2027-02-22 22:15:00,U23302,J,U2,32A,BFS,2027-02-23 06:45:00,U2327,J,T286,186,0.83,INT,NIRISH,C,1.0,1B-T1,,
AF,223,CDG,2027-02-22 22:15:00,AF1886,J,AF,223,CDG,2027-02-23 05:50:00,AF1887,J,T287,148,0.82,INT,INT,C,1.0,3-T1,,
U2,32A,STN,2027-02-22 22:45:00,U2318,J,U2,32Q,LIS,2027-02-23 07:00:00,U23321,J,T289,186,0.83,DOM,INT,C,1.0,6-T1,,
FR,73H,CIA,2027-02-22 22:45:00,FR5590,J,FR,73H,RZE,2027-02-24 06:55:00,FR4535,J,T290,189,0.88,INT,INT,C,1.0,33-T1,,
U2,32N,RAK,2027-02-22 23:00:00,U23266,J,U2,32A,LTN,2027-02-23 07:00:00,U2301,J,T292,186,0.83,INT,DOM,C,1.0,15B-T1,,
FR,7M8,MLA,2027-02-22 23:05:00,FR6696,J,FR,7M8,BGY,2027-02-23 06:15:00,FR3646,J,T293,197,0.88,INT,INT,C,1.0,22-T1,,
KL,32Q,AMS,2027-02-22 23:10:00,KL933,J,KL,32Q,AMS,2027-02-23 05:40:00,KL922,J,T294,227,0.82,INT,INT,C,1.0,1-T1,,
LH,32N,FRA,2027-02-22 23:15:00,LH964,J,LH,32N,FRA,2027-02-23 06:45:00,LH965,J,T295,172,0.82,INT,INT,C,1.0,15A-T1,,
FR,7M8,NAP,2027-02-22 23:15:00,FR7410,J,FR,7M8,LPA,2027-02-23 06:20:00,FR6698,J,T296,197,0.88,INT,INT,C,1.0,4-T1,,
U2,32N,NBE,2027-02-22 23:25:00,U23330,J,U2,32A,STN,2027-02-23 07:05:00,U2309,J,T297,186,0.83,INT,DOM,C,1.0,16A-T1,,
FR,7M8,BCN,2027-02-22 23:30:00,FR6275,J,FR,7M8,CIA,2027-02-23 09:05:00,FR5739,J,T298,197,0.88,INT,INT,C,1.0,19-T1,,
U2,32Q,CDG,2027-02-22 23:40:00,U23244,J,U2,32A,AGP,2027-02-23 07:40:00,U23219,J,T300,235,0.83,INT,INT,C,1.0,16B-T1,,
FR,7M8,AGP,2027-02-23 00:15:00,FR5090,J,FR,7M8,TFS,2027-02-23 11:10:00,FR2969,J,T301,197,0.88,INT,INT,C,1.0,20-T1,,
FR,73H,CPH,2027-02-23 00:25:00,FR2675,J,FR,73H,NRN,2027-02-24 19:00:00,FR5687,J,T302,189,0.88,INT,INT,C,1.0,406-T1,,
RK,73H,AGA,2027-02-23 00:30:00,RK860,J,RK,73H,RAK,2027-02-23 08:10:00,RK514,J,T303,189,0.86,INT,INT,C,1.0,17-T1,,
NPT,73K,EMA,2027-02-23 02:25:00,NPT4N,M,NPT,73K,EMA,2027-02-23 22:55:00,NPT4S,M,T306,0,0.0,DOM,DOM,C,1.0,211-FRT,,
NPT,73K,EMA,2027-02-23 03:15:00,NPT5U,M,NPT,73K,EMA,2027-02-23 23:50:00,NPT5D,M,T307,0,0.0,DOM,DOM,C,1.0,208-FRT,,
FX,73K,CDG,2027-02-23 06:05:00,FX4617,F,FX,73K,CDG,2027-02-23 20:05:00,FX4717,F,T308,0,0.0,INT,INT,C,1.0,Unallocated,,
D0,75C,LEJ,2027-02-23 06:05:00,D02134,F,D0,75C,LEJ,2027-02-23 20:10:00,D02135,F,T309,0,0.0,INT,INT,D,1.0,210-FRT,,
MUK,76X,EMA,2027-02-23 06:30:00,MUK6566,F,MUK,76X,EMA,2027-02-23 20:10:00,MUK6565,F,T310,0,0.0,DOM,DOM,D,1.0,212-FRT,,
BA,32N,LHR,2027-02-23 07:50:00,BA1438,J,BA,32N,LHR,2027-02-23 08:40:00,BA1439,J,T311,180,0.75,DOM,DOM,C,0.5,3-T1,,
EA,AT7,BHD,2027-02-23 07:55:00,EA3650,J,EA,AT7,BHD,2027-02-23 08:25:00,EA3651,J,T312,72,0.82,NIRISH,NIRISH,C,1.0,1A-T1,,
EA,AT7,DUB,2027-02-23 07:55:00,EA3250,J,EA,AT7,DUB,2027-02-23 08:30:00,EA3251,J,T313,72,0.82,IRISH,IRISH,C,1.0,1-T1,,
U2,32N,BRS,2027-02-23 07:55:00,U2211,J,U2,32N,BRS,2027-02-23 08:25:00,U2212,J,T314,186,0.83,DOM,DOM,C,1.0,6-T1,,
UA,75W,EWR,2027-02-23 07:55:00,UA36,J,UA,75W,EWR,2027-02-23 09:25:00,UA37,J,T315,176,0.92,INT,INT,D,1.0,15-T1,,
EA,AT7,DUB,2027-02-23 08:30:00,EA3552,J,EA,AT7,DUB,2027-02-23 09:15:00,EA3553,J,T316,72,0.82,IRISH,IRISH,C,1.0,1B-T1,,
KL,32Q,AMS,2027-02-23 08:40:00,KL923,J,KL,32Q,AMS,2027-02-23 09:30:00,KL924,J,T317,227,0.82,INT,INT,C,1.0,16A-T1,,
FR,7M8,CIA,2027-02-23 08:40:00,FR5740,J,FR,7M8,DUB,2027-02-23 12:45:00,FR809,J,T318,197,0.88,INT,IRISH,C,1.0,22-T1,,
EA,AT7,DUB,2027-02-23 08:55:00,EA3550,J,EA,AT7,DUB,2027-02-23 09:30:00,EA3551,J,T319,72,0.82,IRISH,IRISH,C,1.0,1A-T1,,
U2,32A,BFS,2027-02-23 09:00:00,U2328,J,U2,32N,HRG,2027-02-23 09:55:00,U23319,J,T320,186,0.83,NIRISH,INT,C,1.0,17-T1,,
BA,32Q,LHR,2027-02-23 09:10:00,BA1440,J,BA,32Q,LHR,2027-02-23 10:00:00,BA1441,J,T321,220,0.75,DOM,DOM,C,0.5,1-T1,,
AY,E90,HEL,2027-02-23 09:25:00,AY1371,J,AY,E90,HEL,2027-02-23 10:10:00,AY1372,J,T322,100,0.66,INT,INT,C,1.0,16B-T1,,
LM,AT7,KOI,2027-02-23 09:50:00,LM392,J,LM,AT7,LSI,2027-02-23 16:30:00,LM357,J,T323,72,0.56,DOM,DOM,C,1.0,5-T1,,
U2,32Q,LGW,2027-02-23 10:00:00,U2807,J,U2,32A,LGW,2027-02-23 10:45:00,U2803,J,T324,235,0.83,DOM,DOM,C,1.0,16A-T1,,
BA,32Q,LHR,2027-02-23 10:10:00,BA1442,J,BA,32Q,LHR,2027-02-23 11:05:00,BA1443,J,T325,220,0.75,DOM,DOM,C,0.5,2-T1,,
LM,AT7,LSI,2027-02-23 10:15:00,LM352,J,LM,AT7,SOU,2027-02-23 17:40:00,LM329,J,T326,72,0.56,DOM,DOM,C,1.0,4-T1,,
CJ,E90,LCY,2027-02-23 10:15:00,CJ8702,J,CJ,E90,LCY,2027-02-23 10:50:00,CJ8715,J,T327,106,0.7,DOM,DOM,C,0.5,3-T1,,
U2,32A,LTN,2027-02-23 10:15:00,U2302,J,U2,32Q,MUC,2027-02-23 10:50:00,U23263,J,T328,186,0.83,DOM,INT,C,1.0,15B-T1,,
FI,7M8,KEF,2027-02-23 10:20:00,FI434,J,FI,7M8,KEF,2027-02-23 11:20:00,FI435,J,T329,160,0.77,INT,INT,C,1.0,17-T1,,
U2,32A,STN,2027-02-23 10:20:00,U2310,J,U2,32A,CDG,2027-02-23 10:55:00,U23241,J,T330,186,0.83,DOM,INT,C,1.0,1-T1,,
AF,223,CDG,2027-02-23 10:30:00,AF1686,J,AF,223,CDG,2027-02-23 11:30:00,AF1687,J,T331,148,0.82,INT,INT,C,1.0,16B-T1,,
U2,32A,BRS,2027-02-23 10:35:00,U2213,J,U2,32N,CPH,2027-02-23 11:05:00,U22751,J,T332,186,0.83,DOM,INT,C,1.0,1B-T1,,
FR,7M8,TFS,2027-02-23 10:45:00,FR2970,J,FR,7M8,BCN,2027-02-23 13:15:00,FR6266,J,T334,197,0.88,INT,INT,C,1.0,6-T1,,
PC,32Q,SAW,2027-02-23 10:50:00,PC1187,J,PC,32Q,SAW,2027-02-23 11:55:00,PC1188,J,T335,239,0.89,INT,INT,C,1.0,15A-T1,,
U2,32Q,CDG,2027-02-23 10:55:00,U23246,J,U2,32N,SSH,2027-02-23 11:35:00,U23221,J,T336,235,0.83,INT,INT,C,1.0,19-T1,,
A3,32N,ATH,2027-02-23 11:05:00,A3632,J,A3,32N,ATH,2027-02-23 11:55:00,A3633,J,T337,180,0.81,INT,INT,C,1.0,16A-T1,,
U2,32A,AMS,2027-02-23 11:15:00,U23302,J,U2,32A,BFS,2027-02-23 11:45:00,U2329,J,T338,186,0.83,INT,NIRISH,C,1.0,15B-T1,,
EA,AT7,DUB,2027-02-23 11:40:00,EA3252,J,EA,AT7,BHD,2027-02-23 12:20:00,EA3653,J,T339,72,0.82,IRISH,NIRISH,C,1.0,1-T1,,
U2,32A,GVA,2027-02-23 11:40:00,U23292,J,U2,32A,TFS,2027-02-23 12:35:00,U23231,J,T340,186,0.83,INT,INT,C,1.0,17-T1,,
FR,7M8,BGY,2027-02-23 11:45:00,FR3645,J,FR,7M8,ACE,2027-02-23 13:15:00,FR5593,J,T341,197,0.88,INT,INT,C,1.0,20-T1,,
EA,AT7,BHD,2027-02-23 11:50:00,EA3652,J,EA,AT7,DUB,2027-02-23 12:20:00,EA3253,J,T342,72,0.82,NIRISH,IRISH,C,1.0,1B-T1,,
LH,32N,FRA,2027-02-23 11:55:00,LH960,J,LH,32N,FRA,2027-02-23 12:40:00,LH961,J,T343,172,0.82,INT,INT,C,1.0,16B-T1,,
BA,32N,LHR,2027-02-23 12:10:00,BA1446,J,BA,32N,LHR,2027-02-23 13:00:00,BA1447,J,T344,180,0.75,DOM,DOM,C,0.5,2-T1,,
FR,7M8,MAD,2027-02-23 12:25:00,FR188,J,FR,7M8,CIA,2027-02-23 15:45:00,FR5589,J,T345,197,0.88,INT,INT,C,1.0,19-T1,,
KL,32Q,AMS,2027-02-23 12:30:00,KL927,J,KL,32Q,AMS,2027-02-23 13:25:00,KL928,J,T346,227,0.82,INT,INT,C,1.0,16A-T1,,
QR,789,DOH,2027-02-23 12:35:00,QR29,J,QR,789,DOH,2027-02-23 14:05:00,QR30,J,T347,311,0.91,INT,INT,E,1.0,15-T1,,
EA,AT7,DUB,2027-02-23 12:40:00,EA3254,J,EA,AT7,DUB,2027-02-23 13:10:00,EA3255,J,T348,72,0.82,IRISH,IRISH,C,1.0,1-T1,,
DY,73H,OSL,2027-02-23 12:55:00,DY1640,J,DY,73H,OSL,2027-02-23 13:35:00,DY1641,J,T349,186,0.86,INT,INT,C,1.0,17-T1,,
U2,32A,BFS,2027-02-23 13:00:00,U251,J,U2,32A,BFS,2027-02-23 13:30:00,U252,J,T350,186,0.83,NIRISH,NIRISH,C,1.0,1B-T1,,
U2,32A,ALC,2027-02-23 13:15:00,U23206,J,U2,32A,BER,2027-02-23 13:55:00,U23261,J,T351,186,0.83,INT,INT,C,1.0,22-T1,,
BA,32N,LHR,2027-02-23 13:15:00,BA1448,J,BA,32N,LHR,2027-02-23 14:05:00,BA1449,J,T352,180,0.75,DOM,DOM,C,0.5,3-T1,,
EC,32A,LIN,2027-02-23 13:40:00,EC5421,J,EC,32A,LIN,2027-02-23 14:15:00,EC5422,J,T353,186,0.85,INT,INT,C,1.0,16B-T1,,
U2,32A,BFS,2027-02-23 14:00:00,U2330,J,U2,32A,BHX,2027-02-23 14:50:00,U2339,J,T354,186,0.83,NIRISH,DOM,C,1.0,20-T1,,
U2,32Q,LIS,2027-02-23 14:15:00,U23322,J,U2,32Q,MAD,2027-02-23 15:25:00,U23209,J,T355,235,0.83,INT,INT,C,1.0,17-T1,,
U2,32A,LGW,2027-02-23 14:30:00,U2804,J,U2,32A,STN,2027-02-23 15:35:00,U2315,J,T356,186,0.83,DOM,DOM,C,1.0,15B-T1,,
U2,32A,AGP,2027-02-23 15:05:00,U23220,J,U2,32A,BHD,2027-02-23 15:40:00,U2249,J,T357,186,0.83,INT,NIRISH,C,1.0,15A-T1,,
U2,32A,BRS,2027-02-23 15:10:00,U2217,J,U2,319,LTN,2027-02-23 15:40:00,U2604,J,T358,186,0.83,DOM,DOM,C,1.0,6-T1,,
U2,319,LTN,2027-02-23 15:10:00,U2603,J,U2,32A,BFS,2027-02-23 15:55:00,U2331,J,T359,156,0.83,DOM,NIRISH,C,1.0,22-T1,,
BA,32Q,LHR,2027-02-23 15:15:00,BA1452,J,BA,32Q,LHR,2027-02-23 16:15:00,BA1453,J,T360,220,0.75,DOM,DOM,C,0.5,2-T1,,
U2,32A,CDG,2027-02-23 15:20:00,U23242,J,U2,32N,BRS,2027-02-23 15:55:00,U2214,J,T361,186,0.83,INT,DOM,C,1.0,16B-T1,,
FR,7M8,DUB,2027-02-23 15:20:00,FR808,J,FR,7M8,KRK,2027-02-23 16:40:00,FR6624,J,T362,197,0.88,IRISH,INT,C,1.0,1B-T1,,
TK,32Q,IST,2027-02-23 15:20:00,TK1345,J,TK,32Q,IST,2027-02-23 16:20:00,TK1346,J,T363,190,0.81,INT,INT,C,1.0,20-T1,,
CJ,E90,LCY,2027-02-23 15:25:00,CJ8716,J,CJ,E90,LCY,2027-02-23 16:00:00,CJ8707,J,T364,106,0.7,DOM,DOM,C,0.5,3-T1,,
U2,32N,CPH,2027-02-23 15:25:00,U22752,J,U2,32A,KRK,2027-02-23 16:10:00,U23313,J,T365,186,0.83,INT,INT,C,1.0,16A-T1,,
U2,32A,BHX,2027-02-23 15:45:00,U26641,J,U2,32A,BHX,2027-02-23 16:15:00,U26642,J,T366,186,0.83,DOM,DOM,C,1.0,1A-T1,,
EA,AT7,DUB,2027-02-23 15:45:00,EA3256,J,EA,AT7,DUB,2027-02-23 16:15:00,EA3257,J,T367,72,0.82,IRISH,IRISH,C,1.0,1-T1,,
KL,32Q,AMS,2027-02-23 16:05:00,KL931,J,KL,32Q,AMS,2027-02-23 17:00:00,KL932,J,T368,227,0.82,INT,INT,C,1.0,15A-T1,,
FR,7M8,CRL,2027-02-23 16:10:00,FR7323,J,FR,7M8,LIS,2027-02-23 17:10:00,FR479,J,T369,197,0.88,INT,INT,C,1.0,15B-T1,,
U2,32Q,MUC,2027-02-23 16:15:00,U23264,J,U2,32A,LGW,2027-02-23 17:00:00,U2812,J,T370,235,0.83,INT,DOM,C,1.0,17-T1,,
EA,AT7,BHD,2027-02-23 16:20:00,EA3656,J,EA,AT7,BHD,2027-02-23 16:50:00,EA3657,J,T371,72,0.82,NIRISH,NIRISH,C,1.0,3-T1,,
FR,7M8,LPA,2027-02-23 16:25:00,FR6697,J,FR,7M8,BUD,2027-02-23 17:15:00,FR1017,J,T372,197,0.88,INT,INT,C,1.0,22-T1,,
U2,32A,LGW,2027-02-23 16:30:00,U2811,J,U2,32Q,KEF,2027-02-23 17:05:00,U23315,J,T373,180,0.83,DOM,INT,C,1.0,19-T1,,
EA,AT7,DUB,2027-02-23 16:50:00,EA3554,J,EA,AT7,DUB,2027-02-23 17:20:00,EA3555,J,T375,72,0.82,IRISH,IRISH,C,1.0,1A-T1,,
BA,319,LHR,2027-02-23 17:30:00,BA1454,J,BA,319,LHR,2027-02-23 18:15:00,BA1455,J,T376,144,0.75,DOM,DOM,C,0.5,3-T1,,
U2,32A,BHX,2027-02-23 17:35:00,U2340,J,U2,32A,CDG,2027-02-23 18:05:00,U23243,J,T377,186,0.83,DOM,INT,C,1.0,17-T1,,
AY,E90,HEL,2027-02-23 17:50:00,AY1373,J,AY,E90,HEL,2027-02-23 18:35:00,AY1374,J,T378,100,0.66,INT,INT,C,1.0,15A-T1,,
U2,32A,BFS,2027-02-23 18:10:00,U2332,J,U2,32A,BRS,2027-02-23 18:45:00,U2218,J,T379,186,0.83,NIRISH,DOM,C,1.0,1-T1,,
U2,32A,BHD,2027-02-23 18:15:00,U2250,J,U2,32A,STN,2027-02-23 19:00:00,U2317,J,T380,186,0.83,NIRISH,DOM,C,1.0,1B-T1,,
BA,319,LHR,2027-02-23 18:25:00,BA1456,J,BA,319,LHR,2027-02-23 19:15:00,BA1457,J,T381,144,0.75,DOM,DOM,C,0.5,2-T1,,
SK,319,CPH,2027-02-23 18:25:00,SK2513,J,SK,319,CPH,2027-02-23 19:10:00,SK2514,J,T382,150,0.82,INT,INT,C,1.0,15B-T1,,
FR,7M8,ALC,2027-02-23 18:35:00,FR5578,J,FR,7M8,ALC,2027-02-23 19:00:00,FR5579,J,T383,197,0.88,INT,INT,C,1.0,22-T1,,
LS,32Q,TFS,2027-02-23 18:40:00,LS740,J,LS,32Q,TFS,2027-02-24 07:50:00,LS751,J,T384,232,0.9,INT,INT,C,0.8,16A-T1,,
U2,32A,STN,2027-02-23 18:50:00,U2316,J,U2,32A,BHX,2027-02-23 19:30:00,U2337,J,T385,186,0.83,DOM,DOM,C,1.0,1A-T1,,
EK,359,DXB,2027-02-23 18:55:00,EK23,J,EK,359,DXB,2027-02-23 20:50:00,EK24,J,T386,312,0.76,INT,INT,E,1.0,18-T1,,
U2,32A,BER,2027-02-23 19:00:00,U23262,J,U2,32A,LTN,2027-02-23 19:40:00,U2305,J,T388,186,0.83,INT,DOM,C,1.0,15A-T1,,
U2,32Q,LGW,2027-02-23 19:10:00,U2813,J,U2,32N,BRS,2027-02-23 19:45:00,U2216,J,T389,235,0.83,DOM,DOM,C,1.0,1-T1,,
EC,32N,AMS,2027-02-23 19:10:00,EC7835,J,EC,32N,AMS,2027-02-23 19:45:00,EC7836,J,T390,186,0.85,INT,INT,C,1.0,16B-T1,,
U2,32N,BRS,2027-02-23 19:15:00,U2215,J,U2,32Q,LGW,2027-02-23 19:50:00,U2814,J,T391,186,0.83,DOM,DOM,C,1.0,6-T1,,
CJ,E90,LCY,2027-02-23 19:25:00,CJ8708,J,CJ,E90,LCY,2027-02-23 20:00:00,CJ8719,J,T392,106,0.7,DOM,DOM,C,0.5,4-T1,,
FR,7M8,BCN,2027-02-23 19:30:00,FR6267,J,FR,7M8,DUB,2027-02-23 19:55:00,FR813,J,T393,197,0.88,INT,IRISH,C,1.0,22-T1,,
EA,AT7,BHD,2027-02-23 19:30:00,EA3658,J,EA,AT7,BHD,2027-02-23 20:00:00,EA3659,J,T394,72,0.82,NIRISH,NIRISH,C,1.0,5-T1,,
BA,320,LHR,2027-02-23 19:30:00,BA1460,J,BA,320,LHR,2027-02-24 06:25:00,BA1461,J,T395,180,0.75,DOM,DOM,C,0.5,3-T1,,
KL,E7W,AMS,2027-02-23 20:00:00,KL929,J,KL,E7W,AMS,2027-02-23 20:30:00,KL930,J,T396,88,0.82,INT,INT,C,1.0,15A-T1,,
EA,AT7,DUB,2027-02-23 20:10:00,EA3258,J,EA,AT7,DUB,2027-02-23 20:40:00,EA3259,J,T397,72,0.82,IRISH,IRISH,C,1.0,1A-T1,,
LM,AT7,KOI,2027-02-23 20:35:00,LM357,J,LM,AT7,LSI,2027-02-24 06:55:00,LM353,J,T399,72,0.56,DOM,DOM,C,1.0,5-T1,,
BA,32Q,LHR,2027-02-23 20:40:00,BA1462,J,BA,32Q,LHR,2027-02-24 07:05:00,BA1463,J,T400,220,0.75,DOM,DOM,C,0.5,4-T1,,
BA,32Q,LHR,2027-02-23 21:20:00,BA1464,J,BA,32Q,LHR,2027-02-24 08:00:00,BA1465,J,T403,220,0.75,DOM,DOM,C,0.5,2-T1,,
U2,32A,STN,2027-02-23 22:05:00,U2318,J,U2,32Q,LGW,2027-02-24 06:05:00,U2860,J,T406,186,0.83,DOM,DOM,C,1.0,1B-T1,,
U2,32Q,MAD,2027-02-23 22:15:00,U23210,J,U2,32A,ALC,2027-02-24 06:10:00,U23205,J,T407,235,0.83,INT,INT,C,1.0,19-T1,,
AF,223,CDG,2027-02-23 22:15:00,AF1886,J,AF,223,CDG,2027-02-24 05:50:00,AF1887,J,T408,148,0.82,INT,INT,C,1.0,102-T1,,
U2,32A,BHX,2027-02-23 22:15:00,U2338,J,U2,32Q,KRK,2027-02-24 06:25:00,U23313,J,T409,186,0.83,DOM,INT,C,1.0,1A-T1,,
FR,7M8,CIA,2027-02-23 22:20:00,FR5590,J,FR,7M8,DUB,2027-02-24 06:00:00,FR813,J,T411,197,0.88,INT,IRISH,C,1.0,20-T1,,
U2,32A,CDG,2027-02-23 22:30:00,U23244,J,U2,32A,GVA,2027-02-24 06:35:00,U23291,J,T412,186,0.83,INT,INT,C,1.0,17-T1,,
U2,32A,KRK,2027-02-23 22:30:00,U23314,J,U2,32N,STN,2027-02-24 06:25:00,U2309,J,T413,186,0.83,INT,DOM,C,1.0,407-T1,,
FR,7M8,DUB,2027-02-23 22:30:00,FR812,J,FR,7M8,FUE,2027-02-24 06:25:00,FR5683,J,T414,197,0.88,IRISH,INT,C,1.0,1-T1,,
U2,32Q,KEF,2027-02-23 22:45:00,U23316,J,U2,32A,BFS,2027-02-24 07:00:00,U2327,J,T415,235,0.83,INT,NIRISH,C,1.0,22-T1,,
FR,7M8,KRK,2027-02-23 22:45:00,FR6625,J,FR,7M8,VIE,2027-02-24 06:45:00,FR1625,J,T416,197,0.88,INT,INT,C,1.0,100-T1,,
U2,32A,LTN,2027-02-23 22:50:00,U2306,J,U2,32A,LTN,2027-02-24 07:00:00,U2301,J,T417,186,0.83,DOM,DOM,C,1.0,6-T1,,
U2,32A,TFS,2027-02-23 23:05:00,U23232,J,U2,32A,CDG,2027-02-24 07:00:00,U23245,J,T419,186,0.83,INT,INT,C,1.0,405-T1,,
KL,32Q,AMS,2027-02-23 23:10:00,KL933,J,KL,32Q,AMS,2027-02-24 05:40:00,KL922,J,T420,227,0.82,INT,INT,C,1.0,404-T1,,
LH,32N,FRA,2027-02-23 23:20:00,LH964,J,LH,32N,FRA,2027-02-24 06:10:00,LH965,J,T421,172,0.82,INT,INT,C,1.0,34-T1,,
U2,32N,HRG,2027-02-23 23:25:00,U23320,J,U2,32A,AGA,2027-02-24 07:00:00,U23327,J,T422,186,0.83,INT,INT,C,1.0,16B-T1,,
NPT,73K,EMA,2027-02-24 02:25:00,NPT4N,M,NPT,73K,EMA,2027-02-24 22:55:00,NPT4S,M,T426,0,0.0,DOM,DOM,C,1.0,210-FRT,,
NPT,73K,EMA,2027-02-24 03:15:00,NPT5U,M,NPT,73K,EMA,2027-02-24 23:50:00,NPT5D,M,T427,0,0.0,DOM,DOM,C,1.0,208-FRT,,
QR,789,DOH,2027-02-24 06:00:00,QR31,J,QR,789,DOH,2027-02-24 07:30:00,QR32,J,T428,311,0.91,INT,INT,E,1.0,15-T1,,
D0,75C,LEJ,2027-02-24 06:05:00,D02134,F,D0,75C,LEJ,2027-02-24 20:10:00,D02135,F,T429,0,0.0,INT,INT,D,1.0,Unallocated,,
FX,73K,CDG,2027-02-24 06:05:00,FX4617,F,FX,73K,CDG,2027-02-24 20:05:00,FX4717,F,T430,0,0.0,INT,INT,C,1.0,211-FRT,,
MUK,76X,EMA,2027-02-24 06:30:00,MUK6566,F,MUK,76X,EMA,2027-02-24 20:10:00,MUK6565,F,T431,0,0.0,DOM,DOM,D,1.0,212-FRT,,
BA,32N,LHR,2027-02-24 07:50:00,BA1438,J,BA,32N,LHR,2027-02-24 08:45:00,BA1439,J,T432,180,0.75,DOM,DOM,C,0.5,3-T1,,
EA,AT7,DUB,2027-02-24 07:55:00,EA3250,J,EA,AT7,BHD,2027-02-24 08:25:00,EA3651,J,T433,72,0.82,IRISH,NIRISH,C,1.0,1-T1,,
EA,AT7,BHD,2027-02-24 07:55:00,EA3650,J,EA,AT7,DUB,2027-02-24 08:30:00,EA3251,J,T434,72,0.82,NIRISH,IRISH,C,1.0,5-T1,,
UA,75W,EWR,2027-02-24 07:55:00,UA36,J,UA,75W,EWR,2027-02-24 09:25:00,UA37,J,T435,176,0.92,INT,INT,D,1.0,15-T1,,
U2,32N,BHX,2027-02-24 08:05:00,U26641,J,U2,32N,BHX,2027-02-24 08:40:00,U26642,J,T436,186,0.83,DOM,DOM,C,1.0,19-T1,,
EC,32N,AMS,2027-02-24 08:05:00,EC7835,J,EC,32N,AMS,2027-02-24 08:35:00,EC7838,J,T437,186,0.85,INT,INT,C,1.0,20-T1,,
EC,32A,BER,2027-02-24 08:10:00,EC5311,J,EC,32A,BER,2027-02-24 08:40:00,EC5312,J,T438,186,0.85,INT,INT,C,1.0,16A-T1,,
U2,32N,BRS,2027-02-24 08:20:00,U2211,J,U2,32N,PRG,2027-02-24 08:55:00,U22753,J,T439,186,0.83,DOM,INT,C,1.0,6-T1,,
EA,AT7,DUB,2027-02-24 08:30:00,EA3552,J,EA,AT7,DUB,2027-02-24 09:15:00,EA3553,J,T440,72,0.82,IRISH,IRISH,C,1.0,1B-T1,,
FR,7M8,DUB,2027-02-24 08:35:00,FR812,J,FR,7M8,TFS,2027-02-24 11:25:00,FR2969,J,T441,197,0.88,IRISH,INT,C,1.0,1A-T1,,
BA,320,LHR,2027-02-24 08:35:00,BA1440,J,BA,320,LHR,2027-02-24 09:30:00,BA1441,J,T442,180,0.75,DOM,DOM,C,0.5,2-T1,,
KL,32Q,AMS,2027-02-24 08:40:00,KL923,J,KL,32Q,AMS,2027-02-24 09:30:00,KL924,J,T443,227,0.82,INT,INT,C,1.0,16B-T1,,
EA,AT7,DUB,2027-02-24 08:55:00,EA3550,J,EA,AT7,DUB,2027-02-24 09:30:00,EA3551,J,T444,72,0.82,IRISH,IRISH,C,1.0,1-T1,,
U2,32A,LGW,2027-02-24 09:10:00,U2853,J,U2,32A,LGW,2027-02-24 09:45:00,U2854,J,T445,180,0.83,DOM,DOM,C,1.0,19-T1,,
U2,32A,BFS,2027-02-24 09:20:00,U2328,J,U2,32A,BFS,2027-02-24 10:10:00,U2329,J,T446,186,0.83,NIRISH,NIRISH,C,1.0,6-T1,,
TK,32Q,IST,2027-02-24 09:40:00,TK1343,J,TK,32Q,IST,2027-02-24 10:40:00,TK1344,J,T447,190,0.81,INT,INT,C,1.0,20-T1,,
U2,32N,STN,2027-02-24 09:50:00,U2310,J,U2,32A,CDG,2027-02-24 10:35:00,U23241,J,T448,186,0.83,DOM,INT,C,1.0,22-T1,,
U2,32N,LTN,2027-02-24 10:05:00,U2302,J,U2,32A,BRS,2027-02-24 11:05:00,U2214,J,T449,186,0.83,DOM,DOM,C,1.0,17-T1,,
U2,32Q,LGW,2027-02-24 10:05:00,U2861,J,U2,32N,TFS,2027-02-24 10:50:00,U23231,J,T450,235,0.83,DOM,INT,C,1.0,1B-T1,,
BA,32Q,LHR,2027-02-24 10:05:00,BA1442,J,BA,32Q,LHR,2027-02-24 10:55:00,BA1443,J,T451,220,0.75,DOM,DOM,C,0.5,4-T1,,
CJ,E90,LCY,2027-02-24 10:15:00,CJ8702,J,CJ,E90,LCY,2027-02-24 10:50:00,CJ8715,J,T452,106,0.7,DOM,DOM,C,0.5,2-T1,,
SN,319,BRU,2027-02-24 10:20:00,SN2063,J,SN,319,BRU,2027-02-24 11:10:00,SN2064,J,T453,141,0.75,INT,INT,C,1.0,15A-T1,,
AF,223,CDG,2027-02-24 10:30:00,AF1686,J,AF,223,CDG,2027-02-24 11:30:00,AF1687,J,T454,148,0.82,INT,INT,C,1.0,16B-T1,,
FR,7M8,MLA,2027-02-24 10:35:00,FR6696,J,FR,7M8,BUD,2027-02-24 12:15:00,FR1017,J,T455,197,0.88,INT,INT,C,1.0,15B-T1,,
U2,32A,BRS,2027-02-24 10:35:00,U2213,J,U2,32Q,PFO,2027-02-24 11:10:00,U23317,J,T456,186,0.83,DOM,INT,C,1.0,19-T1,,
LM,AT7,SOU,2027-02-24 10:40:00,LM322,J,LM,AT7,KOI,2027-02-24 17:20:00,LM397,J,T457,72,0.56,DOM,DOM,C,1.0,5-T1,,
PC,32Q,SAW,2027-02-24 10:50:00,PC1187,J,PC,32Q,SAW,2027-02-24 11:55:00,PC1188,J,T458,239,0.89,INT,INT,C,1.0,16A-T1,,
FR,7M8,TFS,2027-02-24 11:00:00,FR2970,J,FR,7M8,ACE,2027-02-24 14:05:00,FR5593,J,T459,197,0.88,INT,INT,C,1.0,22-T1,,
LM,AT7,KOI,2027-02-24 11:05:00,LM353,J,LM,AT7,SYY,2027-02-24 11:45:00,LM343,J,T460,72,0.56,DOM,DOM,C,1.0,6-T1,,
U2,32A,CDG,2027-02-24 11:30:00,U23246,J,U2,32A,STN,2027-02-24 12:10:00,U2315,J,T461,186,0.83,INT,DOM,C,1.0,15A-T1,,
EA,AT7,DUB,2027-02-24 11:40:00,EA3252,J,EA,AT7,DUB,2027-02-24 12:20:00,EA3253,J,T462,72,0.82,IRISH,IRISH,C,1.0,1B-T1,,
U2,32A,GVA,2027-02-24 11:45:00,U23292,J,U2,32A,LPA,2027-02-24 13:05:00,U23213,J,T463,186,0.83,INT,INT,C,1.0,17-T1,,
EA,AT7,BHD,2027-02-24 11:50:00,EA3652,J,EA,AT7,BHD,2027-02-24 12:20:00,EA3653,J,T464,72,0.82,NIRISH,NIRISH,C,1.0,19-T1,,
LH,32N,FRA,2027-02-24 11:55:00,LH960,J,LH,32N,FRA,2027-02-24 12:40:00,LH961,J,T465,172,0.82,INT,INT,C,1.0,20-T1,,
BA,32Q,LHR,2027-02-24 12:20:00,BA1446,J,BA,32Q,LHR,2027-02-24 13:15:00,BA1447,J,T466,220,0.75,DOM,DOM,C,0.5,4-T1,,
CJ,E90,LCY,2027-02-24 12:20:00,CJ8704,J,CJ,E90,LCY,2027-02-24 12:55:00,CJ8705,J,T467,106,0.7,DOM,DOM,C,0.5,2-T1,,
U2,32A,BFS,2027-02-24 12:25:00,U2330,J,U2,32N,ACE,2027-02-24 13:35:00,U23203,J,T468,186,0.83,NIRISH,INT,C,1.0,1A-T1,,
KL,73H,AMS,2027-02-24 12:30:00,KL927,J,KL,73H,AMS,2027-02-24 13:25:00,KL928,J,T469,186,0.82,INT,INT,C,1.0,15A-T1,,
FR,7M8,VIE,2027-02-24 12:35:00,FR1624,J,FR,7M8,DUB,2027-02-24 14:15:00,FR815,J,T470,197,0.88,INT,IRISH,C,1.0,15B-T1,,
QR,789,DOH,2027-02-24 12:35:00,QR29,J,QR,789,DOH,2027-02-24 14:05:00,QR30,J,T471,311,0.91,INT,INT,E,1.0,16-T1,,
U2,32N,ZRH,2027-02-24 12:35:00,U23298,J,U2,32Q,LGW,2027-02-24 13:40:00,U2803,J,T472,186,0.83,INT,DOM,C,1.0,6-T1,,
EA,AT7,DUB,2027-02-24 12:40:00,EA3254,J,EA,AT7,DUB,2027-02-24 13:10:00,EA3255,J,T473,72,0.82,IRISH,IRISH,C,1.0,1B-T1,,
U2,32Q,KRK,2027-02-24 12:40:00,U23314,J,U2,32A,MAD,2027-02-24 13:50:00,U23209,J,T474,235,0.83,INT,INT,C,1.0,19-T1,,
DY,73H,OSL,2027-02-24 12:55:00,DY1640,J,DY,73H,OSL,2027-02-24 13:35:00,DY1641,J,T475,186,0.86,INT,INT,C,1.0,1-T1,,
U2,32N,ALC,2027-02-24 13:05:00,U23206,J,U2,32N,BRS,2027-02-24 14:40:00,U2212,J,T476,186,0.83,INT,DOM,C,1.0,20-T1,,
FR,73H,RZE,2027-02-24 13:15:00,FR4536,J,FR,73H,KRK,2027-02-25 06:15:00,FR6624,J,T477,189,0.88,INT,INT,C,1.0,404-T1,,
BA,320,LHR,2027-02-24 13:25:00,BA1448,J,BA,320,LHR,2027-02-24 14:15:00,BA1449,J,T478,180,0.75,DOM,DOM,C,0.5,2-T1,,
FR,7M8,CRL,2027-02-24 13:25:00,FR7323,J,FR,7M8,CIA,2027-02-24 14:55:00,FR5589,J,T479,197,0.88,INT,INT,C,1.0,17-T1,,
EC,32A,LIN,2027-02-24 13:40:00,EC5421,J,EC,32A,LIN,2027-02-24 14:15:00,EC5422,J,T480,186,0.85,INT,INT,C,1.0,1B-T1,,
U2,32N,PRG,2027-02-24 14:10:00,U22754,J,U2,319,LTN,2027-02-24 14:55:00,U2604,J,T481,186,0.83,INT,DOM,C,1.0,15A-T1,,
U2,319,LTN,2027-02-24 14:15:00,U2603,J,U2,32A,BCN,2027-02-24 15:00:00,U23217,J,T482,156,0.83,DOM,INT,C,1.0,6-T1,,
LM,AT7,SYY,2027-02-24 14:30:00,LM344,J,LM,AT7,SOU,2027-02-24 17:40:00,LM329,J,T483,72,0.56,DOM,DOM,C,1.0,16A-T1,,
RK,73H,MAD,2027-02-24 14:40:00,RK188,J,RK,73H,BOH,2027-02-24 15:30:00,RK1133,J,T484,189,0.86,INT,DOM,C,1.0,19-T1,,
FR,7M8,KRK,2027-02-24 14:50:00,FR6625,J,FR,7M8,BGY,2027-02-24 15:45:00,FR3646,J,T485,197,0.88,INT,INT,C,1.0,16B-T1,,
U2,32A,CDG,2027-02-24 14:50:00,U23242,J,U2,32A,BHX,2027-02-24 15:30:00,U2337,J,T486,186,0.83,INT,DOM,C,1.0,15B-T1,,
BA,320,LHR,2027-02-24 15:15:00,BA1452,J,BA,320,LHR,2027-02-24 16:15:00,BA1453,J,T487,180,0.75,DOM,DOM,C,0.5,2-T1,,
FR,7M8,BGY,2027-02-24 15:20:00,FR3645,J,FR,7M8,AGP,2027-02-24 16:35:00,FR5091,J,T488,197,0.88,INT,INT,C,1.0,17-T1,,
U2,32A,STN,2027-02-24 15:20:00,U2316,J,U2,32A,BFS,2027-02-24 16:10:00,U2333,J,T489,186,0.83,DOM,NIRISH,C,1.0,22-T1,,
CJ,E90,LCY,2027-02-24 15:25:00,CJ8716,J,CJ,E90,LCY,2027-02-24 16:00:00,CJ8707,J,T490,106,0.7,DOM,DOM,C,0.5,3-T1,,
EA,AT7,DUB,2027-02-24 15:45:00,EA3256,J,EA,AT7,DUB,2027-02-24 16:15:00,EA3257,J,T491,72,0.82,IRISH,IRISH,C,1.0,1B-T1,,
KL,32Q,AMS,2027-02-24 16:05:00,KL931,J,KL,32Q,AMS,2027-02-24 17:00:00,KL932,J,T492,227,0.82,INT,INT,C,1.0,15A-T1,,
LM,AT7,IOM,2027-02-24 16:10:00,LM314,J,LM,AT7,IOM,2027-02-24 16:40:00,LM313,J,T493,72,0.56,INT,INT,C,1.0,1-T1,,
FR,7M8,FUE,2027-02-24 16:15:00,FR5684,J,FR,7M8,BCN,2027-02-24 17:40:00,FR6266,J,T494,197,0.88,INT,INT,C,1.0,16B-T1,,
EA,AT7,BHD,2027-02-24 16:20:00,EA3656,J,EA,AT7,BHD,2027-02-24 16:50:00,EA3657,J,T495,72,0.82,NIRISH,NIRISH,C,1.0,20-T1,,
U2,32A,AGA,2027-02-24 16:20:00,U23328,J,U2,32A,BHD,2027-02-24 17:00:00,U2343,J,T496,186,0.83,INT,NIRISH,C,1.0,19-T1,,
U2,32A,BRS,2027-02-24 16:40:00,U2215,J,U2,32A,BRS,2027-02-24 17:10:00,U2216,J,T497,186,0.83,DOM,DOM,C,1.0,22-T1,,
EA,AT7,DUB,2027-02-24 16:50:00,EA3554,J,EA,AT7,DUB,2027-02-24 17:20:00,EA3555,J,T498,72,0.82,IRISH,IRISH,C,1.0,1B-T1,,
FR,7M8,DUB,2027-02-24 16:50:00,FR814,J,FR,7M8,DUB,2027-02-24 19:00:00,FR809,J,T499,197,0.88,IRISH,IRISH,C,1.0,1A-T1,,
CJ,E90,LCY,2027-02-24 17:00:00,CJ8706,J,CJ,E90,LCY,2027-02-24 17:35:00,CJ8709,J,T500,106,0.7,DOM,DOM,C,0.5,2-T1,,
BA,32Q,LHR,2027-02-24 17:05:00,BA1454,J,BA,32Q,LHR,2027-02-24 18:00:00,BA1455,J,T501,220,0.75,DOM,DOM,C,0.5,1-T1,,
U2,32Q,LGW,2027-02-24 17:30:00,U2804,J,U2,32Q,STN,2027-02-24 18:25:00,U2317,J,T502,235,0.83,DOM,DOM,C,1.0,3-T1,,
BA,32Q,LHR,2027-02-24 18:10:00,BA1456,J,BA,32Q,LHR,2027-02-24 19:00:00,BA1457,J,T503,220,0.75,DOM,DOM,C,0.5,2-T1,,
U2,32A,BHX,2027-02-24 18:15:00,U2338,J,U2,32A,CDG,2027-02-24 18:50:00,U23243,J,T504,186,0.83,DOM,INT,C,1.0,1B-T1,,
DS,32Q,GVA,2027-02-24 18:15:00,DS1561,J,DS,32Q,GVA,2027-02-24 19:00:00,DS1562,J,T505,235,0.86,INT,INT,C,1.0,16B-T1,,
U2,32A,BFS,2027-02-24 18:25:00,U2334,J,U2,32A,BHX,2027-02-24 19:15:00,U2339,J,T506,186,0.83,NIRISH,DOM,C,1.0,6-T1,,
SK,319,CPH,2027-02-24 18:25:00,SK2513,J,SK,319,CPH,2027-02-24 19:10:00,SK2514,J,T507,150,0.82,INT,INT,C,1.0,20-T1,,
DS,32A,BSL,2027-02-24 18:30:00,DS1231,J,DS,32A,BSL,2027-02-24 19:00:00,DS1232,J,T508,186,0.86,INT,INT,C,1.0,22-T1,,
FR,73H,NRN,2027-02-24 18:35:00,FR5688,J,FR,73H,BCN,2027-02-25 07:05:00,FR6274,J,T509,189,0.88,INT,INT,C,1.0,100-T1,,
FR,7M8,BUD,2027-02-24 18:35:00,FR1018,J,FR,7M8,TFS,2027-02-25 06:05:00,FR2969,J,T510,197,0.88,INT,INT,C,1.0,403-T1,,
EC,32N,MXP,2027-02-24 18:35:00,EC3933,J,EC,32N,MXP,2027-02-24 19:10:00,EC3934,J,T511,186,0.85,INT,INT,C,1.0,15B-T1,,
RK,73H,BOH,2027-02-24 18:50:00,RK1132,J,RK,73H,STN,2027-02-24 20:20:00,RK597,J,T513,189,0.86,DOM,DOM,C,1.0,4-T1,,
EK,359,DXB,2027-02-24 18:55:00,EK23,J,EK,359,DXB,2027-02-24 20:50:00,EK24,J,T514,312,0.76,INT,INT,E,1.0,18-T1,,
U2,319,LGW,2027-02-24 19:15:00,U2813,J,U2,32A,BFS,2027-02-24 20:05:00,U2331,J,T515,156,0.83,DOM,NIRISH,C,1.0,1-T1,,
EC,319,AMS,2027-02-24 19:15:00,EC7837,J,EC,319,AMS,2027-02-24 19:50:00,EC7836,J,T516,156,0.85,INT,INT,C,1.0,15A-T1,,
U2,32A,BHD,2027-02-24 19:15:00,U2344,J,U2,319,LGW,2027-02-24 19:45:00,U2814,J,T517,186,0.83,NIRISH,DOM,C,1.0,3-T1,,
CJ,E90,LCY,2027-02-24 19:25:00,CJ8708,J,CJ,E90,LCY,2027-02-24 20:00:00,CJ8719,J,T518,106,0.7,DOM,DOM,C,0.5,2-T1,,
U2,32N,LTN,2027-02-24 19:30:00,U2605,J,U2,32N,LTN,2027-02-24 20:15:00,U2606,J,T520,186,0.83,DOM,DOM,C,1.0,15B-T1,,
EA,AT7,BHD,2027-02-24 19:30:00,EA3658,J,EA,AT7,BHD,2027-02-24 20:00:00,EA3659,J,T521,72,0.82,NIRISH,NIRISH,C,1.0,5-T1,,
RK,73H,STN,2027-02-24 19:40:00,RK596,J,RK,73H,WRO,2027-02-25 08:00:00,RK1159,J,T522,189,0.86,DOM,INT,C,1.0,1B-T1,,
KL,E7W,AMS,2027-02-24 20:00:00,KL929,J,KL,E7W,AMS,2027-02-24 20:30:00,KL930,J,T524,88,0.82,INT,INT,C,1.0,16B-T1,,
LM,AT7,KOI,2027-02-24 20:10:00,LM398,J,LM,AT7,LSI,2027-02-25 06:50:00,LM353,J,T525,72,0.56,DOM,DOM,C,1.0,405-T1,,
LM,AT7,LSI,2027-02-24 20:10:00,LM356,J,LM,AT7,SOU,2027-02-25 06:40:00,LM321,J,T526,72,0.56,DOM,DOM,C,1.0,8-T1,,
EA,AT7,DUB,2027-02-24 20:15:00,EA3258,J,EA,AT7,DUB,2027-02-24 20:45:00,EA3259,J,T527,72,0.82,IRISH,IRISH,C,1.0,1A-T1,,
VY,32N,BCN,2027-02-24 20:20:00,VY7752,J,VY,32N,BCN,2027-02-24 21:15:00,VY7753,J,T528,186,0.87,INT,INT,C,1.0,16A-T1,,
U2,32A,BRS,2027-02-24 20:30:00,U2217,J,U2,32A,BRS,2027-02-24 21:00:00,U2218,J,T530,186,0.83,DOM,DOM,C,1.0,6-T1,,
BA,32Q,LHR,2027-02-24 21:05:00,BA1462,J,BA,32Q,LHR,2027-02-25 06:50:00,BA1463,J,T534,220,0.75,DOM,DOM,C,0.5,3-T1,,
U2,32A,BCN,2027-02-24 21:20:00,U23218,J,U2,32N,CDG,2027-02-25 06:30:00,U23245,J,T536,186,0.83,INT,INT,C,1.0,20-T1,,
FR,7M8,CIA,2027-02-24 21:30:00,FR5590,J,FR,7M8,ACE,2027-02-25 06:10:00,FR5593,J,T537,197,0.88,INT,INT,C,1.0,22-T1,,
FR,7M8,DUB,2027-02-24 21:35:00,FR808,J,FR,7M8,GDN,2027-02-25 06:20:00,FR6124,J,T539,197,0.88,IRISH,INT,C,1.0,1A-T1,,
U2,32Q,STN,2027-02-24 21:40:00,U2318,J,U2,32Q,LIS,2027-02-25 06:55:00,U23321,J,T540,235,0.83,DOM,INT,C,1.0,2-T1,,
LM,AT7,SOU,2027-02-24 21:40:00,LM328,J,LM,AT7,KOI,2027-02-25 07:00:00,LM391,J,T541,72,0.56,DOM,DOM,C,1.0,33-T1,,
CJ,E90,LCY,2027-02-24 21:45:00,CJ8718,J,CJ,E90,LCY,2027-02-25 07:30:00,CJ8713,J,T542,106,0.7,DOM,DOM,C,0.5,5-T1,,
U2,32A,BHX,2027-02-24 22:00:00,U2340,J,U2,32A,STN,2027-02-25 07:00:00,U2309,J,T543,186,0.83,DOM,DOM,C,1.0,6-T1,,
U2,32A,BFS,2027-02-24 22:20:00,U2332,J,U2,32A,BFS,2027-02-25 07:00:00,U2327,J,T546,186,0.83,NIRISH,NIRISH,C,1.0,4-T1,,
U2,32A,CDG,2027-02-24 23:05:00,U23244,J,U2,32A,BHX,2027-02-25 07:10:00,U2337,J,T548,186,0.83,INT,DOM,C,1.0,19-T1,,
KL,32Q,AMS,2027-02-24 23:10:00,KL933,J,KL,32Q,AMS,2027-02-25 05:40:00,KL922,J,T549,227,0.82,INT,INT,C,1.0,16B-T1,,
LH,32N,FRA,2027-02-24 23:20:00,LH964,J,LH,32N,FRA,2027-02-25 06:00:00,LH965,J,T550,172,0.82,INT,INT,C,1.0,104-T1,,
U2,32A,LPA,2027-02-24 23:25:00,U23214,J,U2,32A,LTN,2027-02-25 07:15:00,U2301,J,T551,186,0.83,INT,DOM,C,1.0,15B-T1,,
U2,32N,ACE,2027-02-24 23:35:00,U23204,J,U2,32N,LGW,2027-02-25 07:20:00,U2860,J,T552,186,0.83,INT,DOM,C,1.0,16A-T1,,
FR,7M8,ACE,2027-02-24 23:50:00,FR5594,J,FR,7M8,CIA,2027-02-25 07:15:00,FR5589,J,T553,197,0.88,INT,INT,C,1.0,406-T1,,
FR,7M8,BCN,2027-02-24 23:50:00,FR6267,J,FR,7M8,KUN,2027-02-25 06:25:00,FR2886,J,T554,197,0.88,INT,INT,C,1.0,15A-T1,,
FR,7M8,AGP,2027-02-24 23:55:00,FR5090,J,FR,7M8,BUD,2027-02-25 07:15:00,FR1017,J,T555,197,0.88,INT,INT,C,1.0,17-T1,,
NPT,73K,EMA,2027-02-25 02:25:00,NPT4N,M,NPT,73K,EMA,2027-02-25 22:55:00,NPT4S,M,T556,0,0.0,DOM,DOM,C,1.0,211-FRT,,
NPT,73K,EMA,2027-02-25 03:15:00,NPT5U,M,NPT,73K,EMA,2027-02-25 23:50:00,NPT5D,M,T557,0,0.0,DOM,DOM,C,1.0,208-FRT,,
D0,75C,LEJ,2027-02-25 06:05:00,D02134,F,D0,75C,LEJ,2027-02-25 20:10:00,D02135,F,T558,0,0.0,INT,INT,D,1.0,210-FRT,,
FX,73K,CDG,2027-02-25 06:05:00,FX4617,F,FX,73K,CDG,2027-02-25 20:05:00,FX4717,F,T559,0,0.0,INT,INT,C,1.0,Unallocated,,
MUK,76X,EMA,2027-02-25 06:30:00,MUK6566,F,MUK,76X,EMA,2027-02-25 20:10:00,MUK6565,F,T560,0,0.0,DOM,DOM,D,1.0,212-FRT,,
FR,73H,DUB,2027-02-25 07:05:00,FR814,J,FR,73H,BGY,2027-02-25 08:30:00,FR3646,J,T561,189,0.88,IRISH,INT,C,1.0,1A-T1,,
AY,E90,HEL,2027-02-25 07:25:00,AY1371,J,AY,E90,HEL,2027-02-25 08:10:00,AY1372,J,T562,100,0.66,INT,INT,C,1.0,20-T1,,
BA,32Q,LHR,2027-02-25 07:45:00,BA1438,J,BA,32Q,LHR,2027-02-25 08:35:00,BA1439,J,T563,220,0.75,DOM,DOM,C,0.5,4-T1,,
EA,AT7,BHD,2027-02-25 07:55:00,EA3650,J,EA,AT7,BHD,2027-02-25 08:25:00,EA3651,J,T564,72,0.82,NIRISH,NIRISH,C,1.0,5-T1,,
UA,75W,EWR,2027-02-25 07:55:00,UA36,J,UA,75W,EWR,2027-02-25 09:25:00,UA37,J,T565,176,0.92,INT,INT,D,1.0,18-T1,,
EA,AT7,DUB,2027-02-25 07:55:00,EA3250,J,EA,AT7,DUB,2027-02-25 08:30:00,EA3251,J,T566,72,0.82,IRISH,IRISH,C,1.0,1-T1,,
U2,319,LGW,2027-02-25 07:55:00,U2853,J,U2,319,LGW,2027-02-25 08:25:00,U2854,J,T567,156,0.83,DOM,DOM,C,1.0,6-T1,,
FR,73H,BGY,2027-02-25 08:05:00,FR3645,J,FR,73H,WMI,2027-02-25 08:35:00,FR4524,J,T568,189,0.88,INT,INT,C,1.0,15B-T1,,
FR,73H,WMI,2027-02-25 08:10:00,FR4525,J,FR,73H,PRG,2027-02-25 09:50:00,FR1054,J,T569,189,0.88,INT,INT,C,1.0,22-T1,,
EA,AT7,DUB,2027-02-25 08:30:00,EA3552,J,EA,AT7,DUB,2027-02-25 09:15:00,EA3553,J,T570,72,0.82,IRISH,IRISH,C,1.0,1B-T1,,
BA,32N,LHR,2027-02-25 08:30:00,BA1440,J,BA,32N,LHR,2027-02-25 09:20:00,BA1441,J,T571,180,0.75,DOM,DOM,C,0.5,20-T1,,
EC,32N,AMS,2027-02-25 08:35:00,EC7835,J,EC,32N,AMS,2027-02-25 09:05:00,EC7836,J,T572,186,0.85,INT,INT,C,1.0,16A-T1,,
KL,32Q,AMS,2027-02-25 08:40:00,KL923,J,KL,32Q,AMS,2027-02-25 09:30:00,KL924,J,T573,227,0.82,INT,INT,C,1.0,16B-T1,,
U2,32A,BRS,2027-02-25 08:55:00,U2211,J,U2,32A,BRS,2027-02-25 09:25:00,U2212,J,T574,186,0.83,DOM,DOM,C,1.0,15B-T1,,
EA,AT7,DUB,2027-02-25 08:55:00,EA3550,J,EA,AT7,DUB,2027-02-25 09:30:00,EA3551,J,T575,72,0.82,IRISH,IRISH,C,1.0,1-T1,,
U2,32A,BFS,2027-02-25 09:15:00,U2328,J,U2,32A,MUC,2027-02-25 09:45:00,U23263,J,T576,186,0.83,NIRISH,INT,C,1.0,1A-T1,,
DL,76W,JFK,2027-02-25 09:40:00,DL208,J,DL,76W,JFK,2027-02-25 11:35:00,DL209,J,T578,216,0.88,INT,INT,D,1.0,2-T1,,
TK,32Q,IST,2027-02-25 09:40:00,TK1343,J,TK,32Q,IST,2027-02-25 10:40:00,TK1344,J,T579,190,0.81,INT,INT,C,1.0,20-T1,,
BA,32N,LHR,2027-02-25 09:40:00,BA1442,J,BA,32N,LHR,2027-02-25 10:30:00,BA1443,J,T580,180,0.75,DOM,DOM,C,0.5,16A-T1,,
LM,AT7,KOI,2027-02-25 09:50:00,LM392,J,LM,AT7,SYY,2027-02-25 10:20:00,LM343,J,T581,72,0.56,DOM,DOM,C,1.0,17-T1,,
U2,32A,BHX,2027-02-25 09:55:00,U2338,J,U2,32A,STN,2027-02-25 10:25:00,U2311,J,T582,186,0.83,DOM,DOM,C,1.0,6-T1,,
LM,AT7,LSI,2027-02-25 10:15:00,LM352,J,LM,AT7,SOU,2027-02-25 13:00:00,LM325,J,T583,72,0.56,DOM,DOM,C,1.0,5-T1,,
FI,7M8,KEF,2027-02-25 10:20:00,FI434,J,FI,7M8,KEF,2027-02-25 11:20:00,FI435,J,T584,160,0.77,INT,INT,C,1.0,19-T1,,
RK,73H,STN,2027-02-25 10:20:00,RK8605,J,RK,73H,SDR,2027-02-25 10:45:00,RK5631,J,T585,189,0.86,DOM,INT,C,1.0,1B-T1,,
U2,32A,LTN,2027-02-25 10:20:00,U2302,J,U2,32A,CDG,2027-02-25 10:50:00,U23241,J,T586,186,0.83,DOM,INT,C,1.0,1-T1,,
U2,32A,STN,2027-02-25 10:20:00,U2310,J,U2,32A,LTN,2027-02-25 11:00:00,U2303,J,T587,186,0.83,DOM,DOM,C,1.0,1A-T1,,
AF,223,CDG,2027-02-25 10:30:00,AF1686,J,AF,223,CDG,2027-02-25 11:30:00,AF1687,J,T588,148,0.82,INT,INT,C,1.0,16B-T1,,
LM,AT7,SOU,2027-02-25 10:40:00,LM322,J,LM,AT7,EXT,2027-02-25 11:00:00,LM315,J,T589,72,0.56,DOM,DOM,C,1.0,3-T1,,
PC,32Q,SAW,2027-02-25 10:50:00,PC1187,J,PC,32Q,SAW,2027-02-25 11:55:00,PC1188,J,T590,239,0.89,INT,INT,C,1.0,16A-T1,,
U2,32N,CDG,2027-02-25 10:50:00,U23246,J,U2,32N,FUE,2027-02-25 11:30:00,U23207,J,T591,186,0.83,INT,INT,C,1.0,22-T1,,
A3,32N,ATH,2027-02-25 11:05:00,A3632,J,A3,32N,ATH,2027-02-25 11:55:00,A3633,J,T592,180,0.81,INT,INT,C,1.0,20-T1,,
U2,32N,LGW,2027-02-25 11:10:00,U2861,J,U2,32N,KRK,2027-02-25 12:00:00,U23313,J,T593,186,0.83,DOM,INT,C,1.0,6-T1,,
FR,320,VIE,2027-02-25 11:30:00,FR1624,J,FR,320,VIE,2027-02-25 11:55:00,FR1625,J,T594,180,0.88,INT,INT,C,1.0,15B-T1,,
EA,AT7,DUB,2027-02-25 11:40:00,EA3252,J,EA,AT7,DUB,2027-02-25 12:20:00,EA3253,J,T595,72,0.82,IRISH,IRISH,C,1.0,1B-T1,,
FR,7M8,GDN,2027-02-25 11:40:00,FR6123,J,FR,7M8,CRL,2027-02-25 12:15:00,FR7322,J,T596,197,0.88,INT,INT,C,1.0,17-T1,,
U2,32Q,KEF,2027-02-25 11:45:00,U23316,J,U2,32Q,TFS,2027-02-25 12:40:00,U23231,J,T597,235,0.83,INT,INT,C,1.0,19-T1,,
EA,AT7,BHD,2027-02-25 11:50:00,EA3652,J,EA,AT7,BHD,2027-02-25 12:20:00,EA3653,J,T598,72,0.82,NIRISH,NIRISH,C,1.0,1-T1,,
LH,32N,FRA,2027-02-25 11:55:00,LH960,J,LH,32N,FRA,2027-02-25 12:40:00,LH961,J,T599,172,0.82,INT,INT,C,1.0,16B-T1,,
U2,32A,GVA,2027-02-25 12:15:00,U23294,J,U2,319,LGW,2027-02-25 13:05:00,U2810,J,T600,186,0.83,INT,DOM,C,1.0,16A-T1,,
CJ,E90,LCY,2027-02-25 12:20:00,CJ8704,J,CJ,E90,LCY,2027-02-25 12:55:00,CJ8705,J,T601,106,0.7,DOM,DOM,C,0.5,2-T1,,
FR,73H,KRK,2027-02-25 12:20:00,FR6625,J,FR,73H,LPA,2027-02-25 14:40:00,FR6698,J,T602,189,0.88,INT,INT,C,1.0,1A-T1,,
FR,7M8,KUN,2027-02-25 12:30:00,FR2885,J,FR,7M8,POZ,2027-02-25 13:20:00,FR6618,J,T603,197,0.88,INT,INT,C,1.0,22-T1,,
KL,73H,AMS,2027-02-25 12:30:00,KL927,J,KL,73H,AMS,2027-02-25 13:25:00,KL928,J,T604,186,0.82,INT,INT,C,1.0,20-T1,,
QR,789,DOH,2027-02-25 12:35:00,QR29,J,QR,789,DOH,2027-02-25 14:05:00,QR30,J,T605,311,0.91,INT,INT,E,1.0,15-T1,,
U2,319,LGW,2027-02-25 12:35:00,U2809,J,U2,32A,PRG,2027-02-25 13:15:00,U22753,J,T606,156,0.83,DOM,INT,C,1.0,6-T1,,
BA,32N,LHR,2027-02-25 12:35:00,BA1446,J,BA,32N,LHR,2027-02-25 13:25:00,BA1447,J,T607,180,0.75,DOM,DOM,C,0.5,3-T1,,
EA,AT7,DUB,2027-02-25 12:40:00,EA3254,J,EA,AT7,DUB,2027-02-25 13:10:00,EA3255,J,T608,72,0.82,IRISH,IRISH,C,1.0,405-T1,,
U2,32A,BRS,2027-02-25 12:45:00,U2213,J,U2,32A,BHD,2027-02-25 13:35:00,U2343,J,T609,186,0.83,DOM,NIRISH,C,1.0,1-T1,,
DY,73H,OSL,2027-02-25 12:55:00,DY1640,J,DY,73H,OSL,2027-02-25 13:35:00,DY1641,J,T610,186,0.86,INT,INT,C,1.0,1B-T1,,
EC,319,BER,2027-02-25 12:55:00,EC5311,J,EC,319,BER,2027-02-25 13:35:00,EC5312,J,T611,156,0.85,INT,INT,C,1.0,17-T1,,
LM,AT7,SYY,2027-02-25 13:05:00,LM344,J,LM,AT7,LSI,2027-02-25 16:45:00,LM357,J,T612,72,0.56,DOM,DOM,C,1.0,35-T1,,
LS,73H,PRG,2027-02-25 13:05:00,LS3924,J,LS,73H,FCO,2027-02-26 06:45:00,LS3915,J,T613,189,0.9,INT,INT,C,0.8,406-T1,,
U2,32A,ALC,2027-02-25 13:15:00,U23206,J,U2,32A,CPH,2027-02-25 13:55:00,U23323,J,T614,186,0.83,INT,INT,C,1.0,19-T1,,
D8,7M8,ARN,2027-02-25 13:15:00,D84463,J,D8,7M8,ARN,2027-02-25 13:55:00,D84464,J,T615,189,0.87,INT,INT,C,1.0,2-T1,,
RK,73H,WRO,2027-02-25 13:30:00,RK1158,J,RK,73H,OTP,2027-02-25 14:20:00,RK5614,J,T616,189,0.86,INT,INT,C,1.0,16B-T1,,
FR,7M8,BUD,2027-02-25 13:35:00,FR1018,J,FR,7M8,DUB,2027-02-25 14:05:00,FR813,J,T617,197,0.88,INT,IRISH,C,1.0,16A-T1,,
U2,32A,STN,2027-02-25 13:35:00,U2312,J,U2,32A,STN,2027-02-25 14:25:00,U2313,J,T618,186,0.83,DOM,DOM,C,1.0,4-T1,,
EC,32A,LIN,2027-02-25 13:40:00,EC5421,J,EC,32A,BOD,2027-02-25 14:15:00,EC1840,J,T619,186,0.85,INT,INT,C,1.0,6-T1,,
EC,32A,BOD,2027-02-25 13:40:00,EC1839,J,EC,32A,LIN,2027-02-25 14:15:00,EC5422,J,T620,186,0.85,INT,INT,C,1.0,22-T1,,
LS,73H,ALC,2027-02-25 13:40:00,LS776,J,LS,73H,ACE,2027-02-26 09:10:00,LS705,J,T621,189,0.9,INT,INT,C,0.8,34-T1,,
FR,73H,BCN,2027-02-25 13:45:00,FR6275,J,FR,73H,ORK,2027-02-25 17:00:00,FR3732,J,T622,189,0.88,INT,IRISH,C,1.0,407-T1,,
FR,7M8,CIA,2027-02-25 13:50:00,FR5590,J,FR,7M8,MAD,2027-02-25 14:40:00,FR189,J,T623,197,0.88,INT,INT,C,1.0,20-T1,,
U2,32A,LTN,2027-02-25 13:55:00,U2304,J,U2,32A,ATH,2027-02-25 14:40:00,U23225,J,T624,186,0.83,DOM,INT,C,1.0,1-T1,,
U2,32Q,LIS,2027-02-25 14:10:00,U23322,J,U2,32Q,MAD,2027-02-25 15:05:00,U23209,J,T625,235,0.83,INT,INT,C,1.0,17-T1,,
BA,319,LHR,2027-02-25 14:20:00,BA1450,J,BA,319,LHR,2027-02-25 15:15:00,BA1451,J,T626,144,0.75,DOM,DOM,C,0.5,3-T1,,
U2,32A,MUC,2027-02-25 15:00:00,U23264,J,U2,32A,NBE,2027-02-25 15:45:00,U23329,J,T627,186,0.83,INT,INT,C,1.0,22-T1,,
RK,7M8,STN,2027-02-25 15:05:00,RK1273,J,RK,7M8,STN,2027-02-25 15:30:00,RK1274,J,T628,197,0.86,DOM,DOM,C,1.0,15A-T1,,
U2,32A,CDG,2027-02-25 15:05:00,U23244,J,U2,32A,LGW,2027-02-25 16:15:00,U2812,J,T629,186,0.83,INT,DOM,C,1.0,19-T1,,
LM,AT7,EXT,2027-02-25 15:10:00,LM316,J,LM,AT7,SOU,2027-02-25 17:40:00,LM329,J,T630,72,0.56,DOM,DOM,C,1.0,8-T1,,
TK,32Q,IST,2027-02-25 15:20:00,TK1345,J,TK,32Q,IST,2027-02-25 16:20:00,TK1346,J,T631,190,0.81,INT,INT,C,1.0,16A-T1,,
CJ,E90,LCY,2027-02-25 15:25:00,CJ8716,J,CJ,E90,LCY,2027-02-25 16:00:00,CJ8707,J,T632,106,0.7,DOM,DOM,C,0.5,5-T1,,
BA,32N,LHR,2027-02-25 15:30:00,BA1452,J,BA,32N,LHR,2027-02-25 16:20:00,BA1453,J,T633,180,0.75,DOM,DOM,C,0.5,1-T1,,
EA,AT7,DUB,2027-02-25 15:45:00,EA3256,J,EA,AT7,DUB,2027-02-25 16:15:00,EA3257,J,T634,72,0.82,IRISH,IRISH,C,1.0,1A-T1,,
U2,32A,LGW,2027-02-25 15:45:00,U2811,J,U2,32A,BRS,2027-02-25 16:30:00,U2216,J,T635,180,0.83,DOM,DOM,C,1.0,1B-T1,,
U2,32A,BHD,2027-02-25 15:50:00,U2344,J,U2,32A,GVA,2027-02-25 16:35:00,U23295,J,T636,186,0.83,NIRISH,INT,C,1.0,3-T1,,
FR,7M8,ACE,2027-02-25 15:55:00,FR5594,J,FR,7M8,ALC,2027-02-25 16:55:00,FR5579,J,T637,197,0.88,INT,INT,C,1.0,15B-T1,,
RK,73H,SDR,2027-02-25 15:55:00,RK5632,J,RK,73H,BFS,2027-02-25 16:25:00,RK179,J,T638,189,0.86,INT,NIRISH,C,1.0,20-T1,,
RK,73H,BFS,2027-02-25 16:00:00,RK178,J,RK,73H,BGY,2027-02-25 16:45:00,RK3658,J,T639,189,0.86,NIRISH,INT,C,1.0,4-T1,,
U2,32A,BRS,2027-02-25 16:00:00,U2215,J,U2,32A,BHX,2027-02-25 16:45:00,U26642,J,T640,186,0.83,DOM,DOM,C,1.0,2-T1,,
AF,223,CDG,2027-02-25 16:05:00,AF1486,J,AF,223,CDG,2027-02-25 17:00:00,AF1487,J,T641,148,0.82,INT,INT,C,1.0,15A-T1,,
FR,7M8,CRL,2027-02-25 16:05:00,FR7323,J,FR,7M8,NAP,2027-02-25 17:00:00,FR7409,J,T642,197,0.88,INT,INT,C,1.0,22-T1,,
KL,32Q,AMS,2027-02-25 16:05:00,KL931,J,KL,32Q,AMS,2027-02-25 17:00:00,KL932,J,T643,227,0.82,INT,INT,C,1.0,16B-T1,,
U2,32A,BHX,2027-02-25 16:10:00,U26641,J,U2,32A,TOS,2027-02-25 17:25:00,U23215,J,T644,186,0.83,DOM,INT,C,1.0,6-T1,,
FR,7M8,TFS,2027-02-25 16:15:00,FR2970,J,FR,7M8,CIA,2027-02-25 17:20:00,FR5739,J,T645,197,0.88,INT,INT,C,1.0,17-T1,,
EA,AT7,BHD,2027-02-25 16:20:00,EA3656,J,EA,AT7,BHD,2027-02-25 16:50:00,EA3657,J,T646,72,0.82,NIRISH,NIRISH,C,1.0,5-T1,,
FR,73H,ORK,2027-02-25 16:35:00,FR3731,J,FR,73H,DUB,2027-02-25 20:05:00,FR809,J,T647,189,0.88,IRISH,IRISH,C,1.0,1A-T1,,
FR,7M8,DUB,2027-02-25 16:40:00,FR812,J,FR,7M8,AGP,2027-02-25 17:30:00,FR5091,J,T648,197,0.88,IRISH,INT,C,1.0,1-T1,,
EA,AT7,DUB,2027-02-25 16:50:00,EA3554,J,EA,AT7,DUB,2027-02-25 17:20:00,EA3555,J,T649,72,0.82,IRISH,IRISH,C,1.0,1B-T1,,
LM,AT7,SOU,2027-02-25 17:00:00,LM326,J,LM,AT7,KOI,2027-02-25 17:20:00,LM397,J,T650,72,0.56,DOM,DOM,C,1.0,20-T1,,
CJ,E90,LCY,2027-02-25 17:00:00,CJ8706,J,CJ,E90,LCY,2027-02-25 17:35:00,CJ8709,J,T651,106,0.7,DOM,DOM,C,0.5,3-T1,,
U2,32A,STN,2027-02-25 17:30:00,U2314,J,U2,32A,BFS,2027-02-25 18:20:00,U2333,J,T652,186,0.83,DOM,NIRISH,C,1.0,15A-T1,,
BA,320,LHR,2027-02-25 17:30:00,BA1454,J,BA,320,LHR,2027-02-25 18:15:00,BA1455,J,T653,180,0.75,DOM,DOM,C,0.5,4-T1,,
AY,E90,HEL,2027-02-25 17:50:00,AY1373,J,AY,E90,HEL,2027-02-25 18:35:00,AY1374,J,T654,100,0.66,INT,INT,C,1.0,20-T1,,
EC,319,BCN,2027-02-25 17:50:00,EC7199,J,EC,319,BCN,2027-02-25 18:25:00,EC7200,J,T655,156,0.85,INT,INT,C,1.0,16A-T1,,
U2,32N,KRK,2027-02-25 18:10:00,U23314,J,U2,32N,STN,2027-02-25 18:40:00,U2317,J,T657,186,0.83,INT,DOM,C,1.0,15B-T1,,
U2,32A,CPH,2027-02-25 18:15:00,U23324,J,U2,32A,BHX,2027-02-25 18:45:00,U2339,J,T658,186,0.83,INT,DOM,C,1.0,6-T1,,
SK,319,CPH,2027-02-25 18:25:00,SK2513,J,SK,319,CPH,2027-02-25 19:10:00,SK2514,J,T659,150,0.82,INT,INT,C,1.0,16B-T1,,
U2,32A,PRG,2027-02-25 18:30:00,U22754,J,U2,32A,BRS,2027-02-25 19:00:00,U2214,J,T660,186,0.83,INT,DOM,C,1.0,1-T1,,
BA,320,LHR,2027-02-25 18:30:00,BA1456,J,BA,320,LHR,2027-02-25 19:20:00,BA1457,J,T661,180,0.75,DOM,DOM,C,0.5,2-T1,,
LS,32Q,TFS,2027-02-25 18:35:00,LS728,J,LS,32Q,TFS,2027-02-26 07:30:00,LS739,J,T662,232,0.9,INT,INT,C,0.8,3-T1,,
EC,32Q,CDG,2027-02-25 18:35:00,EC4693,J,EC,32Q,CDG,2027-02-25 19:20:00,EC4694,J,T663,235,0.85,INT,INT,C,1.0,22-T1,,
FR,7M8,POZ,2027-02-25 18:35:00,FR6619,J,FR,7M8,CPH,2027-02-25 19:00:00,FR2674,J,T664,197,0.88,INT,INT,C,1.0,1B-T1,,
EC,319,AMS,2027-02-25 18:50:00,EC7837,J,EC,319,AMS,2027-02-25 19:25:00,EC7838,J,T666,156,0.85,INT,INT,C,1.0,16A-T1,,
EK,359,DXB,2027-02-25 18:55:00,EK23,J,EK,359,DXB,2027-02-25 20:50:00,EK24,J,T668,312,0.76,INT,INT,E,1.0,18-T1,,
D8,73H,CPH,2027-02-25 18:55:00,D83502,J,D8,73H,CPH,2027-02-25 19:40:00,D83503,J,T670,186,0.87,INT,INT,C,1.0,20-T1,,
CJ,E90,LCY,2027-02-25 19:25:00,CJ8708,J,CJ,E90,LCY,2027-02-25 20:00:00,CJ8719,J,T672,106,0.7,DOM,DOM,C,0.5,1-T1,,
EA,AT7,BHD,2027-02-25 19:30:00,EA3658,J,EA,AT7,BHD,2027-02-25 20:00:00,EA3659,J,T673,72,0.82,NIRISH,NIRISH,C,1.0,16B-T1,,
U2,319,BFS,2027-02-25 19:30:00,U253,J,U2,319,BFS,2027-02-25 20:00:00,U254,J,T674,156,0.83,NIRISH,NIRISH,C,1.0,6-T1,,
BA,32Q,LHR,2027-02-25 19:50:00,BA1460,J,BA,32Q,LHR,2027-02-26 06:20:00,BA1461,J,T675,220,0.75,DOM,DOM,C,0.5,2-T1,,
RK,73H,STN,2027-02-25 19:50:00,RK596,J,RK,73H,STN,2027-02-25 20:15:00,RK597,J,T676,189,0.86,DOM,DOM,C,1.0,22-T1,,
KL,E7W,AMS,2027-02-25 20:00:00,KL929,J,KL,E7W,AMS,2027-02-25 20:30:00,KL930,J,T677,88,0.82,INT,INT,C,1.0,16A-T1,,
U2,319,LTN,2027-02-25 20:00:00,U2605,J,U2,319,LTN,2027-02-25 20:40:00,U2606,J,T678,156,0.83,DOM,DOM,C,1.0,4-T1,,
LM,AT7,LSI,2027-02-25 20:10:00,LM356,J,LM,AT7,SOU,2027-02-26 06:40:00,LM321,J,T679,72,0.56,DOM,DOM,C,1.0,5-T1,,
LM,AT7,KOI,2027-02-25 20:10:00,LM398,J,LM,AT7,LSI,2027-02-26 06:50:00,LM353,J,T680,72,0.56,DOM,DOM,C,1.0,100-T1,,
U2,32Q,LGW,2027-02-25 20:15:00,U2815,J,U2,32A,LGW,2027-02-25 20:45:00,U2816,J,T681,235,0.83,DOM,DOM,C,1.0,20-T1,,
EA,AT7,DUB,2027-02-25 20:15:00,EA3258,J,EA,AT7,DUB,2027-02-25 20:45:00,EA3259,J,T682,72,0.82,IRISH,IRISH,C,1.0,1B-T1,,
U2,32A,BFS,2027-02-25 20:35:00,U2334,J,U2,32N,SEN,2027-02-25 21:15:00,U2984,J,T684,186,0.83,NIRISH,DOM,C,1.0,22-T1,,
U2,32N,SEN,2027-02-25 20:40:00,U2983,J,U2,32A,BRS,2027-02-25 21:30:00,U2218,J,T685,186,0.83,DOM,DOM,C,1.0,15A-T1,,
U2,32A,BRS,2027-02-25 21:00:00,U2217,J,U2,32A,NCE,2027-02-26 06:00:00,U23251,J,T687,186,0.83,DOM,INT,C,1.0,4-T1,,
U2,32A,BHX,2027-02-25 21:30:00,U2340,J,U2,32Q,KRK,2027-02-26 06:20:00,U23313,J,T689,186,0.83,DOM,INT,C,1.0,1A-T1,,
LM,AT7,SOU,2027-02-25 21:40:00,LM328,J,LM,AT7,KOI,2027-02-26 07:00:00,LM391,J,T690,72,0.56,DOM,DOM,C,1.0,310-T1,,
U2,32N,STN,2027-02-25 21:45:00,U2318,J,U2,32A,BHX,2027-02-26 06:25:00,U2337,J,T691,186,0.83,DOM,DOM,C,1.0,6-T1,,
CJ,E90,LCY,2027-02-25 21:45:00,CJ8718,J,CJ,E90,LCY,2027-02-26 09:30:00,CJ8713,J,T693,106,0.7,DOM,DOM,C,0.5,35-T1,,
RK,73H,OTP,2027-02-25 22:00:00,RK5615,J,RK,73H,STN,2027-02-26 06:45:00,RK8604,J,T695,189,0.86,INT,DOM,C,1.0,103-T1,,
U2,32A,GVA,2027-02-25 22:05:00,U23296,J,U2,32Q,PRG,2027-02-26 06:45:00,U23325,J,T696,186,0.83,INT,INT,C,1.0,106-T1,,
U2,32Q,MAD,2027-02-25 22:10:00,U23210,J,U2,32A,RAK,2027-02-26 07:00:00,U23223,J,T697,235,0.83,INT,INT,C,1.0,22-T1,,
AF,223,CDG,2027-02-25 22:15:00,AF1886,J,AF,223,CDG,2027-02-26 05:50:00,AF1887,J,T699,148,0.82,INT,INT,C,1.0,19-T1,,
FR,73H,DUB,2027-02-25 22:40:00,FR808,J,FR,73H,PRG,2027-02-26 06:10:00,FR1054,J,T700,189,0.88,IRISH,INT,C,1.0,1B-T1,,
U2,32Q,TFS,2027-02-25 23:10:00,U23232,J,U2,32A,BFS,2027-02-26 07:00:00,U2325,J,T701,235,0.83,INT,NIRISH,C,1.0,16A-T1,,
FR,7M8,CPH,2027-02-25 23:15:00,FR2675,J,FR,7M8,GDN,2027-02-26 05:50:00,FR6124,J,T703,197,0.88,INT,INT,C,1.0,17-T1,,
U2,32A,ATH,2027-02-25 23:50:00,U23226,J,U2,32A,LTN,2027-02-26 07:15:00,U2301,J,T705,186,0.83,INT,DOM,C,1.0,33-T1,,
FR,7M8,ALC,2027-02-25 23:50:00,FR5581,J,FR,7M8,BUD,2027-02-26 06:05:00,FR1017,J,T706,197,0.88,INT,INT,C,1.0,20-T1,,
U2,32A,NBE,2027-02-25 23:55:00,U23330,J,U2,32N,STN,2027-02-26 07:20:00,U2309,J,T707,186,0.83,INT,DOM,C,1.0,8-T1,,
FR,7M8,CIA,2027-02-25 23:55:00,FR5740,J,FR,7M8,LIS,2027-02-26 06:25:00,FR479,J,T709,197,0.88,INT,INT,C,1.0,7-T1,,
FR,73H,LPA,2027-02-26 00:45:00,FR6697,J,FR,73H,BCN,2027-02-26 07:05:00,FR6266,J,T711,189,0.88,INT,INT,C,1.0,16B-T1,,
NPT,73K,EMA,2027-02-26 02:25:00,NPT4N,M,NPT,73K,EMA,2027-02-26 22:55:00,NPT4S,M,T713,0,0.0,DOM,DOM,C,1.0,211-FRT,,
NPT,73K,EMA,2027-02-26 03:15:00,NPT5U,M,NPT,73K,EMA,2027-02-26 23:50:00,NPT5D,M,T714,0,0.0,DOM,DOM,C,1.0,208-FRT,,
QR,789,DOH,2027-02-26 06:00:00,QR31,J,QR,789,DOH,2027-02-26 07:30:00,QR32,J,T715,311,0.91,INT,INT,E,1.0,15-T1,,
D0,75C,LEJ,2027-02-26 06:05:00,D02134,F,D0,75C,LEJ,2027-02-26 20:45:00,D02135,F,T716,0,0.0,INT,INT,D,1.0,212-FRT,,
FX,73K,CDG,2027-02-26 06:05:00,FX4617,F,FX,73K,CDG,2027-03-01 20:05:00,FX4717,F,T717,0,0.0,INT,INT,C,1.0,Unallocated,,
MUK,76X,EMA,2027-02-26 06:30:00,MUK6566,F,MUK,76X,EMA,2027-02-26 20:10:00,MUK6565,F,T718,0,0.0,DOM,DOM,D,1.0,210-FRT,,
HU,333,PEK,2027-02-26 06:35:00,HU407,J,HU,333,PEK,2027-02-26 10:50:00,HU408,J,T719,292,0.89,INT,INT,E,1.0,18-T1,,
BA,32N,LHR,2027-02-26 07:30:00,BA1438,J,BA,32N,LHR,2027-02-26 08:25:00,BA1439,J,T720,180,0.75,DOM,DOM,C,0.5,16A-T1,,
U2,32N,BRS,2027-02-26 07:40:00,U2211,J,U2,32N,BRS,2027-02-26 08:20:00,U2212,J,T721,186,0.83,DOM,DOM,C,1.0,16B-T1,,
U2,32Q,LGW,2027-02-26 07:45:00,U2853,J,U2,32Q,LGW,2027-02-26 08:30:00,U2854,J,T722,235,0.83,DOM,DOM,C,1.0,6-T1,,
UA,75W,EWR,2027-02-26 07:55:00,UA36,J,UA,75W,EWR,2027-02-26 09:25:00,UA37,J,T723,176,0.92,INT,INT,D,1.0,3-T1,,
EA,AT7,DUB,2027-02-26 07:55:00,EA3250,J,EA,AT7,BHD,2027-02-26 08:25:00,EA3651,J,T724,72,0.82,IRISH,NIRISH,C,1.0,1A-T1,,
EA,AT7,BHD,2027-02-26 07:55:00,EA3650,J,EA,AT7,DUB,2027-02-26 08:30:00,EA3251,J,T725,72,0.82,NIRISH,IRISH,C,1.0,22-T1,,
FR,7M8,WMI,2027-02-26 08:00:00,FR4525,J,FR,7M8,WMI,2027-02-26 08:25:00,FR4524,J,T726,197,0.88,INT,INT,C,1.0,20-T1,,
EC,32Q,CDG,2027-02-26 08:10:00,EC4693,J,EC,32Q,CDG,2027-02-26 08:50:00,EC4694,J,T727,235,0.85,INT,INT,C,1.0,15B-T1,,
FR,73H,SNN,2027-02-26 08:20:00,FR1676,J,FR,73H,SNN,2027-02-26 08:45:00,FR1677,J,T728,189,0.88,IRISH,IRISH,C,1.0,1-T1,,
EA,AT7,DUB,2027-02-26 08:30:00,EA3552,J,EA,AT7,DUB,2027-02-26 09:15:00,EA3553,J,T729,72,0.82,IRISH,IRISH,C,1.0,5-T1,,
FR,7M8,AGP,2027-02-26 08:35:00,FR5090,J,FR,7M8,AGP,2027-02-26 09:00:00,FR5091,J,T730,197,0.88,INT,INT,C,1.0,15A-T1,,
FR,73H,DUB,2027-02-26 08:40:00,FR818,J,FR,73H,ORK,2027-02-26 09:05:00,FR3740,J,T731,189,0.88,IRISH,IRISH,C,1.0,1B-T1,,
KL,32Q,AMS,2027-02-26 08:40:00,KL923,J,KL,32Q,AMS,2027-02-26 09:30:00,KL924,J,T732,227,0.82,INT,INT,C,1.0,16B-T1,,
EC,319,AMS,2027-02-26 08:50:00,EC7835,J,EC,319,AMS,2027-02-26 09:20:00,EC7836,J,T733,156,0.85,INT,INT,C,1.0,20-T1,,
EA,AT7,DUB,2027-02-26 08:55:00,EA3550,J,EA,AT7,DUB,2027-02-26 09:30:00,EA3551,J,T734,72,0.82,IRISH,IRISH,C,1.0,1A-T1,,
BA,320,LHR,2027-02-26 09:00:00,BA1440,J,BA,320,LHR,2027-02-26 09:55:00,BA1441,J,T735,180,0.75,DOM,DOM,C,0.5,16A-T1,,
FR,73H,BGY,2027-02-26 09:00:00,FR3645,J,FR,73H,BGY,2027-02-26 09:25:00,FR3646,J,T736,189,0.88,INT,INT,C,1.0,22-T1,,
U2,32A,BHX,2027-02-26 09:10:00,U2338,J,U2,32A,CPH,2027-02-26 09:45:00,U23323,J,T737,186,0.83,DOM,INT,C,1.0,2-T1,,
U2,32A,BFS,2027-02-26 09:15:00,U2326,J,U2,32A,GVA,2027-02-26 09:55:00,U23293,J,T738,186,0.83,NIRISH,INT,C,1.0,6-T1,,
EC,319,BCN,2027-02-26 09:15:00,EC7199,J,EC,319,BCN,2027-02-26 09:45:00,EC7200,J,T739,156,0.85,INT,INT,C,1.0,15B-T1,,
LM,AT7,IOM,2027-02-26 09:20:00,LM314,J,LM,AT7,IOM,2027-02-26 09:50:00,LM313,J,T740,72,0.56,INT,INT,C,1.0,15A-T1,,
TK,32Q,IST,2027-02-26 09:40:00,TK1343,J,TK,32Q,IST,2027-02-26 10:40:00,TK1344,J,T741,190,0.81,INT,INT,C,1.0,20-T1,,
LM,AT7,KOI,2027-02-26 09:50:00,LM392,J,LM,AT7,SYY,2027-02-26 10:20:00,LM343,J,T742,72,0.56,DOM,DOM,C,1.0,1A-T1,,
RK,73H,STN,2027-02-26 09:55:00,RK8605,J,RK,73H,STN,2027-02-26 10:20:00,RK9816,J,T743,189,0.86,DOM,DOM,C,1.0,4-T1,,
U2,32N,BRS,2027-02-26 10:05:00,U2213,J,U2,32N,ZRH,2027-02-26 10:35:00,U22755,J,T744,186,0.83,DOM,INT,C,1.0,2-T1,,
LM,AT7,LSI,2027-02-26 10:15:00,LM352,J,LM,AT7,SOU,2027-02-26 13:00:00,LM325,J,T745,72,0.56,DOM,DOM,C,1.0,5-T1,,
U2,32A,LTN,2027-02-26 10:20:00,U2302,J,U2,32A,CDG,2027-02-26 10:50:00,U23245,J,T746,186,0.83,DOM,INT,C,1.0,1B-T1,,
SN,319,BRU,2027-02-26 10:20:00,SN2063,J,SN,319,BRU,2027-02-26 11:10:00,SN2064,J,T747,141,0.75,INT,INT,C,1.0,16A-T1,,
BA,319,LHR,2027-02-26 10:25:00,BA1442,J,BA,319,LHR,2027-02-26 11:30:00,BA1443,J,T748,144,0.75,DOM,DOM,C,0.5,3-T1,,
FR,7M8,CRL,2027-02-26 10:25:00,FR7323,J,FR,7M8,BER,2027-02-26 10:50:00,FR2376,J,T749,197,0.88,INT,INT,C,1.0,15B-T1,,
AF,223,CDG,2027-02-26 10:30:00,AF1686,J,AF,223,CDG,2027-02-26 11:30:00,AF1687,J,T750,148,0.82,INT,INT,C,1.0,16B-T1,,
U2,32N,STN,2027-02-26 10:35:00,U2310,J,U2,32N,HRG,2027-02-26 11:25:00,U23319,J,T751,186,0.83,DOM,INT,C,1.0,6-T1,,
LM,AT7,SOU,2027-02-26 10:40:00,LM322,J,LM,AT7,EXT,2027-02-26 11:00:00,LM315,J,T752,72,0.56,DOM,DOM,C,1.0,22-T1,,
PC,32Q,SAW,2027-02-26 10:50:00,PC1187,J,PC,32Q,SAW,2027-02-26 11:55:00,PC1188,J,T753,239,0.89,INT,INT,C,1.0,15A-T1,,
CJ,E90,LCY,2027-02-26 11:00:00,CJ8700,J,CJ,E90,LCY,2027-02-26 11:50:00,CJ8703,J,T754,106,0.7,DOM,DOM,C,0.5,2-T1,,
U2,32N,BHX,2027-02-26 11:00:00,U26641,J,U2,32N,BHX,2027-02-26 11:35:00,U26642,J,T755,186,0.83,DOM,DOM,C,1.0,1-T1,,
FR,7M8,GDN,2027-02-26 11:10:00,FR6123,J,FR,7M8,TFS,2027-02-26 12:05:00,FR2969,J,T756,197,0.88,INT,INT,C,1.0,20-T1,,
U2,32A,LGW,2027-02-26 11:15:00,U2807,J,U2,32A,STN,2027-02-26 11:55:00,U2311,J,T757,186,0.83,DOM,DOM,C,1.0,17-T1,,
FR,73H,PRG,2027-02-26 11:20:00,FR1053,J,FR,73H,DUB,2027-02-26 11:45:00,FR817,J,T758,189,0.88,INT,IRISH,C,1.0,19-T1,,
U2,32A,BFS,2027-02-26 11:35:00,U251,J,U2,32A,BFS,2027-02-26 12:05:00,U252,J,T759,186,0.83,NIRISH,NIRISH,C,1.0,1B-T1,,
EA,AT7,DUB,2027-02-26 11:40:00,EA3252,J,EA,AT7,BHD,2027-02-26 12:20:00,EA3653,J,T760,72,0.82,IRISH,NIRISH,C,1.0,1A-T1,,
EC,319,CDG,2027-02-26 11:45:00,EC4615,J,EC,319,CDG,2027-02-26 12:15:00,EC4616,J,T761,156,0.85,INT,INT,C,1.0,16A-T1,,
U2,32A,GVA,2027-02-26 11:45:00,U23292,J,U2,32A,LTN,2027-02-26 12:45:00,U2303,J,T762,186,0.83,INT,DOM,C,1.0,15B-T1,,
EA,AT7,BHD,2027-02-26 11:50:00,EA3652,J,EA,AT7,DUB,2027-02-26 12:20:00,EA3253,J,T763,72,0.82,NIRISH,IRISH,C,1.0,22-T1,,
LH,32N,FRA,2027-02-26 11:55:00,LH960,J,LH,32N,FRA,2027-02-26 12:40:00,LH961,J,T764,172,0.82,INT,INT,C,1.0,4-T1,,
U2,32A,NCE,2027-02-26 12:00:00,U23252,J,U2,32Q,BER,2027-02-26 12:55:00,U23261,J,T765,186,0.83,INT,INT,C,1.0,16B-T1,,
U2,32Q,PRG,2027-02-26 12:10:00,U23326,J,U2,32N,TFS,2027-02-26 12:55:00,U23231,J,T766,235,0.83,INT,INT,C,1.0,2-T1,,
FR,73H,ORK,2027-02-26 12:10:00,FR3731,J,FR,73H,CRL,2027-02-26 13:05:00,FR7352,J,T767,189,0.88,IRISH,INT,C,1.0,1-T1,,
FR,7M8,MAD,2027-02-26 12:15:00,FR188,J,FR,7M8,VCE,2027-02-26 13:10:00,FR1652,J,T768,197,0.88,INT,INT,C,1.0,15A-T1,,
CJ,E90,LCY,2027-02-26 12:20:00,CJ8704,J,CJ,E90,LCY,2027-02-26 12:55:00,CJ8705,J,T769,106,0.7,DOM,DOM,C,0.5,106-T1,,
FR,7M8,BUD,2027-02-26 12:25:00,FR1018,J,FR,7M8,DUB,2027-02-26 13:15:00,FR809,J,T770,197,0.88,INT,IRISH,C,1.0,1B-T1,,
KL,73H,AMS,2027-02-26 12:30:00,KL927,J,KL,73H,AMS,2027-02-26 13:25:00,KL928,J,T771,186,0.82,INT,INT,C,1.0,20-T1,,
LG,295,LUX,2027-02-26 12:35:00,LG4731,J,LG,295,LUX,2027-02-26 13:25:00,LG4732,J,T772,136,0.83,INT,INT,C,1.0,16A-T1,,
QR,789,DOH,2027-02-26 12:35:00,QR29,J,QR,789,DOH,2027-02-26 14:05:00,QR30,J,T773,311,0.91,INT,INT,E,1.0,18-T1,,
U2,32Q,KRK,2027-02-26 12:40:00,U23314,J,U2,32A,LGW,2027-02-26 13:20:00,U2810,J,T774,235,0.83,INT,DOM,C,1.0,1A-T1,,
EA,AT7,DUB,2027-02-26 12:40:00,EA3254,J,EA,AT7,DUB,2027-02-26 13:10:00,EA3255,J,T775,72,0.82,IRISH,IRISH,C,1.0,102-T1,,
BA,32Q,LHR,2027-02-26 12:45:00,BA1446,J,BA,32Q,LHR,2027-02-26 13:35:00,BA1447,J,T776,220,0.75,DOM,DOM,C,0.5,3-T1,,
U2,32A,LGW,2027-02-26 12:50:00,U2809,J,U2,32A,MAD,2027-02-26 13:50:00,U23209,J,T777,180,0.83,DOM,INT,C,1.0,6-T1,,
DY,73H,OSL,2027-02-26 12:55:00,DY1640,J,DY,73H,OSL,2027-02-26 13:35:00,DY1641,J,T778,186,0.86,INT,INT,C,1.0,22-T1,,
LM,AT7,SYY,2027-02-26 13:05:00,LM344,J,LM,AT7,LSI,2027-02-26 16:45:00,LM357,J,T779,72,0.56,DOM,DOM,C,1.0,405-T1,,
FR,73H,BCN,2027-02-26 13:15:00,FR6267,J,FR,73H,POZ,2027-02-26 14:05:00,FR6618,J,T780,189,0.88,INT,INT,C,1.0,16B-T1,,
FR,7M8,LIS,2027-02-26 13:15:00,FR478,J,FR,7M8,BVA,2027-02-26 14:05:00,FR5591,J,T781,197,0.88,INT,INT,C,1.0,2-T1,,
RK,73H,STN,2027-02-26 13:30:00,RK9817,J,RK,73H,BOH,2027-02-26 15:10:00,RK1133,J,T782,189,0.86,DOM,DOM,C,1.0,4-T1,,
LS,73H,FCO,2027-02-26 13:35:00,LS3916,J,LS,73H,PMI,2027-02-26 14:35:00,LS717,J,T783,189,0.9,INT,INT,C,0.8,15A-T1,,
EC,32A,LIN,2027-02-26 13:40:00,EC5421,J,EC,32A,LIN,2027-02-26 14:15:00,EC5422,J,T784,186,0.85,INT,INT,C,1.0,1A-T1,,
EC,319,MXP,2027-02-26 13:50:00,EC3933,J,EC,319,MXP,2027-02-26 14:25:00,EC3934,J,T785,156,0.85,INT,INT,C,1.0,15B-T1,,
EC,32A,CDG,2027-02-26 13:55:00,EC4689,J,EC,32A,CDG,2027-02-26 14:30:00,EC4690,J,T786,186,0.85,INT,INT,C,1.0,1-T1,,
BA,32N,LHR,2027-02-26 14:00:00,BA1448,J,BA,32N,LHR,2027-02-26 14:50:00,BA1449,J,T787,180,0.75,DOM,DOM,C,0.5,3-T1,,
U2,32A,CPH,2027-02-26 14:05:00,U23324,J,U2,32N,BRS,2027-02-26 14:40:00,U2216,J,T788,186,0.83,INT,DOM,C,1.0,16A-T1,,
U2,32N,BRS,2027-02-26 14:10:00,U2215,J,U2,32A,STN,2027-02-26 14:45:00,U2315,J,T789,186,0.83,DOM,DOM,C,1.0,6-T1,,
EC,32N,AMS,2027-02-26 14:10:00,EC7837,J,EC,32N,AMS,2027-02-26 14:45:00,EC7838,J,T790,186,0.85,INT,INT,C,1.0,22-T1,,
DS,32A,BSL,2027-02-26 14:15:00,DS1231,J,DS,32A,BSL,2027-02-26 14:45:00,DS1232,J,T791,186,0.86,INT,INT,C,1.0,20-T1,,
FR,73H,DUB,2027-02-26 14:20:00,FR816,J,FR,73H,NOC,2027-02-26 15:10:00,FR890,J,T792,189,0.88,IRISH,IRISH,C,1.0,1B-T1,,
FR,7M8,ALC,2027-02-26 14:30:00,FR5578,J,FR,7M8,DUB,2027-02-26 15:20:00,FR813,J,T793,197,0.88,INT,IRISH,C,1.0,16B-T1,,
U2,32A,BFS,2027-02-26 15:00:00,U253,J,U2,32A,BFS,2027-02-26 15:30:00,U254,J,T794,186,0.83,NIRISH,NIRISH,C,1.0,15A-T1,,
U2,32A,GVA,2027-02-26 15:10:00,U23294,J,U2,32A,LDY,2027-02-26 16:00:00,U2307,J,T795,186,0.83,INT,DOM,C,1.0,17-T1,,
LM,AT7,EXT,2027-02-26 15:10:00,LM316,J,LM,AT7,SOU,2027-02-26 17:40:00,LM329,J,T796,72,0.56,DOM,DOM,C,1.0,5-T1,,
U2,32A,STN,2027-02-26 15:15:00,U2312,J,U2,32A,BHX,2027-02-26 16:05:00,U2341,J,T797,186,0.83,DOM,DOM,C,1.0,6-T1,,
U2,32A,CDG,2027-02-26 15:15:00,U23244,J,U2,32N,BRS,2027-02-26 16:05:00,U2214,J,T798,186,0.83,INT,DOM,C,1.0,20-T1,,
CJ,E90,LCY,2027-02-26 15:25:00,CJ8716,J,CJ,E90,LCY,2027-02-26 16:00:00,CJ8707,J,T799,106,0.7,DOM,DOM,C,0.5,3-T1,,
U2,32N,ZRH,2027-02-26 15:35:00,U22756,J,U2,32A,STN,2027-02-26 16:10:00,U2313,J,T800,186,0.83,INT,DOM,C,1.0,22-T1,,
FR,7M8,BER,2027-02-26 15:35:00,FR2377,J,FR,7M8,VIE,2027-02-26 16:15:00,FR1625,J,T801,197,0.88,INT,INT,C,1.0,16A-T1,,
RK,73H,AGA,2027-02-26 15:40:00,RK860,J,RK,73H,BFS,2027-02-26 16:10:00,RK179,J,T802,189,0.86,INT,NIRISH,C,1.0,19-T1,,
RK,73H,BFS,2027-02-26 15:45:00,RK178,J,RK,73H,STN,2027-02-26 17:05:00,RK597,J,T803,189,0.86,NIRISH,DOM,C,1.0,4-T1,,
EA,AT7,DUB,2027-02-26 15:45:00,EA3256,J,EA,AT7,DUB,2027-02-26 16:15:00,EA3257,J,T804,72,0.82,IRISH,IRISH,C,1.0,1-T1,,
U2,32A,LTN,2027-02-26 15:50:00,U2304,J,U2,32A,BHD,2027-02-26 16:35:00,U2343,J,T805,186,0.83,DOM,NIRISH,C,1.0,1A-T1,,
FR,7M8,DUB,2027-02-26 15:50:00,FR808,J,FR,7M8,MLA,2027-02-26 16:25:00,FR6695,J,T806,197,0.88,IRISH,INT,C,1.0,1B-T1,,
U2,32A,RAK,2027-02-26 15:55:00,U23266,J,U2,32A,GVA,2027-02-26 16:45:00,U23295,J,T807,186,0.83,INT,INT,C,1.0,15B-T1,,
U2,319,LGW,2027-02-26 15:55:00,U2811,J,U2,319,LGW,2027-02-26 16:45:00,U2812,J,T808,156,0.83,DOM,DOM,C,1.0,2-T1,,
KL,32Q,AMS,2027-02-26 16:05:00,KL931,J,KL,32Q,AMS,2027-02-26 17:00:00,KL932,J,T809,227,0.82,INT,INT,C,1.0,15A-T1,,
AF,223,CDG,2027-02-26 16:05:00,AF1486,J,AF,223,CDG,2027-02-26 17:00:00,AF1487,J,T810,148,0.82,INT,INT,C,1.0,16B-T1,,
EA,AT7,BHD,2027-02-26 16:20:00,EA3656,J,EA,AT7,BHD,2027-02-26 16:50:00,EA3657,J,T811,72,0.82,NIRISH,NIRISH,C,1.0,17-T1,,
BA,32Q,LHR,2027-02-26 16:30:00,BA1452,J,BA,32Q,LHR,2027-02-26 17:20:00,BA1453,J,T812,220,0.75,DOM,DOM,C,0.5,3-T1,,
EA,AT7,DUB,2027-02-26 16:50:00,EA3554,J,EA,AT7,DUB,2027-02-26 17:20:00,EA3555,J,T813,72,0.82,IRISH,IRISH,C,1.0,1-T1,,
FR,73H,CRL,2027-02-26 16:55:00,FR7353,J,FR,73H,MXP,2027-02-26 17:20:00,FR7052,J,T814,189,0.88,INT,INT,C,1.0,22-T1,,
LM,AT7,SOU,2027-02-26 17:00:00,LM326,J,LM,AT7,KOI,2027-02-26 17:20:00,LM397,J,T815,72,0.56,DOM,DOM,C,1.0,1A-T1,,
FR,7M8,CIA,2027-02-26 17:10:00,FR5590,J,FR,7M8,CIA,2027-02-26 17:35:00,FR5589,J,T816,197,0.88,INT,INT,C,1.0,15B-T1,,
U2,32N,BRS,2027-02-26 17:15:00,U2217,J,U2,32N,BRS,2027-02-26 17:45:00,U2218,J,T817,186,0.83,DOM,DOM,C,1.0,16A-T1,,
CJ,E90,LCY,2027-02-26 17:25:00,CJ8706,J,CJ,E90,LCY,2027-02-26 18:00:00,CJ8709,J,T818,106,0.7,DOM,DOM,C,0.5,2-T1,,
U2,32N,BFS,2027-02-26 17:40:00,U255,J,U2,32N,BFS,2027-02-26 18:10:00,U256,J,T819,186,0.83,NIRISH,NIRISH,C,1.0,19-T1,,
BA,32Q,LHR,2027-02-26 17:40:00,BA1454,J,BA,32Q,LHR,2027-02-26 18:35:00,BA1455,J,T820,220,0.75,DOM,DOM,C,0.5,3-T1,,
AY,E90,HEL,2027-02-26 17:50:00,AY1373,J,AY,E90,HEL,2027-02-26 18:35:00,AY1374,J,T821,100,0.66,INT,INT,C,1.0,16B-T1,,
FR,7M8,BVA,2027-02-26 17:50:00,FR5592,J,FR,7M8,KRK,2027-02-26 18:15:00,FR6624,J,T822,197,0.88,INT,INT,C,1.0,20-T1,,
U2,32A,STN,2027-02-26 17:50:00,U2316,J,U2,32A,CDG,2027-02-26 18:30:00,U23241,J,T823,186,0.83,DOM,INT,C,1.0,22-T1,,
FR,7M8,NAP,2027-02-26 17:50:00,FR7410,J,FR,7M8,NAP,2027-02-26 18:15:00,FR7409,J,T824,197,0.88,INT,INT,C,1.0,17-T1,,
FR,7M8,DUB,2027-02-26 17:55:00,FR812,J,FR,7M8,OPO,2027-02-26 18:20:00,FR5679,J,T825,197,0.88,IRISH,INT,C,1.0,1B-T1,,
FR,73H,NOC,2027-02-26 17:55:00,FR891,J,FR,73H,BCN,2027-02-26 18:25:00,FR6274,J,T826,189,0.88,IRISH,INT,C,1.0,1-T1,,
U2,32Q,BER,2027-02-26 18:05:00,U23262,J,U2,32Q,AMS,2027-02-26 18:45:00,U23301,J,T827,235,0.83,INT,INT,C,1.0,15B-T1,,
LS,73H,AGP,2027-02-26 18:05:00,LS760,J,LS,73H,SZG,2027-02-27 06:20:00,LS777,J,T828,189,0.9,INT,INT,C,0.8,33-T1,,
U2,32A,LDY,2027-02-26 18:20:00,U2308,J,U2,32A,LTN,2027-02-26 19:10:00,U2305,J,T830,186,0.83,DOM,DOM,C,1.0,6-T1,,
SK,319,CPH,2027-02-26 18:25:00,SK2513,J,SK,319,CPH,2027-02-26 19:10:00,SK2514,J,T831,150,0.82,INT,INT,C,1.0,16A-T1,,
RK,73H,BOH,2027-02-26 18:30:00,RK1132,J,RK,73H,BGY,2027-02-26 18:55:00,RK3646,J,T832,189,0.86,DOM,INT,C,1.0,1A-T1,,
D8,7M8,CPH,2027-02-26 18:35:00,D83502,J,D8,7M8,CPH,2027-02-26 19:15:00,D83503,J,T833,189,0.87,INT,INT,C,1.0,4-T1,,
EW,32A,DUS,2027-02-26 18:35:00,EW9364,J,EW,32A,DUS,2027-02-26 19:20:00,EW9365,J,T834,180,0.7,INT,INT,C,1.0,15A-T1,,
BA,320,LHR,2027-02-26 18:40:00,BA1456,J,BA,320,LHR,2027-02-26 19:30:00,BA1457,J,T835,180,0.75,DOM,DOM,C,0.5,2-T1,,
FR,73H,KUN,2027-02-26 18:45:00,FR2885,J,FR,73H,KUN,2027-02-26 19:10:00,FR2886,J,T836,189,0.88,INT,INT,C,1.0,20-T1,,
U2,32A,BHX,2027-02-26 18:50:00,U2342,J,U2,32A,BFS,2027-02-26 19:40:00,U2333,J,T837,186,0.83,DOM,NIRISH,C,1.0,1-T1,,
TO,73H,ORY,2027-02-26 18:50:00,TO7928,J,TO,73H,ORY,2027-02-26 19:35:00,TO7929,J,T838,189,0.85,INT,INT,C,1.0,22-T1,,
U2,32A,BHD,2027-02-26 18:50:00,U2344,J,U2,319,LGW,2027-02-26 19:45:00,U2814,J,T839,186,0.83,NIRISH,DOM,C,1.0,1B-T1,,
FR,7M8,VCE,2027-02-26 18:55:00,FR1653,J,FR,7M8,DUB,2027-02-26 19:20:00,FR815,J,T840,197,0.88,INT,IRISH,C,1.0,16B-T1,,
EK,359,DXB,2027-02-26 18:55:00,EK23,J,EK,359,DXB,2027-02-26 20:50:00,EK24,J,T841,312,0.76,INT,INT,E,1.0,18-T1,,
U2,319,LGW,2027-02-26 19:15:00,U2813,J,U2,32A,STN,2027-02-26 19:45:00,U2317,J,T843,156,0.83,DOM,DOM,C,1.0,3-T1,,
LS,73H,ACE,2027-02-26 19:15:00,LS706,J,LS,73H,VRN,2027-02-27 06:55:00,LS703,J,T844,189,0.9,INT,INT,C,0.8,36-T1,,
U2,32A,STN,2027-02-26 19:15:00,U2314,J,U2,32A,BHX,2027-02-26 20:05:00,U2339,J,T845,186,0.83,DOM,DOM,C,1.0,1A-T1,,
FR,73H,POZ,2027-02-26 19:20:00,FR6619,J,FR,73H,CPH,2027-02-26 19:45:00,FR2674,J,T846,189,0.88,INT,INT,C,1.0,15B-T1,,
EA,AT7,BHD,2027-02-26 19:30:00,EA3658,J,EA,AT7,BHD,2027-02-26 20:00:00,EA3659,J,T848,72,0.82,NIRISH,NIRISH,C,1.0,16A-T1,,
VY,321,BCN,2027-02-26 19:45:00,VY7752,J,VY,321,BCN,2027-02-26 20:30:00,VY7753,J,T849,220,0.87,INT,INT,C,1.0,16B-T1,,
U2,32A,BRS,2027-02-26 19:50:00,U2219,J,U2,32A,BRS,2027-02-26 20:20:00,U2220,J,T850,186,0.83,DOM,DOM,C,1.0,4-T1,,
KL,E7W,AMS,2027-02-26 20:00:00,KL929,J,KL,E7W,AMS,2027-02-26 20:30:00,KL930,J,T851,88,0.82,INT,INT,C,1.0,15A-T1,,
LM,AT7,LSI,2027-02-26 20:10:00,LM356,J,LM,AT7,LSI,2027-02-27 07:20:00,LM353,J,T852,72,0.56,DOM,DOM,C,1.0,5-T1,,
LM,AT7,KOI,2027-02-26 20:10:00,LM398,J,LM,AT7,SOU,2027-02-27 08:00:00,LM321,J,T853,72,0.56,DOM,DOM,C,1.0,8-T1,,
U2,32Q,LGW,2027-02-26 20:15:00,U2815,J,U2,319,LGW,2027-02-26 20:55:00,U2816,J,T855,235,0.83,DOM,DOM,C,1.0,6-T1,,
RK,73H,STN,2027-02-26 20:15:00,RK596,J,RK,73H,STN,2027-02-26 20:40:00,RK1274,J,T856,189,0.86,DOM,DOM,C,1.0,1B-T1,,
EA,AT7,DUB,2027-02-26 20:15:00,EA3258,J,EA,AT7,DUB,2027-02-26 20:45:00,EA3259,J,T857,72,0.82,IRISH,IRISH,C,1.0,1-T1,,
D8,7M8,ARN,2027-02-26 20:15:00,D84463,J,D8,7M8,ARN,2027-02-26 20:55:00,D84464,J,T858,189,0.87,INT,INT,C,1.0,22-T1,,
CJ,E90,LCY,2027-02-26 20:30:00,CJ8710,J,CJ,E90,LCY,2027-02-28 12:00:00,CJ8701,J,T859,106,0.7,DOM,DOM,C,0.5,312L-T1,,
FR,7M8,DUB,2027-02-26 21:55:00,FR814,J,FR,7M8,MAD,2027-02-27 05:50:00,FR5685,J,T865,197,0.88,IRISH,INT,C,1.0,1B-T1,,
U2,32A,BFS,2027-02-26 22:05:00,U2334,J,U2,32A,LGW,2027-02-27 06:15:00,U2860,J,T866,186,0.83,NIRISH,DOM,C,1.0,6-T1,,
U2,32A,LTN,2027-02-26 22:10:00,U2306,J,U2,32A,GNB,2027-02-27 07:00:00,U23248,J,T868,186,0.83,DOM,INT,C,1.0,22-T1,,
FR,7M8,TFS,2027-02-26 22:15:00,FR2970,J,FR,7M8,DUB,2027-02-27 06:00:00,FR813,J,T869,197,0.88,INT,IRISH,C,1.0,3-T1,,
U2,32A,STN,2027-02-26 22:50:00,U2318,J,U2,32A,AGP,2027-02-27 07:00:00,U23219,J,T873,186,0.83,DOM,INT,C,1.0,4-T1,,
U2,32A,BHX,2027-02-26 22:50:00,U2340,J,U2,32A,AMS,2027-02-27 07:00:00,U23301,J,T874,186,0.83,DOM,INT,C,1.0,1A-T1,,
KL,32Q,AMS,2027-02-26 23:10:00,KL933,J,KL,32Q,AMS,2027-02-27 05:40:00,KL922,J,T876,227,0.82,INT,INT,C,1.0,2-T1,,
U2,32N,TFS,2027-02-26 23:25:00,U23232,J,U2,32A,BHX,2027-02-27 07:35:00,U2337,J,T878,186,0.83,INT,DOM,C,1.0,19-T1,,
RK,73H,STN,2027-02-26 23:50:00,RK1273,J,RK,73H,TFS,2027-02-27 06:00:00,RK2969,J,T879,189,0.86,DOM,INT,C,1.0,403-T1,,
FR,73H,CPH,2027-02-26 23:55:00,FR3759,J,FR,73H,CRL,2027-02-27 06:00:00,FR7322,J,T880,189,0.88,INT,INT,C,1.0,1-T1,,
FR,7M8,KRK,2027-02-27 00:20:00,FR359,J,FR,7M8,AGP,2027-02-27 06:15:00,FR5091,J,T881,197,0.88,INT,INT,C,1.0,20-T1,,
FR,7M8,OPO,2027-02-27 00:20:00,FR5680,J,FR,7M8,SOF,2027-02-27 06:00:00,FR5160,J,T882,197,0.88,INT,INT,C,1.0,17-T1,,
RK,73H,BGY,2027-02-27 00:35:00,RK3657,J,RK,73H,STN,2027-02-27 07:10:00,RK597,J,T883,189,0.86,INT,DOM,C,1.0,7-T1,,
FR,73H,BCN,2027-02-27 00:35:00,FR6275,J,FR,73H,VCE,2027-02-27 06:10:00,FR1652,J,T885,189,0.88,INT,INT,C,1.0,16B-T1,,
U2,32N,HRG,2027-02-27 00:50:00,U23320,J,U2,32Q,STN,2027-02-27 07:35:00,U2309,J,T886,186,0.83,INT,DOM,C,1.0,16A-T1,,
NPT,73K,EMA,2027-02-27 02:25:00,NPT4N,M,NPT,73K,EMA,2027-02-27 05:35:00,NPT722F,P,T887,0,0.0,DOM,DOM,C,1.0,317A-T1,,
NPT,73K,EMA,2027-02-27 03:15:00,NPT5U,M,NPT,73K,EMA,2027-03-01 22:55:00,NPT4S,M,T888,0,0.0,DOM,DOM,C,1.0,210-FRT,,
QR,789,DOH,2027-02-27 06:00:00,QR31,J,QR,789,DOH,2027-02-27 07:30:00,QR32,J,T889,311,0.91,INT,INT,E,1.0,15-T1,,
NPT,73K,EMA,2027-02-27 06:15:00,NPT7224,H,NPT,73K,EMA,2027-03-01 23:50:00,NPT5D,M,T890,0,0.0,DOM,DOM,C,1.0,208-FRT,,
FR,7M8,NRN,2027-02-27 06:45:00,FR5688,J,FR,7M8,NRN,2027-02-27 07:10:00,FR5687,J,T891,197,0.88,INT,INT,C,1.0,17-T1,,
D0,75C,LEJ,2027-02-27 07:00:00,D02134,F,D0,75C,LEJ,2027-02-27 08:00:00,D0201P,P,T892,0,0.0,INT,INT,D,1.0,102-T1,,
AY,E90,HEL,2027-02-27 07:25:00,AY1371,J,AY,E90,HEL,2027-02-27 08:10:00,AY1372,J,T893,100,0.66,INT,INT,C,1.0,16B-T1,,
U2,32A,LGW,2027-02-27 07:30:00,U2853,J,U2,32A,LGW,2027-02-27 08:20:00,U2854,J,T894,180,0.83,DOM,DOM,C,1.0,22-T1,,
BA,32N,LHR,2027-02-27 07:30:00,BA1438,J,BA,32N,LHR,2027-02-27 08:35:00,BA1439,J,T895,180,0.75,DOM,DOM,C,0.5,4-T1,,
EC,32A,CDG,2027-02-27 07:35:00,EC4693,J,EC,32A,CDG,2027-02-27 08:10:00,EC4694,J,T896,186,0.85,INT,INT,C,1.0,20-T1,,
FR,73H,GDN,2027-02-27 07:50:00,FR6123,J,FR,73H,GDN,2027-02-27 08:15:00,FR6124,J,T897,189,0.88,INT,INT,C,1.0,15B-T1,,
EA,AT7,DUB,2027-02-27 07:55:00,EA3250,J,EA,AT7,DUB,2027-02-27 08:30:00,EA3251,J,T898,72,0.82,IRISH,IRISH,C,1.0,1A-T1,,
U2,319,BFS,2027-02-27 07:55:00,U251,J,U2,319,BFS,2027-02-27 08:25:00,U252,J,T899,156,0.83,NIRISH,NIRISH,C,1.0,6-T1,,
EA,AT7,BHD,2027-02-27 07:55:00,EA3650,J,EA,AT7,BHD,2027-02-27 08:25:00,EA3651,J,T900,72,0.82,NIRISH,NIRISH,C,1.0,15A-T1,,
UA,75W,EWR,2027-02-27 07:55:00,UA36,J,UA,75W,EWR,2027-02-27 09:25:00,UA37,J,T901,176,0.92,INT,INT,D,1.0,18-T1,,
U2,32A,BRS,2027-02-27 08:05:00,U2211,J,U2,32A,BRS,2027-02-27 08:35:00,U2212,J,T902,186,0.83,DOM,DOM,C,1.0,16A-T1,,
BA,32Q,LHR,2027-02-27 08:30:00,BA1440,J,BA,32Q,LHR,2027-02-27 09:25:00,BA1441,J,T903,220,0.75,DOM,DOM,C,0.5,20-T1,,
EA,AT7,DUB,2027-02-27 08:30:00,EA3552,J,EA,AT7,DUB,2027-02-27 09:15:00,EA3553,J,T904,72,0.82,IRISH,IRISH,C,1.0,5-T1,,
FR,7M8,DUB,2027-02-27 08:35:00,FR812,J,FR,7M8,KRK,2027-02-27 09:10:00,FR6628,J,T905,197,0.88,IRISH,INT,C,1.0,1B-T1,,
EA,AT7,DUB,2027-02-27 08:55:00,EA3550,J,EA,AT7,DUB,2027-02-27 09:30:00,EA3551,J,T906,72,0.82,IRISH,IRISH,C,1.0,1A-T1,,
FR,7M8,ORK,2027-02-27 09:00:00,FR3731,J,FR,7M8,WRO,2027-02-27 09:25:00,FR1159,J,T907,197,0.88,IRISH,INT,C,1.0,1-T1,,
FR,7M8,CIA,2027-02-27 09:05:00,FR5590,J,FR,7M8,CIA,2027-02-27 09:40:00,FR5589,J,T908,197,0.88,INT,INT,C,1.0,22-T1,,
FR,73H,POZ,2027-02-27 09:15:00,FR6619,J,FR,73H,POZ,2027-02-27 09:40:00,FR6618,J,T909,189,0.88,INT,INT,C,1.0,16A-T1,,
U2,319,LTN,2027-02-27 09:15:00,U2603,J,U2,319,LTN,2027-02-27 09:55:00,U2604,J,T910,156,0.83,DOM,DOM,C,1.0,6-T1,,
KL,32Q,AMS,2027-02-27 09:20:00,KL923,J,KL,32Q,AMS,2027-02-27 10:10:00,KL924,J,T911,227,0.82,INT,INT,C,1.0,16B-T1,,
DL,76W,JFK,2027-02-27 09:40:00,DL208,J,DL,76W,JFK,2027-02-27 11:35:00,DL209,J,T912,216,0.88,INT,INT,D,1.0,15-T1,,
FR,73H,CRL,2027-02-27 09:50:00,FR7323,J,FR,73H,DUB,2027-02-27 11:10:00,FR819,J,T913,189,0.88,INT,IRISH,C,1.0,17-T1,,
U2,32N,BRS,2027-02-27 09:50:00,U2213,J,U2,32N,BHD,2027-02-27 10:20:00,U2249,J,T914,186,0.83,DOM,NIRISH,C,1.0,1-T1,,
U2,32A,BFS,2027-02-27 09:55:00,U2328,J,U2,32A,LYS,2027-02-27 10:35:00,U23254,J,T915,186,0.83,NIRISH,INT,C,1.0,3-T1,,
U2,32Q,LGW,2027-02-27 10:05:00,U2861,J,U2,32A,GNB,2027-02-27 10:55:00,U23249,J,T917,235,0.83,DOM,INT,C,1.0,4-T1,,
DY,7M8,OSL,2027-02-27 10:15:00,DY1640,J,DY,7M8,OSL,2027-02-27 10:55:00,DY1641,J,T918,189,0.86,INT,INT,C,1.0,22-T1,,
U2,32A,BHX,2027-02-27 10:20:00,U2338,J,U2,32A,MAD,2027-02-27 11:20:00,U23209,J,T919,186,0.83,DOM,INT,C,1.0,1B-T1,,
RK,73H,STN,2027-02-27 10:20:00,RK596,J,RK,73H,STN,2027-02-27 10:45:00,RK1274,J,T920,189,0.86,DOM,DOM,C,1.0,6-T1,,
BA,32Q,LHR,2027-02-27 10:25:00,BA1442,J,BA,32Q,LHR,2027-02-27 11:15:00,BA1443,J,T921,220,0.75,DOM,DOM,C,0.5,2-T1,,
RK,73H,BFS,2027-02-27 10:25:00,RK178,J,RK,73H,BFS,2027-02-27 10:50:00,RK179,J,T922,189,0.86,NIRISH,NIRISH,C,1.0,1A-T1,,
AF,223,CDG,2027-02-27 10:30:00,AF1686,J,AF,223,CDG,2027-02-27 11:30:00,AF1687,J,T923,148,0.82,INT,INT,C,1.0,16B-T1,,
LM,AT7,LSI,2027-02-27 10:40:00,LM352,J,LM,AT7,KOI,2027-02-27 11:15:00,LM391,J,T924,72,0.56,DOM,DOM,C,1.0,5-T1,,
U2,32A,AMS,2027-02-27 10:45:00,U23302,J,U2,32A,GVA,2027-02-27 11:50:00,U23293,J,T925,186,0.83,INT,INT,C,1.0,20-T1,,
FR,73H,DUB,2027-02-27 10:45:00,FR818,J,FR,73H,FUE,2027-02-27 13:45:00,FR5683,J,T926,189,0.88,IRISH,INT,C,1.0,36-T1,,
PC,32Q,SAW,2027-02-27 10:50:00,PC1187,J,PC,32Q,SAW,2027-02-27 11:55:00,PC1188,J,T927,239,0.89,INT,INT,C,1.0,16A-T1,,
U2,32Q,STN,2027-02-27 11:00:00,U2310,J,U2,32Q,TFS,2027-02-27 11:55:00,U23231,J,T928,235,0.83,DOM,INT,C,1.0,1-T1,,
U2,32N,GVA,2027-02-27 11:15:00,U23292,J,U2,32N,ACE,2027-02-27 12:15:00,U23203,J,T929,186,0.83,INT,INT,C,1.0,22-T1,,
U2,32Q,CDG,2027-02-27 11:30:00,U23242,J,U2,32Q,PFO,2027-02-27 12:40:00,U23317,J,T930,235,0.83,INT,INT,C,1.0,1A-T1,,
FR,7M8,ALC,2027-02-27 11:35:00,FR5578,J,FR,7M8,ALC,2027-02-27 12:00:00,FR5579,J,T931,197,0.88,INT,INT,C,1.0,17-T1,,
EA,AT7,DUB,2027-02-27 11:40:00,EA3252,J,EA,AT7,BHD,2027-02-27 12:20:00,EA3653,J,T932,72,0.82,IRISH,NIRISH,C,1.0,1B-T1,,
BA,32Q,LHR,2027-02-27 11:50:00,BA1446,J,BA,32Q,LHR,2027-02-27 12:40:00,BA1447,J,T933,220,0.75,DOM,DOM,C,0.5,4-T1,,
EA,AT7,BHD,2027-02-27 11:50:00,EA3652,J,EA,AT7,DUB,2027-02-27 12:20:00,EA3253,J,T934,72,0.82,NIRISH,IRISH,C,1.0,5-T1,,
LH,32N,FRA,2027-02-27 11:55:00,LH960,J,LH,32N,FRA,2027-02-27 12:40:00,LH961,J,T935,172,0.82,INT,INT,C,1.0,16B-T1,,
FR,73H,VCE,2027-02-27 11:55:00,FR1653,J,FR,73H,BUD,2027-02-27 14:05:00,FR1017,J,T936,189,0.88,INT,INT,C,1.0,19-T1,,
LM,AT7,SOU,2027-02-27 12:00:00,LM322,J,LM,AT7,EXT,2027-02-28 12:05:00,LM315,J,T937,72,0.56,DOM,DOM,C,1.0,100-T1,,
LS,73H,SZG,2027-02-27 12:05:00,LS778,J,LS,73H,LPA,2027-02-27 14:20:00,LS747,J,T938,189,0.9,INT,INT,C,0.8,3-T1,,
FR,7M8,MAD,2027-02-27 12:20:00,FR5686,J,FR,7M8,DUB,2027-02-27 13:10:00,FR815,J,T939,197,0.88,INT,IRISH,C,1.0,17-T1,,
KL,32Q,AMS,2027-02-27 12:30:00,KL927,J,KL,32Q,AMS,2027-02-27 13:25:00,KL928,J,T940,227,0.82,INT,INT,C,1.0,16A-T1,,
U2,32A,GNB,2027-02-27 12:30:00,U23247,J,U2,319,LGW,2027-02-27 13:25:00,U2810,J,T941,186,0.83,INT,DOM,C,1.0,1-T1,,
QR,789,DOH,2027-02-27 12:35:00,QR29,J,QR,789,DOH,2027-02-27 14:05:00,QR30,J,T942,311,0.91,INT,INT,E,1.0,15-T1,,
EA,AT7,DUB,2027-02-27 12:40:00,EA3254,J,EA,AT7,DUB,2027-02-27 13:10:00,EA3255,J,T943,72,0.82,IRISH,IRISH,C,1.0,5-T1,,
CJ,E90,LCY,2027-02-27 12:50:00,CJ8704,J,CJ,E90,LCY,2027-02-28 12:40:00,CJ8707,J,T944,106,0.7,DOM,DOM,C,0.5,403-T1,,
BY,7S8,INN,2027-02-27 12:50:00,BY1641,C,BY,7S8,INN,2027-02-27 14:55:00,BY1640,C,T945,189,0.97,INT,INT,C,1.0,22-T1,,
U2,319,LGW,2027-02-27 12:55:00,U2809,J,U2,32N,BRS,2027-02-27 13:25:00,U2214,J,T946,156,0.83,DOM,DOM,C,1.0,6-T1,,
BY,7M8,CMF,2027-02-27 12:55:00,BY1661,C,BY,7M8,CMF,2027-02-27 14:10:00,BY1660,C,T947,189,0.97,INT,INT,C,1.0,1B-T1,,
U2,32N,BHD,2027-02-27 12:55:00,U2250,J,U2,32N,AGA,2027-02-27 13:45:00,U23327,J,T948,186,0.83,NIRISH,INT,C,1.0,20-T1,,
U2,32N,ALC,2027-02-27 13:05:00,U23206,J,U2,32A,LPA,2027-02-27 13:50:00,U23213,J,T949,186,0.83,INT,INT,C,1.0,1A-T1,,
BA,32Q,LHR,2027-02-27 13:10:00,BA1448,J,BA,32Q,LHR,2027-02-27 14:05:00,BA1449,J,T950,220,0.75,DOM,DOM,C,0.5,2-T1,,
LS,73H,VRN,2027-02-27 13:20:00,LS704,J,LS,73H,CMF,2027-02-27 15:05:00,LS3907,J,T951,189,0.9,INT,INT,C,0.8,16B-T1,,
LS,32Q,GVA,2027-02-27 13:25:00,LS780,J,LS,32Q,INN,2027-02-27 14:25:00,LS787,J,T952,232,0.9,INT,INT,C,0.8,4-T1,,
FR,7M8,AGP,2027-02-27 13:35:00,FR5090,J,FR,7M8,LPA,2027-02-27 14:35:00,FR6698,J,T953,197,0.88,INT,INT,C,1.0,17-T1,,
FR,7M8,SOF,2027-02-27 13:45:00,FR5161,J,FR,7M8,MAD,2027-02-27 15:30:00,FR189,J,T954,197,0.88,INT,INT,C,1.0,16A-T1,,
RK,73H,STN,2027-02-27 13:55:00,RK1273,J,RK,73H,RAK,2027-02-27 16:15:00,RK514,J,T955,189,0.86,DOM,INT,C,1.0,6-T1,,
EC,32A,LIN,2027-02-27 14:00:00,EC5421,J,EC,32A,LIN,2027-02-27 14:35:00,EC5422,J,T956,186,0.85,INT,INT,C,1.0,1-T1,,
LH,319,MUC,2027-02-27 14:05:00,LH2494,J,LH,319,MUC,2027-02-27 14:50:00,LH2495,J,T957,138,0.82,INT,INT,C,1.0,20-T1,,
U2,32A,AGP,2027-02-27 14:25:00,U23220,J,U2,32A,KRK,2027-02-27 16:30:00,U23313,J,T959,186,0.83,INT,INT,C,1.0,19-T1,,
FR,320,VIE,2027-02-27 14:25:00,FR1624,J,FR,320,VIE,2027-02-27 14:50:00,FR1625,J,T960,180,0.88,INT,INT,C,1.0,15B-T1,,
FR,7M8,WRO,2027-02-27 14:55:00,FR1158,J,FR,7M8,SVQ,2027-02-27 15:45:00,FR6760,J,T961,197,0.88,INT,INT,C,1.0,15A-T1,,
FR,7M8,KRK,2027-02-27 15:15:00,FR6629,J,FR,7M8,BGY,2027-02-27 16:10:00,FR3646,J,T962,197,0.88,INT,INT,C,1.0,15B-T1,,
BA,32Q,LHR,2027-02-27 15:20:00,BA1452,J,BA,32Q,LHR,2027-02-27 16:15:00,BA1453,J,T963,220,0.75,DOM,DOM,C,0.5,2-T1,,
TK,32Q,IST,2027-02-27 15:20:00,TK1345,J,TK,32Q,IST,2027-02-27 16:20:00,TK1346,J,T964,190,0.81,INT,INT,C,1.0,20-T1,,
FR,7M8,DUB,2027-02-27 15:45:00,FR814,J,FR,7M8,PRG,2027-02-27 16:15:00,FR1054,J,T965,197,0.88,IRISH,INT,C,1.0,1-T1,,
EA,AT7,DUB,2027-02-27 15:45:00,EA3256,J,EA,AT7,DUB,2027-02-27 16:15:00,EA3257,J,T966,72,0.82,IRISH,IRISH,C,1.0,1B-T1,,
U2,32A,LYS,2027-02-27 15:45:00,U23253,J,U2,32A,GVA,2027-02-27 16:35:00,U23295,J,T967,186,0.83,INT,INT,C,1.0,22-T1,,
AF,223,CDG,2027-02-27 16:05:00,AF1486,J,AF,223,CDG,2027-02-27 17:00:00,AF1487,J,T968,148,0.82,INT,INT,C,1.0,15A-T1,,
RK,73H,TFS,2027-02-27 16:05:00,RK2970,J,RK,73H,STN,2027-02-27 17:00:00,RK8604,J,T969,189,0.86,INT,DOM,C,1.0,1A-T1,,
KL,32Q,AMS,2027-02-27 16:05:00,KL931,J,KL,32Q,AMS,2027-02-27 17:00:00,KL932,J,T970,227,0.82,INT,INT,C,1.0,16A-T1,,
FR,7M8,ACE,2027-02-27 16:10:00,FR5594,J,FR,7M8,BCN,2027-02-27 17:00:00,FR6266,J,T971,197,0.88,INT,INT,C,1.0,17-T1,,
EA,AT7,BHD,2027-02-27 16:20:00,EA3656,J,EA,AT7,BHD,2027-02-27 16:50:00,EA3657,J,T972,72,0.82,NIRISH,NIRISH,C,1.0,5-T1,,
U2,32A,GNB,2027-02-27 16:20:00,U23250,J,U2,32A,CDG,2027-02-27 17:25:00,U23243,J,T973,186,0.83,INT,INT,C,1.0,16B-T1,,
EA,AT7,DUB,2027-02-27 16:50:00,EA3554,J,EA,AT7,DUB,2027-02-27 17:20:00,EA3555,J,T974,72,0.82,IRISH,IRISH,C,1.0,1-T1,,
FR,7M8,CIA,2027-02-27 16:50:00,FR5740,J,FR,7M8,CIA,2027-02-27 17:15:00,FR5739,J,T975,197,0.88,INT,INT,C,1.0,19-T1,,
U2,32A,BRS,2027-02-27 17:05:00,U2215,J,U2,32A,STN,2027-02-27 17:35:00,U2351,J,T976,186,0.83,DOM,DOM,C,1.0,4-T1,,
FR,73H,FAO,2027-02-27 17:05:00,FR5668,J,FR,73H,FAO,2027-02-27 17:30:00,FR5667,J,T977,189,0.88,INT,INT,C,1.0,20-T1,,
BA,32Q,LHR,2027-02-27 17:10:00,BA1454,J,BA,32Q,LHR,2027-02-27 18:05:00,BA1455,J,T978,220,0.75,DOM,DOM,C,0.5,2-T1,,
U2,32A,GVA,2027-02-27 17:10:00,U23294,J,U2,32A,BHX,2027-02-27 18:15:00,U2339,J,T979,186,0.83,INT,DOM,C,1.0,22-T1,,
FR,73H,CPH,2027-02-27 17:30:00,FR6925,J,FR,73H,DUB,2027-02-27 17:55:00,FR817,J,T980,189,0.88,INT,IRISH,C,1.0,16A-T1,,
AY,E90,HEL,2027-02-27 17:50:00,AY1373,J,AY,E90,HEL,2027-02-27 18:35:00,AY1374,J,T981,100,0.66,INT,INT,C,1.0,15A-T1,,
U2,32A,MAD,2027-02-27 18:00:00,U23210,J,U2,32A,BFS,2027-02-27 18:50:00,U2333,J,T982,186,0.83,INT,NIRISH,C,1.0,15B-T1,,
SK,319,CPH,2027-02-27 18:25:00,SK2513,J,SK,319,CPH,2027-02-27 19:10:00,SK2514,J,T983,150,0.82,INT,INT,C,1.0,16B-T1,,
BA,32N,LHR,2027-02-27 18:25:00,BA1456,J,BA,32N,LHR,2027-02-27 19:15:00,BA1457,J,T984,180,0.75,DOM,DOM,C,0.5,2-T1,,
EK,359,DXB,2027-02-27 18:55:00,EK23,J,EK,359,DXB,2027-02-27 20:50:00,EK24,J,T986,312,0.76,INT,INT,E,1.0,18-T1,,
LS,73H,ACE,2027-02-27 19:05:00,LS786,J,LS,73H,ALC,2027-02-28 06:15:00,LS775,J,T987,189,0.9,INT,INT,C,0.8,20-T1,,
U2,32Q,LGW,2027-02-27 19:25:00,U2815,J,U2,32Q,LGW,2027-02-27 20:05:00,U2816,J,T988,235,0.83,DOM,DOM,C,1.0,22-T1,,
KL,E7W,AMS,2027-02-27 20:00:00,KL929,J,KL,E7W,AMS,2027-02-27 20:30:00,KL930,J,T990,88,0.82,INT,INT,C,1.0,15A-T1,,
U2,319,LTN,2027-02-27 20:05:00,U2605,J,U2,319,LTN,2027-02-27 20:40:00,U2606,J,T991,156,0.83,DOM,DOM,C,1.0,4-T1,,
RK,73H,STN,2027-02-27 20:10:00,RK8605,J,RK,73H,STN,2027-02-27 20:35:00,RK9816,J,T992,189,0.86,DOM,DOM,C,1.0,6-T1,,
EA,AT7,DUB,2027-02-27 20:15:00,EA3258,J,EA,AT7,DUB,2027-02-27 20:45:00,EA3259,J,T993,72,0.82,IRISH,IRISH,C,1.0,1-T1,,
FR,73H,BUD,2027-02-27 20:25:00,FR1018,J,FR,73H,DUB,2027-02-27 20:55:00,FR809,J,T996,189,0.88,INT,IRISH,C,1.0,15B-T1,,
FR,7M8,KRK,2027-02-27 20:30:00,FR6625,J,FR,7M8,KRK,2027-02-27 20:55:00,FR6624,J,T998,197,0.88,INT,INT,C,1.0,22-T1,,
RK,73H,BFS,2027-02-27 20:45:00,RK5968,J,RK,73H,BFS,2027-02-27 21:10:00,RK5969,J,T999,189,0.86,NIRISH,NIRISH,C,1.0,3-T1,,
LS,73H,LPA,2027-02-27 20:45:00,LS748,J,LS,73H,TRN,2027-02-28 06:30:00,LS719,J,T1000,189,0.9,INT,INT,C,0.8,16A-T1,,
U2,32A,BHX,2027-02-27 21:00:00,U2340,J,U2,32A,BRS,2027-02-27 21:30:00,U2216,J,T1001,186,0.83,DOM,DOM,C,1.0,1A-T1,,
U2,32A,STN,2027-02-27 21:00:00,U2233,J,U2,32A,LTN,2027-02-28 06:45:00,U2301,J,T1002,186,0.83,DOM,DOM,C,1.0,6-T1,,
LS,73H,CMF,2027-02-27 21:20:00,LS3908,J,LS,73H,GVA,2027-02-28 07:45:00,LS779,J,T1004,189,0.9,INT,INT,C,0.8,15A-T1,,
FR,7M8,PRG,2027-02-27 21:25:00,FR1053,J,FR,7M8,ORK,2027-02-27 21:50:00,FR3740,J,T1006,197,0.88,INT,IRISH,C,1.0,22-T1,,
FR,7M8,MAD,2027-02-27 21:55:00,FR188,J,FR,7M8,ORK,2027-02-28 05:55:00,FR3732,J,T1009,197,0.88,INT,IRISH,C,1.0,16B-T1,,
U2,32A,GVA,2027-02-27 22:05:00,U23296,J,U2,32N,GVA,2027-02-28 06:55:00,U23291,J,T1010,186,0.83,INT,INT,C,1.0,3-T1,,
U2,32Q,TFS,2027-02-27 22:25:00,U23232,J,U2,32A,FUE,2027-02-28 07:00:00,U23207,J,T1013,235,0.83,INT,INT,C,1.0,1B-T1,,
FR,7M8,SVQ,2027-02-27 22:50:00,FR6761,J,FR,7M8,DUB,2027-02-28 06:00:00,FR815,J,T1014,197,0.88,INT,IRISH,C,1.0,1A-T1,,
U2,32A,KRK,2027-02-27 22:50:00,U23314,J,U2,32N,INN,2027-02-28 07:05:00,U23307,J,T1015,186,0.83,INT,INT,C,1.0,8-T1,,
KL,32Q,AMS,2027-02-27 23:10:00,KL933,J,KL,32Q,AMS,2027-02-28 05:40:00,KL922,J,T1018,227,0.82,INT,INT,C,1.0,4-T1,,
FR,73H,DUB,2027-02-27 23:30:00,FR808,J,FR,73H,SDR,2027-02-28 06:15:00,FR5631,J,T1020,189,0.88,IRISH,INT,C,1.0,34-T1,,
RK,73H,STN,2027-02-27 23:45:00,RK9817,J,RK,73H,TIA,2027-02-28 06:05:00,RK8294,J,T1022,189,0.86,DOM,INT,C,1.0,103-T1,,
U2,32Q,PFO,2027-02-27 23:55:00,U23318,J,U2,32A,STN,2027-02-28 07:40:00,U2309,J,T1023,235,0.83,INT,DOM,C,1.0,2-T1,,
U2,32A,LPA,2027-02-28 00:20:00,U23214,J,U2,32Q,KEF,2027-02-28 07:45:00,U23315,J,T1024,186,0.83,INT,INT,C,1.0,15B-T1,,
FR,7M8,LPA,2027-02-28 00:45:00,FR6697,J,FR,7M8,KUN,2027-02-28 07:35:00,FR2886,J,T1025,197,0.88,INT,INT,C,1.0,22-T1,,
FR,7M8,ORK,2027-02-28 00:55:00,FR320,J,FR,7M8,WMI,2027-02-28 08:10:00,FR4524,J,T1026,197,0.88,IRISH,INT,C,1.0,1-T1,,
QR,789,DOH,2027-02-28 06:00:00,QR31,J,QR,789,DOH,2027-02-28 07:30:00,QR32,J,T1028,311,0.91,INT,INT,E,1.0,18-T1,,
RK,73H,BFS,2027-02-28 07:10:00,RK178,J,RK,73H,BFS,2027-02-28 07:35:00,RK179,J,T1029,189,0.86,NIRISH,NIRISH,C,1.0,6-T1,,
U2,32N,BRS,2027-02-28 07:30:00,U2211,J,U2,32N,BRS,2027-02-28 08:10:00,U2212,J,T1030,186,0.83,DOM,DOM,C,1.0,1B-T1,,
FR,73H,BGY,2027-02-28 07:40:00,FR3645,J,FR,73H,BGY,2027-02-28 08:10:00,FR3646,J,T1031,189,0.88,INT,INT,C,1.0,20-T1,,
FR,7M8,WMI,2027-02-28 07:45:00,FR4525,J,FR,7M8,BCN,2027-02-28 08:15:00,FR6266,J,T1032,197,0.88,INT,INT,C,1.0,16B-T1,,
FR,73H,MAD,2027-02-28 07:50:00,FR188,J,FR,73H,MAD,2027-02-28 08:25:00,FR189,J,T1033,189,0.88,INT,INT,C,1.0,17-T1,,
EA,AT7,DUB,2027-02-28 07:55:00,EA3250,J,EA,AT7,DUB,2027-02-28 08:30:00,EA3251,J,T1034,72,0.82,IRISH,IRISH,C,1.0,1A-T1,,
UA,75W,EWR,2027-02-28 07:55:00,UA36,J,UA,75W,EWR,2027-02-28 09:25:00,UA37,J,T1035,176,0.92,INT,INT,D,1.0,3-T1,,
EA,AT7,BHD,2027-02-28 07:55:00,EA3650,J,EA,AT7,BHD,2027-02-28 08:25:00,EA3651,J,T1036,72,0.82,NIRISH,NIRISH,C,1.0,5-T1,,
U2,32A,BFS,2027-02-28 08:10:00,U251,J,U2,32A,BFS,2027-02-28 08:40:00,U252,J,T1037,186,0.83,NIRISH,NIRISH,C,1.0,6-T1,,
FR,73H,BUD,2027-02-28 08:10:00,FR1078,J,FR,73H,BUD,2027-02-28 08:35:00,FR1077,J,T1038,189,0.88,INT,INT,C,1.0,15B-T1,,
EC,32A,BOD,2027-02-28 08:20:00,EC1839,J,EC,32A,BOD,2027-02-28 09:00:00,EC1840,J,T1039,186,0.85,INT,INT,C,1.0,19-T1,,
BA,32N,LHR,2027-02-28 08:25:00,BA1438,J,BA,32N,LHR,2027-02-28 09:15:00,BA1439,J,T1040,180,0.75,DOM,DOM,C,0.5,4-T1,,
EA,AT7,DUB,2027-02-28 08:30:00,EA3552,J,EA,AT7,DUB,2027-02-28 09:15:00,EA3553,J,T1041,72,0.82,IRISH,IRISH,C,1.0,1B-T1,,
D8,73H,CPH,2027-02-28 08:30:00,D83502,J,D8,73H,CPH,2027-02-28 09:10:00,D83503,J,T1042,186,0.87,INT,INT,C,1.0,20-T1,,
FR,7M8,DUB,2027-02-28 08:35:00,FR814,J,FR,7M8,RZE,2027-02-28 09:00:00,FR4535,J,T1043,197,0.88,IRISH,INT,C,1.0,1-T1,,
KL,73W,AMS,2027-02-28 08:40:00,KL923,J,KL,73W,AMS,2027-02-28 09:30:00,KL924,J,T1044,142,0.82,INT,INT,C,1.0,16B-T1,,
EA,AT7,DUB,2027-02-28 08:55:00,EA3550,J,EA,AT7,DUB,2027-02-28 09:30:00,EA3551,J,T1045,72,0.82,IRISH,IRISH,C,1.0,5-T1,,
EC,319,BCN,2027-02-28 09:00:00,EC7199,J,EC,319,BCN,2027-02-28 09:35:00,EC7200,J,T1046,156,0.85,INT,INT,C,1.0,17-T1,,
FR,7M8,ORK,2027-02-28 09:00:00,FR3731,J,FR,7M8,CPH,2027-02-28 09:25:00,FR2674,J,T1047,197,0.88,IRISH,INT,C,1.0,1A-T1,,
RK,73H,STN,2027-02-28 09:00:00,RK596,J,RK,73H,STN,2027-02-28 09:25:00,RK597,J,T1048,189,0.86,DOM,DOM,C,1.0,15B-T1,,
FR,7M8,MLA,2027-02-28 09:05:00,FR6696,J,FR,7M8,MLA,2027-02-28 09:30:00,FR6695,J,T1049,197,0.88,INT,INT,C,1.0,22-T1,,
U2,32A,BFS,2027-02-28 09:10:00,U2328,J,U2,32A,LTN,2027-02-28 10:00:00,U2303,J,T1050,186,0.83,NIRISH,DOM,C,1.0,6-T1,,
BA,32Q,LHR,2027-02-28 09:10:00,BA1440,J,BA,32Q,LHR,2027-02-28 10:00:00,BA1441,J,T1051,220,0.75,DOM,DOM,C,0.5,15A-T1,,
U2,32Q,LGW,2027-02-28 09:35:00,U2807,J,U2,32Q,LGW,2027-02-28 10:25:00,U2808,J,T1052,235,0.83,DOM,DOM,C,1.0,1B-T1,,
TK,32Q,IST,2027-02-28 09:40:00,TK1343,J,TK,32Q,IST,2027-02-28 10:40:00,TK1344,J,T1053,190,0.81,INT,INT,C,1.0,20-T1,,
U2,32A,LTN,2027-02-28 10:00:00,U2302,J,U2,32A,BRS,2027-02-28 10:50:00,U2321,J,T1054,186,0.83,DOM,DOM,C,1.0,1-T1,,
BA,32Q,LHR,2027-02-28 10:05:00,BA1442,J,BA,32Q,LHR,2027-02-28 10:55:00,BA1443,J,T1055,220,0.75,DOM,DOM,C,0.5,4-T1,,
FI,7M8,KEF,2027-02-28 10:20:00,FI434,J,FI,7M8,KEF,2027-02-28 11:20:00,FI435,J,T1056,160,0.77,INT,INT,C,1.0,16A-T1,,
AF,223,CDG,2027-02-28 10:30:00,AF1686,J,AF,223,CDG,2027-02-28 11:30:00,AF1687,J,T1057,148,0.82,INT,INT,C,1.0,16B-T1,,
RK,73H,STN,2027-02-28 10:40:00,RK1273,J,RK,73H,STN,2027-02-28 11:05:00,RK8604,J,T1058,189,0.86,DOM,DOM,C,1.0,22-T1,,
LM,AT7,IOM,2027-02-28 10:50:00,LM314,J,LM,AT7,IOM,2027-02-28 11:20:00,LM313,J,T1059,72,0.56,INT,INT,C,1.0,1A-T1,,
PC,32Q,SAW,2027-02-28 10:50:00,PC1187,J,PC,32Q,SAW,2027-02-28 11:55:00,PC1188,J,T1060,239,0.89,INT,INT,C,1.0,15A-T1,,
U2,32A,STN,2027-02-28 10:55:00,U2310,J,U2,32A,BHX,2027-02-28 12:00:00,U2341,J,T1061,186,0.83,DOM,DOM,C,1.0,6-T1,,
A3,32N,ATH,2027-02-28 11:05:00,A3632,J,A3,32N,ATH,2027-02-28 11:55:00,A3633,J,T1062,180,0.81,INT,INT,C,1.0,3-T1,,
D8,7M8,ARN,2027-02-28 11:05:00,D84463,J,D8,7M8,ARN,2027-02-28 11:45:00,D84464,J,T1063,189,0.87,INT,INT,C,1.0,2-T1,,
DY,73H,OSL,2027-02-28 11:15:00,DY1640,J,DY,73H,OSL,2027-02-28 11:55:00,DY1641,J,T1064,186,0.86,INT,INT,C,1.0,17-T1,,
U2,32A,CDG,2027-02-28 11:20:00,U23242,J,U2,32A,GVA,2027-02-28 12:00:00,U23295,J,T1065,186,0.83,INT,INT,C,1.0,15B-T1,,
FR,73H,SDR,2027-02-28 11:25:00,FR5632,J,FR,73H,CRL,2027-02-28 11:50:00,FR7322,J,T1066,189,0.88,INT,INT,C,1.0,19-T1,,
FR,7M8,GDN,2027-02-28 11:25:00,FR6123,J,FR,7M8,DUB,2027-02-28 12:25:00,FR817,J,T1067,197,0.88,INT,IRISH,C,1.0,22-T1,,
SN,319,BRU,2027-02-28 11:30:00,SN2063,J,SN,319,BRU,2027-02-28 12:20:00,SN2064,J,T1068,141,0.75,INT,INT,C,1.0,20-T1,,
BA,32Q,LHR,2027-02-28 11:40:00,BA1446,J,BA,32Q,LHR,2027-02-28 12:40:00,BA1447,J,T1069,220,0.75,DOM,DOM,C,0.5,16A-T1,,
FR,73H,POZ,2027-02-28 11:40:00,FR6619,J,FR,73H,PRG,2027-02-28 13:15:00,FR1054,J,T1070,189,0.88,INT,INT,C,1.0,1A-T1,,
EA,AT7,DUB,2027-02-28 11:40:00,EA3252,J,EA,AT7,DUB,2027-02-28 12:20:00,EA3253,J,T1071,72,0.82,IRISH,IRISH,C,1.0,1-T1,,
EC,319,AMS,2027-02-28 11:50:00,EC7837,J,EC,319,AMS,2027-02-28 12:20:00,EC7838,J,T1072,156,0.85,INT,INT,C,1.0,16B-T1,,
EA,AT7,BHD,2027-02-28 11:50:00,EA3652,J,EA,AT7,BHD,2027-02-28 12:20:00,EA3653,J,T1073,72,0.82,NIRISH,NIRISH,C,1.0,5-T1,,
LH,32N,FRA,2027-02-28 11:55:00,LH960,J,LH,32N,FRA,2027-02-28 12:40:00,LH961,J,T1074,172,0.82,INT,INT,C,1.0,4-T1,,
FR,7M8,OPO,2027-02-28 11:55:00,FR5680,J,FR,7M8,BUD,2027-02-28 12:30:00,FR1017,J,T1075,197,0.88,INT,INT,C,1.0,1B-T1,,
U2,32N,GVA,2027-02-28 12:05:00,U23292,J,U2,32N,ATH,2027-02-28 13:00:00,U23237,J,T1076,186,0.83,INT,INT,C,1.0,2-T1,,
U2,32A,KRK,2027-02-28 12:15:00,U23314,J,U2,32N,BFS,2027-02-28 13:10:00,U2331,J,T1077,186,0.83,INT,NIRISH,C,1.0,3-T1,,
KL,32Q,AMS,2027-02-28 12:30:00,KL927,J,KL,32Q,AMS,2027-02-28 13:25:00,KL928,J,T1078,227,0.82,INT,INT,C,1.0,15A-T1,,
U2,32N,INN,2027-02-28 12:30:00,U23308,J,U2,32A,MUC,2027-02-28 13:40:00,U23263,J,T1079,186,0.83,INT,INT,C,1.0,15B-T1,,
QR,789,DOH,2027-02-28 12:35:00,QR29,J,QR,789,DOH,2027-02-28 14:05:00,QR30,J,T1080,311,0.91,INT,INT,E,1.0,18-T1,,
LS,73H,TRN,2027-02-28 12:40:00,LS720,J,LS,73H,FAO,2027-02-28 14:35:00,LS769,J,T1081,189,0.9,INT,INT,C,0.8,20-T1,,
EA,AT7,DUB,2027-02-28 12:40:00,EA3254,J,EA,AT7,DUB,2027-02-28 13:10:00,EA3255,J,T1082,72,0.82,IRISH,IRISH,C,1.0,1-T1,,
U2,32A,LTN,2027-02-28 12:55:00,U2304,J,U2,32A,PRG,2027-02-28 13:50:00,U23325,J,T1083,186,0.83,DOM,INT,C,1.0,16B-T1,,
BA,320,LHR,2027-02-28 13:05:00,BA1450,J,BA,320,LHR,2027-02-28 14:35:00,BA1451,J,T1084,180,0.75,DOM,DOM,C,0.5,16A-T1,,
FR,73H,NRN,2027-02-28 13:10:00,FR5688,J,FR,73H,NRN,2027-02-28 13:35:00,FR5687,J,T1085,189,0.88,INT,INT,C,1.0,22-T1,,
FR,7M8,DUB,2027-02-28 13:30:00,FR812,J,FR,7M8,DUB,2027-02-28 13:55:00,FR813,J,T1086,197,0.88,IRISH,IRISH,C,1.0,1-T1,,
U2,32Q,KEF,2027-02-28 13:30:00,U23316,J,U2,32Q,CDG,2027-02-28 14:20:00,U23245,J,T1087,235,0.83,INT,INT,C,1.0,4-T1,,
LS,73H,ALC,2027-02-28 13:35:00,LS776,J,LS,73H,PRG,2027-02-28 14:40:00,LS3923,J,T1088,189,0.9,INT,INT,C,0.8,2-T1,,
RK,73H,TIA,2027-02-28 13:35:00,RK8295,J,RK,73H,STN,2027-02-28 15:05:00,RK9816,J,T1089,189,0.86,INT,DOM,C,1.0,1B-T1,,
FR,7M8,KUN,2027-02-28 13:40:00,FR2885,J,FR,7M8,ACE,2027-02-28 15:05:00,FR5593,J,T1090,197,0.88,INT,INT,C,1.0,8-T1,,
FR,7M8,CPH,2027-02-28 13:40:00,FR2675,J,FR,7M8,TFS,2027-02-28 14:30:00,FR2969,J,T1091,197,0.88,INT,INT,C,1.0,1A-T1,,
LS,73H,GVA,2027-02-28 13:45:00,LS780,J,LS,73H,MLA,2027-02-28 14:40:00,LS3921,J,T1092,189,0.9,INT,INT,C,0.8,3-T1,,
U2,32A,BRS,2027-02-28 13:50:00,U2322,J,U2,32A,BFS,2027-02-28 14:35:00,U254,J,T1093,186,0.83,DOM,NIRISH,C,1.0,6-T1,,
U2,32A,BFS,2027-02-28 14:05:00,U253,J,U2,32A,STN,2027-02-28 14:40:00,U2313,J,T1094,186,0.83,NIRISH,DOM,C,1.0,22-T1,,
RK,73H,STN,2027-02-28 14:15:00,RK8605,J,RK,73H,BOH,2027-02-28 15:25:00,RK1133,J,T1095,189,0.86,DOM,DOM,C,1.0,16B-T1,,
EC,32A,LIN,2027-02-28 14:25:00,EC5421,J,EC,32A,LIN,2027-02-28 15:00:00,EC5422,J,T1096,186,0.85,INT,INT,C,1.0,17-T1,,
FR,7M8,BCN,2027-02-28 14:25:00,FR6267,J,FR,7M8,DUB,2027-02-28 15:50:00,FR819,J,T1097,197,0.88,INT,IRISH,C,1.0,15B-T1,,
FR,73H,ALC,2027-02-28 14:30:00,FR5578,J,FR,73H,ALC,2027-02-28 14:55:00,FR5579,J,T1098,189,0.88,INT,INT,C,1.0,15A-T1,,
U2,319,LGW,2027-02-28 14:30:00,U2809,J,U2,319,LGW,2027-02-28 15:05:00,U2810,J,T1099,156,0.83,DOM,DOM,C,1.0,1-T1,,
U2,32Q,LIS,2027-02-28 14:35:00,U23322,J,U2,32A,BHD,2027-02-28 15:35:00,U2343,J,T1100,235,0.83,INT,NIRISH,C,1.0,19-T1,,
U2,32A,BHX,2027-02-28 14:50:00,U2342,J,U2,32Q,BHX,2027-02-28 15:35:00,U2339,J,T1101,186,0.83,DOM,DOM,C,1.0,4-T1,,
FR,7M8,DUB,2027-02-28 15:00:00,FR816,J,FR,7M8,OTP,2027-02-28 16:40:00,FR5614,J,T1102,197,0.88,IRISH,INT,C,1.0,1A-T1,,
DS,32A,BSL,2027-02-28 15:05:00,DS1231,J,DS,32A,BSL,2027-02-28 15:40:00,DS1232,J,T1103,186,0.86,INT,INT,C,1.0,16A-T1,,
FR,7M8,RZE,2027-02-28 15:20:00,FR4536,J,FR,7M8,CIA,2027-02-28 16:50:00,FR5589,J,T1104,197,0.88,INT,INT,C,1.0,20-T1,,
TK,32Q,IST,2027-02-28 15:20:00,TK1345,J,TK,32Q,IST,2027-02-28 16:20:00,TK1346,J,T1105,190,0.81,INT,INT,C,1.0,15A-T1,,
EC,32N,AMS,2027-02-28 15:20:00,EC7835,J,EC,32N,AMS,2027-02-28 15:50:00,EC7836,J,T1106,186,0.85,INT,INT,C,1.0,17-T1,,
U2,32N,BFS,2027-02-28 15:25:00,U2332,J,U2,32N,MAD,2027-02-28 16:00:00,U23209,J,T1107,186,0.83,NIRISH,INT,C,1.0,1B-T1,,
BA,32Q,LHR,2027-02-28 15:40:00,BA1452,J,BA,32Q,LHR,2027-02-28 16:30:00,BA1453,J,T1108,220,0.75,DOM,DOM,C,0.5,2-T1,,
U2,32A,LTN,2027-02-28 15:40:00,U2603,J,U2,32A,LTN,2027-02-28 16:20:00,U2604,J,T1109,186,0.83,DOM,DOM,C,1.0,6-T1,,
FR,73H,CRL,2027-02-28 15:40:00,FR7323,J,FR,73H,BER,2027-02-28 16:30:00,FR2376,J,T1110,189,0.88,INT,INT,C,1.0,22-T1,,
EA,AT7,DUB,2027-02-28 15:45:00,EA3256,J,EA,AT7,DUB,2027-02-28 16:15:00,EA3257,J,T1111,72,0.82,IRISH,IRISH,C,1.0,1-T1,,
U2,32A,LGW,2027-02-28 15:50:00,U2811,J,U2,32A,LGW,2027-02-28 16:30:00,U2812,J,T1112,180,0.83,DOM,DOM,C,1.0,3-T1,,
KL,32Q,AMS,2027-02-28 16:05:00,KL931,J,KL,32Q,AMS,2027-02-28 17:00:00,KL932,J,T1113,227,0.82,INT,INT,C,1.0,16B-T1,,
AF,223,CDG,2027-02-28 16:05:00,AF1486,J,AF,223,CDG,2027-02-28 17:00:00,AF1487,J,T1114,148,0.82,INT,INT,C,1.0,16A-T1,,
LM,AT7,EXT,2027-02-28 16:15:00,LM316,J,LM,AT7,LSI,2027-02-28 16:45:00,LM357,J,T1115,72,0.56,DOM,DOM,C,1.0,15B-T1,,
FR,73H,TFS,2027-02-28 16:20:00,FR2977,J,FR,73H,MXP,2027-02-28 17:10:00,FR7052,J,T1116,189,0.88,INT,INT,C,1.0,17-T1,,
EA,AT7,BHD,2027-02-28 16:20:00,EA3656,J,EA,AT7,BHD,2027-02-28 16:50:00,EA3657,J,T1117,72,0.82,NIRISH,NIRISH,C,1.0,5-T1,,
FR,7M8,CIA,2027-02-28 16:25:00,FR5590,J,FR,7M8,AGP,2027-02-28 17:05:00,FR5091,J,T1118,197,0.88,INT,INT,C,1.0,19-T1,,
U2,32N,BRS,2027-02-28 16:40:00,U2213,J,U2,32N,BRS,2027-02-28 17:10:00,U2214,J,T1119,186,0.83,DOM,DOM,C,1.0,1B-T1,,
LM,AT7,SOU,2027-02-28 16:45:00,LM326,J,LM,AT7,KOI,2027-02-28 17:20:00,LM397,J,T1120,72,0.56,DOM,DOM,C,1.0,6-T1,,
EA,AT7,DUB,2027-02-28 16:50:00,EA3554,J,EA,AT7,DUB,2027-02-28 17:20:00,EA3555,J,T1121,72,0.82,IRISH,IRISH,C,1.0,1-T1,,
TO,73H,ORY,2027-02-28 17:00:00,TO7928,J,TO,73H,ORY,2027-02-28 17:45:00,TO7929,J,T1122,189,0.85,INT,INT,C,1.0,15A-T1,,
U2,32A,FUE,2027-02-28 17:20:00,U23208,J,U2,32A,BER,2027-02-28 17:55:00,U23261,J,T1123,186,0.83,INT,INT,C,1.0,20-T1,,
U2,32A,GVA,2027-02-28 17:20:00,U23296,J,U2,32A,CPH,2027-02-28 18:05:00,U23323,J,T1124,186,0.83,INT,INT,C,1.0,16A-T1,,
BA,32Q,LHR,2027-02-28 17:40:00,BA1454,J,BA,32Q,LHR,2027-02-28 18:35:00,BA1455,J,T1125,220,0.75,DOM,DOM,C,0.5,2-T1,,
U2,32A,BHD,2027-02-28 17:50:00,U2344,J,U2,32A,AMS,2027-02-28 18:35:00,U23301,J,T1126,186,0.83,NIRISH,INT,C,1.0,15B-T1,,
LM,AT7,SYY,2027-02-28 17:50:00,LM344,J,LM,AT7,SOU,2027-02-28 18:30:00,LM329,J,T1127,72,0.56,DOM,DOM,C,1.0,5-T1,,
U2,32A,STN,2027-02-28 17:55:00,U2314,J,U2,32A,CDG,2027-02-28 18:40:00,U23243,J,T1128,186,0.83,DOM,INT,C,1.0,3-T1,,
RK,73H,STN,2027-02-28 18:15:00,RK9817,J,RK,73H,STN,2027-02-28 18:40:00,RK9822,J,T1129,189,0.86,DOM,DOM,C,1.0,6-T1,,
SK,319,CPH,2027-02-28 18:25:00,SK2513,J,SK,319,CPH,2027-02-28 19:10:00,SK2514,J,T1130,150,0.82,INT,INT,C,1.0,15A-T1,,
FR,73H,PRG,2027-02-28 18:25:00,FR1053,J,FR,73H,CPH,2027-02-28 18:55:00,FR3760,J,T1131,189,0.88,INT,INT,C,1.0,16B-T1,,
FR,7M8,DUB,2027-02-28 18:25:00,FR818,J,FR,7M8,KRK,2027-02-28 18:50:00,FR6624,J,T1132,197,0.88,IRISH,INT,C,1.0,1A-T1,,
U2,32Q,BHX,2027-02-28 18:30:00,U2340,J,U2,319,LGW,2027-02-28 19:25:00,U2814,J,T1133,235,0.83,DOM,DOM,C,1.0,1B-T1,,
EW,32A,DUS,2027-02-28 18:35:00,EW9364,J,EW,32A,DUS,2027-02-28 19:25:00,EW9365,J,T1135,180,0.7,INT,INT,C,1.0,406-T1,,
U2,32Q,CDG,2027-02-28 18:45:00,U23246,J,U2,32Q,STN,2027-02-28 19:25:00,U2317,J,T1136,235,0.83,INT,DOM,C,1.0,22-T1,,
RK,73H,BOH,2027-02-28 18:45:00,RK1132,J,RK,73H,WRO,2027-02-28 19:10:00,RK1159,J,T1137,189,0.86,DOM,INT,C,1.0,4-T1,,
FR,7M8,LIS,2027-02-28 18:50:00,FR478,J,FR,7M8,DUB,2027-02-28 19:15:00,FR809,J,T1138,197,0.88,INT,IRISH,C,1.0,20-T1,,
U2,319,LGW,2027-02-28 18:50:00,U2813,J,U2,32Q,BFS,2027-02-28 19:30:00,U2333,J,T1139,156,0.83,DOM,NIRISH,C,1.0,1-T1,,
FR,7M8,BUD,2027-02-28 18:50:00,FR1018,J,FR,7M8,LIS,2027-02-28 19:15:00,FR479,J,T1140,197,0.88,INT,INT,C,1.0,16A-T1,,
EK,359,DXB,2027-02-28 18:55:00,EK23,J,EK,359,DXB,2027-02-28 20:50:00,EK24,J,T1141,312,0.76,INT,INT,E,1.0,18-T1,,
RK,73H,BFS,2027-02-28 19:00:00,RK5968,J,RK,73H,BFS,2027-02-28 19:20:00,RK5969,J,T1142,189,0.86,NIRISH,NIRISH,C,1.0,6-T1,,
U2,32A,PRG,2027-02-28 19:05:00,U23326,J,U2,32A,BHX,2027-02-28 19:35:00,U2337,J,T1143,186,0.83,INT,DOM,C,1.0,15B-T1,,
U2,32A,MUC,2027-02-28 19:05:00,U23264,J,U2,32A,BRS,2027-02-28 19:45:00,U2323,J,T1144,186,0.83,INT,DOM,C,1.0,3-T1,,
WK,320,ZRH,2027-02-28 19:10:00,WK290,J,WK,320,ZRH,2027-03-01 07:40:00,WK291,J,T1145,180,0.7,INT,INT,C,1.0,36-T1,,
EA,AT7,BHD,2027-02-28 19:30:00,EA3658,J,EA,AT7,BHD,2027-02-28 20:00:00,EA3659,J,T1146,72,0.82,NIRISH,NIRISH,C,1.0,5-T1,,
BA,32N,LHR,2027-02-28 19:35:00,BA1458,J,BA,32N,LHR,2027-02-28 20:30:00,BA1459,J,T1147,180,0.75,DOM,DOM,C,0.5,2-T1,,
VY,32N,BCN,2027-02-28 19:40:00,VY7752,J,VY,32N,BCN,2027-02-28 20:20:00,VY7753,J,T1148,186,0.87,INT,INT,C,1.0,16A-T1,,
KL,E7W,AMS,2027-02-28 20:00:00,KL929,J,KL,E7W,AMS,2027-02-28 20:30:00,KL930,J,T1149,88,0.82,INT,INT,C,1.0,16B-T1,,
U2,319,LTN,2027-02-28 20:05:00,U2605,J,U2,319,LTN,2027-02-28 20:40:00,U2606,J,T1150,156,0.83,DOM,DOM,C,1.0,15B-T1,,
U2,32A,LGW,2027-02-28 20:05:00,U2815,J,U2,32A,LGW,2027-02-28 20:45:00,U2816,J,T1151,180,0.83,DOM,DOM,C,1.0,20-T1,,
LM,AT7,LSI,2027-02-28 20:10:00,LM356,J,LM,AT7,SOU,2027-03-01 06:40:00,LM321,J,T1152,72,0.56,DOM,DOM,C,1.0,312-T1,,
LM,AT7,KOI,2027-02-28 20:10:00,LM398,J,LM,AT7,LSI,2027-03-01 06:50:00,LM353,J,T1153,72,0.56,DOM,DOM,C,1.0,311-T1,,
EA,AT7,DUB,2027-02-28 20:15:00,EA3258,J,EA,AT7,DUB,2027-02-28 20:45:00,EA3259,J,T1154,72,0.82,IRISH,IRISH,C,1.0,1A-T1,,
LS,73H,PRG,2027-02-28 20:25:00,LS3924,J,LS,73H,AGP,2027-03-01 09:15:00,LS759,J,T1157,189,0.9,INT,INT,C,0.8,405-T1,,
U2,32N,SEN,2027-02-28 20:30:00,U2983,J,U2,32N,SEN,2027-02-28 21:00:00,U2984,J,T1159,186,0.83,DOM,DOM,C,1.0,4-T1,,
BA,32N,LHR,2027-02-28 20:40:00,BA1460,J,BA,32N,LHR,2027-03-01 05:50:00,BA1461,J,T1160,180,0.75,DOM,DOM,C,0.5,16A-T1,,
U2,32N,BRS,2027-02-28 20:50:00,U2215,J,U2,32N,BRS,2027-02-28 21:20:00,U2216,J,T1161,186,0.83,DOM,DOM,C,1.0,1B-T1,,
FR,73H,BGY,2027-02-28 21:15:00,FR3657,J,FR,73H,BGY,2027-02-28 21:40:00,FR3658,J,T1162,189,0.88,INT,INT,C,1.0,20-T1,,
FR,73H,BER,2027-02-28 21:15:00,FR2377,J,FR,73H,ORK,2027-02-28 23:25:00,FR3740,J,T1163,189,0.88,INT,IRISH,C,1.0,19-T1,,
CJ,E90,LCY,2027-02-28 21:45:00,CJ8718,J,CJ,E90,LCY,2027-03-01 07:00:00,CJ8711,J,T1164,106,0.7,DOM,DOM,C,0.5,5-T1,,
FR,7M8,DUB,2027-02-28 21:50:00,FR808,J,FR,7M8,SNN,2027-02-28 23:10:00,FR1677,J,T1165,197,0.88,IRISH,IRISH,C,1.0,1A-T1,,
U2,32Q,BFS,2027-02-28 21:55:00,U2334,J,U2,32A,STN,2027-03-01 06:10:00,U2309,J,T1168,235,0.83,NIRISH,DOM,C,1.0,1-T1,,
AF,223,CDG,2027-02-28 22:15:00,AF1886,J,AF,223,CDG,2027-03-01 05:50:00,AF1887,J,T1169,148,0.82,INT,INT,C,1.0,16B-T1,,
U2,32A,AMS,2027-02-28 22:15:00,U23302,J,U2,32Q,CDG,2027-03-01 06:25:00,U23245,J,T1171,186,0.83,INT,INT,C,1.0,4-T1,,
U2,32A,BHX,2027-02-28 22:20:00,U2338,J,U2,32A,BHX,2027-03-01 06:40:00,U2337,J,T1172,186,0.83,DOM,DOM,C,1.0,6-T1,,
LS,73H,FAO,2027-02-28 22:25:00,LS770,J,LS,73H,AYT,2027-03-01 09:40:00,LS709,J,T1173,189,0.9,INT,INT,C,0.8,102-T1,,
U2,32A,CPH,2027-02-28 22:25:00,U23324,J,U2,32A,TOS,2027-03-01 06:45:00,U23215,J,T1174,186,0.83,INT,INT,C,1.0,104-T1,,
LM,AT7,SOU,2027-02-28 22:30:00,LM328,J,LM,AT7,KOI,2027-03-01 07:00:00,LM391,J,T1175,72,0.56,DOM,DOM,C,1.0,404-T1,,
FR,73H,MXP,2027-02-28 22:40:00,FR7053,J,FR,73H,BER,2027-03-01 07:05:00,FR2376,J,T1176,189,0.88,INT,INT,C,1.0,403-T1,,
U2,32Q,STN,2027-02-28 22:40:00,U2318,J,U2,32A,BFS,2027-03-01 06:45:00,U2327,J,T1177,235,0.83,DOM,NIRISH,C,1.0,1B-T1,,
FR,7M8,SNN,2027-02-28 22:45:00,FR1676,J,FR,7M8,SOF,2027-03-01 06:05:00,FR5160,J,T1179,197,0.88,IRISH,INT,C,1.0,7-T1,,
U2,32A,BRS,2027-02-28 22:45:00,U2324,J,U2,32A,LTN,2027-03-01 07:00:00,U2301,J,T1180,186,0.83,DOM,DOM,C,1.0,2-T1,,
U2,32N,MAD,2027-02-28 22:50:00,U23210,J,U2,32A,LGW,2027-03-01 07:00:00,U2860,J,T1181,186,0.83,INT,DOM,C,1.0,407-T1,,
U2,32A,CDG,2027-02-28 22:55:00,U23244,J,U2,32Q,PRG,2027-03-01 07:20:00,U23325,J,T1182,186,0.83,INT,INT,C,1.0,100-T1,,
FR,73H,ORK,2027-02-28 23:00:00,FR3739,J,FR,73H,KRK,2027-03-01 07:15:00,FR6624,J,T1184,189,0.88,IRISH,INT,C,1.0,35-T1,,
FR,73H,CPH,2027-02-28 23:10:00,FR3759,J,FR,73H,CRL,2027-03-01 07:35:00,FR7322,J,T1185,189,0.88,INT,INT,C,1.0,103-T1,,
KL,32Q,AMS,2027-02-28 23:10:00,KL933,J,KL,32Q,AMS,2027-03-01 05:40:00,KL922,J,T1186,227,0.82,INT,INT,C,1.0,3-T1,,
FR,7M8,OTP,2027-03-01 00:20:00,FR5615,J,FR,7M8,TFS,2027-03-01 06:05:00,FR2969,J,T1189,197,0.88,INT,INT,C,1.0,20-T1,,
FR,7M8,TFS,2027-03-01 00:40:00,FR2970,J,FR,7M8,BCN,2027-03-01 06:25:00,FR6266,J,T1192,197,0.88,INT,INT,C,1.0,15B-T1,,
FR,7M8,ACE,2027-03-01 00:50:00,FR5594,J,FR,7M8,VIE,2027-03-01 06:30:00,FR1625,J,T1193,197,0.88,INT,INT,C,1.0,22-T1,,
FR,7M8,KRK,2027-03-01 00:55:00,FR359,J,FR,7M8,SVQ,2027-03-01 07:20:00,FR6760,J,T1194,197,0.88,INT,INT,C,1.0,15A-T1,,
MUK,76X,EMA,2027-03-01 05:30:00,MUK6566,F,MUK,76X,EMA,2027-03-01 20:10:00,MUK6565,F,T1195,0,0.0,DOM,DOM,D,1.0,212-FRT,,
QR,789,DOH,2027-03-01 06:00:00,QR31,J,QR,789,DOH,2027-03-01 07:30:00,QR32,J,T1196,311,0.91,INT,INT,E,1.0,18-T1,,
D0,75C,LEJ,2027-03-01 06:05:00,D02134,F,D0,75C,LEJ,2027-03-01 20:10:00,D02135,F,T1197,0,0.0,INT,INT,D,1.0,211-FRT,,
HU,333,PEK,2027-03-01 06:35:00,HU407,J,HU,333,PEK,2027-03-01 10:50:00,HU408,J,T1198,292,0.89,INT,INT,E,1.0,16-T1,,
FR,7M8,DUB,2027-03-01 07:10:00,FR818,J,FR,7M8,DUB,2027-03-01 07:35:00,FR819,J,T1199,197,0.88,IRISH,IRISH,C,1.0,1A-T1,,
FR,73H,CRL,2027-03-01 07:10:00,FR7323,J,FR,73H,VCE,2027-03-01 07:40:00,FR1652,J,T1200,189,0.88,INT,INT,C,1.0,22-T1,,
EC,32N,AMS,2027-03-01 07:40:00,EC7835,J,EC,32N,AMS,2027-03-01 08:30:00,EC7836,J,T1201,186,0.85,INT,INT,C,1.0,15B-T1,,
FR,73H,KUN,2027-03-01 07:50:00,FR2885,J,FR,73H,KUN,2027-03-01 08:15:00,FR2886,J,T1202,189,0.88,INT,INT,C,1.0,15A-T1,,
EA,AT7,DUB,2027-03-01 07:55:00,EA3250,J,EA,AT7,DUB,2027-03-01 08:30:00,EA3251,J,T1203,72,0.82,IRISH,IRISH,C,1.0,1A-T1,,
EA,AT7,BHD,2027-03-01 07:55:00,EA3650,J,EA,AT7,BHD,2027-03-01 08:25:00,EA3651,J,T1204,72,0.82,NIRISH,NIRISH,C,1.0,5-T1,,
UA,75W,EWR,2027-03-01 07:55:00,UA36,J,UA,75W,EWR,2027-03-01 09:25:00,UA37,J,T1205,176,0.92,INT,INT,D,1.0,18-T1,,
LM,AT7,SOU,2027-02-20 12:00:00,LM322,J,LM,AT7,EXT,2027-02-20 13:10:00,LM315,J,T2,72,0.56,DOM,DOM,C,1.0,1A-T1,1.0,406-T1
LM,AT7,SOU,2027-02-20 13:30:00,LM322,J,LM,AT7,EXT,2027-02-21 12:05:00,LM315,J,T2,72,0.56,DOM,DOM,C,1.0,406-T1,3.0,1A-T1
LM,AT7,KOI,2027-02-20 14:10:00,LM392,J,LM,AT7,SYY,2027-02-20 15:20:00,LM343,J,T4,72,0.56,DOM,DOM,C,1.0,4-T1,1.0,106-T1
LM,AT7,KOI,2027-02-20 15:40:00,LM392,J,LM,AT7,SYY,2027-02-21 12:35:00,LM343,J,T4,72,0.56,DOM,DOM,C,1.0,106-T1,3.0,4-T1
LS,32Q,ACE,2027-02-21 18:30:00,LS706,J,LS,32Q,TFS,2027-02-22 06:25:00,LS727,J,T74,232,0.9,INT,INT,C,0.8,36-T1,1.0,2-T1
LS,32Q,ACE,2027-02-22 06:45:00,LS706,J,LS,32Q,TFS,2027-02-22 07:55:00,LS727,J,T74,232,0.9,INT,INT,C,0.8,2-T1,3.0,36-T1
LS,32Q,TFS,2027-02-21 20:15:00,LS740,J,LS,32Q,LPA,2027-02-21 21:25:00,LS747,J,T96,232,0.9,INT,INT,C,0.8,16B-T1,1.0,315-T1
LS,32Q,TFS,2027-02-21 21:45:00,LS740,J,LS,32Q,LPA,2027-02-22 07:15:00,LS747,J,T96,232,0.9,INT,INT,C,0.8,315-T1,2.0,
LS,32Q,TFS,2027-02-22 07:35:00,LS740,J,LS,32Q,LPA,2027-02-22 08:45:00,LS747,J,T96,232,0.9,INT,INT,C,0.8,6-T1,3.0,315-T1
CJ,E90,LCY,2027-02-21 20:25:00,CJ8710,J,CJ,E90,LCY,2027-02-21 21:35:00,CJ8701,J,T97,106,0.7,DOM,DOM,C,0.5,1-T1,1.0,311R-T1
CJ,E90,LCY,2027-02-21 21:55:00,CJ8710,J,CJ,E90,LCY,2027-02-22 06:25:00,CJ8701,J,T97,106,0.7,DOM,DOM,C,0.5,311R-T1,3.0,1-T1
LS,73H,PRG,2027-02-21 20:25:00,LS3924,J,LS,73H,AGP,2027-02-22 07:45:00,LS759,J,T98,189,0.9,INT,INT,C,0.8,309-T1,1.0,16A-T1
LS,73H,PRG,2027-02-22 08:05:00,LS3924,J,LS,73H,AGP,2027-02-22 09:15:00,LS759,J,T98,189,0.9,INT,INT,C,0.8,16A-T1,3.0,309-T1
BA,32Q,LHR,2027-02-21 21:50:00,BA1462,J,BA,32Q,LHR,2027-02-21 23:00:00,BA1463,J,T107,220,0.75,DOM,DOM,C,0.5,16A-T1,1.0,406-T1
BA,32Q,LHR,2027-02-21 23:20:00,BA1462,J,BA,32Q,LHR,2027-02-22 06:05:00,BA1463,J,T107,220,0.75,DOM,DOM,C,0.5,406-T1,3.0,16A-T1
RK,73H,STN,2027-02-21 21:50:00,RK9823,J,RK,73H,STN,2027-02-21 23:00:00,RK1274,J,T108,189,0.86,DOM,DOM,C,1.0,16B-T1,1.0,314-T1
RK,73H,STN,2027-02-21 23:20:00,RK9823,J,RK,73H,STN,2027-02-22 05:40:00,RK1274,J,T108,189,0.86,DOM,DOM,C,1.0,314-T1,2.0,
RK,73H,STN,2027-02-22 06:00:00,RK9823,J,RK,73H,STN,2027-02-22 07:10:00,RK1274,J,T108,189,0.86,DOM,DOM,C,1.0,3-T1,3.0,314-T1
U2,32N,ATH,2027-02-21 22:15:00,U23238,J,U2,32A,GVA,2027-02-21 23:25:00,U23291,J,T110,186,0.83,INT,INT,C,1.0,22-T1,1.0,1B-T1
U2,32N,ATH,2027-02-21 23:45:00,U23238,J,U2,32A,GVA,2027-02-22 06:20:00,U23291,J,T110,186,0.83,INT,INT,C,1.0,1B-T1,3.0,22-T1
BA,32Q,LHR,2027-02-21 22:45:00,BA1464,J,BA,32Q,LHR,2027-02-21 23:55:00,BA1465,J,T121,220,0.75,DOM,DOM,C,0.5,20-T1,1.0,313-T1
BA,32Q,LHR,2027-02-22 00:15:00,BA1464,J,BA,32Q,LHR,2027-02-22 06:25:00,BA1465,J,T121,220,0.75,DOM,DOM,C,0.5,313-T1,2.0,
BA,32Q,LHR,2027-02-22 06:45:00,BA1464,J,BA,32Q,LHR,2027-02-22 07:55:00,BA1465,J,T121,220,0.75,DOM,DOM,C,0.5,20-T1,3.0,313-T1
U2,32A,BER,2027-02-21 23:00:00,U23262,J,U2,32N,LGW,2027-02-22 00:10:00,U2803,J,T125,186,0.83,INT,DOM,C,1.0,19-T1,1.0,312-T1
U2,32A,BER,2027-02-22 00:30:00,U23262,J,U2,32N,LGW,2027-02-22 06:45:00,U2803,J,T125,186,0.83,INT,DOM,C,1.0,312-T1,2.0,
U2,32A,BER,2027-02-22 07:05:00,U23262,J,U2,32N,LGW,2027-02-22 08:15:00,U2803,J,T125,186,0.83,INT,DOM,C,1.0,1B-T1,3.0,312-T1
LH,32N,FRA,2027-02-21 23:20:00,LH964,J,LH,32N,FRA,2027-02-22 00:30:00,LH965,J,T128,172,0.82,INT,INT,C,1.0,16B-T1,1.0,8-T1
LH,32N,FRA,2027-02-22 00:50:00,LH964,J,LH,32N,FRA,2027-02-22 06:10:00,LH965,J,T128,172,0.82,INT,INT,C,1.0,8-T1,3.0,16B-T1
LS,73H,MLA,2027-02-21 23:20:00,LS3922,J,LS,73H,FCO,2027-02-22 00:30:00,LS3915,J,T129,189,0.9,INT,INT,C,0.8,16A-T1,1.0,317-T1
LS,73H,MLA,2027-02-22 00:50:00,LS3922,J,LS,73H,FCO,2027-02-22 10:00:00,LS3915,J,T129,189,0.9,INT,INT,C,0.8,317-T1,3.0,16A-T1
FR,7M8,AGP,2027-02-22 00:25:00,FR5664,J,FR,7M8,OPO,2027-02-22 04:40:00,FR5679,J,T131,197,0.88,INT,INT,C,1.0,17-T1,1.0,308-T1
FR,7M8,AGP,2027-02-22 05:00:00,FR5664,J,FR,7M8,OPO,2027-02-22 06:10:00,FR5679,J,T131,197,0.88,INT,INT,C,1.0,308-T1,3.0,17-T1
RK,73H,WRO,2027-02-22 00:40:00,RK1158,J,RK,73H,BOH,2027-02-22 01:50:00,RK1133,J,T133,189,0.86,INT,DOM,C,1.0,19-T1,1.0,404-T1
RK,73H,WRO,2027-02-22 02:10:00,RK1158,J,RK,73H,BOH,2027-02-22 07:45:00,RK1133,J,T133,189,0.86,INT,DOM,C,1.0,404-T1,3.0,19-T1
LM,AT7,LSI,2027-02-22 10:15:00,LM352,J,LM,AT7,SYY,2027-02-22 11:25:00,LM343,J,T170,72,0.56,DOM,DOM,C,1.0,5-T1,1.0,35-T1
LM,AT7,LSI,2027-02-22 11:45:00,LM352,J,LM,AT7,SYY,2027-02-22 14:00:00,LM343,J,T170,72,0.56,DOM,DOM,C,1.0,35-T1,3.0,5-T1
LS,73H,AGP,2027-02-22 17:00:00,LS760,J,LS,73H,ALC,2027-02-22 18:10:00,LS775,J,T238,189,0.9,INT,INT,C,0.8,16A-T1,1.0,317A-T1
LS,73H,AGP,2027-02-22 18:30:00,LS760,J,LS,73H,ALC,2027-02-25 06:15:00,LS775,J,T238,189,0.9,INT,INT,C,0.8,317A-T1,3.0,16A-T1
LS,73H,FCO,2027-02-22 17:35:00,LS3916,J,LS,73H,PRG,2027-02-22 18:45:00,LS3923,J,T245,189,0.9,INT,INT,C,0.8,16B-T1,1.0,310-T1
LS,73H,FCO,2027-02-22 19:05:00,LS3916,J,LS,73H,PRG,2027-02-25 05:50:00,LS3923,J,T245,189,0.9,INT,INT,C,0.8,310-T1,2.0,
LS,73H,FCO,2027-02-25 06:10:00,LS3916,J,LS,73H,PRG,2027-02-25 07:20:00,LS3923,J,T245,189,0.9,INT,INT,C,0.8,16B-T1,3.0,310-T1
LS,32Q,TFS,2027-02-22 18:45:00,LS728,J,LS,32Q,TFS,2027-02-22 19:55:00,LS739,J,T253,232,0.9,INT,INT,C,0.8,15A-T1,1.0,311-T1
LS,32Q,TFS,2027-02-22 20:15:00,LS728,J,LS,32Q,TFS,2027-02-23 06:20:00,LS739,J,T253,232,0.9,INT,INT,C,0.8,311-T1,2.0,
LS,32Q,TFS,2027-02-23 06:40:00,LS728,J,LS,32Q,TFS,2027-02-23 07:50:00,LS739,J,T253,232,0.9,INT,INT,C,0.8,4-T1,3.0,311-T1
LS,32Q,LPA,2027-02-22 19:30:00,LS748,J,LS,32Q,SSH,2027-02-22 20:40:00,LS3955,J,T263,232,0.9,INT,INT,C,0.8,16B-T1,1.0,313-T1
LS,32Q,LPA,2027-02-22 21:00:00,LS748,J,LS,32Q,SSH,2027-02-23 07:30:00,LS3955,J,T263,232,0.9,INT,INT,C,0.8,313-T1,2.0,
LS,32Q,LPA,2027-02-23 07:50:00,LS748,J,LS,32Q,SSH,2027-02-23 09:00:00,LS3955,J,T263,232,0.9,INT,INT,C,0.8,2-T1,3.0,313-T1
BA,32Q,LHR,2027-02-22 19:50:00,BA1460,J,BA,32Q,LHR,2027-02-22 21:00:00,BA1461,J,T265,220,0.75,DOM,DOM,C,0.5,4-T1,1.0,104-T1
BA,32Q,LHR,2027-02-22 21:20:00,BA1460,J,BA,32Q,LHR,2027-02-23 06:05:00,BA1461,J,T265,220,0.75,DOM,DOM,C,0.5,104-T1,3.0,4-T1
U2,32A,ZRH,2027-02-22 20:30:00,U22756,J,U2,32A,ALC,2027-02-22 21:40:00,U23205,J,T274,186,0.83,INT,INT,C,1.0,22-T1,1.0,403-T1
U2,32A,ZRH,2027-02-22 22:00:00,U22756,J,U2,32A,ALC,2027-02-23 06:05:00,U23205,J,T274,186,0.83,INT,INT,C,1.0,403-T1,3.0,22-T1
CJ,E90,LCY,2027-02-22 20:30:00,CJ8710,J,CJ,E90,LCY,2027-02-22 21:40:00,CJ8701,J,T275,106,0.7,DOM,DOM,C,0.5,3-T1,1.0,7-T1
CJ,E90,LCY,2027-02-22 22:00:00,CJ8710,J,CJ,E90,LCY,2027-02-23 06:40:00,CJ8701,J,T275,106,0.7,DOM,DOM,C,0.5,7-T1,3.0,3-T1
LS,73H,AYT,2027-02-22 20:45:00,LS710,J,LS,73H,FAO,2027-02-22 21:55:00,LS769,J,T276,189,0.9,INT,INT,C,0.8,15A-T1,1.0,315-T1
LS,73H,AYT,2027-02-22 22:15:00,LS710,J,LS,73H,FAO,2027-02-25 08:45:00,LS769,J,T276,189,0.9,INT,INT,C,0.8,315-T1,2.0,
LS,73H,AYT,2027-02-25 09:05:00,LS710,J,LS,73H,FAO,2027-02-25 10:15:00,LS769,J,T276,189,0.9,INT,INT,C,0.8,4-T1,3.0,315-T1
CJ,E90,LCY,2027-02-22 21:00:00,CJ8714,J,CJ,E90,LCY,2027-02-22 22:10:00,CJ8711,J,T277,106,0.7,DOM,DOM,C,0.5,20-T1,1.0,405-T1
CJ,E90,LCY,2027-02-22 22:30:00,CJ8714,J,CJ,E90,LCY,2027-02-23 07:00:00,CJ8711,J,T277,106,0.7,DOM,DOM,C,0.5,405-T1,3.0,20-T1
U2,32A,BHX,2027-02-22 21:30:00,U2340,J,U2,32Q,LGW,2027-02-22 22:40:00,U2806,J,T279,186,0.83,DOM,DOM,C,1.0,19-T1,1.0,103-T1
U2,32A,BHX,2027-02-22 23:00:00,U2340,J,U2,32Q,LGW,2027-02-23 06:10:00,U2806,J,T279,186,0.83,DOM,DOM,C,1.0,103-T1,3.0,19-T1
FR,7M8,DUB,2027-02-22 21:35:00,FR814,J,FR,7M8,MAD,2027-02-22 22:45:00,FR189,J,T280,197,0.88,IRISH,INT,C,1.0,1-T1,1.0,34-T1
FR,7M8,DUB,2027-02-22 23:05:00,FR814,J,FR,7M8,MAD,2027-02-23 06:00:00,FR189,J,T280,197,0.88,IRISH,INT,C,1.0,34-T1,3.0,1-T1
CJ,E90,LCY,2027-02-22 21:45:00,CJ8718,J,CJ,E90,LCY,2027-02-22 22:55:00,CJ8713,J,T282,106,0.7,DOM,DOM,C,0.5,4-T1,1.0,100-T1
CJ,E90,LCY,2027-02-22 23:15:00,CJ8718,J,CJ,E90,LCY,2027-02-23 07:30:00,CJ8713,J,T282,106,0.7,DOM,DOM,C,0.5,100-T1,3.0,4-T1
U2,32A,GVA,2027-02-22 22:05:00,U23296,J,U2,32A,GVA,2027-02-22 23:15:00,U23291,J,T283,186,0.83,INT,INT,C,1.0,16B-T1,1.0,8-T1
U2,32A,GVA,2027-02-22 23:35:00,U23296,J,U2,32A,GVA,2027-02-23 06:20:00,U23291,J,T283,186,0.83,INT,INT,C,1.0,8-T1,3.0,16B-T1
BA,32Q,LHR,2027-02-22 22:35:00,BA1464,J,BA,32Q,LHR,2027-02-22 23:45:00,BA1465,J,T288,220,0.75,DOM,DOM,C,0.5,20-T1,1.0,309-T1
BA,32Q,LHR,2027-02-23 00:05:00,BA1464,J,BA,32Q,LHR,2027-02-23 06:05:00,BA1465,J,T288,220,0.75,DOM,DOM,C,0.5,309-T1,2.0,
BA,32Q,LHR,2027-02-23 06:25:00,BA1464,J,BA,32Q,LHR,2027-02-23 07:35:00,BA1465,J,T288,220,0.75,DOM,DOM,C,0.5,1-T1,3.0,309-T1
FR,73H,BGY,2027-02-22 22:55:00,FR3645,J,FR,73H,LIS,2027-02-23 00:05:00,FR479,J,T291,189,0.88,INT,INT,C,1.0,17-T1,1.0,317-T1
FR,73H,BGY,2027-02-23 00:25:00,FR3645,J,FR,73H,LIS,2027-02-24 12:35:00,FR479,J,T291,189,0.88,INT,INT,C,1.0,317-T1,2.0,
FR,73H,BGY,2027-02-24 12:55:00,FR3645,J,FR,73H,LIS,2027-02-24 14:05:00,FR479,J,T291,189,0.88,INT,INT,C,1.0,3-T1,3.0,317-T1
U2,32N,TFS,2027-02-22 23:35:00,U23232,J,U2,32A,AMS,2027-02-23 05:50:00,U23301,J,T299,186,0.83,INT,INT,C,1.0,106-T1,1.0,3-T1
U2,32N,TFS,2027-02-23 06:10:00,U23232,J,U2,32A,AMS,2027-02-23 07:20:00,U23301,J,T299,186,0.83,INT,INT,C,1.0,3-T1,3.0,106-T1
FR,7M8,OTP,2027-02-23 00:45:00,FR838,J,FR,7M8,CRL,2027-02-23 10:50:00,FR7322,J,T304,197,0.88,INT,INT,C,1.0,36-T1,1.0,3-T1
FR,7M8,OTP,2027-02-23 11:10:00,FR838,J,FR,7M8,CRL,2027-02-23 12:20:00,FR7322,J,T304,197,0.88,INT,INT,C,1.0,3-T1,3.0,36-T1
RK,73H,ALC,2027-02-23 00:45:00,RK5581,J,RK,73H,STN,2027-02-23 16:10:00,RK597,J,T305,189,0.86,INT,DOM,C,1.0,102-T1,1.0,16B-T1
RK,73H,ALC,2027-02-23 16:30:00,RK5581,J,RK,73H,STN,2027-02-23 17:40:00,RK597,J,T305,189,0.86,INT,DOM,C,1.0,16B-T1,3.0,102-T1
LM,AT7,SOU,2027-02-23 10:40:00,LM322,J,LM,AT7,SOU,2027-02-23 11:50:00,LM321,J,T333,72,0.56,DOM,DOM,C,1.0,1A-T1,1.0,36-T1
LM,AT7,SOU,2027-02-23 12:10:00,LM322,J,LM,AT7,SOU,2027-02-24 06:40:00,LM321,J,T333,72,0.56,DOM,DOM,C,1.0,36-T1,3.0,1A-T1
RK,73H,RAK,2027-02-23 16:50:00,RK515,J,RK,73H,MAD,2027-02-23 18:00:00,RK189,J,T374,189,0.86,INT,INT,C,1.0,20-T1,1.0,403-T1
RK,73H,RAK,2027-02-23 18:20:00,RK515,J,RK,73H,MAD,2027-02-24 08:15:00,RK189,J,T374,189,0.86,INT,INT,C,1.0,403-T1,3.0,20-T1
LS,32Q,ACE,2027-02-23 19:00:00,LS706,J,LS,32Q,FUE,2027-02-23 20:10:00,LS745,J,T387,232,0.9,INT,INT,C,0.8,20-T1,1.0,106-T1
LS,32Q,ACE,2027-02-23 20:30:00,LS706,J,LS,32Q,FUE,2027-02-24 09:35:00,LS745,J,T387,232,0.9,INT,INT,C,0.8,106-T1,2.0,
LS,32Q,ACE,2027-02-24 09:55:00,LS706,J,LS,32Q,FUE,2027-02-24 11:05:00,LS745,J,T387,232,0.9,INT,INT,C,0.8,3-T1,3.0,106-T1
CJ,E90,LCY,2027-02-23 20:30:00,CJ8710,J,CJ,E90,LCY,2027-02-23 21:40:00,CJ8701,J,T398,106,0.7,DOM,DOM,C,0.5,20-T1,1.0,8-T1
CJ,E90,LCY,2027-02-23 22:00:00,CJ8710,J,CJ,E90,LCY,2027-02-24 06:40:00,CJ8701,J,T398,106,0.7,DOM,DOM,C,0.5,8-T1,3.0,20-T1
RK,73H,STN,2027-02-23 20:50:00,RK596,J,RK,73H,TIA,2027-02-23 22:00:00,RK8294,J,T401,189,0.86,DOM,INT,C,1.0,6-T1,1.0,312-T1
RK,73H,STN,2027-02-23 22:20:00,RK596,J,RK,73H,TIA,2027-02-24 10:25:00,RK8294,J,T401,189,0.86,DOM,INT,C,1.0,312-T1,2.0,
RK,73H,STN,2027-02-24 10:45:00,RK596,J,RK,73H,TIA,2027-02-24 11:55:00,RK8294,J,T401,189,0.86,DOM,INT,C,1.0,1-T1,3.0,312-T1
CJ,E90,LCY,2027-02-23 21:00:00,CJ8714,J,CJ,E90,LCY,2027-02-23 22:10:00,CJ8711,J,T402,106,0.7,DOM,DOM,C,0.5,1-T1,1.0,104-T1
CJ,E90,LCY,2027-02-23 22:30:00,CJ8714,J,CJ,E90,LCY,2027-02-24 07:00:00,CJ8711,J,T402,106,0.7,DOM,DOM,C,0.5,104-T1,3.0,1-T1
LM,AT7,SOU,2027-02-23 21:40:00,LM328,J,LM,AT7,LSI,2027-02-24 15:15:00,LM357,J,T404,72,0.56,DOM,DOM,C,1.0,7-T1,1.0,4-T1
LM,AT7,SOU,2027-02-24 15:35:00,LM328,J,LM,AT7,LSI,2027-02-24 16:45:00,LM357,J,T404,72,0.56,DOM,DOM,C,1.0,4-T1,3.0,7-T1
CJ,E90,LCY,2027-02-23 21:45:00,CJ8718,J,CJ,E90,LCY,2027-02-23 22:55:00,CJ8713,J,T405,106,0.7,DOM,DOM,C,0.5,16B-T1,1.0,308-T1
CJ,E90,LCY,2027-02-23 23:15:00,CJ8718,J,CJ,E90,LCY,2027-02-24 06:00:00,CJ8713,J,T405,106,0.7,DOM,DOM,C,0.5,308-T1,2.0,
CJ,E90,LCY,2027-02-24 06:20:00,CJ8718,J,CJ,E90,LCY,2027-02-24 07:30:00,CJ8713,J,T405,106,0.7,DOM,DOM,C,0.5,20-T1,3.0,308-T1
LS,32Q,SSH,2027-02-23 22:20:00,LS3956,J,LS,32Q,TFS,2027-02-23 23:30:00,LS727,J,T410,232,0.9,INT,INT,C,0.8,15A-T1,1.0,314-T1
LS,32Q,SSH,2027-02-23 23:50:00,LS3956,J,LS,32Q,TFS,2027-02-25 06:20:00,LS727,J,T410,232,0.9,INT,INT,C,0.8,314-T1,2.0,
LS,32Q,SSH,2027-02-25 06:40:00,LS3956,J,LS,32Q,TFS,2027-02-25 07:50:00,LS727,J,T410,232,0.9,INT,INT,C,0.8,22-T1,3.0,314-T1
FR,7M8,ACE,2027-02-23 23:00:00,FR5594,J,FR,7M8,KRK,2027-02-24 00:10:00,FR6624,J,T418,197,0.88,INT,INT,C,1.0,15B-T1,1.0,316-T1
FR,7M8,ACE,2027-02-24 00:30:00,FR5594,J,FR,7M8,KRK,2027-02-24 07:00:00,FR6624,J,T418,197,0.88,INT,INT,C,1.0,316-T1,2.0,
FR,7M8,ACE,2027-02-24 07:20:00,FR5594,J,FR,7M8,KRK,2027-02-24 08:30:00,FR6624,J,T418,197,0.88,INT,INT,C,1.0,17-T1,3.0,316-T1
FR,7M8,BUD,2027-02-23 23:35:00,FR1018,J,FR,7M8,CRL,2027-02-24 08:00:00,FR7322,J,T423,197,0.88,INT,INT,C,1.0,103-T1,1.0,4-T1
FR,7M8,BUD,2027-02-24 08:20:00,FR1018,J,FR,7M8,CRL,2027-02-24 09:30:00,FR7322,J,T423,197,0.88,INT,INT,C,1.0,4-T1,3.0,103-T1
FR,7M8,LIS,2027-02-24 00:10:00,FR478,J,FR,7M8,MLA,2027-02-24 01:20:00,FR6695,J,T424,197,0.88,INT,INT,C,1.0,15A-T1,1.0,35-T1
FR,7M8,LIS,2027-02-24 01:40:00,FR478,J,FR,7M8,MLA,2027-02-24 11:00:00,FR6695,J,T424,197,0.88,INT,INT,C,1.0,35-T1,3.0,15A-T1
U2,32N,SSH,2027-02-24 00:30:00,U23222,J,U2,32N,ZRH,2027-02-24 01:40:00,U23297,J,T425,186,0.83,INT,INT,C,1.0,15B-T1,1.0,212-FRT
U2,32N,SSH,2027-02-24 02:00:00,U23222,J,U2,32N,ZRH,2027-02-24 06:05:00,U23297,J,T425,186,0.83,INT,INT,C,1.0,212-FRT,2.0,
U2,32N,SSH,2027-02-24 06:25:00,U23222,J,U2,32N,ZRH,2027-02-24 07:35:00,U23297,J,T425,186,0.83,INT,INT,C,1.0,1B-T1,3.0,212-FRT
LS,32Q,TFS,2027-02-24 18:35:00,LS752,J,LS,32Q,ACE,2027-02-24 19:45:00,LS785,J,T512,232,0.9,INT,INT,C,0.8,16A-T1,1.0,309-T1
LS,32Q,TFS,2027-02-24 20:05:00,LS752,J,LS,32Q,ACE,2027-02-25 06:55:00,LS785,J,T512,232,0.9,INT,INT,C,0.8,309-T1,2.0,
LS,32Q,TFS,2027-02-25 07:15:00,LS752,J,LS,32Q,ACE,2027-02-25 08:25:00,LS785,J,T512,232,0.9,INT,INT,C,0.8,2-T1,3.0,309-T1
RK,73H,TIA,2027-02-24 19:25:00,RK8295,J,RK,73H,STN,2027-02-24 20:35:00,RK8604,J,T519,189,0.86,INT,DOM,C,1.0,22-T1,1.0,7-T1
RK,73H,TIA,2027-02-24 20:55:00,RK8295,J,RK,73H,STN,2027-02-25 07:10:00,RK8604,J,T519,189,0.86,INT,DOM,C,1.0,7-T1,3.0,22-T1
BA,320,LHR,2027-02-24 19:50:00,BA1460,J,BA,320,LHR,2027-02-24 21:00:00,BA1461,J,T523,180,0.75,DOM,DOM,C,0.5,20-T1,1.0,106-T1
BA,320,LHR,2027-02-24 21:20:00,BA1460,J,BA,320,LHR,2027-02-25 06:05:00,BA1461,J,T523,180,0.75,DOM,DOM,C,0.5,106-T1,3.0,20-T1
CJ,E90,LCY,2027-02-24 20:30:00,CJ8710,J,CJ,E90,LCY,2027-02-24 21:40:00,CJ8701,J,T529,106,0.7,DOM,DOM,C,0.5,1-T1,1.0,35-T1
CJ,E90,LCY,2027-02-24 22:00:00,CJ8710,J,CJ,E90,LCY,2027-02-25 06:40:00,CJ8701,J,T529,106,0.7,DOM,DOM,C,0.5,35-T1,3.0,1-T1
U2,32A,MAD,2027-02-24 20:40:00,U23210,J,U2,32Q,KEF,2027-02-24 21:50:00,U23315,J,T531,186,0.83,INT,INT,C,1.0,15A-T1,1.0,103-T1
U2,32A,MAD,2027-02-24 22:10:00,U23210,J,U2,32Q,KEF,2027-02-25 06:00:00,U23315,J,T531,186,0.83,INT,INT,C,1.0,103-T1,3.0,15A-T1
FR,73H,LIS,2027-02-24 20:55:00,FR470,J,FR,73H,DUB,2027-02-24 22:05:00,FR815,J,T532,189,0.88,INT,IRISH,C,1.0,15B-T1,1.0,407-T1
FR,73H,LIS,2027-02-24 22:25:00,FR470,J,FR,73H,DUB,2027-02-25 07:30:00,FR815,J,T532,189,0.88,INT,IRISH,C,1.0,407-T1,3.0,15B-T1
CJ,E90,LCY,2027-02-24 21:00:00,CJ8714,J,CJ,E90,LCY,2027-02-24 22:10:00,CJ8711,J,T533,106,0.7,DOM,DOM,C,0.5,16B-T1,1.0,102-T1
CJ,E90,LCY,2027-02-24 22:30:00,CJ8714,J,CJ,E90,LCY,2027-02-25 07:00:00,CJ8711,J,T533,106,0.7,DOM,DOM,C,0.5,102-T1,3.0,16B-T1
U2,32N,TFS,2027-02-24 21:15:00,U23232,J,U2,32A,ALC,2027-02-24 22:25:00,U23205,J,T535,186,0.83,INT,INT,C,1.0,19-T1,1.0,36-T1
U2,32N,TFS,2027-02-24 22:45:00,U23232,J,U2,32A,ALC,2027-02-25 06:05:00,U23205,J,T535,186,0.83,INT,INT,C,1.0,36-T1,3.0,19-T1
LS,32Q,FUE,2027-02-24 21:35:00,LS746,J,LS,32Q,FNC,2027-02-24 22:45:00,LS735,J,T538,232,0.9,INT,INT,C,0.8,16A-T1,1.0,316-T1
LS,32Q,FUE,2027-02-24 23:05:00,LS746,J,LS,32Q,FNC,2027-02-25 07:55:00,LS735,J,T538,232,0.9,INT,INT,C,0.8,316-T1,2.0,
LS,32Q,FUE,2027-02-25 08:15:00,LS746,J,LS,32Q,FNC,2027-02-25 09:25:00,LS735,J,T538,232,0.9,INT,INT,C,0.8,3-T1,3.0,316-T1
BA,319,LHR,2027-02-24 22:00:00,BA1464,J,BA,319,LHR,2027-02-24 23:10:00,BA1465,J,T544,144,0.75,DOM,DOM,C,0.5,1-T1,1.0,311-T1
BA,319,LHR,2027-02-24 23:30:00,BA1464,J,BA,319,LHR,2027-02-25 06:30:00,BA1465,J,T544,144,0.75,DOM,DOM,C,0.5,311-T1,2.0,
BA,319,LHR,2027-02-25 06:50:00,BA1464,J,BA,319,LHR,2027-02-25 08:00:00,BA1465,J,T544,144,0.75,DOM,DOM,C,0.5,15A-T1,3.0,311-T1
AF,223,CDG,2027-02-24 22:15:00,AF1886,J,AF,223,CDG,2027-02-24 23:25:00,AF1887,J,T545,148,0.82,INT,INT,C,1.0,15A-T1,1.0,34-T1
AF,223,CDG,2027-02-24 23:45:00,AF1886,J,AF,223,CDG,2027-02-25 05:50:00,AF1887,J,T545,148,0.82,INT,INT,C,1.0,34-T1,3.0,15A-T1
U2,32Q,PFO,2027-02-24 22:25:00,U23318,J,U2,32A,GVA,2027-02-24 23:35:00,U23293,J,T547,235,0.83,INT,INT,C,1.0,17-T1,1.0,1-T1
U2,32Q,PFO,2027-02-24 23:55:00,U23318,J,U2,32A,GVA,2027-02-25 07:05:00,U23293,J,T547,235,0.83,INT,INT,C,1.0,1-T1,3.0,17-T1
FR,73H,PRG,2027-02-25 09:25:00,FR1053,J,FR,73H,BCN,2027-02-25 11:40:00,FR6266,J,T577,189,0.88,INT,INT,C,1.0,15A-T1,1.0,4-T1
FR,73H,PRG,2027-02-25 12:00:00,FR1053,J,FR,73H,BCN,2027-02-25 13:10:00,FR6266,J,T577,189,0.88,INT,INT,C,1.0,4-T1,3.0,15A-T1
LS,73H,FAO,2027-02-25 17:55:00,LS770,J,LS,73H,AGP,2027-02-26 08:50:00,LS759,J,T656,189,0.9,INT,INT,C,0.8,36-T1,1.0,1-T1
LS,73H,FAO,2027-02-26 09:10:00,LS770,J,LS,73H,AGP,2027-02-26 10:20:00,LS759,J,T656,189,0.9,INT,INT,C,0.8,1-T1,3.0,36-T1
LS,32Q,ACE,2027-02-25 18:40:00,LS786,J,LS,32Q,LPA,2027-02-25 19:50:00,LS715,J,T665,232,0.9,INT,INT,C,0.8,15A-T1,1.0,308-T1
LS,32Q,ACE,2027-02-25 20:10:00,LS786,J,LS,32Q,LPA,2027-02-26 07:15:00,LS715,J,T665,232,0.9,INT,INT,C,0.8,308-T1,2.0,
LS,32Q,ACE,2027-02-26 07:35:00,LS786,J,LS,32Q,LPA,2027-02-26 08:45:00,LS715,J,T665,232,0.9,INT,INT,C,0.8,2-T1,3.0,308-T1
LS,32Q,FNC,2027-02-25 18:50:00,LS736,J,LS,32Q,AYT,2027-02-26 07:55:00,LS757,J,T667,232,0.9,INT,INT,C,0.8,102-T1,1.0,4-T1
LS,32Q,FNC,2027-02-26 08:15:00,LS736,J,LS,32Q,AYT,2027-02-26 09:25:00,LS757,J,T667,232,0.9,INT,INT,C,0.8,4-T1,3.0,102-T1
WK,320,ZRH,2027-02-25 18:55:00,WK290,J,WK,320,ZRH,2027-02-26 06:30:00,WK291,J,T669,180,0.7,INT,INT,C,1.0,315-T1,1.0,1B-T1
WK,320,ZRH,2027-02-26 06:50:00,WK290,J,WK,320,ZRH,2027-02-26 08:00:00,WK291,J,T669,180,0.7,INT,INT,C,1.0,1B-T1,3.0,315-T1
FR,73H,BCN,2027-02-25 19:20:00,FR6267,J,FR,73H,DUB,2027-02-25 20:30:00,FR819,J,T671,189,0.88,INT,IRISH,C,1.0,15B-T1,1.0,403-T1
FR,73H,BCN,2027-02-25 20:50:00,FR6267,J,FR,73H,DUB,2027-02-26 06:05:00,FR819,J,T671,189,0.88,INT,IRISH,C,1.0,403-T1,3.0,15B-T1
CJ,E90,LCY,2027-02-25 20:30:00,CJ8710,J,CJ,E90,LCY,2027-02-25 21:40:00,CJ8701,J,T683,106,0.7,DOM,DOM,C,0.5,1-T1,1.0,314-T1
CJ,E90,LCY,2027-02-25 22:00:00,CJ8710,J,CJ,E90,LCY,2027-02-26 06:30:00,CJ8701,J,T683,106,0.7,DOM,DOM,C,0.5,314-T1,3.0,1-T1
CJ,E90,LCY,2027-02-25 21:00:00,CJ8714,J,CJ,E90,LCY,2027-02-25 22:10:00,CJ8711,J,T686,106,0.7,DOM,DOM,C,0.5,16B-T1,1.0,311R-T1
CJ,E90,LCY,2027-02-25 22:30:00,CJ8714,J,CJ,E90,LCY,2027-02-26 06:40:00,CJ8711,J,T686,106,0.7,DOM,DOM,C,0.5,311R-T1,3.0,16B-T1
FR,7M8,MAD,2027-02-25 21:05:00,FR188,J,FR,7M8,MAD,2027-02-25 22:15:00,FR189,J,T688,197,0.88,INT,INT,C,1.0,16A-T1,1.0,1-T1
FR,7M8,MAD,2027-02-25 22:35:00,FR188,J,FR,7M8,MAD,2027-02-26 05:50:00,FR189,J,T688,197,0.88,INT,INT,C,1.0,1-T1,3.0,16A-T1
U2,32N,FUE,2027-02-25 21:45:00,U23208,J,U2,32N,GVA,2027-02-25 22:55:00,U23291,J,T692,186,0.83,INT,INT,C,1.0,17-T1,1.0,407-T1
U2,32N,FUE,2027-02-25 23:15:00,U23208,J,U2,32N,GVA,2027-02-26 06:25:00,U23291,J,T692,186,0.83,INT,INT,C,1.0,407-T1,3.0,17-T1
BA,32Q,LHR,2027-02-25 22:00:00,BA1464,J,BA,32Q,LHR,2027-02-25 23:10:00,BA1465,J,T694,220,0.75,DOM,DOM,C,0.5,20-T1,1.0,210-FRT
BA,32Q,LHR,2027-02-25 23:30:00,BA1464,J,BA,32Q,LHR,2027-02-26 05:55:00,BA1465,J,T694,220,0.75,DOM,DOM,C,0.5,210-FRT,2.0,
BA,32Q,LHR,2027-02-26 06:15:00,BA1464,J,BA,32Q,LHR,2027-02-26 07:25:00,BA1465,J,T694,220,0.75,DOM,DOM,C,0.5,1-T1,3.0,210-FRT
RK,73H,BGY,2027-02-25 22:15:00,RK3657,J,RK,73H,AGA,2027-02-25 23:25:00,RK861,J,T698,189,0.86,INT,INT,C,1.0,15B-T1,1.0,104-T1
RK,73H,BGY,2027-02-25 23:45:00,RK3657,J,RK,73H,AGA,2027-02-26 06:45:00,RK861,J,T698,189,0.86,INT,INT,C,1.0,104-T1,3.0,15B-T1
KL,32Q,AMS,2027-02-25 23:10:00,KL933,J,KL,32Q,AMS,2027-02-26 00:20:00,KL922,J,T702,227,0.82,INT,INT,C,1.0,16B-T1,1.0,317A-T1
KL,32Q,AMS,2027-02-26 00:40:00,KL933,J,KL,32Q,AMS,2027-02-26 05:40:00,KL922,J,T702,227,0.82,INT,INT,C,1.0,317A-T1,3.0,16B-T1
LH,32N,FRA,2027-02-25 23:20:00,LH964,J,LH,32N,FRA,2027-02-26 00:30:00,LH965,J,T704,172,0.82,INT,INT,C,1.0,15A-T1,1.0,405-T1
LH,32N,FRA,2027-02-26 00:50:00,LH964,J,LH,32N,FRA,2027-02-26 06:00:00,LH965,J,T704,172,0.82,INT,INT,C,1.0,405-T1,3.0,15A-T1
FR,7M8,NAP,2027-02-25 23:55:00,FR7410,J,FR,7M8,CRL,2027-02-26 04:55:00,FR7322,J,T708,197,0.88,INT,INT,C,1.0,15B-T1,1.0,404-T1
FR,7M8,NAP,2027-02-26 05:15:00,FR7410,J,FR,7M8,CRL,2027-02-26 06:25:00,FR7322,J,T708,197,0.88,INT,INT,C,1.0,404-T1,3.0,15B-T1
U2,32A,TOS,2027-02-25 23:55:00,U23216,J,U2,32A,LGW,2027-02-26 06:00:00,U2806,J,T710,186,0.83,INT,DOM,C,1.0,309-T1,1.0,4-T1
U2,32A,TOS,2027-02-26 06:20:00,U23216,J,U2,32A,LGW,2027-02-26 07:30:00,U2806,J,T710,186,0.83,INT,DOM,C,1.0,4-T1,3.0,309-T1
FR,7M8,AGP,2027-02-26 00:50:00,FR5664,J,FR,7M8,ALC,2027-02-26 02:00:00,FR5579,J,T712,197,0.88,INT,INT,C,1.0,15A-T1,1.0,312-T1
FR,7M8,AGP,2027-02-26 02:20:00,FR5664,J,FR,7M8,ALC,2027-02-26 06:05:00,FR5579,J,T712,197,0.88,INT,INT,C,1.0,312-T1,2.0,
FR,7M8,AGP,2027-02-26 06:25:00,FR5664,J,FR,7M8,ALC,2027-02-26 07:35:00,FR5579,J,T712,197,0.88,INT,INT,C,1.0,20-T1,3.0,312-T1
LS,32Q,TFS,2027-02-26 18:20:00,LS740,J,LS,32Q,GVA,2027-02-27 05:40:00,LS779,J,T829,232,0.9,INT,INT,C,0.8,35-T1,1.0,2-T1
LS,32Q,TFS,2027-02-27 06:00:00,LS740,J,LS,32Q,GVA,2027-02-27 07:10:00,LS779,J,T829,232,0.9,INT,INT,C,0.8,2-T1,3.0,35-T1
WK,320,ZRH,2027-02-26 19:10:00,WK290,J,WK,320,ZRH,2027-02-27 06:10:00,WK291,J,T842,180,0.7,INT,INT,C,1.0,407-T1,1.0,1-T1
WK,320,ZRH,2027-02-27 06:30:00,WK290,J,WK,320,ZRH,2027-02-27 07:40:00,WK291,J,T842,180,0.7,INT,INT,C,1.0,1-T1,3.0,407-T1
LS,32Q,LPA,2027-02-26 19:30:00,LS716,J,LS,32Q,TFS,2027-02-26 20:40:00,LS727,J,T847,232,0.9,INT,INT,C,0.8,20-T1,1.0,316-T1
LS,32Q,LPA,2027-02-26 21:00:00,LS716,J,LS,32Q,TFS,2027-02-27 06:25:00,LS727,J,T847,232,0.9,INT,INT,C,0.8,316-T1,2.0,
LS,32Q,LPA,2027-02-27 06:45:00,LS716,J,LS,32Q,TFS,2027-02-27 07:55:00,LS727,J,T847,232,0.9,INT,INT,C,0.8,3-T1,3.0,316-T1
BA,319,LHR,2027-02-26 20:15:00,BA1460,J,BA,319,LHR,2027-02-26 21:25:00,BA1461,J,T854,144,0.75,DOM,DOM,C,0.5,3-T1,1.0,100-T1
BA,319,LHR,2027-02-26 21:45:00,BA1460,J,BA,319,LHR,2027-02-27 06:50:00,BA1461,J,T854,144,0.75,DOM,DOM,C,0.5,100-T1,3.0,3-T1
LS,32Q,AYT,2027-02-26 20:30:00,LS758,J,LS,32Q,FUE,2027-02-26 21:40:00,LS745,J,T860,232,0.9,INT,INT,C,0.8,16A-T1,1.0,308-T1
LS,32Q,AYT,2027-02-26 22:00:00,LS758,J,LS,32Q,FUE,2027-02-27 08:00:00,LS745,J,T860,232,0.9,INT,INT,C,0.8,308-T1,2.0,
LS,32Q,AYT,2027-02-27 08:20:00,LS758,J,LS,32Q,FUE,2027-02-27 09:30:00,LS745,J,T860,232,0.9,INT,INT,C,0.8,3-T1,3.0,308-T1
U2,32Q,MAD,2027-02-26 20:45:00,U23210,J,U2,32N,ALC,2027-02-26 21:55:00,U23205,J,T861,235,0.83,INT,INT,C,1.0,15B-T1,1.0,104-T1
U2,32Q,MAD,2027-02-26 22:15:00,U23210,J,U2,32N,ALC,2027-02-27 06:00:00,U23205,J,T861,235,0.83,INT,INT,C,1.0,104-T1,3.0,15B-T1
LS,73H,PMI,2027-02-26 21:40:00,LS718,J,LS,73H,ACE,2027-02-26 22:50:00,LS785,J,T862,189,0.9,INT,INT,C,0.8,20-T1,1.0,309-T1
LS,73H,PMI,2027-02-26 23:10:00,LS718,J,LS,73H,ACE,2027-02-27 07:15:00,LS785,J,T862,189,0.9,INT,INT,C,0.8,309-T1,2.0,
LS,73H,PMI,2027-02-27 07:35:00,LS718,J,LS,73H,ACE,2027-02-27 08:45:00,LS785,J,T862,189,0.9,INT,INT,C,0.8,2-T1,3.0,309-T1
LM,AT7,SOU,2027-02-26 21:40:00,LM328,J,LM,AT7,SOU,2027-02-26 22:50:00,LM325,J,T863,72,0.56,DOM,DOM,C,1.0,2-T1,1.0,313-T1
LM,AT7,SOU,2027-02-26 23:10:00,LM328,J,LM,AT7,SOU,2027-02-28 12:45:00,LM325,J,T863,72,0.56,DOM,DOM,C,1.0,313-T1,3.0,2-T1
U2,32A,GVA,2027-02-26 21:55:00,U23296,J,U2,32N,GVA,2027-02-26 23:05:00,U23291,J,T864,186,0.83,INT,INT,C,1.0,19-T1,1.0,404-T1
U2,32A,GVA,2027-02-26 23:25:00,U23296,J,U2,32N,GVA,2027-02-27 06:00:00,U23291,J,T864,186,0.83,INT,INT,C,1.0,404-T1,3.0,19-T1
FR,7M8,VIE,2027-02-26 22:05:00,FR1624,J,FR,7M8,ORK,2027-02-27 04:25:00,FR3732,J,T867,197,0.88,INT,IRISH,C,1.0,15A-T1,1.0,103-T1
FR,7M8,VIE,2027-02-27 04:45:00,FR1624,J,FR,7M8,ORK,2027-02-27 05:55:00,FR3732,J,T867,197,0.88,INT,IRISH,C,1.0,103-T1,3.0,15A-T1
AF,223,CDG,2027-02-26 22:15:00,AF1886,J,AF,223,CDG,2027-02-26 23:25:00,AF1887,J,T870,148,0.82,INT,INT,C,1.0,1-T1,1.0,106-T1
AF,223,CDG,2027-02-26 23:45:00,AF1886,J,AF,223,CDG,2027-02-27 05:50:00,AF1887,J,T870,148,0.82,INT,INT,C,1.0,106-T1,3.0,1-T1
U2,32Q,AMS,2027-02-26 22:25:00,U23302,J,U2,32A,CDG,2027-02-26 23:35:00,U23241,J,T871,235,0.83,INT,INT,C,1.0,15B-T1,1.0,405-T1
U2,32Q,AMS,2027-02-26 23:55:00,U23302,J,U2,32A,CDG,2027-02-27 07:00:00,U23241,J,T871,235,0.83,INT,INT,C,1.0,405-T1,3.0,15B-T1
FR,73H,MXP,2027-02-26 22:50:00,FR7053,J,FR,73H,CPH,2027-02-27 00:00:00,FR2674,J,T872,189,0.88,INT,INT,C,1.0,17-T1,1.0,406-T1
FR,73H,MXP,2027-02-27 00:20:00,FR7053,J,FR,73H,CPH,2027-02-27 05:50:00,FR2674,J,T872,189,0.88,INT,INT,C,1.0,406-T1,3.0,17-T1
U2,32A,CDG,2027-02-26 22:55:00,U23242,J,U2,32A,BFS,2027-02-27 00:05:00,U2327,J,T875,186,0.83,INT,NIRISH,C,1.0,16B-T1,1.0,310-T1
U2,32A,CDG,2027-02-27 00:25:00,U23242,J,U2,32A,BFS,2027-02-27 05:55:00,U2327,J,T875,186,0.83,INT,NIRISH,C,1.0,310-T1,2.0,
U2,32A,CDG,2027-02-27 06:15:00,U23242,J,U2,32A,BFS,2027-02-27 07:25:00,U2327,J,T875,186,0.83,INT,NIRISH,C,1.0,1B-T1,3.0,310-T1
LH,32N,FRA,2027-02-26 23:15:00,LH964,J,LH,32N,FRA,2027-02-27 00:25:00,LH965,J,T877,172,0.82,INT,INT,C,1.0,16A-T1,1.0,34-T1
LH,32N,FRA,2027-02-27 00:45:00,LH964,J,LH,32N,FRA,2027-02-27 06:45:00,LH965,J,T877,172,0.82,INT,INT,C,1.0,34-T1,3.0,16A-T1
FR,7M8,MLA,2027-02-27 00:35:00,FR6696,J,FR,7M8,ACE,2027-02-27 04:55:00,FR5593,J,T884,197,0.88,INT,INT,C,1.0,15B-T1,1.0,102-T1
FR,7M8,MLA,2027-02-27 05:15:00,FR6696,J,FR,7M8,ACE,2027-02-27 06:25:00,FR5593,J,T884,197,0.88,INT,INT,C,1.0,102-T1,3.0,15B-T1
FR,73H,CPH,2027-02-27 10:05:00,FR2675,J,FR,73H,CPH,2027-02-27 11:15:00,FR3760,J,T916,189,0.88,INT,INT,C,1.0,19-T1,1.0,8-T1
FR,73H,CPH,2027-02-27 11:35:00,FR2675,J,FR,73H,CPH,2027-02-27 13:15:00,FR3760,J,T916,189,0.88,INT,INT,C,1.0,8-T1,3.0,19-T1
LM,AT7,KOI,2027-02-27 14:10:00,LM392,J,LM,AT7,SYY,2027-02-27 15:20:00,LM343,J,T958,72,0.56,DOM,DOM,C,1.0,1A-T1,1.0,317A-T1
LM,AT7,KOI,2027-02-27 15:40:00,LM392,J,LM,AT7,SYY,2027-02-28 12:35:00,LM343,J,T958,72,0.56,DOM,DOM,C,1.0,317A-T1,3.0,1A-T1
LS,32Q,TFS,2027-02-27 18:40:00,LS728,J,LS,32Q,ACE,2027-02-27 19:50:00,LS705,J,T985,232,0.9,INT,INT,C,0.8,16A-T1,1.0,315-T1
LS,32Q,TFS,2027-02-27 20:10:00,LS728,J,LS,32Q,ACE,2027-02-28 06:45:00,LS705,J,T985,232,0.9,INT,INT,C,0.8,315-T1,2.0,
LS,32Q,TFS,2027-02-28 07:05:00,LS728,J,LS,32Q,ACE,2027-02-28 08:15:00,LS705,J,T985,232,0.9,INT,INT,C,0.8,16A-T1,3.0,315-T1
LS,32Q,FUE,2027-02-27 20:00:00,LS746,J,LS,32Q,TFS,2027-02-27 21:10:00,LS739,J,T989,232,0.9,INT,INT,C,0.8,16B-T1,1.0,316-T1
LS,32Q,FUE,2027-02-27 21:30:00,LS746,J,LS,32Q,TFS,2027-02-28 07:55:00,LS739,J,T989,232,0.9,INT,INT,C,0.8,316-T1,2.0,
LS,32Q,FUE,2027-02-28 08:15:00,LS746,J,LS,32Q,TFS,2027-02-28 09:25:00,LS739,J,T989,232,0.9,INT,INT,C,0.8,2-T1,3.0,316-T1
BA,32Q,LHR,2027-02-27 20:15:00,BA1460,J,BA,32Q,LHR,2027-02-27 21:25:00,BA1461,J,T994,220,0.75,DOM,DOM,C,0.5,2-T1,1.0,405-T1
BA,32Q,LHR,2027-02-27 21:45:00,BA1460,J,BA,32Q,LHR,2027-02-28 06:20:00,BA1461,J,T994,220,0.75,DOM,DOM,C,0.5,405-T1,3.0,2-T1
LS,32Q,INN,2027-02-27 20:20:00,LS788,J,LS,32Q,FUE,2027-02-28 08:30:00,LS737,J,T995,232,0.9,INT,INT,C,0.8,102-T1,1.0,16A-T1
LS,32Q,INN,2027-02-28 08:50:00,LS788,J,LS,32Q,FUE,2027-02-28 10:00:00,LS737,J,T995,232,0.9,INT,INT,C,0.8,16A-T1,3.0,102-T1
FR,73H,DUB,2027-02-27 20:30:00,FR816,J,FR,73H,TFS,2027-02-27 21:40:00,FR2980,J,T997,189,0.88,IRISH,INT,C,1.0,1B-T1,1.0,406-T1
FR,73H,DUB,2027-02-27 22:00:00,FR816,J,FR,73H,TFS,2027-02-28 06:05:00,FR2980,J,T997,189,0.88,IRISH,INT,C,1.0,406-T1,3.0,1B-T1
U2,32A,BFS,2027-02-27 21:05:00,U2334,J,U2,32A,KRK,2027-02-27 22:15:00,U23313,J,T1003,186,0.83,NIRISH,INT,C,1.0,4-T1,1.0,407-T1
U2,32A,BFS,2027-02-27 22:35:00,U2334,J,U2,32A,KRK,2027-02-28 06:55:00,U23313,J,T1003,186,0.83,NIRISH,INT,C,1.0,407-T1,3.0,4-T1
BA,32Q,LHR,2027-02-27 21:25:00,BA1464,J,BA,32Q,LHR,2027-02-27 22:35:00,BA1465,J,T1005,220,0.75,DOM,DOM,C,0.5,1-T1,1.0,311-T1
BA,32Q,LHR,2027-02-27 22:55:00,BA1464,J,BA,32Q,LHR,2027-02-28 05:55:00,BA1465,J,T1005,220,0.75,DOM,DOM,C,0.5,311-T1,2.0,
BA,32Q,LHR,2027-02-28 06:15:00,BA1464,J,BA,32Q,LHR,2027-02-28 07:25:00,BA1465,J,T1005,220,0.75,DOM,DOM,C,0.5,16B-T1,3.0,311-T1
FR,7M8,BGY,2027-02-27 21:40:00,FR3645,J,FR,7M8,OPO,2027-02-27 22:50:00,FR5679,J,T1007,197,0.88,INT,INT,C,1.0,19-T1,1.0,104-T1
FR,7M8,BGY,2027-02-27 23:10:00,FR3645,J,FR,7M8,OPO,2027-02-28 05:55:00,FR5679,J,T1007,197,0.88,INT,INT,C,1.0,104-T1,3.0,19-T1
U2,32A,CDG,2027-02-27 21:45:00,U23244,J,U2,32A,BFS,2027-02-27 22:55:00,U2327,J,T1008,186,0.83,INT,NIRISH,C,1.0,17-T1,1.0,7-T1
U2,32A,CDG,2027-02-27 23:15:00,U23244,J,U2,32A,BFS,2027-02-28 06:55:00,U2327,J,T1008,186,0.83,INT,NIRISH,C,1.0,7-T1,3.0,17-T1
AF,223,CDG,2027-02-27 22:15:00,AF1886,J,AF,223,CDG,2027-02-27 23:25:00,AF1887,J,T1011,148,0.82,INT,INT,C,1.0,2-T1,1.0,404-T1
AF,223,CDG,2027-02-27 23:45:00,AF1886,J,AF,223,CDG,2027-02-28 05:50:00,AF1887,J,T1011,148,0.82,INT,INT,C,1.0,404-T1,3.0,2-T1
U2,32N,ACE,2027-02-27 22:20:00,U23204,J,U2,32A,CDG,2027-02-27 23:30:00,U23241,J,T1012,186,0.83,INT,INT,C,1.0,15B-T1,1.0,36-T1
U2,32N,ACE,2027-02-27 23:50:00,U23204,J,U2,32A,CDG,2027-02-28 07:00:00,U23241,J,T1012,186,0.83,INT,INT,C,1.0,36-T1,3.0,15B-T1
U2,32N,AGA,2027-02-27 23:05:00,U23328,J,U2,32Q,LIS,2027-02-28 00:15:00,U23321,J,T1016,186,0.83,INT,INT,C,1.0,22-T1,1.0,314-T1
U2,32N,AGA,2027-02-28 00:35:00,U23328,J,U2,32Q,LIS,2027-02-28 05:50:00,U23321,J,T1016,186,0.83,INT,INT,C,1.0,314-T1,2.0,
U2,32N,AGA,2027-02-28 06:10:00,U23328,J,U2,32Q,LIS,2027-02-28 07:20:00,U23321,J,T1016,186,0.83,INT,INT,C,1.0,4-T1,3.0,314-T1
FR,7M8,BCN,2027-02-27 23:10:00,FR6267,J,FR,7M8,GDN,2027-02-28 00:20:00,FR6124,J,T1017,197,0.88,INT,INT,C,1.0,19-T1,1.0,33-T1
FR,7M8,BCN,2027-02-28 00:40:00,FR6267,J,FR,7M8,GDN,2027-02-28 06:05:00,FR6124,J,T1017,197,0.88,INT,INT,C,1.0,33-T1,3.0,19-T1
LH,32N,FRA,2027-02-27 23:20:00,LH964,J,LH,32N,FRA,2027-02-28 00:30:00,LH965,J,T1019,172,0.82,INT,INT,C,1.0,1-T1,1.0,35-T1
LH,32N,FRA,2027-02-28 00:50:00,LH964,J,LH,32N,FRA,2027-02-28 06:10:00,LH965,J,T1019,172,0.82,INT,INT,C,1.0,35-T1,3.0,1-T1
FR,73H,FUE,2027-02-27 23:35:00,FR5684,J,FR,73H,POZ,2027-02-28 04:55:00,FR6618,J,T1021,189,0.88,INT,INT,C,1.0,17-T1,1.0,106-T1
FR,73H,FUE,2027-02-28 05:15:00,FR5684,J,FR,73H,POZ,2027-02-28 06:25:00,FR6618,J,T1021,189,0.88,INT,INT,C,1.0,106-T1,3.0,17-T1
RK,73H,RAK,2027-02-28 00:55:00,RK515,J,RK,73H,STN,2027-02-28 02:05:00,RK1274,J,T1027,189,0.86,INT,DOM,C,1.0,19-T1,1.0,308-T1
RK,73H,RAK,2027-02-28 02:25:00,RK515,J,RK,73H,STN,2027-02-28 06:00:00,RK1274,J,T1027,189,0.86,INT,DOM,C,1.0,308-T1,2.0,
RK,73H,RAK,2027-02-28 06:20:00,RK515,J,RK,73H,STN,2027-02-28 07:30:00,RK1274,J,T1027,189,0.86,INT,DOM,C,1.0,1A-T1,3.0,308-T1
LS,32Q,ACE,2027-02-28 18:30:00,LS706,J,LS,32Q,TFS,2027-03-01 06:25:00,LS727,J,T1134,232,0.9,INT,INT,C,0.8,8-T1,1.0,20-T1
LS,32Q,ACE,2027-03-01 06:45:00,LS706,J,LS,32Q,TFS,2027-03-01 07:55:00,LS727,J,T1134,232,0.9,INT,INT,C,0.8,20-T1,3.0,8-T1
LS,32Q,TFS,2027-02-28 20:15:00,LS740,J,LS,32Q,LPA,2027-02-28 21:25:00,LS747,J,T1155,232,0.9,INT,INT,C,0.8,15A-T1,1.0,308-T1
LS,32Q,TFS,2027-02-28 21:45:00,LS740,J,LS,32Q,LPA,2027-03-01 07:15:00,LS747,J,T1155,232,0.9,INT,INT,C,0.8,308-T1,2.0,
LS,32Q,TFS,2027-03-01 07:35:00,LS740,J,LS,32Q,LPA,2027-03-01 08:45:00,LS747,J,T1155,232,0.9,INT,INT,C,0.8,4-T1,3.0,308-T1
CJ,E90,LCY,2027-02-28 20:25:00,CJ8710,J,CJ,E90,LCY,2027-02-28 21:35:00,CJ8701,J,T1156,106,0.7,DOM,DOM,C,0.5,1-T1,1.0,317-T1
CJ,E90,LCY,2027-02-28 21:55:00,CJ8710,J,CJ,E90,LCY,2027-03-01 06:25:00,CJ8701,J,T1156,106,0.7,DOM,DOM,C,0.5,317-T1,3.0,1-T1
LS,32Q,FUE,2027-02-28 20:30:00,LS738,J,LS,32Q,FNC,2027-03-01 07:55:00,LS735,J,T1158,232,0.9,INT,INT,C,0.8,33-T1,1.0,20-T1
LS,32Q,FUE,2027-03-01 08:15:00,LS738,J,LS,32Q,FNC,2027-03-01 09:25:00,LS735,J,T1158,232,0.9,INT,INT,C,0.8,20-T1,3.0,33-T1
RK,73H,STN,2027-02-28 21:50:00,RK9823,J,RK,73H,STN,2027-02-28 23:00:00,RK1274,J,T1166,189,0.86,DOM,DOM,C,1.0,22-T1,1.0,316-T1
RK,73H,STN,2027-02-28 23:20:00,RK9823,J,RK,73H,STN,2027-03-01 05:40:00,RK1274,J,T1166,189,0.86,DOM,DOM,C,1.0,316-T1,2.0,
RK,73H,STN,2027-03-01 06:00:00,RK9823,J,RK,73H,STN,2027-03-01 07:10:00,RK1274,J,T1166,189,0.86,DOM,DOM,C,1.0,3-T1,3.0,316-T1
BA,32Q,LHR,2027-02-28 21:50:00,BA1462,J,BA,32Q,LHR,2027-02-28 23:00:00,BA1463,J,T1167,220,0.75,DOM,DOM,C,0.5,15A-T1,1.0,34-T1
BA,32Q,LHR,2027-02-28 23:20:00,BA1462,J,BA,32Q,LHR,2027-03-01 06:05:00,BA1463,J,T1167,220,0.75,DOM,DOM,C,0.5,34-T1,3.0,15A-T1
U2,32N,ATH,2027-02-28 22:15:00,U23238,J,U2,32A,GVA,2027-02-28 23:25:00,U23291,J,T1170,186,0.83,INT,INT,C,1.0,15B-T1,1.0,1A-T1
U2,32N,ATH,2027-02-28 23:45:00,U23238,J,U2,32A,GVA,2027-03-01 06:20:00,U23291,J,T1170,186,0.83,INT,INT,C,1.0,1A-T1,3.0,15B-T1
BA,32Q,LHR,2027-02-28 22:45:00,BA1464,J,BA,32Q,LHR,2027-02-28 23:55:00,BA1465,J,T1178,220,0.75,DOM,DOM,C,0.5,20-T1,1.0,310-T1
BA,32Q,LHR,2027-03-01 00:15:00,BA1464,J,BA,32Q,LHR,2027-03-01 06:25:00,BA1465,J,T1178,220,0.75,DOM,DOM,C,0.5,310-T1,2.0,
BA,32Q,LHR,2027-03-01 06:45:00,BA1464,J,BA,32Q,LHR,2027-03-01 07:55:00,BA1465,J,T1178,220,0.75,DOM,DOM,C,0.5,1-T1,3.0,310-T1
U2,32A,BER,2027-02-28 23:00:00,U23262,J,U2,32N,LGW,2027-03-01 00:10:00,U2803,J,T1183,186,0.83,INT,DOM,C,1.0,17-T1,1.0,317A-T1
U2,32A,BER,2027-03-01 00:30:00,U23262,J,U2,32N,LGW,2027-03-01 06:45:00,U2803,J,T1183,186,0.83,INT,DOM,C,1.0,317A-T1,2.0,
U2,32A,BER,2027-03-01 07:05:00,U23262,J,U2,32N,LGW,2027-03-01 08:15:00,U2803,J,T1183,186,0.83,INT,DOM,C,1.0,1B-T1,3.0,317A-T1
LS,73H,MLA,2027-02-28 23:20:00,LS3922,J,LS,73H,FCO,2027-03-01 00:30:00,LS3915,J,T1187,189,0.9,INT,INT,C,0.8,22-T1,1.0,314-T1
LS,73H,MLA,2027-03-01 00:50:00,LS3922,J,LS,73H,FCO,2027-03-01 08:30:00,LS3915,J,T1187,189,0.9,INT,INT,C,0.8,314-T1,2.0,
LS,73H,MLA,2027-03-01 08:50:00,LS3922,J,LS,73H,FCO,2027-03-01 10:00:00,LS3915,J,T1187,189,0.9,INT,INT,C,0.8,15A-T1,3.0,314-T1
LH,32N,FRA,2027-02-28 23:20:00,LH964,J,LH,32N,FRA,2027-03-01 00:30:00,LH965,J,T1188,172,0.82,INT,INT,C,1.0,15A-T1,1.0,106-T1
LH,32N,FRA,2027-03-01 00:50:00,LH964,J,LH,32N,FRA,2027-03-01 06:10:00,LH965,J,T1188,172,0.82,INT,INT,C,1.0,106-T1,3.0,15A-T1
FR,7M8,AGP,2027-03-01 00:25:00,FR5664,J,FR,7M8,OPO,2027-03-01 04:40:00,FR5679,J,T1190,197,0.88,INT,INT,C,1.0,19-T1,1.0,406-T1
FR,7M8,AGP,2027-03-01 05:00:00,FR5664,J,FR,7M8,OPO,2027-03-01 06:10:00,FR5679,J,T1190,197,0.88,INT,INT,C,1.0,406-T1,3.0,19-T1
RK,73H,WRO,2027-03-01 00:40:00,RK1158,J,RK,73H,BOH,2027-03-01 01:50:00,RK1133,J,T1191,189,0.86,INT,DOM,C,1.0,17-T1,1.0,309-T1
RK,73H,WRO,2027-03-01 02:10:00,RK1158,J,RK,73H,BOH,2027-03-01 07:45:00,RK1133,J,T1191,189,0.86,INT,DOM,C,1.0,309-T1,3.0,17-T1
