Arr_Operator,Arr_Aircraft_Type,Arr_Origin/Dest,Arr_Scheduled_Date,Arr_Flight_No,Arr_Flight_Type,Dep_Operator,Dep_Aircraft_Type,Dep_Origin/Dest,Dep_Scheduled_Date,Dep_Flight_No,Dep_Flight_Type,TurnID,seats,slf,DI_arr,DI_dep,ACcode,tow_pen,stand,leg,tow to/from
NPT,73K,EMA,2026-12-12 03:15:00,NPT5U,M,NPT,73K,EMA,2026-12-14 22:55:00,NPT4S,M,T0,0,0.0,DOM,DOM,C,1.0,208-FRT,,
NPT,73K,EMA,2026-12-12 06:15:00,NPT7224,H,NPT,73K,EMA,2026-12-14 23:50:00,NPT5D,M,T1,0,0.0,DOM,DOM,C,1.0,212-FRT,,
LM,AT7,SOU,2026-12-12 12:00:00,LM322,J,LM,AT7,EXT,2026-12-13 12:05:00,LM315,J,T2,72,0.49,DOM,DOM,C,1.0,23-T1,,
CJ,E90,LCY,2026-12-12 12:50:00,CJ8704,J,CJ,E90,LCY,2026-12-13 12:00:00,CJ8701,J,T3,106,0.74,DOM,DOM,C,0.5,2-T1,,
LM,AT7,KOI,2026-12-12 14:10:00,LM392,J,LM,AT7,SYY,2026-12-13 12:35:00,LM343,J,T4,72,0.49,DOM,DOM,C,1.0,24-T1,,
EC,32A,BOD,2026-12-13 08:20:00,EC1839,J,EC,32A,LIN,2026-12-13 15:00:00,EC5422,J,T5,186,0.83,INT,INT,C,1.0,11-T1,,
U2,32A,STN,2026-12-13 10:55:00,U2310,J,U2,32A,GVA,2026-12-13 12:00:00,U23295,J,T6,186,0.83,DOM,INT,C,1.0,6-T1,,
U2,32A,CDG,2026-12-13 11:20:00,U23242,J,U2,32A,BHX,2026-12-13 12:00:00,U2341,J,T7,186,0.83,INT,DOM,C,1.0,4-T1,,
FR,7M8,GDN,2026-12-13 11:25:00,FR6123,J,FR,7M8,DUB,2026-12-13 12:25:00,FR817,J,T8,197,0.87,INT,IRISH,C,1.0,1B-T1,,
SN,319,BRU,2026-12-13 11:30:00,SN2063,J,SN,319,BRU,2026-12-13 12:20:00,SN2064,J,T9,141,0.8,INT,INT,C,1.0,20-T1,,
FR,73H,POZ,2026-12-13 11:40:00,FR6619,J,FR,73H,PRG,2026-12-13 13:15:00,FR1054,J,T10,189,0.87,INT,INT,C,1.0,16B-T1,,
BA,32Q,LHR,2026-12-13 11:40:00,BA1446,J,BA,32Q,LHR,2026-12-13 12:40:00,BA1447,J,T11,220,0.79,DOM,DOM,C,0.5,16A-T1,,
EA,AT7,DUB,2026-12-13 11:40:00,EA3252,J,EA,AT7,DUB,2026-12-13 12:20:00,EA3253,J,T12,72,0.85,IRISH,IRISH,C,1.0,1-T1,,
EC,319,AMS,2026-12-13 11:50:00,EC7837,J,EC,319,AMS,2026-12-13 12:20:00,EC7838,J,T13,156,0.83,INT,INT,C,1.0,22-T1,,
EA,AT7,BHD,2026-12-13 11:50:00,EA3652,J,EA,AT7,BHD,2026-12-13 12:20:00,EA3653,J,T14,72,0.85,NIRISH,NIRISH,C,1.0,5-T1,,
LH,32N,FRA,2026-12-13 11:55:00,LH960,J,LH,32N,FRA,2026-12-13 12:40:00,LH961,J,T15,172,0.8,INT,INT,C,1.0,10-T1,,
FR,7M8,OPO,2026-12-13 11:55:00,FR5680,J,FR,7M8,BUD,2026-12-13 12:30:00,FR1017,J,T16,197,0.87,INT,INT,C,1.0,17-T1,,
U2,32N,GVA,2026-12-13 12:05:00,U23292,J,U2,32N,ATH,2026-12-13 13:00:00,U23237,J,T17,186,0.83,INT,INT,C,1.0,1A-T1,,
U2,32A,KRK,2026-12-13 12:15:00,U23314,J,U2,32N,BFS,2026-12-13 13:10:00,U2331,J,T18,186,0.83,INT,NIRISH,C,1.0,19-T1,,
KL,32Q,AMS,2026-12-13 12:30:00,KL927,J,KL,32Q,AMS,2026-12-13 13:25:00,KL928,J,T19,227,0.8,INT,INT,C,1.0,3-T1,,
U2,32N,INN,2026-12-13 12:30:00,U23308,J,U2,32A,MUC,2026-12-13 13:40:00,U23263,J,T20,186,0.83,INT,INT,C,1.0,14-T1,,
QR,789,DOH,2026-12-13 12:35:00,QR29,J,QR,789,DOH,2026-12-13 14:05:00,QR30,J,T21,311,0.88,INT,INT,E,1.0,15-T1,,
EA,AT7,DUB,2026-12-13 12:40:00,EA3254,J,EA,AT7,DUB,2026-12-13 13:10:00,EA3255,J,T22,72,0.85,IRISH,IRISH,C,1.0,1-T1,,
U2,32A,RVN,2026-12-13 12:45:00,U23312,J,U2,32A,PRG,2026-12-13 13:50:00,U23325,J,T23,186,0.83,INT,INT,C,1.0,22-T1,,
U2,32A,LTN,2026-12-13 12:55:00,U2304,J,U2,32Q,CDG,2026-12-13 14:20:00,U23245,J,T24,186,0.83,DOM,INT,C,1.0,24-T1,,
BA,320,LHR,2026-12-13 13:05:00,BA1450,J,BA,320,LHR,2026-12-13 14:35:00,BA1451,J,T25,180,0.79,DOM,DOM,C,0.5,10-T1,,
FR,73H,NRN,2026-12-13 13:10:00,FR5688,J,FR,73H,NRN,2026-12-13 13:35:00,FR5687,J,T26,189,0.87,INT,INT,C,1.0,20-T1,,
U2,32Q,KEF,2026-12-13 13:30:00,U23316,J,U2,32A,BFS,2026-12-13 14:35:00,U254,J,T27,235,0.83,INT,NIRISH,C,1.0,1-T1,,
FR,7M8,DUB,2026-12-13 13:30:00,FR812,J,FR,7M8,DUB,2026-12-13 13:55:00,FR813,J,T28,197,0.87,IRISH,IRISH,C,1.0,1A-T1,,
LS,73H,ALC,2026-12-13 13:35:00,LS776,J,LS,73H,TLL,2026-12-13 14:35:00,LS755,J,T29,189,0.82,INT,INT,C,0.8,4-T1,,
RK,73H,TIA,2026-12-13 13:35:00,RK8295,J,RK,73H,STN,2026-12-13 15:05:00,RK9816,J,T30,189,0.87,INT,DOM,C,1.0,16A-T1,,
FR,7M8,CPH,2026-12-13 13:40:00,FR2675,J,FR,7M8,TFS,2026-12-13 14:30:00,FR2969,J,T31,197,0.87,INT,INT,C,1.0,19-T1,,
FR,7M8,KUN,2026-12-13 13:40:00,FR2885,J,FR,7M8,ACE,2026-12-13 15:05:00,FR5593,J,T32,197,0.87,INT,INT,C,1.0,2-T1,,
LS,32Q,PRG,2026-12-13 13:45:00,LS3924,J,LS,32Q,VIE,2026-12-13 14:50:00,LS701,J,T33,232,0.82,INT,INT,C,0.8,3-T1,,
U2,32A,BFS,2026-12-13 14:05:00,U253,J,U2,32A,STN,2026-12-13 14:40:00,U2313,J,T34,186,0.83,NIRISH,DOM,C,1.0,1B-T1,,
RK,73H,STN,2026-12-13 14:15:00,RK8605,J,RK,73H,BOH,2026-12-13 15:25:00,RK1133,J,T35,189,0.87,DOM,DOM,C,1.0,23-T1,,
FR,7M8,BCN,2026-12-13 14:25:00,FR6267,J,FR,7M8,DUB,2026-12-13 15:50:00,FR819,J,T36,197,0.87,INT,IRISH,C,1.0,15B-T1,,
U2,319,LGW,2026-12-13 14:30:00,U2809,J,U2,319,LGW,2026-12-13 15:05:00,U2810,J,T38,156,0.83,DOM,DOM,C,1.0,6-T1,,
FR,73H,ALC,2026-12-13 14:30:00,FR5578,J,FR,73H,ALC,2026-12-13 14:55:00,FR5579,J,T39,189,0.87,INT,INT,C,1.0,17-T1,,
U2,32Q,LIS,2026-12-13 14:35:00,U23322,J,U2,32Q,BHX,2026-12-13 15:35:00,U2339,J,T40,235,0.83,INT,DOM,C,1.0,22-T1,,
U2,32A,BHX,2026-12-13 14:50:00,U2342,J,U2,32A,BHD,2026-12-13 15:35:00,U2343,J,T41,186,0.83,DOM,NIRISH,C,1.0,19-T1,,
FR,7M8,DUB,2026-12-13 15:00:00,FR816,J,FR,7M8,OTP,2026-12-13 16:40:00,FR5614,J,T42,197,0.87,IRISH,INT,C,1.0,1B-T1,,
DS,32A,BSL,2026-12-13 15:05:00,DS1231,J,DS,32A,BSL,2026-12-13 15:40:00,DS1232,J,T43,186,0.89,INT,INT,C,1.0,14-T1,,
TK,32Q,IST,2026-12-13 15:20:00,TK1345,J,TK,32Q,IST,2026-12-13 16:20:00,TK1346,J,T44,190,0.86,INT,INT,C,1.0,15A-T1,,
EC,32N,AMS,2026-12-13 15:20:00,EC7835,J,EC,32N,AMS,2026-12-13 15:50:00,EC7836,J,T45,186,0.83,INT,INT,C,1.0,20-T1,,
FR,7M8,RZE,2026-12-13 15:20:00,FR4536,J,FR,7M8,CIA,2026-12-13 16:50:00,FR5589,J,T46,197,0.87,INT,INT,C,1.0,17-T1,,
U2,32N,BFS,2026-12-13 15:25:00,U2332,J,U2,32N,MAD,2026-12-13 16:00:00,U23209,J,T47,186,0.83,NIRISH,INT,C,1.0,4-T1,,
U2,32A,LTN,2026-12-13 15:40:00,U2603,J,U2,32A,LTN,2026-12-13 16:20:00,U2604,J,T48,186,0.83,DOM,DOM,C,1.0,24-T1,,
FR,73H,CRL,2026-12-13 15:40:00,FR7323,J,FR,73H,BER,2026-12-13 16:30:00,FR2376,J,T49,189,0.87,INT,INT,C,1.0,10-T1,,
BA,32Q,LHR,2026-12-13 15:40:00,BA1452,J,BA,32Q,LHR,2026-12-13 16:30:00,BA1453,J,T50,220,0.79,DOM,DOM,C,0.5,2-T1,,
EA,AT7,DUB,2026-12-13 15:45:00,EA3256,J,EA,AT7,DUB,2026-12-13 16:15:00,EA3257,J,T51,72,0.85,IRISH,IRISH,C,1.0,1-T1,,
U2,32A,LGW,2026-12-13 15:50:00,U2811,J,U2,32A,LGW,2026-12-13 16:30:00,U2812,J,T52,180,0.83,DOM,DOM,C,1.0,6-T1,,
KL,32Q,AMS,2026-12-13 16:05:00,KL931,J,KL,32Q,AMS,2026-12-13 17:00:00,KL932,J,T53,227,0.8,INT,INT,C,1.0,16B-T1,,
AF,223,CDG,2026-12-13 16:05:00,AF1486,J,AF,223,CDG,2026-12-13 17:00:00,AF1487,J,T54,148,0.85,INT,INT,C,1.0,16A-T1,,
LM,AT7,EXT,2026-12-13 16:15:00,LM316,J,LM,AT7,LSI,2026-12-13 16:45:00,LM357,J,T55,72,0.49,DOM,DOM,C,1.0,5-T1,,
FR,73H,TFS,2026-12-13 16:20:00,FR2977,J,FR,73H,MXP,2026-12-13 17:10:00,FR7052,J,T56,189,0.87,INT,INT,C,1.0,15B-T1,,
EA,AT7,BHD,2026-12-13 16:20:00,EA3656,J,EA,AT7,BHD,2026-12-13 16:50:00,EA3657,J,T57,72,0.85,NIRISH,NIRISH,C,1.0,23-T1,,
FR,7M8,CIA,2026-12-13 16:25:00,FR5590,J,FR,7M8,AGP,2026-12-13 17:05:00,FR5091,J,T58,197,0.87,INT,INT,C,1.0,22-T1,,
U2,32N,BRS,2026-12-13 16:40:00,U2213,J,U2,32N,BRS,2026-12-13 17:10:00,U2214,J,T59,186,0.83,DOM,DOM,C,1.0,24-T1,,
LM,AT7,SOU,2026-12-13 16:45:00,LM326,J,LM,AT7,KOI,2026-12-13 17:20:00,LM397,J,T60,72,0.49,DOM,DOM,C,1.0,4-T1,,
EA,AT7,DUB,2026-12-13 16:50:00,EA3554,J,EA,AT7,DUB,2026-12-13 17:20:00,EA3555,J,T61,72,0.85,IRISH,IRISH,C,1.0,1-T1,,
TO,73H,ORY,2026-12-13 17:00:00,TO7928,J,TO,73H,ORY,2026-12-13 17:45:00,TO7929,J,T62,189,0.86,INT,INT,C,1.0,19-T1,,
U2,32A,GVA,2026-12-13 17:20:00,U23296,J,U2,32A,BER,2026-12-13 17:55:00,U23261,J,T63,186,0.83,INT,INT,C,1.0,10-T1,,
U2,32A,FUE,2026-12-13 17:20:00,U23208,J,U2,32A,CPH,2026-12-13 18:05:00,U23323,J,T64,186,0.83,INT,INT,C,1.0,16B-T1,,
BA,32Q,LHR,2026-12-13 17:40:00,BA1454,J,BA,32Q,LHR,2026-12-13 18:35:00,BA1455,J,T65,220,0.79,DOM,DOM,C,0.5,2-T1,,
U2,32A,BHD,2026-12-13 17:50:00,U2344,J,U2,32A,AMS,2026-12-13 18:35:00,U23301,J,T66,186,0.83,NIRISH,INT,C,1.0,6-T1,,
LM,AT7,SYY,2026-12-13 17:50:00,LM344,J,LM,AT7,SOU,2026-12-13 18:30:00,LM329,J,T67,72,0.49,DOM,DOM,C,1.0,5-T1,,
U2,32A,STN,2026-12-13 17:55:00,U2314,J,U2,32A,CDG,2026-12-13 18:40:00,U23243,J,T68,186,0.83,DOM,INT,C,1.0,22-T1,,
CJ,E90,LCY,2026-12-13 18:15:00,CJ8716,J,CJ,E90,LCY,2026-12-13 18:55:00,CJ8709,J,T69,106,0.74,DOM,DOM,C,0.5,3-T1,,
RK,73H,STN,2026-12-13 18:15:00,RK9817,J,RK,73H,STN,2026-12-13 18:40:00,RK9822,J,T70,189,0.87,DOM,DOM,C,1.0,15B-T1,,
SK,319,CPH,2026-12-13 18:25:00,SK2513,J,SK,319,CPH,2026-12-13 19:10:00,SK2514,J,T71,150,0.85,INT,INT,C,1.0,10-T1,,
FR,7M8,DUB,2026-12-13 18:25:00,FR818,J,FR,7M8,KRK,2026-12-13 18:50:00,FR6624,J,T72,197,0.87,IRISH,INT,C,1.0,1-T1,,
WK,320,ZRH,2026-12-13 18:25:00,WK292,J,WK,320,ZRH,2026-12-13 19:10:00,WK293,J,T73,180,0.8,INT,INT,C,1.0,11-T1,,
FR,73H,PRG,2026-12-13 18:25:00,FR1053,J,FR,73H,CPH,2026-12-13 18:55:00,FR3760,J,T74,189,0.87,INT,INT,C,1.0,15A-T1,,
U2,32Q,BHX,2026-12-13 18:30:00,U2340,J,U2,319,LGW,2026-12-13 19:25:00,U2814,J,T76,235,0.83,DOM,DOM,C,1.0,23-T1,,
EW,32A,DUS,2026-12-13 18:35:00,EW9364,J,EW,32A,DUS,2026-12-13 19:25:00,EW9365,J,T77,180,0.76,INT,INT,C,1.0,14-T1,,
U2,32Q,CDG,2026-12-13 18:45:00,U23246,J,U2,32Q,STN,2026-12-13 19:25:00,U2317,J,T78,235,0.83,INT,DOM,C,1.0,16A-T1,,
RK,73H,BOH,2026-12-13 18:45:00,RK1132,J,RK,73H,WRO,2026-12-13 19:10:00,RK1159,J,T79,189,0.87,DOM,INT,C,1.0,4-T1,,
U2,319,LGW,2026-12-13 18:50:00,U2813,J,U2,32Q,BFS,2026-12-13 19:30:00,U2333,J,T80,156,0.83,DOM,NIRISH,C,1.0,24-T1,,
FR,7M8,BUD,2026-12-13 18:50:00,FR1018,J,FR,7M8,LIS,2026-12-13 19:15:00,FR479,J,T81,197,0.87,INT,INT,C,1.0,16B-T1,,
FR,7M8,LIS,2026-12-13 18:50:00,FR478,J,FR,7M8,DUB,2026-12-13 19:15:00,FR809,J,T82,197,0.87,INT,IRISH,C,1.0,20-T1,,
EK,359,DXB,2026-12-13 18:55:00,EK23,J,EK,359,DXB,2026-12-13 20:50:00,EK24,J,T83,312,0.77,INT,INT,E,1.0,18-T1,,
RK,73H,BFS,2026-12-13 19:00:00,RK5968,J,RK,73H,BFS,2026-12-13 19:20:00,RK5969,J,T84,189,0.87,NIRISH,NIRISH,C,1.0,6-T1,,
U2,32A,PRG,2026-12-13 19:05:00,U23326,J,U2,32A,BHX,2026-12-13 19:35:00,U2337,J,T85,186,0.83,INT,DOM,C,1.0,22-T1,,
U2,32A,MUC,2026-12-13 19:05:00,U23264,J,U2,32A,BRS,2026-12-13 19:45:00,U2323,J,T86,186,0.83,INT,DOM,C,1.0,15B-T1,,
EA,AT7,BHD,2026-12-13 19:30:00,EA3658,J,EA,AT7,BHD,2026-12-13 20:00:00,EA3659,J,T87,72,0.85,NIRISH,NIRISH,C,1.0,5-T1,,
BA,32N,LHR,2026-12-13 19:35:00,BA1458,J,BA,32N,LHR,2026-12-13 20:30:00,BA1459,J,T88,180,0.79,DOM,DOM,C,0.5,2-T1,,
VY,32N,BCN,2026-12-13 19:40:00,VY7752,J,VY,32N,BCN,2026-12-13 20:20:00,VY7753,J,T89,186,0.81,INT,INT,C,1.0,16B-T1,,
LS,73H,BHX,2026-12-13 19:45:00,LS95C,P,LS,73H,AGP,2026-12-14 09:15:00,LS759,J,T90,0,0.82,DOM,INT,C,0.8,316-T1,,
EW,319,CGN,2026-12-13 19:45:00,EW362,J,EW,319,CGN,2026-12-13 20:25:00,EW363,J,T91,150,0.76,INT,INT,C,1.0,20-T1,,
KL,E7W,AMS,2026-12-13 20:00:00,KL929,J,KL,E7W,AMS,2026-12-13 20:30:00,KL930,J,T92,88,0.8,INT,INT,C,1.0,10-T1,,
D8,73H,CPH,2026-12-13 20:05:00,D83502,J,D8,73H,CPH,2026-12-13 20:45:00,D83503,J,T93,186,0.84,INT,INT,C,1.0,11-T1,,
U2,32A,LGW,2026-12-13 20:05:00,U2815,J,U2,32A,LGW,2026-12-13 20:45:00,U2816,J,T94,180,0.83,DOM,DOM,C,1.0,16A-T1,,
U2,319,LTN,2026-12-13 20:05:00,U2605,J,U2,319,LTN,2026-12-13 20:40:00,U2606,J,T95,156,0.83,DOM,DOM,C,1.0,4-T1,,
LM,AT7,LSI,2026-12-13 20:10:00,LM356,J,LM,AT7,SOU,2026-12-14 06:40:00,LM321,J,T96,72,0.49,DOM,DOM,C,1.0,102-T1,,
LM,AT7,KOI,2026-12-13 20:10:00,LM398,J,LM,AT7,LSI,2026-12-14 06:50:00,LM353,J,T97,72,0.49,DOM,DOM,C,1.0,405-T1,,
EA,AT7,DUB,2026-12-13 20:15:00,EA3258,J,EA,AT7,DUB,2026-12-13 20:45:00,EA3259,J,T99,72,0.85,IRISH,IRISH,C,1.0,1A-T1,,
U2,32N,SEN,2026-12-13 20:30:00,U2983,J,U2,32N,SEN,2026-12-13 21:00:00,U2984,J,T102,186,0.83,DOM,DOM,C,1.0,1B-T1,,
BA,32N,LHR,2026-12-13 20:40:00,BA1460,J,BA,32N,LHR,2026-12-14 05:50:00,BA1461,J,T103,180,0.79,DOM,DOM,C,0.5,22-T1,,
U2,32N,BRS,2026-12-13 20:50:00,U2215,J,U2,32N,BRS,2026-12-13 21:20:00,U2216,J,T104,186,0.83,DOM,DOM,C,1.0,20-T1,,
FR,73H,BGY,2026-12-13 21:15:00,FR3657,J,FR,73H,BGY,2026-12-13 21:40:00,FR3658,J,T106,189,0.87,INT,INT,C,1.0,19-T1,,
FR,73H,BER,2026-12-13 21:15:00,FR2377,J,FR,73H,ORK,2026-12-13 23:25:00,FR3740,J,T107,189,0.87,INT,IRISH,C,1.0,16A-T1,,
LS,73H,TLL,2026-12-13 21:25:00,LS756,J,LS,73H,GLA,2026-12-16 18:30:00,LS95C,P,T108,189,0.82,INT,DOM,C,0.8,30-T1,,
CJ,E90,LCY,2026-12-13 21:45:00,CJ8718,J,CJ,E90,LCY,2026-12-14 07:00:00,CJ8711,J,T109,106,0.74,DOM,DOM,C,0.5,5-T1,,
FR,7M8,DUB,2026-12-13 21:50:00,FR808,J,FR,7M8,SNN,2026-12-13 23:10:00,FR1677,J,T110,197,0.87,IRISH,IRISH,C,1.0,1B-T1,,
U2,32Q,BFS,2026-12-13 21:55:00,U2334,J,U2,32A,STN,2026-12-14 06:10:00,U2309,J,T113,235,0.83,NIRISH,DOM,C,1.0,23-T1,,
AF,223,CDG,2026-12-13 22:15:00,AF1886,J,AF,223,CDG,2026-12-14 05:50:00,AF1887,J,T114,148,0.85,INT,INT,C,1.0,20-T1,,
U2,32A,AMS,2026-12-13 22:15:00,U23302,J,U2,32A,GVA,2026-12-14 06:20:00,U23291,J,T115,186,0.83,INT,INT,C,1.0,14-T1,,
U2,32N,ATH,2026-12-13 22:15:00,U23238,J,U2,32Q,CDG,2026-12-14 06:25:00,U23245,J,T116,186,0.83,INT,INT,C,1.0,2-T1,,
U2,32A,BHX,2026-12-13 22:20:00,U2338,J,U2,32A,BHX,2026-12-14 06:40:00,U2337,J,T117,186,0.83,DOM,DOM,C,1.0,6-T1,,
LM,AT7,SOU,2026-12-13 22:30:00,LM328,J,LM,AT7,KOI,2026-12-14 07:00:00,LM391,J,T119,72,0.49,DOM,DOM,C,1.0,32-T1,,
U2,32Q,STN,2026-12-13 22:40:00,U2318,J,U2,32A,BFS,2026-12-14 06:45:00,U2327,J,T120,235,0.83,DOM,NIRISH,C,1.0,1A-T1,,
FR,73H,MXP,2026-12-13 22:40:00,FR7053,J,FR,73H,BER,2026-12-14 07:05:00,FR2376,J,T121,189,0.87,INT,INT,C,1.0,17-T1,,
U2,32A,BRS,2026-12-13 22:45:00,U2324,J,U2,32A,LTN,2026-12-14 07:00:00,U2301,J,T123,186,0.83,DOM,DOM,C,1.0,24-T1,,
FR,7M8,SNN,2026-12-13 22:45:00,FR1676,J,FR,7M8,TFS,2026-12-14 06:05:00,FR2969,J,T124,197,0.87,IRISH,INT,C,1.0,1-T1,,
U2,32N,MAD,2026-12-13 22:50:00,U23210,J,U2,32A,LGW,2026-12-14 07:00:00,U2860,J,T125,186,0.83,INT,DOM,C,1.0,4-T1,,
U2,32A,CDG,2026-12-13 22:55:00,U23244,J,U2,32Q,PRG,2026-12-14 07:20:00,U23325,J,T126,186,0.83,INT,INT,C,1.0,100-T1,,
FR,73H,ORK,2026-12-13 23:00:00,FR3739,J,FR,73H,KRK,2026-12-14 07:15:00,FR6624,J,T128,189,0.87,IRISH,INT,C,1.0,407-T1,,
KL,32Q,AMS,2026-12-13 23:10:00,KL933,J,KL,32Q,AMS,2026-12-14 05:40:00,KL922,J,T130,227,0.8,INT,INT,C,1.0,3-T1,,
FR,7M8,OTP,2026-12-14 00:20:00,FR5615,J,FR,7M8,SOF,2026-12-14 06:05:00,FR5160,J,T132,197,0.87,INT,INT,C,1.0,16A-T1,,
FR,7M8,AGP,2026-12-14 00:25:00,FR5664,J,FR,7M8,OPO,2026-12-14 06:10:00,FR5679,J,T133,197,0.87,INT,INT,C,1.0,11-T1,,
FR,7M8,TFS,2026-12-14 00:40:00,FR2970,J,FR,7M8,BCN,2026-12-14 06:25:00,FR6266,J,T135,197,0.87,INT,INT,C,1.0,16B-T1,,
FR,7M8,ACE,2026-12-14 00:50:00,FR5594,J,FR,7M8,VIE,2026-12-14 06:30:00,FR1625,J,T136,197,0.87,INT,INT,C,1.0,10-T1,,
FR,7M8,KRK,2026-12-14 00:55:00,FR359,J,FR,7M8,SVQ,2026-12-14 07:20:00,FR6760,J,T137,197,0.87,INT,INT,C,1.0,19-T1,,
MUK,76X,EMA,2026-12-14 05:30:00,MUK6566,F,MUK,76X,EMA,2026-12-14 20:10:00,MUK6565,F,T138,0,0.0,DOM,DOM,D,1.0,210-FRT,,
QR,789,DOH,2026-12-14 06:00:00,QR31,J,QR,789,DOH,2026-12-14 07:30:00,QR32,J,T139,311,0.88,INT,INT,E,1.0,15-T1,,
D0,75C,LEJ,2026-12-14 06:05:00,D02134,F,D0,75C,LEJ,2026-12-14 20:10:00,D02135,F,T140,0,0.0,INT,INT,D,1.0,211-FRT,,
HU,333,PEK,2026-12-14 06:35:00,HU407,J,HU,333,PEK,2026-12-14 10:50:00,HU408,J,T141,292,0.8,INT,INT,E,1.0,21-T1,,
FR,7M8,DUB,2026-12-14 07:10:00,FR818,J,FR,7M8,DUB,2026-12-14 07:35:00,FR819,J,T142,197,0.87,IRISH,IRISH,C,1.0,1-T1,,
FR,73H,CRL,2026-12-14 07:10:00,FR7323,J,FR,73H,VCE,2026-12-14 07:40:00,FR1652,J,T143,189,0.87,INT,INT,C,1.0,14-T1,,
EC,32N,AMS,2026-12-14 07:40:00,EC7835,J,EC,32N,AMS,2026-12-14 08:30:00,EC7836,J,T144,186,0.83,INT,INT,C,1.0,16A-T1,,
FR,73H,KUN,2026-12-14 07:50:00,FR2885,J,FR,73H,KUN,2026-12-14 08:15:00,FR2886,J,T145,189,0.87,INT,INT,C,1.0,17-T1,,
UA,75W,EWR,2026-12-14 07:55:00,UA36,J,UA,75W,EWR,2026-12-14 09:25:00,UA37,J,T146,176,0.95,INT,INT,D,1.0,10-T1,,
EA,AT7,DUB,2026-12-14 07:55:00,EA3250,J,EA,AT7,BHD,2026-12-14 08:25:00,EA3651,J,T147,72,0.85,IRISH,NIRISH,C,1.0,1B-T1,,
EA,AT7,BHD,2026-12-14 07:55:00,EA3650,J,EA,AT7,DUB,2026-12-14 08:30:00,EA3251,J,T148,72,0.85,NIRISH,IRISH,C,1.0,5-T1,,
BA,32N,LHR,2026-12-14 08:05:00,BA1438,J,BA,32N,LHR,2026-12-14 08:55:00,BA1439,J,T149,180,0.79,DOM,DOM,C,0.5,3-T1,,
CJ,E90,LCY,2026-12-14 08:10:00,CJ8700,J,CJ,E90,LCY,2026-12-14 08:45:00,CJ8703,J,T150,106,0.74,DOM,DOM,C,0.5,15A-T1,,
FR,73H,BUD,2026-12-14 08:25:00,FR1018,J,FR,73H,BUD,2026-12-14 08:50:00,FR1017,J,T151,189,0.87,INT,INT,C,1.0,19-T1,,
EA,AT7,DUB,2026-12-14 08:30:00,EA3552,J,EA,AT7,DUB,2026-12-14 09:15:00,EA3553,J,T152,72,0.85,IRISH,IRISH,C,1.0,1-T1,,
KL,32Q,AMS,2026-12-14 08:40:00,KL923,J,KL,32Q,AMS,2026-12-14 09:30:00,KL924,J,T153,227,0.8,INT,INT,C,1.0,16B-T1,,
EA,AT7,DUB,2026-12-14 08:55:00,EA3550,J,EA,AT7,DUB,2026-12-14 09:30:00,EA3551,J,T154,72,0.85,IRISH,IRISH,C,1.0,1B-T1,,
FR,73H,BGY,2026-12-14 09:00:00,FR9009,J,FR,73H,BGY,2026-12-14 09:25:00,FR9008,J,T155,189,0.87,INT,INT,C,1.0,11-T1,,
U2,32A,BFS,2026-12-14 09:00:00,U2328,J,U2,32A,LDY,2026-12-14 09:50:00,U2307,J,T156,186,0.83,NIRISH,DOM,C,1.0,1A-T1,,
AA,32Q,PHL,2026-12-14 09:05:00,AA278,J,AA,32Q,PHL,2026-12-14 11:05:00,AA279,J,T157,155,0.92,INT,INT,C,1.0,16A-T1,,
BA,320,LHR,2026-12-14 09:05:00,BA1440,J,BA,320,LHR,2026-12-14 09:55:00,BA1441,J,T158,180,0.79,DOM,DOM,C,0.5,4-T1,,
U2,32N,BRS,2026-12-14 09:15:00,U2211,J,U2,32N,BRS,2026-12-14 09:55:00,U2212,J,T159,186,0.83,DOM,DOM,C,1.0,6-T1,,
U2,319,LGW,2026-12-14 09:25:00,U2853,J,U2,319,LGW,2026-12-14 09:55:00,U2854,J,T160,156,0.83,DOM,DOM,C,1.0,24-T1,,
U2,32A,STN,2026-12-14 09:25:00,U2310,J,U2,32A,GVA,2026-12-14 10:10:00,U23293,J,T161,186,0.83,DOM,INT,C,1.0,23-T1,,
U2,32A,BHX,2026-12-14 09:25:00,U2338,J,U2,32A,BRS,2026-12-14 10:15:00,U2321,J,T162,186,0.83,DOM,DOM,C,1.0,3-T1,,
FR,73H,MAD,2026-12-14 09:35:00,FR188,J,FR,73H,MAD,2026-12-14 10:00:00,FR189,J,T163,189,0.87,INT,INT,C,1.0,14-T1,,
FR,7M8,FAO,2026-12-14 09:40:00,FR5668,J,FR,7M8,FAO,2026-12-14 10:05:00,FR5667,J,T164,197,0.87,INT,INT,C,1.0,15A-T1,,
TK,32Q,IST,2026-12-14 09:40:00,TK1343,J,TK,32Q,IST,2026-12-14 10:40:00,TK1344,J,T165,190,0.86,INT,INT,C,1.0,15B-T1,,
AY,E90,HEL,2026-12-14 09:40:00,AY1371,J,AY,E90,HEL,2026-12-14 10:25:00,AY1372,J,T166,100,0.71,INT,INT,C,1.0,1-T1,,
DL,764,JFK,2026-12-14 09:40:00,DL208,J,DL,764,JFK,2026-12-14 11:35:00,DL209,J,T167,238,0.89,INT,INT,D,1.0,18-T1,,
LM,AT7,KOI,2026-12-14 09:50:00,LM392,J,LM,AT7,SOU,2026-12-14 13:00:00,LM325,J,T168,72,0.49,DOM,DOM,C,1.0,5-T1,,
D8,7M8,CPH,2026-12-14 10:00:00,D83502,J,D8,7M8,CPH,2026-12-14 10:40:00,D83503,J,T169,189,0.84,INT,INT,C,1.0,11-T1,,
U2,32N,LTN,2026-12-14 10:05:00,U2302,J,U2,32N,STN,2026-12-14 10:35:00,U2311,J,T170,186,0.83,DOM,DOM,C,1.0,1B-T1,,
D8,7M8,ARN,2026-12-14 10:10:00,D84463,J,D8,7M8,ARN,2026-12-14 10:55:00,D84464,J,T171,189,0.84,INT,INT,C,1.0,16B-T1,,
BA,320,LHR,2026-12-14 10:10:00,BA1442,J,BA,320,LHR,2026-12-14 11:15:00,BA1443,J,T172,180,0.79,DOM,DOM,C,0.5,2-T1,,
CJ,E90,LCY,2026-12-14 10:15:00,CJ8702,J,CJ,E90,LCY,2026-12-14 10:50:00,CJ8715,J,T173,106,0.74,DOM,DOM,C,0.5,4-T1,,
LM,AT7,LSI,2026-12-14 10:15:00,LM352,J,LM,AT7,SYY,2026-12-14 14:00:00,LM343,J,T174,72,0.49,DOM,DOM,C,1.0,6-T1,,
RK,73H,STN,2026-12-14 10:20:00,RK1273,J,RK,73H,BFS,2026-12-14 10:55:00,RK179,J,T175,189,0.87,DOM,NIRISH,C,1.0,24-T1,,
RK,73H,BFS,2026-12-14 10:30:00,RK178,J,RK,73H,STN,2026-12-14 11:35:00,RK9816,J,T176,189,0.87,NIRISH,DOM,C,1.0,1A-T1,,
AF,223,CDG,2026-12-14 10:30:00,AF1686,J,AF,223,CDG,2026-12-14 11:30:00,AF1687,J,T177,148,0.85,INT,INT,C,1.0,15A-T1,,
U2,32A,LGW,2026-12-14 10:40:00,U2861,J,U2,32A,CPH,2026-12-14 11:10:00,U23323,J,T178,186,0.83,DOM,INT,C,1.0,23-T1,,
LM,AT7,SOU,2026-12-14 10:40:00,LM322,J,LM,AT7,EXT,2026-12-14 11:00:00,LM315,J,T179,72,0.49,DOM,DOM,C,1.0,3-T1,,
PC,32Q,SAW,2026-12-14 10:50:00,PC1187,J,PC,32Q,SAW,2026-12-14 11:55:00,PC1188,J,T180,239,0.87,INT,INT,C,1.0,10-T1,,
U2,32Q,CDG,2026-12-14 10:55:00,U23246,J,U2,32Q,MAD,2026-12-14 11:40:00,U23209,J,T181,235,0.83,INT,INT,C,1.0,14-T1,,
RK,73H,BOH,2026-12-14 11:05:00,RK1132,J,RK,73H,STN,2026-12-14 13:50:00,RK8604,J,T182,189,0.87,DOM,DOM,C,1.0,1B-T1,,
FR,73H,GDN,2026-12-14 11:15:00,FR6123,J,FR,73H,GDN,2026-12-14 11:40:00,FR6124,J,T183,189,0.87,INT,INT,C,1.0,15B-T1,,
EC,32N,AMS,2026-12-14 11:30:00,EC7837,J,EC,32N,AMS,2026-12-14 12:05:00,EC7838,J,T184,186,0.83,INT,INT,C,1.0,4-T1,,
U2,32A,BFS,2026-12-14 11:35:00,U251,J,U2,32A,BFS,2026-12-14 12:05:00,U252,J,T185,186,0.83,NIRISH,NIRISH,C,1.0,11-T1,,
EA,AT7,DUB,2026-12-14 11:40:00,EA3252,J,EA,AT7,DUB,2026-12-14 12:20:00,EA3253,J,T186,72,0.85,IRISH,IRISH,C,1.0,1-T1,,
U2,32A,GVA,2026-12-14 11:45:00,U23292,J,U2,32A,BER,2026-12-14 12:45:00,U23261,J,T187,186,0.83,INT,INT,C,1.0,2-T1,,
FR,73H,BER,2026-12-14 11:50:00,FR2377,J,FR,73H,DUB,2026-12-14 12:15:00,FR817,J,T188,189,0.87,INT,IRISH,C,1.0,22-T1,,
EA,AT7,BHD,2026-12-14 11:50:00,EA3652,J,EA,AT7,BHD,2026-12-14 12:20:00,EA3653,J,T189,72,0.85,NIRISH,NIRISH,C,1.0,23-T1,,
LH,32N,FRA,2026-12-14 11:55:00,LH960,J,LH,32N,FRA,2026-12-14 12:40:00,LH961,J,T190,172,0.8,INT,INT,C,1.0,16B-T1,,
U2,32N,LGW,2026-12-14 12:05:00,U2804,J,U2,32A,LTN,2026-12-14 12:50:00,U2305,J,T191,186,0.83,DOM,DOM,C,1.0,24-T1,,
U2,32A,LDY,2026-12-14 12:10:00,U2308,J,U2,32N,BHX,2026-12-14 12:50:00,U26642,J,T192,186,0.83,DOM,DOM,C,1.0,20-T1,,
FR,7M8,OPO,2026-12-14 12:10:00,FR5680,J,FR,7M8,BVA,2026-12-14 12:45:00,FR5591,J,T193,197,0.87,INT,INT,C,1.0,1A-T1,,
BA,32Q,LHR,2026-12-14 12:10:00,BA1446,J,BA,32Q,LHR,2026-12-14 13:05:00,BA1447,J,T194,220,0.79,DOM,DOM,C,0.5,3-T1,,
U2,32N,BHX,2026-12-14 12:20:00,U26641,J,U2,32N,TFS,2026-12-14 13:05:00,U23231,J,T195,186,0.83,DOM,INT,C,1.0,16A-T1,,
FR,7M8,VIE,2026-12-14 12:20:00,FR1624,J,FR,7M8,ORK,2026-12-14 13:00:00,FR3732,J,T196,197,0.87,INT,IRISH,C,1.0,17-T1,,
KL,32Q,AMS,2026-12-14 12:30:00,KL927,J,KL,32Q,AMS,2026-12-14 13:25:00,KL928,J,T197,227,0.8,INT,INT,C,1.0,10-T1,,
FR,7M8,BCN,2026-12-14 12:35:00,FR6267,J,FR,7M8,POZ,2026-12-14 13:20:00,FR6618,J,T198,197,0.87,INT,INT,C,1.0,19-T1,,
QR,789,DOH,2026-12-14 12:35:00,QR29,J,QR,789,DOH,2026-12-14 14:05:00,QR30,J,T199,311,0.88,INT,INT,E,1.0,15-T1,,
EA,AT7,DUB,2026-12-14 12:40:00,EA3254,J,EA,AT7,DUB,2026-12-14 13:10:00,EA3255,J,T200,72,0.85,IRISH,IRISH,C,1.0,1-T1,,
U2,32Q,PRG,2026-12-14 12:50:00,U23326,J,U2,32Q,KRK,2026-12-14 13:35:00,U23313,J,T201,235,0.83,INT,INT,C,1.0,14-T1,,
DY,73H,OSL,2026-12-14 12:55:00,DY1640,J,DY,73H,OSL,2026-12-14 13:35:00,DY1641,J,T202,186,0.84,INT,INT,C,1.0,22-T1,,
U2,32A,BRS,2026-12-14 13:15:00,U2322,J,U2,32N,RAK,2026-12-14 13:55:00,U23223,J,T203,186,0.83,DOM,INT,C,1.0,16B-T1,,
FR,73H,KRK,2026-12-14 13:20:00,FR6625,J,FR,73H,DUB,2026-12-14 13:45:00,FR809,J,T204,189,0.87,INT,IRISH,C,1.0,4-T1,,
U2,32A,TOS,2026-12-14 13:25:00,U23216,J,U2,32A,BHD,2026-12-14 14:00:00,U2343,J,T205,186,0.83,INT,NIRISH,C,1.0,16A-T1,,
BA,320,LHR,2026-12-14 13:25:00,BA1448,J,BA,320,LHR,2026-12-14 14:10:00,BA1449,J,T206,180,0.79,DOM,DOM,C,0.5,20-T1,,
FR,73H,VCE,2026-12-14 13:25:00,FR1653,J,FR,73H,NOC,2026-12-14 14:15:00,FR890,J,T207,189,0.87,INT,IRISH,C,1.0,17-T1,,
LG,295,LUX,2026-12-14 13:35:00,LG4731,J,LG,295,LUX,2026-12-14 15:25:00,LG4732,J,T208,136,0.82,INT,INT,C,1.0,2-T1,,
FR,7M8,SNN,2026-12-14 13:35:00,FR1676,J,FR,7M8,SNN,2026-12-14 14:00:00,FR3599,J,T209,197,0.87,IRISH,IRISH,C,1.0,1-T1,,
EC,32A,LIN,2026-12-14 13:40:00,EC5421,J,EC,32A,CDG,2026-12-14 14:35:00,EC4690,J,T210,186,0.83,INT,INT,C,1.0,19-T1,,
FR,7M8,SOF,2026-12-14 13:50:00,FR5161,J,FR,7M8,MLA,2026-12-14 14:55:00,FR6695,J,T211,197,0.87,INT,INT,C,1.0,11-T1,,
U2,32N,STN,2026-12-14 13:50:00,U2312,J,U2,32N,NBE,2026-12-14 15:15:00,U23329,J,T212,186,0.83,DOM,INT,C,1.0,24-T1,,
FR,7M8,SVQ,2026-12-14 14:20:00,FR6761,J,FR,7M8,NAP,2026-12-14 16:20:00,FR7409,J,T214,197,0.87,INT,INT,C,1.0,16A-T1,,
DS,32A,BSL,2026-12-14 14:35:00,DS1231,J,DS,32A,BSL,2026-12-14 15:15:00,DS1232,J,T215,186,0.89,INT,INT,C,1.0,20-T1,,
RK,73H,STN,2026-12-14 14:45:00,RK9817,J,RK,73H,AGA,2026-12-14 15:35:00,RK861,J,T216,189,0.87,DOM,INT,C,1.0,23-T1,,
FR,73H,DUB,2026-12-14 14:50:00,FR816,J,FR,73H,CIA,2026-12-14 16:10:00,FR5589,J,T217,189,0.87,IRISH,INT,C,1.0,1B-T1,,
U2,32A,BRS,2026-12-14 15:00:00,U2215,J,U2,32A,ZRH,2026-12-14 15:30:00,U22755,J,T218,186,0.83,DOM,INT,C,1.0,16B-T1,,
SN,319,BRU,2026-12-14 15:00:00,SN2063,J,SN,319,BRU,2026-12-14 15:50:00,SN2064,J,T219,141,0.8,INT,INT,C,1.0,15A-T1,,
LM,AT7,EXT,2026-12-14 15:10:00,LM316,J,LM,AT7,LSI,2026-12-14 16:45:00,LM357,J,T220,72,0.49,DOM,DOM,C,1.0,5-T1,,
TO,73H,ORY,2026-12-14 15:10:00,TO7928,J,TO,73H,ORY,2026-12-14 15:55:00,TO7929,J,T221,189,0.86,INT,INT,C,1.0,19-T1,,
BA,320,LHR,2026-12-14 15:20:00,BA1450,J,BA,320,LHR,2026-12-14 16:05:00,BA1451,J,T222,180,0.79,DOM,DOM,C,0.5,4-T1,,
TK,32Q,IST,2026-12-14 15:20:00,TK1345,J,TK,32Q,IST,2026-12-14 16:20:00,TK1346,J,T223,190,0.86,INT,INT,C,1.0,10-T1,,
U2,32A,GVA,2026-12-14 15:20:00,U23294,J,U2,32A,BFS,2026-12-14 16:00:00,U2331,J,T224,186,0.83,INT,NIRISH,C,1.0,17-T1,,
CJ,E90,LCY,2026-12-14 15:25:00,CJ8716,J,CJ,E90,LCY,2026-12-14 16:00:00,CJ8707,J,T225,106,0.74,DOM,DOM,C,0.5,3-T1,,
U2,32A,CPH,2026-12-14 15:30:00,U23324,J,U2,32A,STN,2026-12-14 16:05:00,U2313,J,T226,186,0.83,INT,DOM,C,1.0,22-T1,,
U2,32A,LTN,2026-12-14 15:45:00,U2306,J,U2,32A,NCE,2026-12-14 16:20:00,U23251,J,T227,186,0.83,DOM,INT,C,1.0,6-T1,,
EA,AT7,DUB,2026-12-14 15:45:00,EA3256,J,EA,AT7,DUB,2026-12-14 16:15:00,EA3257,J,T228,72,0.85,IRISH,IRISH,C,1.0,2-T1,,
AF,223,CDG,2026-12-14 16:05:00,AF1486,J,AF,223,CDG,2026-12-14 17:00:00,AF1487,J,T229,148,0.85,INT,INT,C,1.0,16B-T1,,
KL,32Q,AMS,2026-12-14 16:05:00,KL931,J,KL,32Q,AMS,2026-12-14 17:00:00,KL932,J,T230,227,0.8,INT,INT,C,1.0,20-T1,,
FR,7M8,ORK,2026-12-14 16:05:00,FR3731,J,FR,7M8,AGP,2026-12-14 16:55:00,FR5091,J,T231,197,0.87,IRISH,INT,C,1.0,1A-T1,,
U2,32A,BHD,2026-12-14 16:15:00,U2344,J,U2,32A,GVA,2026-12-14 16:50:00,U23295,J,T232,186,0.83,NIRISH,INT,C,1.0,23-T1,,
FR,7M8,TFS,2026-12-14 16:15:00,FR2977,J,FR,7M8,OTP,2026-12-14 17:05:00,FR5614,J,T233,197,0.87,INT,INT,C,1.0,19-T1,,
FR,73H,DUB,2026-12-14 16:20:00,FR808,J,FR,73H,DUB,2026-12-14 17:10:00,FR813,J,T234,189,0.87,IRISH,IRISH,C,1.0,1-T1,,
BA,32Q,LHR,2026-12-14 16:20:00,BA1452,J,BA,32Q,LHR,2026-12-14 17:30:00,BA1453,J,T235,220,0.79,DOM,DOM,C,0.5,3-T1,,
U2,319,LGW,2026-12-14 16:20:00,U2811,J,U2,319,LGW,2026-12-14 16:50:00,U2812,J,T236,156,0.83,DOM,DOM,C,1.0,17-T1,,
EA,AT7,BHD,2026-12-14 16:20:00,EA3656,J,EA,AT7,BHD,2026-12-14 16:50:00,EA3657,J,T237,72,0.85,NIRISH,NIRISH,C,1.0,15A-T1,,
FR,7M8,BVA,2026-12-14 16:30:00,FR5592,J,FR,7M8,BCN,2026-12-14 17:20:00,FR6274,J,T238,197,0.87,INT,INT,C,1.0,15B-T1,,
LM,AT7,SYY,2026-12-14 16:45:00,LM344,J,LM,AT7,KOI,2026-12-14 17:20:00,LM397,J,T239,72,0.49,DOM,DOM,C,1.0,22-T1,,
U2,32N,BRS,2026-12-14 16:50:00,U2219,J,U2,32N,BRS,2026-12-14 17:20:00,U2220,J,T240,186,0.83,DOM,DOM,C,1.0,6-T1,,
EA,AT7,DUB,2026-12-14 16:50:00,EA3554,J,EA,AT7,DUB,2026-12-14 17:20:00,EA3555,J,T241,72,0.85,IRISH,IRISH,C,1.0,24-T1,,
RK,73H,STN,2026-12-14 17:00:00,RK8605,J,RK,73H,ALC,2026-12-14 17:50:00,RK5579,J,T242,189,0.87,DOM,INT,C,1.0,4-T1,,
LM,AT7,SOU,2026-12-14 17:00:00,LM326,J,LM,AT7,SOU,2026-12-14 17:40:00,LM329,J,T243,72,0.49,DOM,DOM,C,1.0,16A-T1,,
FR,73H,NOC,2026-12-14 17:00:00,FR891,J,FR,73H,BGY,2026-12-14 17:25:00,FR3646,J,T244,189,0.87,IRISH,INT,C,1.0,1B-T1,,
BA,320,LHR,2026-12-14 17:25:00,BA1454,J,BA,320,LHR,2026-12-14 18:25:00,BA1455,J,T246,180,0.79,DOM,DOM,C,0.5,2-T1,,
FR,73H,PRG,2026-12-14 17:30:00,FR1053,J,FR,73H,PRG,2026-12-14 17:55:00,FR1054,J,T247,189,0.87,INT,INT,C,1.0,19-T1,,
EC,32N,MXP,2026-12-14 17:30:00,EC3933,J,EC,32N,MXP,2026-12-14 18:00:00,EC3934,J,T248,186,0.83,INT,INT,C,1.0,17-T1,,
DY,73H,OSL,2026-12-14 17:45:00,DY1642,J,DY,73H,OSL,2026-12-14 18:25:00,DY1643,J,T249,186,0.84,INT,INT,C,1.0,20-T1,,
AY,E90,HEL,2026-12-14 17:50:00,AY1373,J,AY,E90,HEL,2026-12-14 18:35:00,AY1374,J,T250,100,0.71,INT,INT,C,1.0,15A-T1,,
U2,32A,BER,2026-12-14 17:55:00,U23262,J,U2,32A,BHX,2026-12-14 18:35:00,U2339,J,T251,186,0.83,INT,DOM,C,1.0,11-T1,,
U2,32A,BFS,2026-12-14 18:15:00,U2332,J,U2,32Q,AMS,2026-12-14 18:45:00,U23301,J,T252,186,0.83,NIRISH,INT,C,1.0,1B-T1,,
SK,319,CPH,2026-12-14 18:25:00,SK2513,J,SK,319,CPH,2026-12-14 19:10:00,SK2514,J,T253,150,0.85,INT,INT,C,1.0,16B-T1,,
BA,320,LHR,2026-12-14 18:30:00,BA1456,J,BA,320,LHR,2026-12-14 19:20:00,BA1457,J,T254,180,0.79,DOM,DOM,C,0.5,3-T1,,
U2,32Q,MAD,2026-12-14 18:30:00,U23210,J,U2,32Q,CDG,2026-12-14 19:15:00,U23243,J,T255,235,0.83,INT,INT,C,1.0,15B-T1,,
FR,7M8,POZ,2026-12-14 18:35:00,FR6619,J,FR,7M8,DUB,2026-12-14 19:00:00,FR815,J,T256,197,0.87,INT,IRISH,C,1.0,22-T1,,
LS,32Q,TFS,2026-12-14 18:45:00,LS728,J,LS,32Q,TFS,2026-12-15 07:50:00,LS739,J,T257,232,0.82,INT,INT,C,0.8,10-T1,,
EK,359,DXB,2026-12-14 18:55:00,EK23,J,EK,359,DXB,2026-12-14 20:50:00,EK24,J,T259,312,0.77,INT,INT,E,1.0,18-T1,,
U2,32A,BRS,2026-12-14 19:10:00,U2217,J,U2,32A,BRS,2026-12-14 19:40:00,U2218,J,T260,186,0.83,DOM,DOM,C,1.0,1B-T1,,
U2,32A,STN,2026-12-14 19:10:00,U2314,J,U2,32A,STN,2026-12-14 19:40:00,U2317,J,T261,186,0.83,DOM,DOM,C,1.0,6-T1,,
U2,32A,LTN,2026-12-14 19:25:00,U2605,J,U2,32A,LTN,2026-12-14 19:55:00,U2606,J,T262,186,0.83,DOM,DOM,C,1.0,4-T1,,
CJ,E90,LCY,2026-12-14 19:25:00,CJ8708,J,CJ,E90,LCY,2026-12-14 20:00:00,CJ8719,J,T263,106,0.74,DOM,DOM,C,0.5,2-T1,,
EC,319,BCN,2026-12-14 19:25:00,EC7199,J,EC,319,BCN,2026-12-14 19:55:00,EC7200,J,T264,156,0.83,INT,INT,C,1.0,15A-T1,,
EA,AT7,BHD,2026-12-14 19:30:00,EA3658,J,EA,AT7,BHD,2026-12-14 20:00:00,EA3659,J,T265,72,0.85,NIRISH,NIRISH,C,1.0,24-T1,,
FR,73H,NRN,2026-12-14 19:30:00,FR5688,J,FR,73H,NRN,2026-12-14 19:55:00,FR5687,J,T267,189,0.87,INT,INT,C,1.0,22-T1,,
FR,73H,DUB,2026-12-14 19:45:00,FR812,J,FR,73H,CPH,2026-12-14 20:10:00,FR2674,J,T268,189,0.87,IRISH,INT,C,1.0,1A-T1,,
U2,32A,BFS,2026-12-14 19:55:00,U253,J,U2,32A,BFS,2026-12-14 20:30:00,U254,J,T271,186,0.83,NIRISH,NIRISH,C,1.0,23-T1,,
KL,E7W,AMS,2026-12-14 20:00:00,KL929,J,KL,E7W,AMS,2026-12-14 20:30:00,KL930,J,T272,88,0.8,INT,INT,C,1.0,16B-T1,,
U2,32Q,KRK,2026-12-14 20:05:00,U23314,J,U2,319,LGW,2026-12-14 20:55:00,U2816,J,T273,235,0.83,INT,DOM,C,1.0,11-T1,,
LM,AT7,LSI,2026-12-14 20:10:00,LM356,J,LM,AT7,SOU,2026-12-15 06:40:00,LM321,J,T274,72,0.49,DOM,DOM,C,1.0,5-T1,,
LM,AT7,KOI,2026-12-14 20:10:00,LM398,J,LM,AT7,LSI,2026-12-15 06:50:00,LM353,J,T275,72,0.49,DOM,DOM,C,1.0,100-T1,,
EA,AT7,DUB,2026-12-14 20:15:00,EA3258,J,EA,AT7,DUB,2026-12-14 20:45:00,EA3259,J,T276,72,0.85,IRISH,IRISH,C,1.0,1B-T1,,
U2,319,LGW,2026-12-14 20:25:00,U2815,J,U2,32A,BRS,2026-12-14 21:00:00,U2216,J,T277,156,0.83,DOM,DOM,C,1.0,15A-T1,,
U2,32A,ZRH,2026-12-14 20:30:00,U22756,J,U2,32A,ALC,2026-12-15 06:05:00,U23205,J,T278,186,0.83,INT,INT,C,1.0,15B-T1,,
BA,32Q,LHR,2026-12-14 21:15:00,BA1462,J,BA,32Q,LHR,2026-12-15 06:50:00,BA1463,J,T281,220,0.79,DOM,DOM,C,0.5,24-T1,,
U2,32A,BHX,2026-12-14 21:30:00,U2340,J,U2,32Q,LGW,2026-12-15 06:10:00,U2806,J,T282,186,0.83,DOM,DOM,C,1.0,6-T1,,
U2,32A,GVA,2026-12-14 22:05:00,U23296,J,U2,32A,GVA,2026-12-15 06:20:00,U23291,J,T285,186,0.83,INT,INT,C,1.0,3-T1,,
RK,73H,STN,2026-12-14 22:10:00,RK596,J,RK,73H,STN,2026-12-14 22:35:00,RK880,J,T286,189,0.87,DOM,DOM,C,1.0,20-T1,,
U2,32A,NCE,2026-12-14 22:15:00,U23252,J,U2,32A,BFS,2026-12-15 06:45:00,U2327,J,T287,186,0.83,INT,NIRISH,C,1.0,22-T1,,
U2,32A,AMS,2026-12-14 22:15:00,U23302,J,U2,32Q,CDG,2026-12-15 06:25:00,U23245,J,T289,186,0.83,INT,INT,C,1.0,17-T1,,
U2,32A,STN,2026-12-14 22:45:00,U2318,J,U2,32A,LTN,2026-12-15 07:00:00,U2301,J,T292,186,0.83,DOM,DOM,C,1.0,23-T1,,
U2,32N,RAK,2026-12-14 23:00:00,U23266,J,U2,32Q,LIS,2026-12-15 07:00:00,U23321,J,T294,186,0.83,INT,INT,C,1.0,20-T1,,
FR,7M8,MLA,2026-12-14 23:05:00,FR6696,J,FR,7M8,BGY,2026-12-15 06:15:00,FR3646,J,T295,197,0.87,INT,INT,C,1.0,19-T1,,
KL,32Q,AMS,2026-12-14 23:10:00,KL933,J,KL,32Q,AMS,2026-12-15 05:40:00,KL922,J,T296,227,0.8,INT,INT,C,1.0,1-T1,,
LH,32N,FRA,2026-12-14 23:15:00,LH964,J,LH,32N,FRA,2026-12-15 06:45:00,LH965,J,T297,172,0.8,INT,INT,C,1.0,2-T1,,
FR,7M8,NAP,2026-12-14 23:15:00,FR7410,J,FR,7M8,LPA,2026-12-15 06:20:00,FR6698,J,T298,197,0.87,INT,INT,C,1.0,1B-T1,,
U2,32N,NBE,2026-12-14 23:25:00,U23330,J,U2,32A,STN,2026-12-15 07:05:00,U2309,J,T299,186,0.83,INT,DOM,C,1.0,15A-T1,,
FR,7M8,BCN,2026-12-14 23:30:00,FR6275,J,FR,7M8,CIA,2026-12-15 09:05:00,FR5739,J,T300,197,0.87,INT,INT,C,1.0,4-T1,,
U2,32N,TFS,2026-12-14 23:35:00,U23232,J,U2,32A,AMS,2026-12-15 07:20:00,U23301,J,T301,186,0.83,INT,INT,C,1.0,11-T1,,
U2,32Q,CDG,2026-12-14 23:40:00,U23244,J,U2,32A,AGP,2026-12-15 07:40:00,U23219,J,T302,235,0.83,INT,INT,C,1.0,1A-T1,,
FR,7M8,AGP,2026-12-15 00:15:00,FR5090,J,FR,7M8,TFS,2026-12-15 11:10:00,FR2969,J,T303,197,0.87,INT,INT,C,1.0,16A-T1,,
FR,73H,CPH,2026-12-15 00:25:00,FR2675,J,FR,73H,NRN,2026-12-16 19:00:00,FR5687,J,T304,189,0.87,INT,INT,C,1.0,27-T1,,
RK,73H,AGA,2026-12-15 00:30:00,RK860,J,RK,73H,RAK,2026-12-15 08:10:00,RK514,J,T305,189,0.87,INT,INT,C,1.0,16B-T1,,
RK,73H,ALC,2026-12-15 00:45:00,RK5581,J,RK,73H,STN,2026-12-15 17:40:00,RK597,J,T307,189,0.87,INT,DOM,C,1.0,14-T1,,
NPT,73K,EMA,2026-12-15 02:25:00,NPT4N,M,NPT,73K,EMA,2026-12-15 22:55:00,NPT4S,M,T308,0,0.0,DOM,DOM,C,1.0,Unallocated,,
NPT,73K,EMA,2026-12-15 03:15:00,NPT5U,M,NPT,73K,EMA,2026-12-15 23:50:00,NPT5D,M,T309,0,0.0,DOM,DOM,C,1.0,211-FRT,,
FX,73K,CDG,2026-12-15 06:05:00,FX4617,F,FX,73K,CDG,2026-12-15 20:05:00,FX4717,F,T310,0,0.0,INT,INT,C,1.0,208-FRT,,
D0,75C,LEJ,2026-12-15 06:05:00,D02134,F,D0,75C,LEJ,2026-12-15 20:10:00,D02135,F,T311,0,0.0,INT,INT,D,1.0,212-FRT,,
MUK,76X,EMA,2026-12-15 06:30:00,MUK6566,F,MUK,76X,EMA,2026-12-15 20:10:00,MUK6565,F,T312,0,0.0,DOM,DOM,D,1.0,210-FRT,,
BA,32N,LHR,2026-12-15 07:50:00,BA1438,J,BA,32N,LHR,2026-12-15 08:40:00,BA1439,J,T313,180,0.79,DOM,DOM,C,0.5,3-T1,,
EA,AT7,BHD,2026-12-15 07:55:00,EA3650,J,EA,AT7,BHD,2026-12-15 08:25:00,EA3651,J,T314,72,0.85,NIRISH,NIRISH,C,1.0,5-T1,,
U2,32N,BRS,2026-12-15 07:55:00,U2211,J,U2,32N,BRS,2026-12-15 08:25:00,U2212,J,T315,186,0.83,DOM,DOM,C,1.0,20-T1,,
UA,75W,EWR,2026-12-15 07:55:00,UA36,J,UA,75W,EWR,2026-12-15 09:25:00,UA37,J,T316,176,0.95,INT,INT,D,1.0,15-T1,,
EA,AT7,DUB,2026-12-15 07:55:00,EA3250,J,EA,AT7,DUB,2026-12-15 08:30:00,EA3251,J,T317,72,0.85,IRISH,IRISH,C,1.0,1B-T1,,
EA,AT7,DUB,2026-12-15 08:30:00,EA3552,J,EA,AT7,DUB,2026-12-15 09:15:00,EA3553,J,T318,72,0.85,IRISH,IRISH,C,1.0,1-T1,,
FR,7M8,CIA,2026-12-15 08:40:00,FR5740,J,FR,7M8,DUB,2026-12-15 12:45:00,FR809,J,T319,197,0.87,INT,IRISH,C,1.0,19-T1,,
KL,32Q,AMS,2026-12-15 08:40:00,KL923,J,KL,32Q,AMS,2026-12-15 09:30:00,KL924,J,T320,227,0.8,INT,INT,C,1.0,10-T1,,
EA,AT7,DUB,2026-12-15 08:55:00,EA3550,J,EA,AT7,DUB,2026-12-15 09:30:00,EA3551,J,T321,72,0.85,IRISH,IRISH,C,1.0,1A-T1,,
U2,32A,BFS,2026-12-15 09:00:00,U2328,J,U2,32N,HRG,2026-12-15 09:55:00,U23319,J,T322,186,0.83,NIRISH,INT,C,1.0,24-T1,,
AA,32Q,PHL,2026-12-15 09:05:00,AA278,J,AA,32Q,PHL,2026-12-15 11:05:00,AA279,J,T323,155,0.92,INT,INT,C,1.0,20-T1,,
BA,32Q,LHR,2026-12-15 09:10:00,BA1440,J,BA,32Q,LHR,2026-12-15 10:00:00,BA1441,J,T324,220,0.79,DOM,DOM,C,0.5,3-T1,,
AY,E90,HEL,2026-12-15 09:25:00,AY1371,J,AY,E90,HEL,2026-12-15 10:10:00,AY1372,J,T325,100,0.71,INT,INT,C,1.0,16B-T1,,
LM,AT7,KOI,2026-12-15 09:50:00,LM392,J,LM,AT7,SYY,2026-12-15 10:20:00,LM343,J,T326,72,0.49,DOM,DOM,C,1.0,5-T1,,
U2,32Q,LGW,2026-12-15 10:00:00,U2807,J,U2,32A,LGW,2026-12-15 10:45:00,U2803,J,T327,235,0.83,DOM,DOM,C,1.0,6-T1,,
BA,32Q,LHR,2026-12-15 10:10:00,BA1442,J,BA,32Q,LHR,2026-12-15 11:05:00,BA1443,J,T328,220,0.79,DOM,DOM,C,0.5,2-T1,,
CJ,E90,LCY,2026-12-15 10:15:00,CJ8702,J,CJ,E90,LCY,2026-12-15 10:50:00,CJ8715,J,T329,106,0.74,DOM,DOM,C,0.5,1-T1,,
U2,32A,LTN,2026-12-15 10:15:00,U2302,J,U2,32Q,MUC,2026-12-15 10:50:00,U23263,J,T330,186,0.83,DOM,INT,C,1.0,1B-T1,,
LM,AT7,LSI,2026-12-15 10:15:00,LM352,J,LM,AT7,SOU,2026-12-15 13:00:00,LM325,J,T331,72,0.49,DOM,DOM,C,1.0,4-T1,,
U2,32A,STN,2026-12-15 10:20:00,U2310,J,U2,32A,CDG,2026-12-15 10:55:00,U23241,J,T332,186,0.83,DOM,INT,C,1.0,24-T1,,
FI,7M8,KEF,2026-12-15 10:20:00,FI434,J,FI,7M8,KEF,2026-12-15 11:20:00,FI435,J,T333,160,0.85,INT,INT,C,1.0,17-T1,,
AF,223,CDG,2026-12-15 10:30:00,AF1686,J,AF,223,CDG,2026-12-15 11:30:00,AF1687,J,T334,148,0.85,INT,INT,C,1.0,16B-T1,,
U2,32A,BRS,2026-12-15 10:35:00,U2213,J,U2,32N,CPH,2026-12-15 11:05:00,U22751,J,T335,186,0.83,DOM,INT,C,1.0,23-T1,,
LM,AT7,SOU,2026-12-15 10:40:00,LM322,J,LM,AT7,EXT,2026-12-15 11:00:00,LM315,J,T336,72,0.49,DOM,DOM,C,1.0,5-T1,,
FR,7M8,TFS,2026-12-15 10:45:00,FR2970,J,FR,7M8,ACE,2026-12-15 13:15:00,FR5593,J,T337,197,0.87,INT,INT,C,1.0,22-T1,,
PC,32Q,SAW,2026-12-15 10:50:00,PC1187,J,PC,32Q,SAW,2026-12-15 11:55:00,PC1188,J,T338,239,0.87,INT,INT,C,1.0,10-T1,,
U2,32Q,CDG,2026-12-15 10:55:00,U23246,J,U2,32N,SSH,2026-12-15 11:35:00,U23221,J,T339,235,0.83,INT,INT,C,1.0,11-T1,,
A3,32N,ATH,2026-12-15 11:05:00,A3632,J,A3,32N,ATH,2026-12-15 11:55:00,A3633,J,T340,180,0.81,INT,INT,C,1.0,15A-T1,,
U2,32A,AMS,2026-12-15 11:15:00,U23302,J,U2,32A,BFS,2026-12-15 11:45:00,U2329,J,T341,186,0.83,INT,NIRISH,C,1.0,15B-T1,,
U2,32A,GVA,2026-12-15 11:40:00,U23292,J,U2,32A,TFS,2026-12-15 12:35:00,U23231,J,T342,186,0.83,INT,INT,C,1.0,17-T1,,
EA,AT7,DUB,2026-12-15 11:40:00,EA3252,J,EA,AT7,DUB,2026-12-15 12:20:00,EA3253,J,T343,72,0.85,IRISH,IRISH,C,1.0,1-T1,,
FR,7M8,BGY,2026-12-15 11:45:00,FR3645,J,FR,7M8,BCN,2026-12-15 13:15:00,FR6266,J,T344,197,0.87,INT,INT,C,1.0,16A-T1,,
EA,AT7,BHD,2026-12-15 11:50:00,EA3652,J,EA,AT7,BHD,2026-12-15 12:20:00,EA3653,J,T345,72,0.85,NIRISH,NIRISH,C,1.0,23-T1,,
LH,32N,FRA,2026-12-15 11:55:00,LH960,J,LH,32N,FRA,2026-12-15 12:40:00,LH961,J,T346,172,0.8,INT,INT,C,1.0,16B-T1,,
BA,32N,LHR,2026-12-15 12:10:00,BA1446,J,BA,32N,LHR,2026-12-15 13:00:00,BA1447,J,T347,180,0.79,DOM,DOM,C,0.5,3-T1,,
FR,7M8,MAD,2026-12-15 12:25:00,FR188,J,FR,7M8,CIA,2026-12-15 15:45:00,FR5589,J,T348,197,0.87,INT,INT,C,1.0,20-T1,,
KL,32Q,AMS,2026-12-15 12:30:00,KL927,J,KL,32Q,AMS,2026-12-15 13:25:00,KL928,J,T349,227,0.8,INT,INT,C,1.0,10-T1,,
QR,789,DOH,2026-12-15 12:35:00,QR29,J,QR,789,DOH,2026-12-15 14:05:00,QR30,J,T350,311,0.88,INT,INT,E,1.0,15-T1,,
EA,AT7,DUB,2026-12-15 12:40:00,EA3254,J,EA,AT7,DUB,2026-12-15 13:10:00,EA3255,J,T351,72,0.85,IRISH,IRISH,C,1.0,1-T1,,
DY,73H,OSL,2026-12-15 12:55:00,DY1640,J,DY,73H,OSL,2026-12-15 13:35:00,DY1641,J,T352,186,0.84,INT,INT,C,1.0,11-T1,,
U2,32A,BFS,2026-12-15 13:00:00,U251,J,U2,32A,BFS,2026-12-15 13:30:00,U252,J,T353,186,0.83,NIRISH,NIRISH,C,1.0,6-T1,,
LM,AT7,SYY,2026-12-15 13:05:00,LM344,J,LM,AT7,LSI,2026-12-15 16:45:00,LM357,J,T354,72,0.49,DOM,DOM,C,1.0,5-T1,,
BA,32N,LHR,2026-12-15 13:15:00,BA1448,J,BA,32N,LHR,2026-12-15 14:05:00,BA1449,J,T355,180,0.79,DOM,DOM,C,0.5,2-T1,,
U2,32A,ALC,2026-12-15 13:15:00,U23206,J,U2,32A,BER,2026-12-15 13:55:00,U23261,J,T356,186,0.83,INT,INT,C,1.0,17-T1,,
U2,32A,BFS,2026-12-15 14:00:00,U2330,J,U2,32A,BHX,2026-12-15 14:50:00,U2339,J,T358,186,0.83,NIRISH,DOM,C,1.0,1-T1,,
U2,32Q,LIS,2026-12-15 14:15:00,U23322,J,U2,32Q,MAD,2026-12-15 15:25:00,U23209,J,T359,235,0.83,INT,INT,C,1.0,19-T1,,
U2,32A,LGW,2026-12-15 14:30:00,U2804,J,U2,32A,STN,2026-12-15 15:35:00,U2315,J,T360,186,0.83,DOM,DOM,C,1.0,24-T1,,
U2,32A,AGP,2026-12-15 15:05:00,U23220,J,U2,319,LTN,2026-12-15 15:40:00,U2604,J,T361,186,0.83,INT,DOM,C,1.0,17-T1,,
U2,319,LTN,2026-12-15 15:10:00,U2603,J,U2,32A,BHD,2026-12-15 15:40:00,U2249,J,T362,156,0.83,DOM,NIRISH,C,1.0,15B-T1,,
LM,AT7,EXT,2026-12-15 15:10:00,LM316,J,LM,AT7,SOU,2026-12-15 17:40:00,LM329,J,T363,72,0.49,DOM,DOM,C,1.0,1A-T1,,
U2,32A,BRS,2026-12-15 15:10:00,U2217,J,U2,32N,BRS,2026-12-15 15:55:00,U2214,J,T364,186,0.83,DOM,DOM,C,1.0,16B-T1,,
BA,32Q,LHR,2026-12-15 15:15:00,BA1452,J,BA,32Q,LHR,2026-12-15 16:15:00,BA1453,J,T365,220,0.79,DOM,DOM,C,0.5,2-T1,,
FR,7M8,DUB,2026-12-15 15:20:00,FR808,J,FR,7M8,KRK,2026-12-15 16:40:00,FR6624,J,T366,197,0.87,IRISH,INT,C,1.0,1B-T1,,
TK,32Q,IST,2026-12-15 15:20:00,TK1345,J,TK,32Q,IST,2026-12-15 16:20:00,TK1346,J,T367,190,0.86,INT,INT,C,1.0,16A-T1,,
U2,32A,CDG,2026-12-15 15:20:00,U23242,J,U2,32A,BFS,2026-12-15 15:55:00,U2331,J,T368,186,0.83,INT,NIRISH,C,1.0,10-T1,,
CJ,E90,LCY,2026-12-15 15:25:00,CJ8716,J,CJ,E90,LCY,2026-12-15 16:00:00,CJ8707,J,T369,106,0.74,DOM,DOM,C,0.5,3-T1,,
U2,32N,CPH,2026-12-15 15:25:00,U22752,J,U2,32A,KRK,2026-12-15 16:10:00,U23313,J,T370,186,0.83,INT,INT,C,1.0,11-T1,,
U2,32A,BHX,2026-12-15 15:45:00,U26641,J,U2,32A,BHX,2026-12-15 16:15:00,U26642,J,T371,186,0.83,DOM,DOM,C,1.0,22-T1,,
EA,AT7,DUB,2026-12-15 15:45:00,EA3256,J,EA,AT7,DUB,2026-12-15 16:15:00,EA3257,J,T372,72,0.85,IRISH,IRISH,C,1.0,1-T1,,
KL,32Q,AMS,2026-12-15 16:05:00,KL931,J,KL,32Q,AMS,2026-12-15 17:00:00,KL932,J,T373,227,0.8,INT,INT,C,1.0,15A-T1,,
FR,7M8,CRL,2026-12-15 16:10:00,FR7323,J,FR,7M8,LIS,2026-12-15 17:10:00,FR479,J,T374,197,0.87,INT,INT,C,1.0,19-T1,,
U2,32Q,MUC,2026-12-15 16:15:00,U23264,J,U2,32A,LGW,2026-12-15 17:00:00,U2812,J,T375,235,0.83,INT,DOM,C,1.0,15B-T1,,
EA,AT7,BHD,2026-12-15 16:20:00,EA3656,J,EA,AT7,BHD,2026-12-15 16:50:00,EA3657,J,T376,72,0.85,NIRISH,NIRISH,C,1.0,17-T1,,
FR,7M8,LPA,2026-12-15 16:25:00,FR6697,J,FR,7M8,BUD,2026-12-15 17:15:00,FR1017,J,T377,197,0.87,INT,INT,C,1.0,10-T1,,
U2,32A,LGW,2026-12-15 16:30:00,U2811,J,U2,32Q,KEF,2026-12-15 17:05:00,U23315,J,T378,180,0.83,DOM,INT,C,1.0,20-T1,,
EA,AT7,DUB,2026-12-15 16:50:00,EA3554,J,EA,AT7,DUB,2026-12-15 17:20:00,EA3555,J,T379,72,0.85,IRISH,IRISH,C,1.0,1-T1,,
LM,AT7,SOU,2026-12-15 17:00:00,LM326,J,LM,AT7,KOI,2026-12-15 17:20:00,LM397,J,T381,72,0.49,DOM,DOM,C,1.0,16A-T1,,
BA,319,LHR,2026-12-15 17:30:00,BA1454,J,BA,319,LHR,2026-12-15 18:15:00,BA1455,J,T382,144,0.79,DOM,DOM,C,0.5,2-T1,,
U2,32A,BHX,2026-12-15 17:35:00,U2340,J,U2,32A,CDG,2026-12-15 18:05:00,U23243,J,T383,186,0.83,DOM,INT,C,1.0,24-T1,,
AY,E90,HEL,2026-12-15 17:50:00,AY1373,J,AY,E90,HEL,2026-12-15 18:35:00,AY1374,J,T384,100,0.71,INT,INT,C,1.0,10-T1,,
U2,32A,BFS,2026-12-15 18:10:00,U2332,J,U2,32A,BRS,2026-12-15 18:45:00,U2218,J,T385,186,0.83,NIRISH,DOM,C,1.0,4-T1,,
U2,32A,BHD,2026-12-15 18:15:00,U2250,J,U2,32A,STN,2026-12-15 19:00:00,U2317,J,T386,186,0.83,NIRISH,DOM,C,1.0,6-T1,,
SK,319,CPH,2026-12-15 18:25:00,SK2513,J,SK,319,CPH,2026-12-15 19:10:00,SK2514,J,T387,150,0.85,INT,INT,C,1.0,20-T1,,
BA,319,LHR,2026-12-15 18:25:00,BA1456,J,BA,319,LHR,2026-12-15 19:15:00,BA1457,J,T388,144,0.79,DOM,DOM,C,0.5,3-T1,,
FR,7M8,ALC,2026-12-15 18:35:00,FR5578,J,FR,7M8,ALC,2026-12-15 19:00:00,FR5579,J,T389,197,0.87,INT,INT,C,1.0,16B-T1,,
U2,32A,STN,2026-12-15 18:50:00,U2316,J,U2,32A,BHX,2026-12-15 19:30:00,U2337,J,T391,186,0.83,DOM,DOM,C,1.0,24-T1,,
EK,359,DXB,2026-12-15 18:55:00,EK23,J,EK,359,DXB,2026-12-15 20:50:00,EK24,J,T392,312,0.77,INT,INT,E,1.0,15-T1,,
U2,32A,BER,2026-12-15 19:00:00,U23262,J,U2,32A,LTN,2026-12-15 19:40:00,U2305,J,T394,186,0.83,INT,DOM,C,1.0,17-T1,,
EC,32N,AMS,2026-12-15 19:10:00,EC7835,J,EC,32N,AMS,2026-12-15 19:45:00,EC7836,J,T395,186,0.83,INT,INT,C,1.0,16A-T1,,
U2,32Q,LGW,2026-12-15 19:10:00,U2813,J,U2,32N,BRS,2026-12-15 19:45:00,U2216,J,T396,235,0.83,DOM,DOM,C,1.0,22-T1,,
U2,32N,BRS,2026-12-15 19:15:00,U2215,J,U2,32Q,LGW,2026-12-15 19:50:00,U2814,J,T397,186,0.83,DOM,DOM,C,1.0,1B-T1,,
CJ,E90,LCY,2026-12-15 19:25:00,CJ8708,J,CJ,E90,LCY,2026-12-15 20:00:00,CJ8719,J,T398,106,0.74,DOM,DOM,C,0.5,2-T1,,
EA,AT7,BHD,2026-12-15 19:30:00,EA3658,J,EA,AT7,BHD,2026-12-15 20:00:00,EA3659,J,T399,72,0.85,NIRISH,NIRISH,C,1.0,20-T1,,
FR,7M8,BCN,2026-12-15 19:30:00,FR6267,J,FR,7M8,DUB,2026-12-15 19:55:00,FR813,J,T400,197,0.87,INT,IRISH,C,1.0,19-T1,,
BA,320,LHR,2026-12-15 19:30:00,BA1460,J,BA,320,LHR,2026-12-16 06:25:00,BA1461,J,T401,180,0.79,DOM,DOM,C,0.5,4-T1,,
KL,E7W,AMS,2026-12-15 20:00:00,KL929,J,KL,E7W,AMS,2026-12-15 20:30:00,KL930,J,T402,88,0.8,INT,INT,C,1.0,16B-T1,,
LM,AT7,KOI,2026-12-15 20:10:00,LM398,J,LM,AT7,LSI,2026-12-16 06:50:00,LM353,J,T403,72,0.49,DOM,DOM,C,1.0,5-T1,,
EA,AT7,DUB,2026-12-15 20:10:00,EA3258,J,EA,AT7,DUB,2026-12-15 20:40:00,EA3259,J,T404,72,0.85,IRISH,IRISH,C,1.0,1B-T1,,
LM,AT7,LSI,2026-12-15 20:10:00,LM356,J,LM,AT7,SOU,2026-12-16 06:40:00,LM321,J,T405,72,0.49,DOM,DOM,C,1.0,32-T1,,
BA,32Q,LHR,2026-12-15 20:40:00,BA1462,J,BA,32Q,LHR,2026-12-16 07:05:00,BA1463,J,T407,220,0.79,DOM,DOM,C,0.5,2-T1,,
BA,32Q,LHR,2026-12-15 21:20:00,BA1464,J,BA,32Q,LHR,2026-12-16 08:00:00,BA1465,J,T410,220,0.79,DOM,DOM,C,0.5,1-T1,,
U2,32A,STN,2026-12-15 22:05:00,U2318,J,U2,32Q,LGW,2026-12-16 06:05:00,U2860,J,T412,186,0.83,DOM,DOM,C,1.0,24-T1,,
AF,223,CDG,2026-12-15 22:15:00,AF1886,J,AF,223,CDG,2026-12-16 05:50:00,AF1887,J,T413,148,0.85,INT,INT,C,1.0,16B-T1,,
U2,32A,BHX,2026-12-15 22:15:00,U2338,J,U2,32Q,KRK,2026-12-16 06:25:00,U23313,J,T414,186,0.83,DOM,INT,C,1.0,23-T1,,
U2,32Q,MAD,2026-12-15 22:15:00,U23210,J,U2,32A,ALC,2026-12-16 06:10:00,U23205,J,T415,235,0.83,INT,INT,C,1.0,11-T1,,
U2,32A,KRK,2026-12-15 22:30:00,U23314,J,U2,32N,STN,2026-12-16 06:25:00,U2309,J,T417,186,0.83,INT,DOM,C,1.0,22-T1,,
FR,7M8,DUB,2026-12-15 22:30:00,FR812,J,FR,7M8,FUE,2026-12-16 06:25:00,FR5683,J,T418,197,0.87,IRISH,INT,C,1.0,1B-T1,,
U2,32A,CDG,2026-12-15 22:30:00,U23244,J,U2,32A,GVA,2026-12-16 06:35:00,U23291,J,T419,186,0.83,INT,INT,C,1.0,19-T1,,
FR,7M8,KRK,2026-12-15 22:45:00,FR6625,J,FR,7M8,VIE,2026-12-16 06:45:00,FR1625,J,T420,197,0.87,INT,INT,C,1.0,17-T1,,
U2,32Q,KEF,2026-12-15 22:45:00,U23316,J,U2,32A,LTN,2026-12-16 07:00:00,U2301,J,T421,235,0.83,INT,DOM,C,1.0,14-T1,,
U2,32A,LTN,2026-12-15 22:50:00,U2306,J,U2,32A,BFS,2026-12-16 07:00:00,U2327,J,T422,186,0.83,DOM,NIRISH,C,1.0,1A-T1,,
U2,32A,TFS,2026-12-15 23:05:00,U23232,J,U2,32A,CDG,2026-12-16 07:00:00,U23245,J,T424,186,0.83,INT,INT,C,1.0,6-T1,,
KL,32Q,AMS,2026-12-15 23:10:00,KL933,J,KL,32Q,AMS,2026-12-16 05:40:00,KL922,J,T425,227,0.8,INT,INT,C,1.0,16A-T1,,
LH,32N,FRA,2026-12-15 23:20:00,LH964,J,LH,32N,FRA,2026-12-16 06:10:00,LH965,J,T426,172,0.8,INT,INT,C,1.0,20-T1,,
U2,32N,HRG,2026-12-15 23:25:00,U23320,J,U2,32A,AGA,2026-12-16 07:00:00,U23327,J,T427,186,0.83,INT,INT,C,1.0,10-T1,,
NPT,73K,EMA,2026-12-16 02:25:00,NPT4N,M,NPT,73K,EMA,2026-12-16 22:55:00,NPT4S,M,T431,0,0.0,DOM,DOM,C,1.0,212-FRT,,
NPT,73K,EMA,2026-12-16 03:15:00,NPT5U,M,NPT,73K,EMA,2026-12-16 23:50:00,NPT5D,M,T432,0,0.0,DOM,DOM,C,1.0,210-FRT,,
QR,789,DOH,2026-12-16 06:00:00,QR31,J,QR,789,DOH,2026-12-16 07:30:00,QR32,J,T433,311,0.88,INT,INT,E,1.0,15-T1,,
D0,75C,LEJ,2026-12-16 06:05:00,D02134,F,D0,75C,LEJ,2026-12-16 20:10:00,D02135,F,T434,0,0.0,INT,INT,D,1.0,211-FRT,,
FX,73K,CDG,2026-12-16 06:05:00,FX4617,F,FX,73K,CDG,2026-12-16 20:05:00,FX4717,F,T435,0,0.0,INT,INT,C,1.0,208-FRT,,
MUK,76X,EMA,2026-12-16 06:30:00,MUK6566,F,MUK,76X,EMA,2026-12-16 20:10:00,MUK6565,F,T436,0,0.0,DOM,DOM,D,1.0,Unallocated,,
HU,333,PEK,2026-12-16 06:35:00,HU407,J,HU,333,PEK,2026-12-16 10:50:00,HU408,J,T437,292,0.8,INT,INT,E,1.0,16-T1,,
AY,E90,HEL,2026-12-16 07:25:00,AY1371,J,AY,E90,HEL,2026-12-16 08:10:00,AY1372,J,T438,100,0.71,INT,INT,C,1.0,10-T1,,
BA,32N,LHR,2026-12-16 07:50:00,BA1438,J,BA,32N,LHR,2026-12-16 08:45:00,BA1439,J,T439,180,0.79,DOM,DOM,C,0.5,3-T1,,
EA,AT7,DUB,2026-12-16 07:55:00,EA3250,J,EA,AT7,BHD,2026-12-16 08:25:00,EA3651,J,T440,72,0.85,IRISH,NIRISH,C,1.0,1B-T1,,
UA,75W,EWR,2026-12-16 07:55:00,UA36,J,UA,75W,EWR,2026-12-16 09:25:00,UA37,J,T441,176,0.95,INT,INT,D,1.0,15-T1,,
EA,AT7,BHD,2026-12-16 07:55:00,EA3650,J,EA,AT7,DUB,2026-12-16 08:30:00,EA3251,J,T442,72,0.85,NIRISH,IRISH,C,1.0,5-T1,,
EC,32N,AMS,2026-12-16 08:05:00,EC7835,J,EC,32N,AMS,2026-12-16 08:35:00,EC7838,J,T443,186,0.83,INT,INT,C,1.0,22-T1,,
U2,32N,BHX,2026-12-16 08:05:00,U26641,J,U2,32N,BHX,2026-12-16 08:40:00,U26642,J,T444,186,0.83,DOM,DOM,C,1.0,19-T1,,
U2,32N,BRS,2026-12-16 08:20:00,U2211,J,U2,32N,PRG,2026-12-16 08:55:00,U22753,J,T446,186,0.83,DOM,INT,C,1.0,23-T1,,
EA,AT7,DUB,2026-12-16 08:30:00,EA3552,J,EA,AT7,DUB,2026-12-16 09:15:00,EA3553,J,T447,72,0.85,IRISH,IRISH,C,1.0,1-T1,,
FR,7M8,DUB,2026-12-16 08:35:00,FR812,J,FR,7M8,TFS,2026-12-16 11:25:00,FR2969,J,T448,197,0.87,IRISH,INT,C,1.0,1A-T1,,
BA,320,LHR,2026-12-16 08:35:00,BA1440,J,BA,320,LHR,2026-12-16 09:30:00,BA1441,J,T449,180,0.79,DOM,DOM,C,0.5,2-T1,,
KL,32Q,AMS,2026-12-16 08:40:00,KL923,J,KL,32Q,AMS,2026-12-16 09:30:00,KL924,J,T450,227,0.8,INT,INT,C,1.0,10-T1,,
EA,AT7,DUB,2026-12-16 08:55:00,EA3550,J,EA,AT7,DUB,2026-12-16 09:30:00,EA3551,J,T451,72,0.85,IRISH,IRISH,C,1.0,1B-T1,,
AA,32Q,PHL,2026-12-16 09:05:00,AA278,J,AA,32Q,PHL,2026-12-16 11:05:00,AA279,J,T452,155,0.92,INT,INT,C,1.0,20-T1,,
U2,32A,LGW,2026-12-16 09:10:00,U2853,J,U2,32A,LGW,2026-12-16 09:45:00,U2854,J,T453,180,0.83,DOM,DOM,C,1.0,6-T1,,
U2,32A,BFS,2026-12-16 09:20:00,U2328,J,U2,32A,BFS,2026-12-16 10:10:00,U2329,J,T454,186,0.83,NIRISH,NIRISH,C,1.0,14-T1,,
TK,32Q,IST,2026-12-16 09:40:00,TK1343,J,TK,32Q,IST,2026-12-16 10:40:00,TK1344,J,T455,190,0.86,INT,INT,C,1.0,22-T1,,
DL,764,JFK,2026-12-16 09:40:00,DL208,J,DL,764,JFK,2026-12-16 11:35:00,DL209,J,T456,238,0.89,INT,INT,D,1.0,18-T1,,
U2,32N,STN,2026-12-16 09:50:00,U2310,J,U2,32A,CDG,2026-12-16 10:35:00,U23241,J,T457,186,0.83,DOM,INT,C,1.0,15B-T1,,
LM,AT7,KOI,2026-12-16 09:50:00,LM392,J,LM,AT7,SYY,2026-12-16 10:20:00,LM343,J,T458,72,0.49,DOM,DOM,C,1.0,5-T1,,
BA,32Q,LHR,2026-12-16 10:05:00,BA1442,J,BA,32Q,LHR,2026-12-16 10:55:00,BA1443,J,T459,220,0.79,DOM,DOM,C,0.5,1-T1,,
U2,32Q,LGW,2026-12-16 10:05:00,U2861,J,U2,32N,TFS,2026-12-16 10:50:00,U23231,J,T460,235,0.83,DOM,INT,C,1.0,6-T1,,
U2,32N,LTN,2026-12-16 10:05:00,U2302,J,U2,32A,BRS,2026-12-16 11:05:00,U2214,J,T461,186,0.83,DOM,DOM,C,1.0,24-T1,,
LM,AT7,LSI,2026-12-16 10:15:00,LM352,J,LM,AT7,SOU,2026-12-16 13:00:00,LM325,J,T462,72,0.49,DOM,DOM,C,1.0,1B-T1,,
CJ,E90,LCY,2026-12-16 10:15:00,CJ8702,J,CJ,E90,LCY,2026-12-16 10:50:00,CJ8715,J,T463,106,0.74,DOM,DOM,C,0.5,3-T1,,
AF,223,CDG,2026-12-16 10:30:00,AF1686,J,AF,223,CDG,2026-12-16 11:30:00,AF1687,J,T464,148,0.85,INT,INT,C,1.0,10-T1,,
FR,7M8,MLA,2026-12-16 10:35:00,FR6696,J,FR,7M8,BUD,2026-12-16 12:15:00,FR1017,J,T465,197,0.87,INT,INT,C,1.0,14-T1,,
U2,32A,BRS,2026-12-16 10:35:00,U2213,J,U2,32Q,PFO,2026-12-16 11:10:00,U23317,J,T466,186,0.83,DOM,INT,C,1.0,23-T1,,
LM,AT7,SOU,2026-12-16 10:40:00,LM322,J,LM,AT7,LSI,2026-12-16 16:45:00,LM357,J,T467,72,0.49,DOM,DOM,C,1.0,5-T1,,
PC,32Q,SAW,2026-12-16 10:50:00,PC1187,J,PC,32Q,SAW,2026-12-16 11:55:00,PC1188,J,T468,239,0.87,INT,INT,C,1.0,15A-T1,,
FR,7M8,TFS,2026-12-16 11:00:00,FR2970,J,FR,7M8,ACE,2026-12-16 14:05:00,FR5593,J,T469,197,0.87,INT,INT,C,1.0,22-T1,,
U2,32A,CDG,2026-12-16 11:30:00,U23246,J,U2,32A,STN,2026-12-16 12:10:00,U2315,J,T470,186,0.83,INT,DOM,C,1.0,16B-T1,,
EA,AT7,DUB,2026-12-16 11:40:00,EA3252,J,EA,AT7,BHD,2026-12-16 12:20:00,EA3653,J,T471,72,0.85,IRISH,NIRISH,C,1.0,1-T1,,
U2,32A,GVA,2026-12-16 11:45:00,U23292,J,U2,32A,LPA,2026-12-16 13:05:00,U23213,J,T472,186,0.83,INT,INT,C,1.0,20-T1,,
EA,AT7,BHD,2026-12-16 11:50:00,EA3652,J,EA,AT7,DUB,2026-12-16 12:20:00,EA3253,J,T473,72,0.85,NIRISH,IRISH,C,1.0,6-T1,,
LH,32N,FRA,2026-12-16 11:55:00,LH960,J,LH,32N,FRA,2026-12-16 12:40:00,LH961,J,T474,172,0.8,INT,INT,C,1.0,16A-T1,,
XQ,73H,AYT,2026-12-16 12:10:00,XQ598,J,XQ,73H,AYT,2026-12-16 13:10:00,XQ599,J,T475,189,0.71,INT,INT,C,1.0,15B-T1,,
BA,32Q,LHR,2026-12-16 12:20:00,BA1446,J,BA,32Q,LHR,2026-12-16 13:15:00,BA1447,J,T476,220,0.79,DOM,DOM,C,0.5,2-T1,,
U2,32A,BFS,2026-12-16 12:25:00,U2330,J,U2,32N,ACE,2026-12-16 13:35:00,U23203,J,T477,186,0.83,NIRISH,INT,C,1.0,23-T1,,
KL,73H,AMS,2026-12-16 12:30:00,KL927,J,KL,73H,AMS,2026-12-16 13:25:00,KL928,J,T478,186,0.8,INT,INT,C,1.0,15A-T1,,
FR,7M8,VIE,2026-12-16 12:35:00,FR1624,J,FR,7M8,DUB,2026-12-16 14:15:00,FR815,J,T479,197,0.87,INT,IRISH,C,1.0,11-T1,,
QR,789,DOH,2026-12-16 12:35:00,QR29,J,QR,789,DOH,2026-12-16 14:05:00,QR30,J,T480,311,0.88,INT,INT,E,1.0,18-T1,,
U2,32N,ZRH,2026-12-16 12:35:00,U23298,J,U2,32Q,LGW,2026-12-16 13:40:00,U2803,J,T481,186,0.83,INT,DOM,C,1.0,16B-T1,,
U2,32Q,KRK,2026-12-16 12:40:00,U23314,J,U2,32A,MAD,2026-12-16 13:50:00,U23209,J,T482,235,0.83,INT,INT,C,1.0,14-T1,,
EA,AT7,DUB,2026-12-16 12:40:00,EA3254,J,EA,AT7,DUB,2026-12-16 13:10:00,EA3255,J,T483,72,0.85,IRISH,IRISH,C,1.0,1-T1,,
DY,73H,OSL,2026-12-16 12:55:00,DY1640,J,DY,73H,OSL,2026-12-16 13:35:00,DY1641,J,T484,186,0.84,INT,INT,C,1.0,10-T1,,
LM,AT7,SYY,2026-12-16 13:05:00,LM344,J,LM,AT7,SOU,2026-12-16 17:40:00,LM329,J,T485,72,0.49,DOM,DOM,C,1.0,24-T1,,
U2,32N,ALC,2026-12-16 13:05:00,U23206,J,U2,32N,BRS,2026-12-16 14:40:00,U2212,J,T486,186,0.83,INT,DOM,C,1.0,16A-T1,,
FR,73H,RZE,2026-12-16 13:15:00,FR4536,J,FR,73H,KRK,2026-12-17 06:15:00,FR6624,J,T487,189,0.87,INT,INT,C,1.0,1A-T1,,
BA,320,LHR,2026-12-16 13:25:00,BA1448,J,BA,320,LHR,2026-12-16 14:15:00,BA1449,J,T488,180,0.79,DOM,DOM,C,0.5,3-T1,,
LM,AT7,IOM,2026-12-16 13:25:00,LM314,J,LM,AT7,IOM,2026-12-16 13:55:00,LM313,J,T489,72,0.49,INT,INT,C,1.0,1B-T1,,
FR,7M8,CRL,2026-12-16 13:25:00,FR7323,J,FR,7M8,CIA,2026-12-16 14:55:00,FR5589,J,T490,197,0.87,INT,INT,C,1.0,20-T1,,
U2,32N,PRG,2026-12-16 14:10:00,U22754,J,U2,319,LTN,2026-12-16 14:55:00,U2604,J,T492,186,0.83,INT,DOM,C,1.0,16B-T1,,
U2,319,LTN,2026-12-16 14:15:00,U2603,J,U2,32A,RVN,2026-12-16 14:55:00,U23311,J,T493,156,0.83,DOM,INT,C,1.0,1B-T1,,
BA,320,LHR,2026-12-16 14:25:00,BA7450,J,BA,320,LHR,2026-12-16 15:55:00,BA7451,J,T494,180,0.79,DOM,DOM,C,0.5,2-T1,,
RK,73H,MAD,2026-12-16 14:40:00,RK188,J,RK,73H,BOH,2026-12-16 15:30:00,RK1133,J,T495,189,0.87,INT,DOM,C,1.0,19-T1,,
U2,32A,CDG,2026-12-16 14:50:00,U23242,J,U2,32A,BHX,2026-12-16 15:30:00,U2337,J,T496,186,0.83,INT,DOM,C,1.0,17-T1,,
FR,7M8,KRK,2026-12-16 14:50:00,FR6625,J,FR,7M8,BGY,2026-12-16 15:45:00,FR3646,J,T497,197,0.87,INT,INT,C,1.0,15A-T1,,
BA,320,LHR,2026-12-16 15:15:00,BA1452,J,BA,320,LHR,2026-12-16 16:15:00,BA1453,J,T498,180,0.79,DOM,DOM,C,0.5,3-T1,,
U2,32A,STN,2026-12-16 15:20:00,U2316,J,U2,32A,BFS,2026-12-16 16:10:00,U2333,J,T499,186,0.83,DOM,NIRISH,C,1.0,4-T1,,
FR,7M8,BGY,2026-12-16 15:20:00,FR3645,J,FR,7M8,AGP,2026-12-16 16:35:00,FR5091,J,T500,197,0.87,INT,INT,C,1.0,22-T1,,
CJ,E90,LCY,2026-12-16 15:25:00,CJ8716,J,CJ,E90,LCY,2026-12-16 16:00:00,CJ8707,J,T501,106,0.74,DOM,DOM,C,0.5,20-T1,,
EA,AT7,DUB,2026-12-16 15:45:00,EA3256,J,EA,AT7,DUB,2026-12-16 16:15:00,EA3257,J,T502,72,0.85,IRISH,IRISH,C,1.0,1-T1,,
KL,32Q,AMS,2026-12-16 16:05:00,KL931,J,KL,32Q,AMS,2026-12-16 17:00:00,KL932,J,T503,227,0.8,INT,INT,C,1.0,10-T1,,
FR,7M8,FUE,2026-12-16 16:15:00,FR5684,J,FR,7M8,BCN,2026-12-16 17:40:00,FR6266,J,T504,197,0.87,INT,INT,C,1.0,16A-T1,,
U2,32A,AGA,2026-12-16 16:20:00,U23328,J,U2,32A,BHD,2026-12-16 17:00:00,U2343,J,T505,186,0.83,INT,NIRISH,C,1.0,20-T1,,
EA,AT7,BHD,2026-12-16 16:20:00,EA3656,J,EA,AT7,BHD,2026-12-16 16:50:00,EA3657,J,T506,72,0.85,NIRISH,NIRISH,C,1.0,15B-T1,,
U2,32A,BRS,2026-12-16 16:40:00,U2215,J,U2,32A,BRS,2026-12-16 17:10:00,U2216,J,T507,186,0.83,DOM,DOM,C,1.0,6-T1,,
FR,7M8,DUB,2026-12-16 16:50:00,FR814,J,FR,7M8,DUB,2026-12-16 19:00:00,FR809,J,T508,197,0.87,IRISH,IRISH,C,1.0,1-T1,,
EA,AT7,DUB,2026-12-16 16:50:00,EA3554,J,EA,AT7,DUB,2026-12-16 17:20:00,EA3555,J,T509,72,0.85,IRISH,IRISH,C,1.0,1B-T1,,
LM,AT7,SOU,2026-12-16 17:00:00,LM326,J,LM,AT7,KOI,2026-12-16 17:20:00,LM397,J,T510,72,0.49,DOM,DOM,C,1.0,4-T1,,
BA,32Q,LHR,2026-12-16 17:05:00,BA1454,J,BA,32Q,LHR,2026-12-16 18:00:00,BA1455,J,T511,220,0.79,DOM,DOM,C,0.5,3-T1,,
U2,32Q,LGW,2026-12-16 17:30:00,U2804,J,U2,32Q,STN,2026-12-16 18:25:00,U2317,J,T512,235,0.83,DOM,DOM,C,1.0,23-T1,,
BA,32Q,LHR,2026-12-16 18:10:00,BA1456,J,BA,32Q,LHR,2026-12-16 19:00:00,BA1457,J,T514,220,0.79,DOM,DOM,C,0.5,4-T1,,
U2,32A,BHX,2026-12-16 18:15:00,U2338,J,U2,32A,CDG,2026-12-16 18:50:00,U23243,J,T515,186,0.83,DOM,INT,C,1.0,6-T1,,
DS,32Q,GVA,2026-12-16 18:15:00,DS1561,J,DS,32Q,GVA,2026-12-16 19:00:00,DS1562,J,T516,235,0.89,INT,INT,C,1.0,14-T1,,
SK,319,CPH,2026-12-16 18:25:00,SK2513,J,SK,319,CPH,2026-12-16 19:10:00,SK2514,J,T517,150,0.85,INT,INT,C,1.0,16A-T1,,
U2,32A,BFS,2026-12-16 18:25:00,U2334,J,U2,32A,BHX,2026-12-16 19:15:00,U2339,J,T518,186,0.83,NIRISH,DOM,C,1.0,24-T1,,
DS,32A,BSL,2026-12-16 18:30:00,DS1231,J,DS,32A,BSL,2026-12-16 19:00:00,DS1232,J,T519,186,0.89,INT,INT,C,1.0,16B-T1,,
FR,73H,NRN,2026-12-16 18:35:00,FR5688,J,FR,73H,BCN,2026-12-17 07:05:00,FR6274,J,T521,189,0.87,INT,INT,C,1.0,22-T1,,
FR,7M8,BUD,2026-12-16 18:35:00,FR1018,J,FR,7M8,TFS,2026-12-17 06:05:00,FR2969,J,T522,197,0.87,INT,INT,C,1.0,15B-T1,,
EC,32N,MXP,2026-12-16 18:35:00,EC3933,J,EC,32N,MXP,2026-12-16 19:10:00,EC3934,J,T523,186,0.83,INT,INT,C,1.0,20-T1,,
BA,32N,LHR,2026-12-16 18:35:00,BA7458,J,BA,32N,LHR,2026-12-16 20:10:00,BA7459,J,T524,180,0.79,DOM,DOM,C,0.5,2-T1,,
RK,73H,BOH,2026-12-16 18:50:00,RK1132,J,RK,73H,STN,2026-12-16 20:20:00,RK597,J,T525,189,0.87,DOM,DOM,C,1.0,23-T1,,
EK,359,DXB,2026-12-16 18:55:00,EK23,J,EK,359,DXB,2026-12-16 20:50:00,EK24,J,T526,312,0.77,INT,INT,E,1.0,18-T1,,
U2,319,LGW,2026-12-16 19:15:00,U2813,J,U2,319,LGW,2026-12-16 19:45:00,U2814,J,T527,156,0.83,DOM,DOM,C,1.0,1B-T1,,
U2,32A,BHD,2026-12-16 19:15:00,U2344,J,U2,32A,BFS,2026-12-16 20:05:00,U2331,J,T528,186,0.83,NIRISH,NIRISH,C,1.0,11-T1,,
EC,319,AMS,2026-12-16 19:15:00,EC7837,J,EC,319,AMS,2026-12-16 19:50:00,EC7836,J,T529,156,0.83,INT,INT,C,1.0,10-T1,,
CJ,E90,LCY,2026-12-16 19:25:00,CJ8708,J,CJ,E90,LCY,2026-12-16 20:00:00,CJ8719,J,T531,106,0.74,DOM,DOM,C,0.5,4-T1,,
EA,AT7,BHD,2026-12-16 19:30:00,EA3658,J,EA,AT7,BHD,2026-12-16 20:00:00,EA3659,J,T532,72,0.85,NIRISH,NIRISH,C,1.0,1-T1,,
U2,32N,LTN,2026-12-16 19:30:00,U2605,J,U2,32N,LTN,2026-12-16 20:15:00,U2606,J,T533,186,0.83,DOM,DOM,C,1.0,20-T1,,
RK,73H,STN,2026-12-16 19:40:00,RK596,J,RK,73H,WRO,2026-12-17 08:00:00,RK1159,J,T534,189,0.87,DOM,INT,C,1.0,24-T1,,
BA,320,LHR,2026-12-16 19:50:00,BA1460,J,BA,320,LHR,2026-12-17 06:05:00,BA1461,J,T535,180,0.79,DOM,DOM,C,0.5,3-T1,,
KL,E7W,AMS,2026-12-16 20:00:00,KL929,J,KL,E7W,AMS,2026-12-16 20:30:00,KL930,J,T536,88,0.8,INT,INT,C,1.0,16A-T1,,
LM,AT7,LSI,2026-12-16 20:10:00,LM356,J,LM,AT7,SOU,2026-12-17 06:40:00,LM321,J,T537,72,0.49,DOM,DOM,C,1.0,31-T1,,
LM,AT7,KOI,2026-12-16 20:10:00,LM398,J,LM,AT7,LSI,2026-12-17 06:50:00,LM353,J,T538,72,0.49,DOM,DOM,C,1.0,5-T1,,
EA,AT7,DUB,2026-12-16 20:15:00,EA3258,J,EA,AT7,DUB,2026-12-16 20:45:00,EA3259,J,T539,72,0.85,IRISH,IRISH,C,1.0,1B-T1,,
VY,32N,BCN,2026-12-16 20:20:00,VY7752,J,VY,32N,BCN,2026-12-16 21:15:00,VY7753,J,T540,186,0.81,INT,INT,C,1.0,10-T1,,
U2,32A,BRS,2026-12-16 20:30:00,U2217,J,U2,32A,BRS,2026-12-16 21:00:00,U2218,J,T542,186,0.83,DOM,DOM,C,1.0,6-T1,,
BA,32Q,LHR,2026-12-16 21:05:00,BA1462,J,BA,32Q,LHR,2026-12-17 06:50:00,BA1463,J,T546,220,0.79,DOM,DOM,C,0.5,2-T1,,
LS,32Q,FUE,2026-12-16 21:35:00,LS746,J,LS,32Q,ACE,2026-12-17 08:25:00,LS785,J,T549,232,0.82,INT,INT,C,0.8,15A-T1,,
FR,7M8,DUB,2026-12-16 21:35:00,FR808,J,FR,7M8,GDN,2026-12-17 06:20:00,FR6124,J,T550,197,0.87,IRISH,INT,C,1.0,1B-T1,,
LM,AT7,SOU,2026-12-16 21:40:00,LM328,J,LM,AT7,KOI,2026-12-17 07:00:00,LM391,J,T551,72,0.49,DOM,DOM,C,1.0,103-T1,,
U2,32Q,STN,2026-12-16 21:40:00,U2318,J,U2,32N,CDG,2026-12-17 06:30:00,U23245,J,T552,235,0.83,DOM,INT,C,1.0,4-T1,,
U2,32A,BHX,2026-12-16 22:00:00,U2340,J,U2,32A,STN,2026-12-17 07:00:00,U2309,J,T554,186,0.83,DOM,DOM,C,1.0,23-T1,,
U2,32A,BFS,2026-12-16 22:20:00,U2332,J,U2,32A,BFS,2026-12-17 07:00:00,U2327,J,T557,186,0.83,NIRISH,NIRISH,C,1.0,6-T1,,
U2,32A,CDG,2026-12-16 23:05:00,U23244,J,U2,32A,BHX,2026-12-17 07:10:00,U2337,J,T559,186,0.83,INT,DOM,C,1.0,11-T1,,
KL,32Q,AMS,2026-12-16 23:10:00,KL933,J,KL,32Q,AMS,2026-12-17 05:40:00,KL922,J,T560,227,0.8,INT,INT,C,1.0,16B-T1,,
LH,32N,FRA,2026-12-16 23:20:00,LH964,J,LH,32N,FRA,2026-12-17 06:00:00,LH965,J,T561,172,0.8,INT,INT,C,1.0,20-T1,,
U2,32A,LPA,2026-12-16 23:25:00,U23214,J,U2,32A,LTN,2026-12-17 07:15:00,U2301,J,T562,186,0.83,INT,DOM,C,1.0,17-T1,,
U2,32N,ACE,2026-12-16 23:35:00,U23204,J,U2,32N,LGW,2026-12-17 07:20:00,U2860,J,T563,186,0.83,INT,DOM,C,1.0,14-T1,,
FR,7M8,BCN,2026-12-16 23:50:00,FR6267,J,FR,7M8,KUN,2026-12-17 06:25:00,FR2886,J,T564,197,0.87,INT,INT,C,1.0,16A-T1,,
FR,7M8,ACE,2026-12-16 23:50:00,FR5594,J,FR,7M8,BUD,2026-12-17 07:15:00,FR1017,J,T565,197,0.87,INT,INT,C,1.0,10-T1,,
FR,7M8,AGP,2026-12-16 23:55:00,FR5090,J,FR,7M8,CIA,2026-12-17 07:15:00,FR5589,J,T566,197,0.87,INT,INT,C,1.0,19-T1,,
NPT,73K,EMA,2026-12-17 02:25:00,NPT4N,M,NPT,73K,EMA,2026-12-17 22:55:00,NPT4S,M,T567,0,0.0,DOM,DOM,C,1.0,211-FRT,,
NPT,73K,EMA,2026-12-17 03:15:00,NPT5U,M,NPT,73K,EMA,2026-12-17 23:50:00,NPT5D,M,T568,0,0.0,DOM,DOM,C,1.0,Unallocated,,
FX,73K,CDG,2026-12-17 06:05:00,FX4617,F,FX,73K,CDG,2026-12-17 20:05:00,FX4717,F,T569,0,0.0,INT,INT,C,1.0,208-FRT,,
D0,75C,LEJ,2026-12-17 06:05:00,D02134,F,D0,75C,LEJ,2026-12-17 20:10:00,D02135,F,T570,0,0.0,INT,INT,D,1.0,210-FRT,,
MUK,76X,EMA,2026-12-17 06:30:00,MUK6566,F,MUK,76X,EMA,2026-12-17 20:10:00,MUK6565,F,T571,0,0.0,DOM,DOM,D,1.0,212-FRT,,
FR,73H,DUB,2026-12-17 07:05:00,FR814,J,FR,73H,BGY,2026-12-17 08:30:00,FR3646,J,T572,189,0.87,IRISH,INT,C,1.0,1A-T1,,
AY,E90,HEL,2026-12-17 07:25:00,AY1371,J,AY,E90,HEL,2026-12-17 08:10:00,AY1372,J,T573,100,0.71,INT,INT,C,1.0,16A-T1,,
BA,32Q,LHR,2026-12-17 07:45:00,BA1438,J,BA,32Q,LHR,2026-12-17 08:35:00,BA1439,J,T574,220,0.79,DOM,DOM,C,0.5,10-T1,,
U2,319,LGW,2026-12-17 07:55:00,U2853,J,U2,319,LGW,2026-12-17 08:25:00,U2854,J,T575,156,0.83,DOM,DOM,C,1.0,6-T1,,
EA,AT7,DUB,2026-12-17 07:55:00,EA3250,J,EA,AT7,BHD,2026-12-17 08:25:00,EA3651,J,T576,72,0.85,IRISH,NIRISH,C,1.0,1-T1,,
EA,AT7,BHD,2026-12-17 07:55:00,EA3650,J,EA,AT7,DUB,2026-12-17 08:30:00,EA3251,J,T577,72,0.85,NIRISH,IRISH,C,1.0,5-T1,,
UA,75W,EWR,2026-12-17 07:55:00,UA36,J,UA,75W,EWR,2026-12-17 09:25:00,UA37,J,T578,176,0.95,INT,INT,D,1.0,18-T1,,
FR,73H,BGY,2026-12-17 08:05:00,FR3645,J,FR,73H,WMI,2026-12-17 08:35:00,FR4524,J,T579,189,0.87,INT,INT,C,1.0,22-T1,,
FR,73H,WMI,2026-12-17 08:10:00,FR4525,J,FR,73H,PRG,2026-12-17 09:50:00,FR1054,J,T580,189,0.87,INT,INT,C,1.0,15B-T1,,
U2,32N,BRS,2026-12-17 08:20:00,U2211,J,U2,32A,BRS,2026-12-17 08:50:00,U2212,J,T581,186,0.83,DOM,DOM,C,1.0,4-T1,,
BA,32N,LHR,2026-12-17 08:30:00,BA1440,J,BA,32N,LHR,2026-12-17 09:20:00,BA1441,J,T582,180,0.79,DOM,DOM,C,0.5,16A-T1,,
EA,AT7,DUB,2026-12-17 08:30:00,EA3552,J,EA,AT7,DUB,2026-12-17 09:15:00,EA3553,J,T583,72,0.85,IRISH,IRISH,C,1.0,1B-T1,,
EC,32N,AMS,2026-12-17 08:35:00,EC7835,J,EC,32N,AMS,2026-12-17 09:05:00,EC7836,J,T584,186,0.83,INT,INT,C,1.0,20-T1,,
KL,32Q,AMS,2026-12-17 08:40:00,KL923,J,KL,32Q,AMS,2026-12-17 09:30:00,KL924,J,T585,227,0.8,INT,INT,C,1.0,16B-T1,,
EA,AT7,DUB,2026-12-17 08:55:00,EA3550,J,EA,AT7,DUB,2026-12-17 09:30:00,EA3551,J,T586,72,0.85,IRISH,IRISH,C,1.0,1-T1,,
AA,32Q,PHL,2026-12-17 09:05:00,AA278,J,AA,32Q,PHL,2026-12-17 11:05:00,AA279,J,T587,155,0.92,INT,INT,C,1.0,15A-T1,,
U2,32A,BFS,2026-12-17 09:15:00,U2328,J,U2,32A,MUC,2026-12-17 09:45:00,U23263,J,T588,186,0.83,NIRISH,INT,C,1.0,4-T1,,
FR,73H,PRG,2026-12-17 09:25:00,FR1053,J,FR,73H,BCN,2026-12-17 13:10:00,FR6266,J,T589,189,0.87,INT,INT,C,1.0,14-T1,,
BA,32N,LHR,2026-12-17 09:40:00,BA1442,J,BA,32N,LHR,2026-12-17 10:30:00,BA1443,J,T590,180,0.79,DOM,DOM,C,0.5,20-T1,,
TK,32Q,IST,2026-12-17 09:40:00,TK1343,J,TK,32Q,IST,2026-12-17 10:40:00,TK1344,J,T591,190,0.86,INT,INT,C,1.0,16A-T1,,
LM,AT7,KOI,2026-12-17 09:50:00,LM392,J,LM,AT7,SYY,2026-12-17 10:20:00,LM343,J,T592,72,0.49,DOM,DOM,C,1.0,19-T1,,
U2,32A,BHX,2026-12-17 09:55:00,U2338,J,U2,32A,STN,2026-12-17 10:25:00,U2311,J,T593,186,0.83,DOM,DOM,C,1.0,17-T1,,
CJ,E90,LCY,2026-12-17 10:10:00,CJ8702,J,CJ,E90,LCY,2026-12-17 10:50:00,CJ8715,J,T594,106,0.74,DOM,DOM,C,0.5,2-T1,,
LM,AT7,LSI,2026-12-17 10:15:00,LM352,J,LM,AT7,SOU,2026-12-17 13:00:00,LM325,J,T595,72,0.49,DOM,DOM,C,1.0,5-T1,,
RK,73H,STN,2026-12-17 10:20:00,RK8605,J,RK,73H,SDR,2026-12-17 10:45:00,RK5631,J,T596,189,0.87,DOM,INT,C,1.0,24-T1,,
U2,32A,STN,2026-12-17 10:20:00,U2310,J,U2,32A,LTN,2026-12-17 11:00:00,U2303,J,T597,186,0.83,DOM,DOM,C,1.0,1-T1,,
FI,7M8,KEF,2026-12-17 10:20:00,FI434,J,FI,7M8,KEF,2026-12-17 11:20:00,FI435,J,T598,160,0.85,INT,INT,C,1.0,15B-T1,,
U2,32A,LTN,2026-12-17 10:20:00,U2302,J,U2,32A,CDG,2026-12-17 10:50:00,U23241,J,T599,186,0.83,DOM,INT,C,1.0,23-T1,,
AF,223,CDG,2026-12-17 10:30:00,AF1686,J,AF,223,CDG,2026-12-17 11:30:00,AF1687,J,T600,148,0.85,INT,INT,C,1.0,10-T1,,
LM,AT7,SOU,2026-12-17 10:40:00,LM322,J,LM,AT7,EXT,2026-12-17 11:10:00,LM315,J,T601,72,0.49,DOM,DOM,C,1.0,6-T1,,
PC,32Q,SAW,2026-12-17 10:50:00,PC1187,J,PC,32Q,SAW,2026-12-17 11:55:00,PC1188,J,T602,239,0.87,INT,INT,C,1.0,16B-T1,,
U2,32N,CDG,2026-12-17 10:50:00,U23246,J,U2,32N,FUE,2026-12-17 11:30:00,U23207,J,T603,186,0.83,INT,INT,C,1.0,22-T1,,
A3,32N,ATH,2026-12-17 11:05:00,A3632,J,A3,32N,ATH,2026-12-17 11:55:00,A3633,J,T604,180,0.81,INT,INT,C,1.0,20-T1,,
U2,32N,LGW,2026-12-17 11:10:00,U2861,J,U2,32N,KRK,2026-12-17 12:00:00,U23313,J,T605,186,0.83,DOM,INT,C,1.0,2-T1,,
FR,320,VIE,2026-12-17 11:30:00,FR1624,J,FR,320,VIE,2026-12-17 11:55:00,FR1625,J,T606,180,0.87,INT,INT,C,1.0,15A-T1,,
EA,AT7,DUB,2026-12-17 11:40:00,EA3252,J,EA,AT7,BHD,2026-12-17 12:20:00,EA3653,J,T607,72,0.85,IRISH,NIRISH,C,1.0,1-T1,,
FR,7M8,GDN,2026-12-17 11:40:00,FR6123,J,FR,7M8,CRL,2026-12-17 12:15:00,FR7322,J,T608,197,0.87,INT,INT,C,1.0,19-T1,,
U2,32Q,KEF,2026-12-17 11:45:00,U23316,J,U2,32Q,TFS,2026-12-17 12:40:00,U23231,J,T609,235,0.83,INT,INT,C,1.0,17-T1,,
EA,AT7,BHD,2026-12-17 11:50:00,EA3652,J,EA,AT7,DUB,2026-12-17 12:20:00,EA3253,J,T610,72,0.85,NIRISH,IRISH,C,1.0,6-T1,,
LH,32N,FRA,2026-12-17 11:55:00,LH960,J,LH,32N,FRA,2026-12-17 12:40:00,LH961,J,T611,172,0.8,INT,INT,C,1.0,10-T1,,
U2,32A,GVA,2026-12-17 12:15:00,U23294,J,U2,319,LGW,2026-12-17 13:05:00,U2810,J,T612,186,0.83,INT,DOM,C,1.0,16A-T1,,
FR,73H,KRK,2026-12-17 12:20:00,FR6625,J,FR,73H,LPA,2026-12-17 14:40:00,FR6698,J,T613,189,0.87,INT,INT,C,1.0,11-T1,,
FR,7M8,KUN,2026-12-17 12:30:00,FR2885,J,FR,7M8,POZ,2026-12-17 13:20:00,FR6618,J,T614,197,0.87,INT,INT,C,1.0,15B-T1,,
KL,73H,AMS,2026-12-17 12:30:00,KL927,J,KL,73H,AMS,2026-12-17 13:25:00,KL928,J,T615,186,0.8,INT,INT,C,1.0,15A-T1,,
U2,319,LGW,2026-12-17 12:35:00,U2809,J,U2,32A,PRG,2026-12-17 13:15:00,U22753,J,T616,156,0.83,DOM,INT,C,1.0,1B-T1,,
BA,32N,LHR,2026-12-17 12:35:00,BA1446,J,BA,32N,LHR,2026-12-17 13:25:00,BA1447,J,T617,180,0.79,DOM,DOM,C,0.5,2-T1,,
QR,789,DOH,2026-12-17 12:35:00,QR29,J,QR,789,DOH,2026-12-17 14:05:00,QR30,J,T618,311,0.88,INT,INT,E,1.0,21-T1,,
EA,AT7,DUB,2026-12-17 12:40:00,EA3254,J,EA,AT7,DUB,2026-12-17 13:10:00,EA3255,J,T619,72,0.85,IRISH,IRISH,C,1.0,1-T1,,
U2,32A,BRS,2026-12-17 12:45:00,U2213,J,U2,32A,BHD,2026-12-17 13:35:00,U2343,J,T620,186,0.83,DOM,NIRISH,C,1.0,24-T1,,
EC,319,BER,2026-12-17 12:55:00,EC5311,J,EC,319,BER,2026-12-17 13:35:00,EC5312,J,T621,156,0.83,INT,INT,C,1.0,19-T1,,
DY,73H,OSL,2026-12-17 12:55:00,DY1640,J,DY,73H,OSL,2026-12-17 13:35:00,DY1641,J,T622,186,0.84,INT,INT,C,1.0,1A-T1,,
LM,AT7,SYY,2026-12-17 13:05:00,LM344,J,LM,AT7,LSI,2026-12-17 16:45:00,LM357,J,T623,72,0.49,DOM,DOM,C,1.0,4-T1,,
LS,32Q,PRG,2026-12-17 13:05:00,LS3924,J,LS,32Q,VIE,2026-12-17 14:05:00,LS701,J,T624,232,0.82,INT,INT,C,0.8,16B-T1,,
D8,7M8,ARN,2026-12-17 13:15:00,D84463,J,D8,7M8,ARN,2026-12-17 13:55:00,D84464,J,T625,189,0.84,INT,INT,C,1.0,17-T1,,
U2,32A,ALC,2026-12-17 13:15:00,U23206,J,U2,32A,CPH,2026-12-17 13:55:00,U23323,J,T626,186,0.83,INT,INT,C,1.0,10-T1,,
RK,73H,WRO,2026-12-17 13:30:00,RK1158,J,RK,73H,OTP,2026-12-17 14:20:00,RK5614,J,T627,189,0.87,INT,INT,C,1.0,1-T1,,
FR,7M8,BUD,2026-12-17 13:35:00,FR1018,J,FR,7M8,DUB,2026-12-17 14:05:00,FR813,J,T628,197,0.87,INT,IRISH,C,1.0,16A-T1,,
U2,32A,STN,2026-12-17 13:35:00,U2312,J,U2,32A,STN,2026-12-17 14:25:00,U2313,J,T629,186,0.83,DOM,DOM,C,1.0,1B-T1,,
EC,32A,BOD,2026-12-17 13:40:00,EC1839,J,EC,32A,BOD,2026-12-17 14:15:00,EC1840,J,T630,186,0.83,INT,INT,C,1.0,15B-T1,,
EC,32A,LIN,2026-12-17 13:40:00,EC5421,J,EC,32A,LIN,2026-12-18 14:15:00,EC5422,J,T631,186,0.83,INT,INT,C,1.0,31-T1,,
FR,73H,BCN,2026-12-17 13:45:00,FR6275,J,FR,73H,ORK,2026-12-17 17:00:00,FR3732,J,T632,189,0.87,INT,IRISH,C,1.0,14-T1,,
FR,7M8,CIA,2026-12-17 13:50:00,FR5590,J,FR,7M8,MAD,2026-12-17 14:40:00,FR189,J,T633,197,0.87,INT,INT,C,1.0,15A-T1,,
U2,32A,LTN,2026-12-17 13:55:00,U2304,J,U2,32A,ATH,2026-12-17 14:40:00,U23225,J,T634,186,0.83,DOM,INT,C,1.0,2-T1,,
U2,32Q,LIS,2026-12-17 14:10:00,U23322,J,U2,32Q,MAD,2026-12-17 15:05:00,U23209,J,T635,235,0.83,INT,INT,C,1.0,19-T1,,
BA,319,LHR,2026-12-17 14:20:00,BA1450,J,BA,319,LHR,2026-12-17 15:15:00,BA1451,J,T636,144,0.79,DOM,DOM,C,0.5,3-T1,,
U2,32A,MUC,2026-12-17 15:00:00,U23264,J,U2,32A,NBE,2026-12-17 15:45:00,U23329,J,T637,186,0.83,INT,INT,C,1.0,16A-T1,,
U2,32A,CDG,2026-12-17 15:05:00,U23244,J,U2,32A,BHX,2026-12-17 16:10:00,U26642,J,T638,186,0.83,INT,DOM,C,1.0,15B-T1,,
RK,7M8,STN,2026-12-17 15:05:00,RK1273,J,RK,7M8,STN,2026-12-17 15:30:00,RK1274,J,T639,197,0.87,DOM,DOM,C,1.0,6-T1,,
LM,AT7,EXT,2026-12-17 15:10:00,LM316,J,LM,AT7,SOU,2026-12-17 17:40:00,LM329,J,T640,72,0.49,DOM,DOM,C,1.0,5-T1,,
TK,32Q,IST,2026-12-17 15:20:00,TK1345,J,TK,32Q,IST,2026-12-17 16:20:00,TK1346,J,T641,190,0.86,INT,INT,C,1.0,20-T1,,
CJ,E90,LCY,2026-12-17 15:25:00,CJ8716,J,CJ,E90,LCY,2026-12-17 16:00:00,CJ8707,J,T642,106,0.74,DOM,DOM,C,0.5,16B-T1,,
BA,32N,LHR,2026-12-17 15:30:00,BA1452,J,BA,32N,LHR,2026-12-17 16:20:00,BA1453,J,T643,180,0.79,DOM,DOM,C,0.5,2-T1,,
U2,32A,BHX,2026-12-17 15:40:00,U26641,J,U2,32A,LGW,2026-12-17 16:15:00,U2812,J,T644,186,0.83,DOM,DOM,C,1.0,1B-T1,,
EA,AT7,DUB,2026-12-17 15:45:00,EA3256,J,EA,AT7,DUB,2026-12-17 16:15:00,EA3257,J,T645,72,0.85,IRISH,IRISH,C,1.0,1-T1,,
U2,32A,LGW,2026-12-17 15:45:00,U2811,J,U2,32A,BRS,2026-12-17 16:30:00,U2216,J,T646,180,0.83,DOM,DOM,C,1.0,1A-T1,,
U2,32A,BHD,2026-12-17 15:50:00,U2344,J,U2,32A,GVA,2026-12-17 16:35:00,U23295,J,T647,186,0.83,NIRISH,INT,C,1.0,3-T1,,
RK,73H,SDR,2026-12-17 15:55:00,RK5632,J,RK,73H,BFS,2026-12-17 16:25:00,RK179,J,T649,189,0.87,INT,NIRISH,C,1.0,19-T1,,
FR,7M8,ACE,2026-12-17 15:55:00,FR5594,J,FR,7M8,ALC,2026-12-17 16:55:00,FR5579,J,T650,197,0.87,INT,INT,C,1.0,11-T1,,
RK,73H,BFS,2026-12-17 16:00:00,RK178,J,RK,73H,BGY,2026-12-17 16:45:00,RK3658,J,T651,189,0.87,NIRISH,INT,C,1.0,24-T1,,
U2,32A,BRS,2026-12-17 16:00:00,U2215,J,U2,32A,TOS,2026-12-17 17:25:00,U23215,J,T652,186,0.83,DOM,INT,C,1.0,6-T1,,
AF,223,CDG,2026-12-17 16:05:00,AF1486,J,AF,223,CDG,2026-12-17 17:00:00,AF1487,J,T653,148,0.85,INT,INT,C,1.0,15A-T1,,
KL,32Q,AMS,2026-12-17 16:05:00,KL931,J,KL,32Q,AMS,2026-12-17 17:00:00,KL932,J,T654,227,0.8,INT,INT,C,1.0,16A-T1,,
FR,7M8,CRL,2026-12-17 16:05:00,FR7323,J,FR,7M8,NAP,2026-12-17 17:00:00,FR7409,J,T655,197,0.87,INT,INT,C,1.0,22-T1,,
FR,7M8,TFS,2026-12-17 16:15:00,FR2970,J,FR,7M8,CIA,2026-12-17 17:20:00,FR5739,J,T656,197,0.87,INT,INT,C,1.0,17-T1,,
EA,AT7,BHD,2026-12-17 16:20:00,EA3656,J,EA,AT7,BHD,2026-12-17 16:50:00,EA3657,J,T657,72,0.85,NIRISH,NIRISH,C,1.0,23-T1,,
FR,73H,ORK,2026-12-17 16:35:00,FR3731,J,FR,73H,DUB,2026-12-17 20:05:00,FR809,J,T659,189,0.87,IRISH,IRISH,C,1.0,1B-T1,,
FR,7M8,DUB,2026-12-17 16:40:00,FR812,J,FR,7M8,AGP,2026-12-17 17:30:00,FR5091,J,T660,197,0.87,IRISH,INT,C,1.0,1-T1,,
EA,AT7,DUB,2026-12-17 16:50:00,EA3554,J,EA,AT7,DUB,2026-12-17 17:20:00,EA3555,J,T661,72,0.85,IRISH,IRISH,C,1.0,1A-T1,,
CJ,E90,LCY,2026-12-17 17:00:00,CJ8706,J,CJ,E90,LCY,2026-12-17 17:35:00,CJ8709,J,T662,106,0.74,DOM,DOM,C,0.5,3-T1,,
LM,AT7,SOU,2026-12-17 17:00:00,LM326,J,LM,AT7,KOI,2026-12-17 17:20:00,LM397,J,T663,72,0.49,DOM,DOM,C,1.0,2-T1,,
U2,32A,STN,2026-12-17 17:30:00,U2314,J,U2,32A,BFS,2026-12-17 18:20:00,U2333,J,T664,186,0.83,DOM,NIRISH,C,1.0,4-T1,,
BA,320,LHR,2026-12-17 17:30:00,BA1454,J,BA,320,LHR,2026-12-17 18:15:00,BA1455,J,T665,180,0.79,DOM,DOM,C,0.5,20-T1,,
AY,E90,HEL,2026-12-17 17:50:00,AY1373,J,AY,E90,HEL,2026-12-17 18:35:00,AY1374,J,T666,100,0.71,INT,INT,C,1.0,16A-T1,,
EC,319,BCN,2026-12-17 17:50:00,EC7199,J,EC,319,BCN,2026-12-17 18:25:00,EC7200,J,T667,156,0.83,INT,INT,C,1.0,14-T1,,
U2,32N,KRK,2026-12-17 18:10:00,U23314,J,U2,32N,STN,2026-12-17 18:40:00,U2317,J,T668,186,0.83,INT,DOM,C,1.0,15A-T1,,
U2,32A,CPH,2026-12-17 18:15:00,U23324,J,U2,32A,BHX,2026-12-17 18:45:00,U2339,J,T669,186,0.83,INT,DOM,C,1.0,19-T1,,
SK,319,CPH,2026-12-17 18:25:00,SK2513,J,SK,319,CPH,2026-12-17 19:10:00,SK2514,J,T670,150,0.85,INT,INT,C,1.0,15B-T1,,
BA,320,LHR,2026-12-17 18:30:00,BA1456,J,BA,320,LHR,2026-12-17 19:20:00,BA1457,J,T671,180,0.79,DOM,DOM,C,0.5,3-T1,,
U2,32A,PRG,2026-12-17 18:30:00,U22754,J,U2,32A,BRS,2026-12-17 19:00:00,U2214,J,T672,186,0.83,INT,DOM,C,1.0,10-T1,,
LS,32Q,TFS,2026-12-17 18:35:00,LS728,J,LS,32Q,TFS,2026-12-18 07:30:00,LS739,J,T673,232,0.82,INT,INT,C,0.8,2-T1,,
EC,32Q,CDG,2026-12-17 18:35:00,EC4693,J,EC,32Q,CDG,2026-12-17 19:20:00,EC4694,J,T674,235,0.83,INT,INT,C,1.0,17-T1,,
FR,7M8,POZ,2026-12-17 18:35:00,FR6619,J,FR,7M8,CPH,2026-12-17 19:00:00,FR2674,J,T675,197,0.87,INT,INT,C,1.0,16B-T1,,
EC,319,AMS,2026-12-17 18:50:00,EC7837,J,EC,319,AMS,2026-12-17 19:25:00,EC7838,J,T677,156,0.83,INT,INT,C,1.0,14-T1,,
D8,73H,CPH,2026-12-17 18:55:00,D83502,J,D8,73H,CPH,2026-12-17 19:40:00,D83503,J,T679,186,0.84,INT,INT,C,1.0,16A-T1,,
EK,359,DXB,2026-12-17 18:55:00,EK23,J,EK,359,DXB,2026-12-17 20:50:00,EK24,J,T681,312,0.77,INT,INT,E,1.0,21-T1,,
EW,32A,CGN,2026-12-17 19:10:00,EW362,J,EW,32A,CGN,2026-12-17 19:50:00,EW363,J,T682,180,0.76,INT,INT,C,1.0,15A-T1,,
CJ,E90,LCY,2026-12-17 19:25:00,CJ8708,J,CJ,E90,LCY,2026-12-17 20:00:00,CJ8719,J,T684,106,0.74,DOM,DOM,C,0.5,16B-T1,,
U2,319,BFS,2026-12-17 19:30:00,U253,J,U2,319,BFS,2026-12-17 20:00:00,U254,J,T685,156,0.83,NIRISH,NIRISH,C,1.0,10-T1,,
EA,AT7,BHD,2026-12-17 19:30:00,EA3658,J,EA,AT7,BHD,2026-12-17 20:00:00,EA3659,J,T686,72,0.85,NIRISH,NIRISH,C,1.0,5-T1,,
RK,73H,STN,2026-12-17 19:50:00,RK596,J,RK,73H,STN,2026-12-17 20:15:00,RK597,J,T687,189,0.87,DOM,DOM,C,1.0,3-T1,,
BA,32Q,LHR,2026-12-17 19:50:00,BA1460,J,BA,32Q,LHR,2026-12-18 06:20:00,BA1461,J,T688,220,0.79,DOM,DOM,C,0.5,1-T1,,
U2,319,LTN,2026-12-17 20:00:00,U2605,J,U2,319,LTN,2026-12-17 20:40:00,U2606,J,T689,156,0.83,DOM,DOM,C,1.0,6-T1,,
KL,E7W,AMS,2026-12-17 20:00:00,KL929,J,KL,E7W,AMS,2026-12-17 20:30:00,KL930,J,T690,88,0.8,INT,INT,C,1.0,16A-T1,,
LM,AT7,LSI,2026-12-17 20:10:00,LM356,J,LM,AT7,SOU,2026-12-18 06:40:00,LM321,J,T691,72,0.49,DOM,DOM,C,1.0,30-T1,,
LM,AT7,KOI,2026-12-17 20:10:00,LM398,J,LM,AT7,LSI,2026-12-18 06:50:00,LM353,J,T692,72,0.49,DOM,DOM,C,1.0,32-T1,,
U2,32Q,LGW,2026-12-17 20:15:00,U2815,J,U2,32A,LGW,2026-12-17 20:45:00,U2816,J,T693,235,0.83,DOM,DOM,C,1.0,4-T1,,
EA,AT7,DUB,2026-12-17 20:15:00,EA3258,J,EA,AT7,DUB,2026-12-17 20:45:00,EA3259,J,T694,72,0.85,IRISH,IRISH,C,1.0,1A-T1,,
U2,32A,BFS,2026-12-17 20:35:00,U2334,J,U2,32N,SEN,2026-12-17 21:15:00,U2984,J,T697,186,0.83,NIRISH,DOM,C,1.0,1B-T1,,
U2,32N,SEN,2026-12-17 20:40:00,U2983,J,U2,32A,BRS,2026-12-17 21:30:00,U2218,J,T698,186,0.83,DOM,DOM,C,1.0,15A-T1,,
U2,32A,BRS,2026-12-17 21:00:00,U2217,J,U2,32A,NCE,2026-12-18 06:00:00,U23251,J,T699,186,0.83,DOM,INT,C,1.0,6-T1,,
U2,32A,BHX,2026-12-17 21:30:00,U2340,J,U2,32Q,KRK,2026-12-18 06:20:00,U23313,J,T702,186,0.83,DOM,INT,C,1.0,1A-T1,,
LM,AT7,SOU,2026-12-17 21:40:00,LM328,J,LM,AT7,KOI,2026-12-18 07:00:00,LM391,J,T703,72,0.49,DOM,DOM,C,1.0,5-T1,,
U2,32N,FUE,2026-12-17 21:45:00,U23208,J,U2,32N,GVA,2026-12-18 06:25:00,U23291,J,T704,186,0.83,INT,INT,C,1.0,11-T1,,
U2,32N,STN,2026-12-17 21:45:00,U2318,J,U2,32A,BHX,2026-12-18 06:25:00,U2337,J,T705,186,0.83,DOM,DOM,C,1.0,23-T1,,
U2,32Q,MAD,2026-12-17 22:10:00,U23210,J,U2,32A,RAK,2026-12-18 07:00:00,U23223,J,T709,235,0.83,INT,INT,C,1.0,17-T1,,
AF,223,CDG,2026-12-17 22:15:00,AF1886,J,AF,223,CDG,2026-12-18 05:50:00,AF1887,J,T710,148,0.85,INT,INT,C,1.0,20-T1,,
RK,73H,BGY,2026-12-17 22:15:00,RK3657,J,RK,73H,AGA,2026-12-18 06:45:00,RK861,J,T711,189,0.87,INT,INT,C,1.0,403-T1,,
FR,73H,DUB,2026-12-17 22:40:00,FR808,J,FR,73H,PRG,2026-12-18 06:10:00,FR1054,J,T712,189,0.87,IRISH,INT,C,1.0,1B-T1,,
U2,32Q,TFS,2026-12-17 23:10:00,U23232,J,U2,32A,BFS,2026-12-18 07:00:00,U2325,J,T713,235,0.83,INT,NIRISH,C,1.0,10-T1,,
FR,7M8,CPH,2026-12-17 23:15:00,FR2675,J,FR,7M8,MAD,2026-12-18 05:50:00,FR189,J,T715,197,0.87,INT,INT,C,1.0,22-T1,,
U2,32A,ATH,2026-12-17 23:50:00,U23226,J,U2,32A,LTN,2026-12-18 07:15:00,U2301,J,T718,186,0.83,INT,DOM,C,1.0,14-T1,,
FR,7M8,NAP,2026-12-17 23:55:00,FR7410,J,FR,7M8,LIS,2026-12-18 06:25:00,FR479,J,T719,197,0.87,INT,INT,C,1.0,19-T1,,
U2,32A,NBE,2026-12-17 23:55:00,U23330,J,U2,32N,STN,2026-12-18 07:20:00,U2309,J,T720,186,0.83,INT,DOM,C,1.0,16A-T1,,
FR,7M8,CIA,2026-12-17 23:55:00,FR5740,J,FR,7M8,CRL,2026-12-18 06:25:00,FR7322,J,T722,197,0.87,INT,INT,C,1.0,4-T1,,
FR,73H,LPA,2026-12-18 00:45:00,FR6697,J,FR,73H,BCN,2026-12-18 07:05:00,FR6266,J,T723,189,0.87,INT,INT,C,1.0,16B-T1,,
NPT,73K,EMA,2026-12-18 02:25:00,NPT4N,M,NPT,73K,EMA,2026-12-18 22:55:00,NPT4S,M,T725,0,0.0,DOM,DOM,C,1.0,208-FRT,,
NPT,73K,EMA,2026-12-18 03:15:00,NPT5U,M,NPT,73K,EMA,2026-12-18 23:50:00,NPT5D,M,T726,0,0.0,DOM,DOM,C,1.0,211-FRT,,
QR,789,DOH,2026-12-18 06:00:00,QR31,J,QR,789,DOH,2026-12-18 07:30:00,QR32,J,T727,311,0.88,INT,INT,E,1.0,15-T1,,
D0,75C,LEJ,2026-12-18 06:05:00,D02134,F,D0,75C,LEJ,2026-12-18 20:45:00,D02135,F,T728,0,0.0,INT,INT,D,1.0,212-FRT,,
FX,73K,CDG,2026-12-18 06:05:00,FX4617,F,FX,73K,CDG,2026-12-21 20:05:00,FX4717,F,T729,0,0.0,INT,INT,C,1.0,Unallocated,,
MUK,76X,EMA,2026-12-18 06:30:00,MUK6566,F,MUK,76X,EMA,2026-12-18 20:10:00,MUK6565,F,T730,0,0.0,DOM,DOM,D,1.0,210-FRT,,
HU,333,PEK,2026-12-18 06:35:00,HU407,J,HU,333,PEK,2026-12-18 10:50:00,HU408,J,T731,292,0.8,INT,INT,E,1.0,21-T1,,
FR,73H,NRN,2026-12-18 06:50:00,FR5688,J,FR,73H,NRN,2026-12-18 07:15:00,FR5687,J,T732,189,0.87,INT,INT,C,1.0,19-T1,,
FR,7M8,DUB,2026-12-18 07:05:00,FR822,J,FR,7M8,DUB,2026-12-18 07:30:00,FR823,J,T733,197,0.87,IRISH,IRISH,C,1.0,1A-T1,,
BA,32N,LHR,2026-12-18 07:30:00,BA1438,J,BA,32N,LHR,2026-12-18 08:25:00,BA1439,J,T734,180,0.79,DOM,DOM,C,0.5,16B-T1,,
U2,32N,BRS,2026-12-18 07:40:00,U2211,J,U2,32N,BRS,2026-12-18 08:20:00,U2212,J,T735,186,0.83,DOM,DOM,C,1.0,16A-T1,,
U2,32Q,LGW,2026-12-18 07:45:00,U2853,J,U2,32Q,LGW,2026-12-18 08:30:00,U2854,J,T736,235,0.83,DOM,DOM,C,1.0,24-T1,,
EA,AT7,BHD,2026-12-18 07:55:00,EA3650,J,EA,AT7,BHD,2026-12-18 08:25:00,EA3651,J,T737,72,0.85,NIRISH,NIRISH,C,1.0,23-T1,,
UA,75W,EWR,2026-12-18 07:55:00,UA36,J,UA,75W,EWR,2026-12-18 09:25:00,UA37,J,T738,176,0.95,INT,INT,D,1.0,10-T1,,
EA,AT7,DUB,2026-12-18 07:55:00,EA3250,J,EA,AT7,DUB,2026-12-18 08:30:00,EA3251,J,T739,72,0.85,IRISH,IRISH,C,1.0,1A-T1,,
FR,7M8,WMI,2026-12-18 08:00:00,FR4525,J,FR,7M8,WMI,2026-12-18 08:25:00,FR4524,J,T740,197,0.87,INT,INT,C,1.0,15B-T1,,
EC,32Q,CDG,2026-12-18 08:10:00,EC4693,J,EC,32Q,CDG,2026-12-18 08:50:00,EC4694,J,T741,235,0.83,INT,INT,C,1.0,11-T1,,
FR,73H,SNN,2026-12-18 08:20:00,FR1676,J,FR,73H,SNN,2026-12-18 08:45:00,FR1677,J,T742,189,0.87,IRISH,IRISH,C,1.0,1-T1,,
EA,AT7,DUB,2026-12-18 08:30:00,EA3552,J,EA,AT7,DUB,2026-12-18 09:15:00,EA3553,J,T743,72,0.85,IRISH,IRISH,C,1.0,5-T1,,
FR,7M8,AGP,2026-12-18 08:35:00,FR5090,J,FR,7M8,AGP,2026-12-18 09:00:00,FR5091,J,T744,197,0.87,INT,INT,C,1.0,17-T1,,
KL,32Q,AMS,2026-12-18 08:40:00,KL923,J,KL,32Q,AMS,2026-12-18 09:30:00,KL924,J,T745,227,0.8,INT,INT,C,1.0,16A-T1,,
FR,73H,DUB,2026-12-18 08:40:00,FR818,J,FR,73H,ORK,2026-12-18 09:05:00,FR3740,J,T746,189,0.87,IRISH,IRISH,C,1.0,1B-T1,,
EC,319,AMS,2026-12-18 08:50:00,EC7835,J,EC,319,AMS,2026-12-18 09:20:00,EC7836,J,T747,156,0.83,INT,INT,C,1.0,19-T1,,
EA,AT7,DUB,2026-12-18 08:55:00,EA3550,J,EA,AT7,DUB,2026-12-18 09:30:00,EA3551,J,T748,72,0.85,IRISH,IRISH,C,1.0,1A-T1,,
BA,320,LHR,2026-12-18 09:00:00,BA1440,J,BA,320,LHR,2026-12-18 09:55:00,BA1441,J,T749,180,0.79,DOM,DOM,C,0.5,16B-T1,,
FR,73H,BGY,2026-12-18 09:00:00,FR3645,J,FR,73H,BGY,2026-12-18 09:25:00,FR3646,J,T750,189,0.87,INT,INT,C,1.0,14-T1,,
AA,32Q,PHL,2026-12-18 09:05:00,AA278,J,AA,32Q,PHL,2026-12-18 11:05:00,AA279,J,T751,155,0.92,INT,INT,C,1.0,15A-T1,,
U2,32A,BHX,2026-12-18 09:10:00,U2338,J,U2,32A,CPH,2026-12-18 09:45:00,U23323,J,T752,186,0.83,DOM,INT,C,1.0,23-T1,,
U2,32A,BFS,2026-12-18 09:15:00,U2326,J,U2,32A,GVA,2026-12-18 09:55:00,U23293,J,T753,186,0.83,NIRISH,INT,C,1.0,24-T1,,
EC,319,BCN,2026-12-18 09:15:00,EC7199,J,EC,319,BCN,2026-12-18 09:45:00,EC7200,J,T754,156,0.83,INT,INT,C,1.0,15B-T1,,
LM,AT7,IOM,2026-12-18 09:20:00,LM314,J,LM,AT7,IOM,2026-12-18 09:50:00,LM313,J,T755,72,0.49,INT,INT,C,1.0,1-T1,,
DL,764,JFK,2026-12-18 09:40:00,DL208,J,DL,764,JFK,2026-12-18 11:35:00,DL209,J,T756,238,0.89,INT,INT,D,1.0,18-T1,,
TK,32Q,IST,2026-12-18 09:40:00,TK1343,J,TK,32Q,IST,2026-12-18 10:40:00,TK1344,J,T757,190,0.86,INT,INT,C,1.0,11-T1,,
LM,AT7,KOI,2026-12-18 09:50:00,LM392,J,LM,AT7,SYY,2026-12-18 10:20:00,LM343,J,T758,72,0.49,DOM,DOM,C,1.0,5-T1,,
RK,73H,STN,2026-12-18 09:55:00,RK8605,J,RK,73H,STN,2026-12-18 10:20:00,RK9816,J,T759,189,0.87,DOM,DOM,C,1.0,1B-T1,,
U2,32N,BRS,2026-12-18 10:05:00,U2213,J,U2,32N,ZRH,2026-12-18 10:35:00,U22755,J,T760,186,0.83,DOM,INT,C,1.0,23-T1,,
LM,AT7,LSI,2026-12-18 10:15:00,LM352,J,LM,AT7,SOU,2026-12-18 13:00:00,LM325,J,T761,72,0.49,DOM,DOM,C,1.0,24-T1,,
SN,319,BRU,2026-12-18 10:20:00,SN2063,J,SN,319,BRU,2026-12-18 11:10:00,SN2064,J,T762,141,0.8,INT,INT,C,1.0,16B-T1,,
U2,32A,LTN,2026-12-18 10:20:00,U2302,J,U2,32A,CDG,2026-12-18 10:50:00,U23245,J,T763,186,0.83,DOM,INT,C,1.0,1-T1,,
BA,319,LHR,2026-12-18 10:25:00,BA1442,J,BA,319,LHR,2026-12-18 11:30:00,BA1443,J,T764,144,0.79,DOM,DOM,C,0.5,2-T1,,
FR,7M8,CRL,2026-12-18 10:25:00,FR7323,J,FR,7M8,BER,2026-12-18 10:50:00,FR2376,J,T765,197,0.87,INT,INT,C,1.0,15B-T1,,
AF,223,CDG,2026-12-18 10:30:00,AF1686,J,AF,223,CDG,2026-12-18 11:30:00,AF1687,J,T766,148,0.85,INT,INT,C,1.0,16A-T1,,
U2,32N,STN,2026-12-18 10:35:00,U2310,J,U2,32N,HRG,2026-12-18 11:25:00,U23319,J,T767,186,0.83,DOM,INT,C,1.0,6-T1,,
LM,AT7,SOU,2026-12-18 10:40:00,LM322,J,LM,AT7,EXT,2026-12-18 11:10:00,LM315,J,T768,72,0.49,DOM,DOM,C,1.0,5-T1,,
PC,32Q,SAW,2026-12-18 10:50:00,PC1187,J,PC,32Q,SAW,2026-12-18 11:55:00,PC1188,J,T769,239,0.87,INT,INT,C,1.0,10-T1,,
FR,7M8,GDN,2026-12-18 11:10:00,FR6123,J,FR,7M8,TFS,2026-12-18 12:05:00,FR2969,J,T770,197,0.87,INT,INT,C,1.0,14-T1,,
U2,32A,LGW,2026-12-18 11:15:00,U2807,J,U2,32A,STN,2026-12-18 11:55:00,U2311,J,T771,186,0.83,DOM,DOM,C,1.0,15B-T1,,
FR,73H,PRG,2026-12-18 11:20:00,FR1053,J,FR,73H,DUB,2026-12-18 11:45:00,FR817,J,T772,189,0.87,INT,IRISH,C,1.0,1-T1,,
LS,73C,LBA,2026-12-18 11:30:00,LS65C,P,LS,73C,SNN,2026-12-18 13:00:00,LS6323,C,T773,0,0.82,DOM,IRISH,C,0.8,3-T1,,
U2,32A,BFS,2026-12-18 11:35:00,U251,J,U2,32A,BFS,2026-12-18 12:05:00,U252,J,T774,186,0.83,NIRISH,NIRISH,C,1.0,23-T1,,
EA,AT7,DUB,2026-12-18 11:40:00,EA3252,J,EA,AT7,BHD,2026-12-18 12:20:00,EA3653,J,T775,72,0.85,IRISH,NIRISH,C,1.0,1B-T1,,
U2,32A,GVA,2026-12-18 11:45:00,U23292,J,U2,32A,BHX,2026-12-18 12:25:00,U26642,J,T776,186,0.83,INT,DOM,C,1.0,1A-T1,,
EA,AT7,BHD,2026-12-18 11:50:00,EA3652,J,EA,AT7,DUB,2026-12-18 12:20:00,EA3253,J,T777,72,0.85,NIRISH,IRISH,C,1.0,5-T1,,
U2,32A,BHX,2026-12-18 11:55:00,U26641,J,U2,32A,LTN,2026-12-18 12:45:00,U2303,J,T778,186,0.83,DOM,DOM,C,1.0,6-T1,,
LH,32N,FRA,2026-12-18 11:55:00,LH960,J,LH,32N,FRA,2026-12-18 12:40:00,LH961,J,T779,172,0.8,INT,INT,C,1.0,20-T1,,
U2,32A,NCE,2026-12-18 12:00:00,U23252,J,U2,32Q,BER,2026-12-18 12:55:00,U23261,J,T780,186,0.83,INT,INT,C,1.0,17-T1,,
FR,73H,ORK,2026-12-18 12:10:00,FR3731,J,FR,73H,CRL,2026-12-18 13:05:00,FR7352,J,T781,189,0.87,IRISH,INT,C,1.0,1-T1,,
U2,32Q,PRG,2026-12-18 12:10:00,U23326,J,U2,32N,TFS,2026-12-18 12:55:00,U23231,J,T782,235,0.83,INT,INT,C,1.0,4-T1,,
FR,7M8,MAD,2026-12-18 12:15:00,FR188,J,FR,7M8,VCE,2026-12-18 13:10:00,FR1652,J,T783,197,0.87,INT,INT,C,1.0,19-T1,,
FR,7M8,BUD,2026-12-18 12:25:00,FR1018,J,FR,7M8,DUB,2026-12-18 13:15:00,FR809,J,T784,197,0.87,INT,IRISH,C,1.0,2-T1,,
KL,73H,AMS,2026-12-18 12:30:00,KL927,J,KL,73H,AMS,2026-12-18 13:25:00,KL928,J,T785,186,0.8,INT,INT,C,1.0,16B-T1,,
LG,295,LUX,2026-12-18 12:35:00,LG4731,J,LG,295,LUX,2026-12-18 13:25:00,LG4732,J,T786,136,0.82,INT,INT,C,1.0,10-T1,,
QR,789,DOH,2026-12-18 12:35:00,QR29,J,QR,789,DOH,2026-12-18 14:05:00,QR30,J,T787,311,0.88,INT,INT,E,1.0,15-T1,,
U2,32Q,KRK,2026-12-18 12:40:00,U23314,J,U2,32A,LGW,2026-12-18 13:20:00,U2810,J,T788,235,0.83,INT,DOM,C,1.0,22-T1,,
EA,AT7,DUB,2026-12-18 12:40:00,EA3254,J,EA,AT7,DUB,2026-12-18 13:10:00,EA3255,J,T789,72,0.85,IRISH,IRISH,C,1.0,1B-T1,,
BA,32Q,LHR,2026-12-18 12:45:00,BA1446,J,BA,32Q,LHR,2026-12-18 13:35:00,BA1447,J,T790,220,0.79,DOM,DOM,C,0.5,16A-T1,,
U2,32A,LGW,2026-12-18 12:50:00,U2809,J,U2,32A,MAD,2026-12-18 13:50:00,U23209,J,T791,180,0.83,DOM,INT,C,1.0,23-T1,,
DY,73H,OSL,2026-12-18 12:55:00,DY1640,J,DY,73H,OSL,2026-12-18 13:35:00,DY1641,J,T792,186,0.84,INT,INT,C,1.0,1A-T1,,
LM,AT7,SYY,2026-12-18 13:05:00,LM344,J,LM,AT7,LSI,2026-12-18 16:45:00,LM357,J,T793,72,0.49,DOM,DOM,C,1.0,5-T1,,
FR,73H,BCN,2026-12-18 13:15:00,FR6267,J,FR,73H,POZ,2026-12-18 14:05:00,FR6618,J,T794,189,0.87,INT,INT,C,1.0,17-T1,,
FR,7M8,LIS,2026-12-18 13:15:00,FR478,J,FR,7M8,BVA,2026-12-18 14:05:00,FR5591,J,T796,197,0.87,INT,INT,C,1.0,14-T1,,
RK,73H,STN,2026-12-18 13:30:00,RK9817,J,RK,73H,BOH,2026-12-18 15:10:00,RK1133,J,T797,189,0.87,DOM,DOM,C,1.0,6-T1,,
EC,32A,LIN,2026-12-18 13:40:00,EC5421,J,EC,32A,CDG,2026-12-18 14:30:00,EC4690,J,T798,186,0.83,INT,INT,C,1.0,3-T1,,
EC,319,MXP,2026-12-18 13:50:00,EC3933,J,EC,319,MXP,2026-12-18 14:25:00,EC3934,J,T799,156,0.83,INT,INT,C,1.0,16B-T1,,
BA,32N,LHR,2026-12-18 14:00:00,BA1448,J,BA,32N,LHR,2026-12-18 14:50:00,BA1449,J,T801,180,0.79,DOM,DOM,C,0.5,2-T1,,
U2,32A,CPH,2026-12-18 14:05:00,U23324,J,U2,32N,BRS,2026-12-18 14:40:00,U2216,J,T802,186,0.83,INT,DOM,C,1.0,19-T1,,
EC,32N,AMS,2026-12-18 14:10:00,EC7837,J,EC,32N,AMS,2026-12-18 14:45:00,EC7838,J,T803,186,0.83,INT,INT,C,1.0,16A-T1,,
U2,32N,BRS,2026-12-18 14:10:00,U2215,J,U2,32A,STN,2026-12-18 14:45:00,U2315,J,T804,186,0.83,DOM,DOM,C,1.0,24-T1,,
DS,32A,BSL,2026-12-18 14:15:00,DS1231,J,DS,32A,BSL,2026-12-18 14:45:00,DS1232,J,T805,186,0.89,INT,INT,C,1.0,10-T1,,
FR,73H,DUB,2026-12-18 14:20:00,FR816,J,FR,73H,NOC,2026-12-18 15:10:00,FR890,J,T806,189,0.87,IRISH,IRISH,C,1.0,1B-T1,,
FR,7M8,ALC,2026-12-18 14:30:00,FR5578,J,FR,7M8,DUB,2026-12-18 15:20:00,FR813,J,T807,197,0.87,INT,IRISH,C,1.0,22-T1,,
U2,32A,BFS,2026-12-18 15:00:00,U253,J,U2,32A,BFS,2026-12-18 15:30:00,U254,J,T808,186,0.83,NIRISH,NIRISH,C,1.0,1-T1,,
LM,AT7,EXT,2026-12-18 15:10:00,LM316,J,LM,AT7,SOU,2026-12-18 17:40:00,LM329,J,T809,72,0.49,DOM,DOM,C,1.0,3-T1,,
U2,32A,GVA,2026-12-18 15:10:00,U23294,J,U2,32A,LDY,2026-12-18 16:00:00,U2307,J,T810,186,0.83,INT,DOM,C,1.0,17-T1,,
U2,32A,CDG,2026-12-18 15:15:00,U23244,J,U2,32N,BRS,2026-12-18 16:05:00,U2214,J,T811,186,0.83,INT,DOM,C,1.0,15B-T1,,
U2,32A,STN,2026-12-18 15:15:00,U2312,J,U2,32A,BHX,2026-12-18 16:05:00,U2341,J,T812,186,0.83,DOM,DOM,C,1.0,4-T1,,
CJ,E90,LCY,2026-12-18 15:25:00,CJ8716,J,CJ,E90,LCY,2026-12-18 16:00:00,CJ8707,J,T813,106,0.74,DOM,DOM,C,0.5,2-T1,,
FR,7M8,BER,2026-12-18 15:35:00,FR2377,J,FR,7M8,VIE,2026-12-18 16:15:00,FR1625,J,T814,197,0.87,INT,INT,C,1.0,16B-T1,,
U2,32N,ZRH,2026-12-18 15:35:00,U22756,J,U2,32A,STN,2026-12-18 16:10:00,U2313,J,T815,186,0.83,INT,DOM,C,1.0,16A-T1,,
RK,73H,AGA,2026-12-18 15:40:00,RK860,J,RK,73H,BFS,2026-12-18 16:10:00,RK179,J,T816,189,0.87,INT,NIRISH,C,1.0,20-T1,,
EA,AT7,DUB,2026-12-18 15:45:00,EA3256,J,EA,AT7,DUB,2026-12-18 16:15:00,EA3257,J,T817,72,0.85,IRISH,IRISH,C,1.0,1B-T1,,
RK,73H,BFS,2026-12-18 15:45:00,RK178,J,RK,73H,STN,2026-12-18 17:05:00,RK597,J,T818,189,0.87,NIRISH,DOM,C,1.0,1A-T1,,
FR,7M8,DUB,2026-12-18 15:50:00,FR808,J,FR,7M8,MLA,2026-12-18 16:25:00,FR6695,J,T819,197,0.87,IRISH,INT,C,1.0,1-T1,,
U2,32A,LTN,2026-12-18 15:50:00,U2304,J,U2,32A,BHD,2026-12-18 16:35:00,U2343,J,T820,186,0.83,DOM,NIRISH,C,1.0,24-T1,,
U2,32A,RAK,2026-12-18 15:55:00,U23266,J,U2,32A,GVA,2026-12-18 16:45:00,U23295,J,T821,186,0.83,INT,INT,C,1.0,22-T1,,
U2,319,LGW,2026-12-18 15:55:00,U2811,J,U2,319,LGW,2026-12-18 16:45:00,U2812,J,T822,156,0.83,DOM,DOM,C,1.0,19-T1,,
KL,32Q,AMS,2026-12-18 16:05:00,KL931,J,KL,32Q,AMS,2026-12-18 17:00:00,KL932,J,T823,227,0.8,INT,INT,C,1.0,10-T1,,
AF,223,CDG,2026-12-18 16:05:00,AF1486,J,AF,223,CDG,2026-12-18 17:00:00,AF1487,J,T824,148,0.85,INT,INT,C,1.0,15A-T1,,
EA,AT7,BHD,2026-12-18 16:20:00,EA3656,J,EA,AT7,BHD,2026-12-18 16:50:00,EA3657,J,T825,72,0.85,NIRISH,NIRISH,C,1.0,6-T1,,
BA,32Q,LHR,2026-12-18 16:30:00,BA1452,J,BA,32Q,LHR,2026-12-18 17:20:00,BA1453,J,T826,220,0.79,DOM,DOM,C,0.5,2-T1,,
FR,7M8,ACE,2026-12-18 16:30:00,FR5594,J,FR,7M8,WRO,2026-12-18 17:30:00,FR1159,J,T827,197,0.87,INT,INT,C,1.0,20-T1,,
EW,32A,STR,2026-12-18 16:35:00,EW2480,J,EW,32A,STR,2026-12-18 17:15:00,EW2481,J,T828,180,0.76,INT,INT,C,1.0,16B-T1,,
EA,AT7,DUB,2026-12-18 16:50:00,EA3554,J,EA,AT7,DUB,2026-12-18 17:20:00,EA3555,J,T829,72,0.85,IRISH,IRISH,C,1.0,1-T1,,
FR,73H,CRL,2026-12-18 16:55:00,FR7353,J,FR,73H,MXP,2026-12-18 17:20:00,FR7052,J,T830,189,0.87,INT,INT,C,1.0,17-T1,,
CJ,E90,LCY,2026-12-18 17:00:00,CJ8706,J,CJ,E90,LCY,2026-12-18 17:35:00,CJ8709,J,T831,106,0.74,DOM,DOM,C,0.5,16A-T1,,
LM,AT7,SOU,2026-12-18 17:00:00,LM326,J,LM,AT7,KOI,2026-12-18 17:20:00,LM397,J,T832,72,0.49,DOM,DOM,C,1.0,24-T1,,
FR,7M8,CIA,2026-12-18 17:10:00,FR5590,J,FR,7M8,CIA,2026-12-18 17:35:00,FR5589,J,T833,197,0.87,INT,INT,C,1.0,19-T1,,
D8,7M8,ARN,2026-12-18 17:15:00,D84463,J,D8,7M8,ARN,2026-12-18 17:55:00,D84464,J,T834,189,0.84,INT,INT,C,1.0,11-T1,,
U2,32N,BRS,2026-12-18 17:15:00,U2217,J,U2,32N,BRS,2026-12-18 17:45:00,U2218,J,T835,186,0.83,DOM,DOM,C,1.0,15B-T1,,
BA,32Q,LHR,2026-12-18 17:40:00,BA1454,J,BA,32Q,LHR,2026-12-18 18:35:00,BA1455,J,T836,220,0.79,DOM,DOM,C,0.5,2-T1,,
U2,32N,BFS,2026-12-18 17:40:00,U255,J,U2,32N,BFS,2026-12-18 18:10:00,U256,J,T837,186,0.83,NIRISH,NIRISH,C,1.0,24-T1,,
AY,E90,HEL,2026-12-18 17:50:00,AY1373,J,AY,E90,HEL,2026-12-18 18:35:00,AY1374,J,T838,100,0.71,INT,INT,C,1.0,15A-T1,,
FR,7M8,BVA,2026-12-18 17:50:00,FR5592,J,FR,7M8,KRK,2026-12-18 18:15:00,FR6624,J,T839,197,0.87,INT,INT,C,1.0,16B-T1,,
FR,7M8,NAP,2026-12-18 17:50:00,FR7410,J,FR,7M8,NAP,2026-12-18 18:15:00,FR7409,J,T840,197,0.87,INT,INT,C,1.0,20-T1,,
U2,32A,STN,2026-12-18 17:50:00,U2316,J,U2,32A,CDG,2026-12-18 18:30:00,U23241,J,T841,186,0.83,DOM,INT,C,1.0,23-T1,,
FR,73H,NOC,2026-12-18 17:55:00,FR891,J,FR,73H,BCN,2026-12-18 18:25:00,FR6274,J,T842,189,0.87,IRISH,INT,C,1.0,1-T1,,
FR,7M8,DUB,2026-12-18 17:55:00,FR812,J,FR,7M8,OPO,2026-12-18 18:20:00,FR5679,J,T843,197,0.87,IRISH,INT,C,1.0,1A-T1,,
DY,73H,OSL,2026-12-18 18:00:00,DY1642,J,DY,73H,OSL,2026-12-18 18:40:00,DY1643,J,T844,186,0.84,INT,INT,C,1.0,16A-T1,,
U2,32Q,BER,2026-12-18 18:05:00,U23262,J,U2,32Q,AMS,2026-12-18 18:45:00,U23301,J,T846,235,0.83,INT,INT,C,1.0,22-T1,,
U2,32A,LDY,2026-12-18 18:20:00,U2308,J,U2,32A,LTN,2026-12-18 19:10:00,U2305,J,T848,186,0.83,DOM,DOM,C,1.0,4-T1,,
SK,319,CPH,2026-12-18 18:25:00,SK2513,J,SK,319,CPH,2026-12-18 19:10:00,SK2514,J,T849,150,0.85,INT,INT,C,1.0,15B-T1,,
RK,73H,BOH,2026-12-18 18:30:00,RK1132,J,RK,73H,BGY,2026-12-18 18:55:00,RK3646,J,T850,189,0.87,DOM,INT,C,1.0,24-T1,,
EW,32A,DUS,2026-12-18 18:35:00,EW9364,J,EW,32A,DUS,2026-12-18 19:20:00,EW9365,J,T851,180,0.76,INT,INT,C,1.0,11-T1,,
D8,7M8,CPH,2026-12-18 18:35:00,D83502,J,D8,7M8,CPH,2026-12-18 19:15:00,D83503,J,T852,189,0.84,INT,INT,C,1.0,14-T1,,
BA,320,LHR,2026-12-18 18:40:00,BA1456,J,BA,320,LHR,2026-12-18 19:30:00,BA1457,J,T853,180,0.79,DOM,DOM,C,0.5,3-T1,,
FR,73H,KUN,2026-12-18 18:45:00,FR2885,J,FR,73H,KUN,2026-12-18 19:10:00,FR2886,J,T854,189,0.87,INT,INT,C,1.0,20-T1,,
U2,32A,BHX,2026-12-18 18:50:00,U2342,J,U2,32A,BFS,2026-12-18 19:40:00,U2333,J,T855,186,0.83,DOM,NIRISH,C,1.0,1-T1,,
TO,73H,ORY,2026-12-18 18:50:00,TO7928,J,TO,73H,ORY,2026-12-18 19:35:00,TO7929,J,T856,189,0.86,INT,INT,C,1.0,16B-T1,,
U2,32A,BHD,2026-12-18 18:50:00,U2344,J,U2,319,LGW,2026-12-18 19:45:00,U2814,J,T857,186,0.83,NIRISH,DOM,C,1.0,1A-T1,,
EK,359,DXB,2026-12-18 18:55:00,EK23,J,EK,359,DXB,2026-12-18 20:50:00,EK24,J,T858,312,0.77,INT,INT,E,1.0,18-T1,,
FR,7M8,VCE,2026-12-18 18:55:00,FR1653,J,FR,7M8,DUB,2026-12-18 19:20:00,FR815,J,T859,197,0.87,INT,IRISH,C,1.0,15A-T1,,
U2,319,LGW,2026-12-18 19:15:00,U2813,J,U2,32A,BHX,2026-12-18 20:05:00,U2339,J,T861,156,0.83,DOM,DOM,C,1.0,1B-T1,,
U2,32A,STN,2026-12-18 19:15:00,U2314,J,U2,32A,STN,2026-12-18 19:45:00,U2317,J,T862,186,0.83,DOM,DOM,C,1.0,6-T1,,
FR,73H,POZ,2026-12-18 19:20:00,FR6619,J,FR,73H,CPH,2026-12-18 19:45:00,FR2674,J,T864,189,0.87,INT,INT,C,1.0,16A-T1,,
CJ,E90,LCY,2026-12-18 19:25:00,CJ8708,J,CJ,E90,LCY,2026-12-18 20:00:00,CJ8719,J,T865,106,0.74,DOM,DOM,C,0.5,2-T1,,
EA,AT7,BHD,2026-12-18 19:30:00,EA3658,J,EA,AT7,BHD,2026-12-18 20:00:00,EA3659,J,T867,72,0.85,NIRISH,NIRISH,C,1.0,4-T1,,
VY,321,BCN,2026-12-18 19:45:00,VY7752,J,VY,321,BCN,2026-12-18 20:30:00,VY7753,J,T868,220,0.81,INT,INT,C,1.0,10-T1,,
U2,32A,BRS,2026-12-18 19:50:00,U2219,J,U2,32A,BRS,2026-12-18 20:20:00,U2220,J,T869,186,0.83,DOM,DOM,C,1.0,15A-T1,,
KL,E7W,AMS,2026-12-18 20:00:00,KL929,J,KL,E7W,AMS,2026-12-18 20:30:00,KL930,J,T870,88,0.8,INT,INT,C,1.0,16B-T1,,
LM,AT7,KOI,2026-12-18 20:10:00,LM398,J,LM,AT7,SOU,2026-12-19 08:00:00,LM321,J,T871,72,0.49,DOM,DOM,C,1.0,32-T1,,
LM,AT7,LSI,2026-12-18 20:10:00,LM356,J,LM,AT7,LSI,2026-12-19 07:20:00,LM353,J,T872,72,0.49,DOM,DOM,C,1.0,5-T1,,
U2,32Q,LGW,2026-12-18 20:15:00,U2815,J,U2,319,LGW,2026-12-18 20:55:00,U2816,J,T873,235,0.83,DOM,DOM,C,1.0,24-T1,,
RK,73H,STN,2026-12-18 20:15:00,RK596,J,RK,73H,STN,2026-12-18 20:40:00,RK1274,J,T874,189,0.87,DOM,DOM,C,1.0,15B-T1,,
EA,AT7,DUB,2026-12-18 20:15:00,EA3258,J,EA,AT7,DUB,2026-12-18 20:45:00,EA3259,J,T876,72,0.85,IRISH,IRISH,C,1.0,1A-T1,,
U2,32Q,MAD,2026-12-18 20:45:00,U23210,J,U2,32N,GVA,2026-12-19 06:00:00,U23291,J,T878,235,0.83,INT,INT,C,1.0,11-T1,,
FR,7M8,DUB,2026-12-18 21:55:00,FR814,J,FR,7M8,MAD,2026-12-19 05:50:00,FR5685,J,T881,197,0.87,IRISH,INT,C,1.0,1B-T1,,
FR,7M8,VIE,2026-12-18 22:05:00,FR1624,J,FR,7M8,ORK,2026-12-19 05:55:00,FR3732,J,T883,197,0.87,INT,IRISH,C,1.0,16A-T1,,
U2,32A,BFS,2026-12-18 22:05:00,U2334,J,U2,32A,LGW,2026-12-19 06:15:00,U2860,J,T884,186,0.83,NIRISH,DOM,C,1.0,6-T1,,
U2,32A,LTN,2026-12-18 22:10:00,U2306,J,U2,32A,AMS,2026-12-19 07:00:00,U23301,J,T885,186,0.83,DOM,INT,C,1.0,20-T1,,
FR,7M8,TFS,2026-12-18 22:15:00,FR2970,J,FR,7M8,SOF,2026-12-19 06:00:00,FR5160,J,T886,197,0.87,INT,INT,C,1.0,4-T1,,
U2,32Q,AMS,2026-12-18 22:25:00,U23302,J,U2,32A,GNB,2026-12-19 07:00:00,U23248,J,T888,235,0.83,INT,INT,C,1.0,3-T1,,
FR,73H,MXP,2026-12-18 22:50:00,FR7053,J,FR,73H,CPH,2026-12-19 05:50:00,FR2674,J,T889,189,0.87,INT,INT,C,1.0,16B-T1,,
U2,32A,STN,2026-12-18 22:50:00,U2318,J,U2,32A,AGP,2026-12-19 07:00:00,U23219,J,T890,186,0.83,DOM,INT,C,1.0,24-T1,,
U2,32A,BHX,2026-12-18 22:50:00,U2340,J,U2,32A,CDG,2026-12-19 07:00:00,U23241,J,T891,186,0.83,DOM,INT,C,1.0,23-T1,,
KL,32Q,AMS,2026-12-18 23:10:00,KL933,J,KL,32Q,AMS,2026-12-19 05:40:00,KL922,J,T894,227,0.8,INT,INT,C,1.0,1-T1,,
U2,32N,TFS,2026-12-18 23:25:00,U23232,J,U2,32A,BHX,2026-12-19 07:35:00,U2337,J,T896,186,0.83,INT,DOM,C,1.0,1A-T1,,
FR,73H,CPH,2026-12-18 23:55:00,FR3759,J,FR,73H,CRL,2026-12-19 06:00:00,FR7322,J,T898,189,0.87,INT,INT,C,1.0,2-T1,,
FR,7M8,KRK,2026-12-19 00:20:00,FR359,J,FR,7M8,OTP,2026-12-19 06:15:00,FR5614,J,T899,197,0.87,INT,INT,C,1.0,15A-T1,,
FR,7M8,OPO,2026-12-19 00:20:00,FR5680,J,FR,7M8,AGP,2026-12-19 06:15:00,FR5091,J,T900,197,0.87,INT,INT,C,1.0,22-T1,,
FR,7M8,MLA,2026-12-19 00:35:00,FR6696,J,FR,7M8,ACE,2026-12-19 06:25:00,FR5593,J,T901,197,0.87,INT,INT,C,1.0,15B-T1,,
FR,73H,BCN,2026-12-19 00:35:00,FR6275,J,FR,73H,VCE,2026-12-19 06:10:00,FR1652,J,T902,189,0.87,INT,INT,C,1.0,14-T1,,
U2,32N,HRG,2026-12-19 00:50:00,U23320,J,U2,32Q,STN,2026-12-19 07:35:00,U2309,J,T904,186,0.83,INT,DOM,C,1.0,10-T1,,
NPT,73K,EMA,2026-12-19 02:25:00,NPT4N,M,NPT,73K,EMA,2026-12-19 03:30:00,NPT722F,P,T905,0,0.0,DOM,DOM,C,1.0,314-T1,,
NPT,73K,EMA,2026-12-19 03:15:00,NPT5U,M,NPT,73K,EMA,2026-12-21 22:55:00,NPT4S,M,T906,0,0.0,DOM,DOM,C,1.0,208-FRT,,
QR,789,DOH,2026-12-19 06:00:00,QR31,J,QR,789,DOH,2026-12-19 07:30:00,QR32,J,T907,311,0.88,INT,INT,E,1.0,18-T1,,
NPT,73K,EMA,2026-12-19 06:15:00,NPT7224,H,NPT,73K,EMA,2026-12-21 23:50:00,NPT5D,M,T908,0,0.0,DOM,DOM,C,1.0,212-FRT,,
HU,333,PEK,2026-12-19 06:35:00,HU407,J,HU,333,PEK,2026-12-19 10:50:00,HU408,J,T909,292,0.8,INT,INT,E,1.0,16-T1,,
FR,7M8,NRN,2026-12-19 06:45:00,FR5688,J,FR,7M8,NRN,2026-12-19 07:10:00,FR5687,J,T910,197,0.87,INT,INT,C,1.0,14-T1,,
D0,75C,LEJ,2026-12-19 07:00:00,D02134,F,D0,75C,LEJ,2026-12-19 08:00:00,D0201P,P,T911,0,0.0,INT,INT,D,1.0,102-T1,,
BY,788,BGI,2026-12-19 07:15:00,BY239,C,BY,788,MAN,2026-12-19 08:25:00,BY9178P,P,T912,300,0.75,INT,DOM,E,1.0,15-T1,,
AY,E90,HEL,2026-12-19 07:25:00,AY1371,J,AY,E90,HEL,2026-12-19 08:10:00,AY1372,J,T913,100,0.71,INT,INT,C,1.0,20-T1,,
U2,32A,LGW,2026-12-19 07:30:00,U2853,J,U2,32A,LGW,2026-12-19 08:20:00,U2854,J,T914,180,0.83,DOM,DOM,C,1.0,1-T1,,
BA,32N,LHR,2026-12-19 07:30:00,BA1438,J,BA,32N,LHR,2026-12-19 08:35:00,BA1439,J,T915,180,0.79,DOM,DOM,C,0.5,4-T1,,
EC,32A,CDG,2026-12-19 07:35:00,EC4693,J,EC,32A,LIN,2026-12-19 14:35:00,EC5422,J,T916,186,0.83,INT,INT,C,1.0,22-T1,,
FR,73H,GDN,2026-12-19 07:50:00,FR6123,J,FR,73H,GDN,2026-12-19 08:15:00,FR6124,J,T917,189,0.87,INT,INT,C,1.0,14-T1,,
EA,AT7,DUB,2026-12-19 07:55:00,EA3250,J,EA,AT7,DUB,2026-12-19 08:30:00,EA3251,J,T918,72,0.85,IRISH,IRISH,C,1.0,1A-T1,,
EA,AT7,BHD,2026-12-19 07:55:00,EA3650,J,EA,AT7,BHD,2026-12-19 08:25:00,EA3651,J,T919,72,0.85,NIRISH,NIRISH,C,1.0,5-T1,,
UA,75W,EWR,2026-12-19 07:55:00,UA36,J,UA,75W,EWR,2026-12-19 09:25:00,UA37,J,T920,176,0.95,INT,INT,D,1.0,18-T1,,
U2,319,BFS,2026-12-19 07:55:00,U251,J,U2,319,BFS,2026-12-19 08:25:00,U252,J,T921,156,0.83,NIRISH,NIRISH,C,1.0,23-T1,,
U2,32A,BRS,2026-12-19 08:05:00,U2211,J,U2,32A,BRS,2026-12-19 08:35:00,U2212,J,T922,186,0.83,DOM,DOM,C,1.0,24-T1,,
BA,32Q,LHR,2026-12-19 08:30:00,BA1440,J,BA,32Q,LHR,2026-12-19 09:25:00,BA1441,J,T923,220,0.79,DOM,DOM,C,0.5,2-T1,,
EA,AT7,DUB,2026-12-19 08:30:00,EA3552,J,EA,AT7,DUB,2026-12-19 09:15:00,EA3553,J,T924,72,0.85,IRISH,IRISH,C,1.0,6-T1,,
FR,7M8,DUB,2026-12-19 08:35:00,FR812,J,FR,7M8,KRK,2026-12-19 09:10:00,FR6628,J,T925,197,0.87,IRISH,INT,C,1.0,1B-T1,,
EA,AT7,DUB,2026-12-19 08:55:00,EA3550,J,EA,AT7,DUB,2026-12-19 09:30:00,EA3551,J,T926,72,0.85,IRISH,IRISH,C,1.0,1-T1,,
FR,7M8,ORK,2026-12-19 09:00:00,FR3731,J,FR,7M8,WRO,2026-12-19 09:25:00,FR1159,J,T927,197,0.87,IRISH,INT,C,1.0,1A-T1,,
AA,32Q,PHL,2026-12-19 09:05:00,AA278,J,AA,32Q,PHL,2026-12-19 11:05:00,AA279,J,T928,155,0.92,INT,INT,C,1.0,20-T1,,
FR,7M8,CIA,2026-12-19 09:05:00,FR5590,J,FR,7M8,CIA,2026-12-19 09:40:00,FR5589,J,T929,197,0.87,INT,INT,C,1.0,15B-T1,,
FR,73H,POZ,2026-12-19 09:15:00,FR6619,J,FR,73H,POZ,2026-12-19 09:40:00,FR6618,J,T930,189,0.87,INT,INT,C,1.0,14-T1,,
U2,319,LTN,2026-12-19 09:15:00,U2603,J,U2,319,LTN,2026-12-19 09:55:00,U2604,J,T931,156,0.83,DOM,DOM,C,1.0,24-T1,,
KL,32Q,AMS,2026-12-19 09:20:00,KL923,J,KL,32Q,AMS,2026-12-19 10:10:00,KL924,J,T932,227,0.8,INT,INT,C,1.0,15A-T1,,
FR,73H,CRL,2026-12-19 09:50:00,FR7323,J,FR,73H,NOC,2026-12-19 10:30:00,FR890,J,T933,189,0.87,INT,IRISH,C,1.0,11-T1,,
U2,32N,BRS,2026-12-19 09:50:00,U2213,J,U2,32N,BHD,2026-12-19 10:20:00,U2249,J,T934,186,0.83,DOM,NIRISH,C,1.0,6-T1,,
U2,32A,BFS,2026-12-19 09:55:00,U2328,J,U2,32A,LYS,2026-12-19 10:35:00,U23254,J,T936,186,0.83,NIRISH,INT,C,1.0,23-T1,,
FR,73H,CPH,2026-12-19 10:05:00,FR2675,J,FR,73H,DUB,2026-12-19 10:30:00,FR823,J,T937,189,0.87,INT,IRISH,C,1.0,19-T1,,
U2,32Q,LGW,2026-12-19 10:05:00,U2861,J,U2,32A,GNB,2026-12-19 10:55:00,U23249,J,T938,235,0.83,DOM,INT,C,1.0,1B-T1,,
DY,7M8,OSL,2026-12-19 10:15:00,DY1640,J,DY,7M8,OSL,2026-12-19 10:55:00,DY1641,J,T939,189,0.84,INT,INT,C,1.0,17-T1,,
RK,73H,STN,2026-12-19 10:20:00,RK596,J,RK,73H,STN,2026-12-19 10:45:00,RK1274,J,T940,189,0.87,DOM,DOM,C,1.0,15B-T1,,
U2,32A,BHX,2026-12-19 10:20:00,U2338,J,U2,32A,MAD,2026-12-19 11:20:00,U23209,J,T941,186,0.83,DOM,INT,C,1.0,24-T1,,
RK,73H,BFS,2026-12-19 10:25:00,RK178,J,RK,73H,BFS,2026-12-19 10:50:00,RK179,J,T942,189,0.87,NIRISH,NIRISH,C,1.0,4-T1,,
BA,32Q,LHR,2026-12-19 10:25:00,BA1442,J,BA,32Q,LHR,2026-12-19 11:15:00,BA1443,J,T943,220,0.79,DOM,DOM,C,0.5,2-T1,,
AF,223,CDG,2026-12-19 10:30:00,AF1686,J,AF,223,CDG,2026-12-19 11:30:00,AF1687,J,T944,148,0.85,INT,INT,C,1.0,10-T1,,
LM,AT7,LSI,2026-12-19 10:40:00,LM352,J,LM,AT7,KOI,2026-12-19 11:15:00,LM391,J,T945,72,0.49,DOM,DOM,C,1.0,5-T1,,
U2,32A,AMS,2026-12-19 10:45:00,U23302,J,U2,32A,GVA,2026-12-19 11:50:00,U23293,J,T946,186,0.83,INT,INT,C,1.0,14-T1,,
FR,73H,DUB,2026-12-19 10:45:00,FR818,J,FR,73H,DUB,2026-12-19 11:10:00,FR819,J,T947,189,0.87,IRISH,IRISH,C,1.0,1A-T1,,
PC,32Q,SAW,2026-12-19 10:50:00,PC1187,J,PC,32Q,SAW,2026-12-19 11:55:00,PC1188,J,T948,239,0.87,INT,INT,C,1.0,15A-T1,,
U2,32Q,STN,2026-12-19 11:00:00,U2310,J,U2,32Q,TFS,2026-12-19 11:55:00,U23231,J,T949,235,0.83,DOM,INT,C,1.0,6-T1,,
U2,32N,GVA,2026-12-19 11:15:00,U23292,J,U2,32N,ACE,2026-12-19 12:15:00,U23203,J,T950,186,0.83,INT,INT,C,1.0,3-T1,,
U2,32Q,CDG,2026-12-19 11:30:00,U23242,J,U2,32Q,PFO,2026-12-19 12:40:00,U23317,J,T951,235,0.83,INT,INT,C,1.0,4-T1,,
FR,7M8,ALC,2026-12-19 11:35:00,FR5578,J,FR,7M8,ALC,2026-12-19 12:00:00,FR5579,J,T952,197,0.87,INT,INT,C,1.0,15B-T1,,
EA,AT7,DUB,2026-12-19 11:40:00,EA3252,J,EA,AT7,BHD,2026-12-19 12:20:00,EA3653,J,T953,72,0.85,IRISH,NIRISH,C,1.0,1-T1,,
EA,AT7,BHD,2026-12-19 11:50:00,EA3652,J,EA,AT7,DUB,2026-12-19 12:20:00,EA3253,J,T954,72,0.85,NIRISH,IRISH,C,1.0,16A-T1,,
BA,32Q,LHR,2026-12-19 11:50:00,BA1446,J,BA,32Q,LHR,2026-12-19 12:40:00,BA1447,J,T955,220,0.79,DOM,DOM,C,0.5,20-T1,,
FR,73H,VCE,2026-12-19 11:55:00,FR1653,J,FR,73H,CPH,2026-12-19 13:15:00,FR3760,J,T956,189,0.87,INT,INT,C,1.0,11-T1,,
LH,32N,FRA,2026-12-19 11:55:00,LH960,J,LH,32N,FRA,2026-12-19 12:40:00,LH961,J,T957,172,0.8,INT,INT,C,1.0,2-T1,,
XQ,73H,AYT,2026-12-19 12:10:00,XQ598,J,XQ,73H,AYT,2026-12-19 13:10:00,XQ599,J,T959,189,0.71,INT,INT,C,1.0,10-T1,,
FR,7M8,MAD,2026-12-19 12:20:00,FR5686,J,FR,7M8,DUB,2026-12-19 13:10:00,FR815,J,T960,197,0.87,INT,IRISH,C,1.0,14-T1,,
KL,32Q,AMS,2026-12-19 12:30:00,KL927,J,KL,32Q,AMS,2026-12-19 13:25:00,KL928,J,T961,227,0.8,INT,INT,C,1.0,16B-T1,,
U2,32A,GNB,2026-12-19 12:30:00,U23247,J,U2,319,LGW,2026-12-19 13:25:00,U2810,J,T962,186,0.83,INT,DOM,C,1.0,15A-T1,,
QR,789,DOH,2026-12-19 12:35:00,QR29,J,QR,789,DOH,2026-12-19 14:05:00,QR30,J,T963,311,0.88,INT,INT,E,1.0,18-T1,,
EA,AT7,DUB,2026-12-19 12:40:00,EA3254,J,EA,AT7,DUB,2026-12-19 13:10:00,EA3255,J,T964,72,0.85,IRISH,IRISH,C,1.0,1-T1,,
BY,7S8,INN,2026-12-19 12:50:00,BY1641,C,BY,7S8,INN,2026-12-19 14:55:00,BY1640,C,T966,189,0.75,INT,INT,C,1.0,3-T1,,
BY,7M8,CMF,2026-12-19 12:55:00,BY1661,C,BY,7M8,CMF,2026-12-19 14:10:00,BY1660,C,T967,189,0.75,INT,INT,C,1.0,15B-T1,,
U2,32N,BHD,2026-12-19 12:55:00,U2250,J,U2,32N,AGA,2026-12-19 13:45:00,U23327,J,T968,186,0.83,NIRISH,INT,C,1.0,6-T1,,
U2,319,LGW,2026-12-19 12:55:00,U2809,J,U2,32N,BRS,2026-12-19 13:25:00,U2214,J,T969,156,0.83,DOM,DOM,C,1.0,23-T1,,
FR,73H,DUB,2026-12-19 13:05:00,FR822,J,FR,73H,FUE,2026-12-19 14:05:00,FR5683,J,T970,189,0.87,IRISH,INT,C,1.0,1B-T1,,
U2,32N,ALC,2026-12-19 13:05:00,U23206,J,U2,32A,LPA,2026-12-19 13:50:00,U23213,J,T971,186,0.83,INT,INT,C,1.0,20-T1,,
BA,32Q,LHR,2026-12-19 13:10:00,BA1448,J,BA,32Q,LHR,2026-12-19 14:05:00,BA1449,J,T972,220,0.79,DOM,DOM,C,0.5,4-T1,,
FR,73H,NOC,2026-12-19 13:15:00,FR891,J,FR,73H,BUD,2026-12-19 14:05:00,FR1017,J,T973,189,0.87,IRISH,INT,C,1.0,1A-T1,,
LS,32Q,GVA,2026-12-19 13:25:00,LS780,J,LS,32Q,INN,2026-12-19 14:25:00,LS787,J,T974,232,0.82,INT,INT,C,0.8,2-T1,,
FR,7M8,AGP,2026-12-19 13:35:00,FR5090,J,FR,7M8,MLA,2026-12-19 14:30:00,FR6695,J,T975,197,0.87,INT,INT,C,1.0,10-T1,,
FR,7M8,OTP,2026-12-19 13:40:00,FR5615,J,FR,7M8,LPA,2026-12-19 14:35:00,FR6698,J,T976,197,0.87,INT,INT,C,1.0,14-T1,,
FR,7M8,SOF,2026-12-19 13:45:00,FR5161,J,FR,7M8,MAD,2026-12-19 15:30:00,FR189,J,T977,197,0.87,INT,INT,C,1.0,11-T1,,
RK,73H,STN,2026-12-19 13:55:00,RK1273,J,RK,73H,RAK,2026-12-19 16:15:00,RK514,J,T978,189,0.87,DOM,INT,C,1.0,24-T1,,
LH,319,MUC,2026-12-19 14:05:00,LH2494,J,LH,319,MUC,2026-12-19 14:50:00,LH2495,J,T980,138,0.8,INT,INT,C,1.0,16B-T1,,
LM,AT7,KOI,2026-12-19 14:10:00,LM392,J,LM,AT7,SYY,2026-12-20 12:35:00,LM343,J,T981,72,0.49,DOM,DOM,C,1.0,5-T1,,
U2,32A,AGP,2026-12-19 14:25:00,U23220,J,U2,32A,KRK,2026-12-19 16:30:00,U23313,J,T982,186,0.83,INT,INT,C,1.0,20-T1,,
FR,320,VIE,2026-12-19 14:25:00,FR1624,J,FR,320,VIE,2026-12-19 14:50:00,FR1625,J,T983,180,0.87,INT,INT,C,1.0,16A-T1,,
FR,7M8,WRO,2026-12-19 14:55:00,FR1158,J,FR,7M8,SVQ,2026-12-19 15:45:00,FR6760,J,T984,197,0.87,INT,INT,C,1.0,22-T1,,
FR,7M8,KRK,2026-12-19 15:15:00,FR6629,J,FR,7M8,BGY,2026-12-19 16:10:00,FR3646,J,T985,197,0.87,INT,INT,C,1.0,17-T1,,
TK,32Q,IST,2026-12-19 15:20:00,TK1345,J,TK,32Q,IST,2026-12-19 16:20:00,TK1346,J,T986,190,0.86,INT,INT,C,1.0,16B-T1,,
BA,32Q,LHR,2026-12-19 15:20:00,BA1452,J,BA,32Q,LHR,2026-12-19 16:15:00,BA1453,J,T987,220,0.79,DOM,DOM,C,0.5,2-T1,,
EA,AT7,DUB,2026-12-19 15:45:00,EA3256,J,EA,AT7,DUB,2026-12-19 16:15:00,EA3257,J,T988,72,0.85,IRISH,IRISH,C,1.0,1-T1,,
U2,32A,LYS,2026-12-19 15:45:00,U23253,J,U2,32A,GVA,2026-12-19 16:35:00,U23295,J,T989,186,0.83,INT,INT,C,1.0,19-T1,,
FR,7M8,DUB,2026-12-19 15:45:00,FR814,J,FR,7M8,PRG,2026-12-19 16:15:00,FR1054,J,T990,197,0.87,IRISH,INT,C,1.0,1B-T1,,
AF,223,CDG,2026-12-19 16:05:00,AF1486,J,AF,223,CDG,2026-12-19 17:00:00,AF1487,J,T991,148,0.85,INT,INT,C,1.0,10-T1,,
RK,73H,TFS,2026-12-19 16:05:00,RK2970,J,RK,73H,STN,2026-12-19 17:00:00,RK8604,J,T992,189,0.87,INT,DOM,C,1.0,15B-T1,,
KL,32Q,AMS,2026-12-19 16:05:00,KL931,J,KL,32Q,AMS,2026-12-19 17:00:00,KL932,J,T993,227,0.8,INT,INT,C,1.0,15A-T1,,
FR,7M8,ACE,2026-12-19 16:10:00,FR5594,J,FR,7M8,BCN,2026-12-19 17:00:00,FR6266,J,T994,197,0.87,INT,INT,C,1.0,16A-T1,,
EA,AT7,BHD,2026-12-19 16:20:00,EA3656,J,EA,AT7,BHD,2026-12-19 16:50:00,EA3657,J,T995,72,0.85,NIRISH,NIRISH,C,1.0,23-T1,,
U2,32A,GNB,2026-12-19 16:20:00,U23250,J,U2,32A,CDG,2026-12-19 17:25:00,U23243,J,T996,186,0.83,INT,INT,C,1.0,22-T1,,
EA,AT7,DUB,2026-12-19 16:50:00,EA3554,J,EA,AT7,DUB,2026-12-19 17:20:00,EA3555,J,T997,72,0.85,IRISH,IRISH,C,1.0,1B-T1,,
FR,7M8,CIA,2026-12-19 16:50:00,FR5740,J,FR,7M8,CIA,2026-12-19 17:15:00,FR5739,J,T998,197,0.87,INT,INT,C,1.0,20-T1,,
U2,32A,BRS,2026-12-19 17:05:00,U2215,J,U2,32A,STN,2026-12-19 17:35:00,U2351,J,T999,186,0.83,DOM,DOM,C,1.0,6-T1,,
FR,73H,FAO,2026-12-19 17:05:00,FR5668,J,FR,73H,FAO,2026-12-19 17:30:00,FR5667,J,T1000,189,0.87,INT,INT,C,1.0,16B-T1,,
U2,32A,GVA,2026-12-19 17:10:00,U23294,J,U2,32A,BHX,2026-12-19 18:15:00,U2339,J,T1001,186,0.83,INT,DOM,C,1.0,17-T1,,
BA,32Q,LHR,2026-12-19 17:10:00,BA1454,J,BA,32Q,LHR,2026-12-19 18:05:00,BA1455,J,T1002,220,0.79,DOM,DOM,C,0.5,2-T1,,
GR,AT7,GCI,2026-12-19 17:25:00,GR634,J,GR,AT7,GCI,2026-12-19 18:05:00,GR635,J,T1003,72,0.93,INT,INT,C,1.0,1-T1,,
FR,73H,CPH,2026-12-19 17:30:00,FR6925,J,FR,73H,DUB,2026-12-19 17:55:00,FR817,J,T1004,189,0.87,INT,IRISH,C,1.0,15A-T1,,
AY,E90,HEL,2026-12-19 17:50:00,AY1373,J,AY,E90,HEL,2026-12-19 18:35:00,AY1374,J,T1005,100,0.71,INT,INT,C,1.0,10-T1,,
U2,32A,MAD,2026-12-19 18:00:00,U23210,J,U2,32A,BFS,2026-12-19 18:50:00,U2333,J,T1006,186,0.83,INT,NIRISH,C,1.0,20-T1,,
BA,32N,LHR,2026-12-19 18:25:00,BA1456,J,BA,32N,LHR,2026-12-19 19:15:00,BA1457,J,T1007,180,0.79,DOM,DOM,C,0.5,2-T1,,
SK,319,CPH,2026-12-19 18:25:00,SK2513,J,SK,319,CPH,2026-12-19 19:10:00,SK2514,J,T1008,150,0.85,INT,INT,C,1.0,16A-T1,,
EK,359,DXB,2026-12-19 18:55:00,EK23,J,EK,359,DXB,2026-12-19 20:50:00,EK24,J,T1010,312,0.77,INT,INT,E,1.0,18-T1,,
U2,32Q,LGW,2026-12-19 19:25:00,U2815,J,U2,32Q,LGW,2026-12-19 20:05:00,U2816,J,T1012,235,0.83,DOM,DOM,C,1.0,24-T1,,
FR,73H,ALC,2026-12-19 19:30:00,FR5581,J,FR,73H,ALC,2026-12-19 19:55:00,FR5580,J,T1013,189,0.87,INT,INT,C,1.0,15B-T1,,
KL,E7W,AMS,2026-12-19 20:00:00,KL929,J,KL,E7W,AMS,2026-12-19 20:30:00,KL930,J,T1015,88,0.8,INT,INT,C,1.0,10-T1,,
U2,319,LTN,2026-12-19 20:05:00,U2605,J,U2,319,LTN,2026-12-19 20:40:00,U2606,J,T1017,156,0.83,DOM,DOM,C,1.0,4-T1,,
RK,73H,STN,2026-12-19 20:10:00,RK8605,J,RK,73H,STN,2026-12-19 20:35:00,RK9816,J,T1018,189,0.87,DOM,DOM,C,1.0,6-T1,,
BA,32Q,LHR,2026-12-19 20:15:00,BA1460,J,BA,32Q,LHR,2026-12-20 06:20:00,BA1461,J,T1019,220,0.79,DOM,DOM,C,0.5,23-T1,,
EA,AT7,DUB,2026-12-19 20:15:00,EA3258,J,EA,AT7,DUB,2026-12-19 20:45:00,EA3259,J,T1020,72,0.85,IRISH,IRISH,C,1.0,1-T1,,
FR,73H,BUD,2026-12-19 20:25:00,FR1018,J,FR,73H,DUB,2026-12-19 20:55:00,FR809,J,T1022,189,0.87,INT,IRISH,C,1.0,15B-T1,,
FR,7M8,KRK,2026-12-19 20:30:00,FR6625,J,FR,7M8,KRK,2026-12-19 20:55:00,FR6624,J,T1024,197,0.87,INT,INT,C,1.0,22-T1,,
LS,73H,LPA,2026-12-19 20:45:00,LS748,J,LS,73H,TRN,2026-12-20 06:30:00,LS719,J,T1025,189,0.82,INT,INT,C,0.8,15A-T1,,
RK,73H,BFS,2026-12-19 20:45:00,RK5968,J,RK,73H,BFS,2026-12-19 21:10:00,RK5969,J,T1026,189,0.87,NIRISH,NIRISH,C,1.0,3-T1,,
U2,32A,BHX,2026-12-19 21:00:00,U2340,J,U2,32A,BRS,2026-12-19 21:30:00,U2216,J,T1027,186,0.83,DOM,DOM,C,1.0,2-T1,,
U2,32A,STN,2026-12-19 21:00:00,U2233,J,U2,32A,RVN,2026-12-20 05:45:00,U23311,J,T1028,186,0.83,DOM,INT,C,1.0,6-T1,,
FR,7M8,PRG,2026-12-19 21:25:00,FR1053,J,FR,7M8,ORK,2026-12-19 21:50:00,FR3740,J,T1031,197,0.87,INT,IRISH,C,1.0,17-T1,,
FR,7M8,BGY,2026-12-19 21:40:00,FR3645,J,FR,7M8,DUB,2026-12-19 22:25:00,FR841,J,T1033,197,0.87,INT,IRISH,C,1.0,14-T1,,
FR,7M8,MAD,2026-12-19 21:55:00,FR188,J,FR,7M8,OPO,2026-12-20 05:55:00,FR5679,J,T1035,197,0.87,INT,INT,C,1.0,20-T1,,
FR,7M8,DUB,2026-12-19 22:00:00,FR840,J,FR,7M8,ORK,2026-12-20 05:55:00,FR3732,J,T1036,197,0.87,IRISH,IRISH,C,1.0,1A-T1,,
U2,32A,GVA,2026-12-19 22:05:00,U23296,J,U2,32A,KRK,2026-12-20 06:55:00,U23313,J,T1037,186,0.83,INT,INT,C,1.0,15B-T1,,
U2,32Q,TFS,2026-12-19 22:25:00,U23232,J,U2,32A,FUE,2026-12-20 07:00:00,U23207,J,T1040,235,0.83,INT,INT,C,1.0,4-T1,,
FR,7M8,MLA,2026-12-19 22:40:00,FR1106,J,FR,7M8,DUB,2026-12-20 06:00:00,FR815,J,T1041,197,0.87,INT,IRISH,C,1.0,22-T1,,
U2,32A,KRK,2026-12-19 22:50:00,U23314,J,U2,32N,INN,2026-12-20 07:05:00,U23307,J,T1042,186,0.83,INT,INT,C,1.0,11-T1,,
FR,7M8,SVQ,2026-12-19 22:50:00,FR6761,J,FR,7M8,GDN,2026-12-20 06:05:00,FR6124,J,T1043,197,0.87,INT,INT,C,1.0,14-T1,,
FR,7M8,BCN,2026-12-19 23:10:00,FR6267,J,FR,7M8,VIE,2026-12-20 06:15:00,FR1625,J,T1045,197,0.87,INT,INT,C,1.0,19-T1,,
FR,73H,DUB,2026-12-19 23:30:00,FR808,J,FR,73H,SDR,2026-12-20 06:15:00,FR5631,J,T1048,189,0.87,IRISH,INT,C,1.0,1B-T1,,
RK,73H,STN,2026-12-19 23:45:00,RK9817,J,RK,73H,TIA,2026-12-20 06:05:00,RK8294,J,T1049,189,0.87,DOM,INT,C,1.0,24-T1,,
FR,73H,FUE,2026-12-19 23:55:00,FR5684,J,FR,73H,POZ,2026-12-20 06:25:00,FR6618,J,T1050,189,0.87,INT,INT,C,1.0,3-T1,,
U2,32Q,PFO,2026-12-19 23:55:00,U23318,J,U2,32A,STN,2026-12-20 07:40:00,U2309,J,T1051,235,0.83,INT,DOM,C,1.0,2-T1,,
U2,32A,LPA,2026-12-20 00:20:00,U23214,J,U2,32Q,KEF,2026-12-20 07:45:00,U23315,J,T1052,186,0.83,INT,INT,C,1.0,17-T1,,
FR,7M8,LPA,2026-12-20 00:45:00,FR6697,J,FR,7M8,KUN,2026-12-20 07:35:00,FR2886,J,T1053,197,0.87,INT,INT,C,1.0,10-T1,,
FR,7M8,ORK,2026-12-20 00:55:00,FR320,J,FR,7M8,WMI,2026-12-20 08:10:00,FR4524,J,T1054,197,0.87,IRISH,INT,C,1.0,1-T1,,
LS,73C,SNN,2026-12-20 01:45:00,LS6324,C,LS,73C,LBA,2026-12-20 14:45:00,LS66C,P,T1056,148,0.82,IRISH,DOM,C,0.8,406-T1,,
QR,789,DOH,2026-12-20 06:00:00,QR31,J,QR,789,DOH,2026-12-20 07:30:00,QR32,J,T1057,311,0.88,INT,INT,E,1.0,16-T1,,
RK,73H,BFS,2026-12-20 07:10:00,RK178,J,RK,73H,BFS,2026-12-20 07:35:00,RK179,J,T1058,189,0.87,NIRISH,NIRISH,C,1.0,1B-T1,,
U2,32N,BRS,2026-12-20 07:30:00,U2211,J,U2,32N,BRS,2026-12-20 08:10:00,U2212,J,T1059,186,0.83,DOM,DOM,C,1.0,23-T1,,
FR,73H,BGY,2026-12-20 07:40:00,FR3645,J,FR,73H,BGY,2026-12-20 08:10:00,FR3646,J,T1060,189,0.87,INT,INT,C,1.0,19-T1,,
FR,7M8,WMI,2026-12-20 07:45:00,FR4525,J,FR,7M8,BCN,2026-12-20 08:15:00,FR6266,J,T1061,197,0.87,INT,INT,C,1.0,14-T1,,
FR,73H,MAD,2026-12-20 07:50:00,FR188,J,FR,73H,MAD,2026-12-20 08:25:00,FR189,J,T1062,189,0.87,INT,INT,C,1.0,16A-T1,,
EA,AT7,BHD,2026-12-20 07:55:00,EA3650,J,EA,AT7,DUB,2026-12-20 08:30:00,EA3251,J,T1063,72,0.85,NIRISH,IRISH,C,1.0,6-T1,,
EA,AT7,DUB,2026-12-20 07:55:00,EA3250,J,EA,AT7,BHD,2026-12-20 08:25:00,EA3651,J,T1064,72,0.85,IRISH,NIRISH,C,1.0,1A-T1,,
UA,75W,EWR,2026-12-20 07:55:00,UA36,J,UA,75W,EWR,2026-12-20 09:25:00,UA37,J,T1065,176,0.95,INT,INT,D,1.0,21-T1,,
U2,32A,BFS,2026-12-20 08:10:00,U255,J,U2,32A,BFS,2026-12-20 08:40:00,U256,J,T1066,186,0.83,NIRISH,NIRISH,C,1.0,17-T1,,
FR,73H,BUD,2026-12-20 08:10:00,FR1078,J,FR,73H,BUD,2026-12-20 08:35:00,FR1077,J,T1067,189,0.87,INT,INT,C,1.0,15B-T1,,
EC,32A,BOD,2026-12-20 08:20:00,EC1839,J,EC,32A,LIN,2026-12-20 15:00:00,EC5422,J,T1068,186,0.83,INT,INT,C,1.0,11-T1,,
BA,32N,LHR,2026-12-20 08:25:00,BA1438,J,BA,32N,LHR,2026-12-20 09:15:00,BA1439,J,T1069,180,0.79,DOM,DOM,C,0.5,2-T1,,
EA,AT7,DUB,2026-12-20 08:30:00,EA3552,J,EA,AT7,DUB,2026-12-20 09:15:00,EA3553,J,T1070,72,0.85,IRISH,IRISH,C,1.0,16B-T1,,
FR,7M8,DUB,2026-12-20 08:35:00,FR814,J,FR,7M8,RZE,2026-12-20 09:00:00,FR4535,J,T1071,197,0.87,IRISH,INT,C,1.0,1B-T1,,
KL,73W,AMS,2026-12-20 08:40:00,KL923,J,KL,73W,AMS,2026-12-20 09:30:00,KL924,J,T1072,142,0.8,INT,INT,C,1.0,10-T1,,
EA,AT7,DUB,2026-12-20 08:55:00,EA3550,J,EA,AT7,DUB,2026-12-20 09:30:00,EA3551,J,T1073,72,0.85,IRISH,IRISH,C,1.0,1-T1,,
FR,7M8,ORK,2026-12-20 09:00:00,FR3731,J,FR,7M8,CPH,2026-12-20 09:25:00,FR2674,J,T1074,197,0.87,IRISH,INT,C,1.0,1A-T1,,
EC,319,BCN,2026-12-20 09:00:00,EC7199,J,EC,319,BCN,2026-12-20 09:35:00,EC7200,J,T1075,156,0.83,INT,INT,C,1.0,14-T1,,
RK,73H,STN,2026-12-20 09:00:00,RK596,J,RK,73H,STN,2026-12-20 09:25:00,RK597,J,T1076,189,0.87,DOM,DOM,C,1.0,23-T1,,
AA,32Q,PHL,2026-12-20 09:05:00,AA278,J,AA,32Q,PHL,2026-12-20 11:05:00,AA279,J,T1077,155,0.92,INT,INT,C,1.0,16A-T1,,
FR,7M8,MLA,2026-12-20 09:05:00,FR6696,J,FR,7M8,MLA,2026-12-20 09:30:00,FR6695,J,T1078,197,0.87,INT,INT,C,1.0,15B-T1,,
U2,32A,LTN,2026-12-20 09:10:00,U2302,J,U2,32A,LTN,2026-12-20 10:00:00,U2303,J,T1079,186,0.83,DOM,DOM,C,1.0,6-T1,,
BA,32Q,LHR,2026-12-20 09:10:00,BA1440,J,BA,32Q,LHR,2026-12-20 10:00:00,BA1441,J,T1080,220,0.79,DOM,DOM,C,0.5,15A-T1,,
U2,32Q,LGW,2026-12-20 09:35:00,U2807,J,U2,32Q,LGW,2026-12-20 10:25:00,U2808,J,T1081,235,0.83,DOM,DOM,C,1.0,2-T1,,
DL,764,JFK,2026-12-20 09:40:00,DL208,J,DL,764,JFK,2026-12-20 11:35:00,DL209,J,T1082,238,0.89,INT,INT,D,1.0,18-T1,,
TK,32Q,IST,2026-12-20 09:40:00,TK1343,J,TK,32Q,IST,2026-12-20 10:40:00,TK1344,J,T1083,190,0.86,INT,INT,C,1.0,16B-T1,,
BA,32Q,LHR,2026-12-20 10:05:00,BA1442,J,BA,32Q,LHR,2026-12-20 10:55:00,BA1443,J,T1084,220,0.79,DOM,DOM,C,0.5,10-T1,,
FI,7M8,KEF,2026-12-20 10:20:00,FI434,J,FI,7M8,KEF,2026-12-20 11:20:00,FI435,J,T1085,160,0.85,INT,INT,C,1.0,14-T1,,
AF,223,CDG,2026-12-20 10:30:00,AF1686,J,AF,223,CDG,2026-12-20 11:30:00,AF1687,J,T1086,148,0.85,INT,INT,C,1.0,20-T1,,
RK,73H,STN,2026-12-20 10:40:00,RK1273,J,RK,73H,STN,2026-12-20 11:05:00,RK8604,J,T1087,189,0.87,DOM,DOM,C,1.0,23-T1,,
PC,32Q,SAW,2026-12-20 10:50:00,PC1187,J,PC,32Q,SAW,2026-12-20 11:55:00,PC1188,J,T1088,239,0.87,INT,INT,C,1.0,15A-T1,,
LM,AT7,IOM,2026-12-20 10:50:00,LM314,J,LM,AT7,IOM,2026-12-20 11:20:00,LM313,J,T1089,72,0.49,INT,INT,C,1.0,1-T1,,
U2,32A,STN,2026-12-20 10:55:00,U2310,J,U2,32A,BHX,2026-12-20 12:00:00,U2341,J,T1090,186,0.83,DOM,DOM,C,1.0,24-T1,,
A3,32N,ATH,2026-12-20 11:05:00,A3632,J,A3,32N,ATH,2026-12-20 11:55:00,A3633,J,T1091,180,0.81,INT,INT,C,1.0,16B-T1,,
D8,7M8,ARN,2026-12-20 11:05:00,D84463,J,D8,7M8,ARN,2026-12-20 11:45:00,D84464,J,T1092,189,0.84,INT,INT,C,1.0,1B-T1,,
DY,73H,OSL,2026-12-20 11:15:00,DY1640,J,DY,73H,OSL,2026-12-20 11:55:00,DY1641,J,T1093,186,0.84,INT,INT,C,1.0,22-T1,,
U2,32A,CDG,2026-12-20 11:20:00,U23242,J,U2,32A,GVA,2026-12-20 12:00:00,U23295,J,T1094,186,0.83,INT,INT,C,1.0,1A-T1,,
FR,73H,SDR,2026-12-20 11:25:00,FR5632,J,FR,73H,CRL,2026-12-20 11:50:00,FR7322,J,T1095,189,0.87,INT,INT,C,1.0,15B-T1,,
FR,7M8,GDN,2026-12-20 11:25:00,FR6123,J,FR,7M8,DUB,2026-12-20 12:25:00,FR817,J,T1096,197,0.87,INT,IRISH,C,1.0,16A-T1,,
SN,319,BRU,2026-12-20 11:30:00,SN2063,J,SN,319,BRU,2026-12-20 12:20:00,SN2064,J,T1097,141,0.8,INT,INT,C,1.0,3-T1,,
EA,AT7,DUB,2026-12-20 11:40:00,EA3252,J,EA,AT7,BHD,2026-12-20 12:20:00,EA3653,J,T1098,72,0.85,IRISH,NIRISH,C,1.0,1-T1,,
FR,73H,POZ,2026-12-20 11:40:00,FR6619,J,FR,73H,PRG,2026-12-20 13:15:00,FR1054,J,T1099,189,0.87,INT,INT,C,1.0,14-T1,,
BA,32Q,LHR,2026-12-20 11:40:00,BA1446,J,BA,32Q,LHR,2026-12-20 12:40:00,BA1447,J,T1100,220,0.79,DOM,DOM,C,0.5,10-T1,,
EC,319,AMS,2026-12-20 11:50:00,EC7837,J,EC,319,AMS,2026-12-20 12:20:00,EC7838,J,T1101,156,0.83,INT,INT,C,1.0,2-T1,,
EA,AT7,BHD,2026-12-20 11:50:00,EA3652,J,EA,AT7,DUB,2026-12-20 12:20:00,EA3253,J,T1102,72,0.85,NIRISH,IRISH,C,1.0,23-T1,,
FR,7M8,OPO,2026-12-20 11:55:00,FR5680,J,FR,7M8,BUD,2026-12-20 12:30:00,FR1017,J,T1103,197,0.87,INT,INT,C,1.0,17-T1,,
LH,32N,FRA,2026-12-20 11:55:00,LH960,J,LH,32N,FRA,2026-12-20 12:40:00,LH961,J,T1104,172,0.8,INT,INT,C,1.0,20-T1,,
FR,7M8,VIE,2026-12-20 12:05:00,FR1624,J,FR,7M8,BVA,2026-12-20 13:45:00,FR5591,J,T1105,197,0.87,INT,INT,C,1.0,1B-T1,,
U2,32N,GVA,2026-12-20 12:05:00,U23292,J,U2,32N,ATH,2026-12-20 13:00:00,U23237,J,T1106,186,0.83,INT,INT,C,1.0,19-T1,,
U2,32A,KRK,2026-12-20 12:15:00,U23314,J,U2,32N,BFS,2026-12-20 13:10:00,U2331,J,T1107,186,0.83,INT,NIRISH,C,1.0,22-T1,,
KL,32Q,AMS,2026-12-20 12:30:00,KL927,J,KL,32Q,AMS,2026-12-20 13:25:00,KL928,J,T1108,227,0.8,INT,INT,C,1.0,4-T1,,
U2,32N,INN,2026-12-20 12:30:00,U23308,J,U2,32A,MUC,2026-12-20 13:40:00,U23263,J,T1109,186,0.83,INT,INT,C,1.0,1A-T1,,
QR,789,DOH,2026-12-20 12:35:00,QR29,J,QR,789,DOH,2026-12-20 14:05:00,QR30,J,T1110,311,0.88,INT,INT,E,1.0,15-T1,,
EA,AT7,DUB,2026-12-20 12:40:00,EA3254,J,EA,AT7,DUB,2026-12-20 13:10:00,EA3255,J,T1111,72,0.85,IRISH,IRISH,C,1.0,1-T1,,
LS,73H,TRN,2026-12-20 12:40:00,LS720,J,LS,73H,FAO,2026-12-20 14:35:00,LS769,J,T1112,189,0.82,INT,INT,C,0.8,2-T1,,
U2,32A,RVN,2026-12-20 12:45:00,U23312,J,U2,32A,PRG,2026-12-20 13:50:00,U23325,J,T1113,186,0.83,INT,INT,C,1.0,16A-T1,,
U2,32A,LTN,2026-12-20 12:55:00,U2304,J,U2,32Q,CDG,2026-12-20 14:20:00,U23245,J,T1114,186,0.83,DOM,INT,C,1.0,24-T1,,
BA,320,LHR,2026-12-20 13:05:00,BA1450,J,BA,320,LHR,2026-12-20 14:35:00,BA1451,J,T1115,180,0.79,DOM,DOM,C,0.5,3-T1,,
FR,73H,NRN,2026-12-20 13:10:00,FR5688,J,FR,73H,NRN,2026-12-20 13:35:00,FR5687,J,T1116,189,0.87,INT,INT,C,1.0,17-T1,,
FR,7M8,DUB,2026-12-20 13:30:00,FR812,J,FR,7M8,DUB,2026-12-20 13:55:00,FR813,J,T1117,197,0.87,IRISH,IRISH,C,1.0,1-T1,,
U2,32Q,KEF,2026-12-20 13:30:00,U23316,J,U2,32A,BFS,2026-12-20 14:35:00,U254,J,T1118,235,0.83,INT,NIRISH,C,1.0,22-T1,,
LS,73H,ALC,2026-12-20 13:35:00,LS776,J,LS,73H,TLL,2026-12-20 14:35:00,LS755,J,T1119,189,0.82,INT,INT,C,0.8,10-T1,,
RK,73H,TIA,2026-12-20 13:35:00,RK8295,J,RK,73H,STN,2026-12-20 15:05:00,RK9816,J,T1120,189,0.87,INT,DOM,C,1.0,19-T1,,
FR,7M8,KUN,2026-12-20 13:40:00,FR2885,J,FR,7M8,TFS,2026-12-20 14:30:00,FR2969,J,T1121,197,0.87,INT,INT,C,1.0,14-T1,,
FR,7M8,CPH,2026-12-20 13:40:00,FR2675,J,FR,7M8,ACE,2026-12-20 15:05:00,FR5593,J,T1122,197,0.87,INT,INT,C,1.0,20-T1,,
LS,32Q,PRG,2026-12-20 13:45:00,LS3924,J,LS,32Q,VIE,2026-12-20 14:50:00,LS701,J,T1123,232,0.82,INT,INT,C,0.8,4-T1,,
U2,32A,BFS,2026-12-20 14:05:00,U253,J,U2,32A,STN,2026-12-20 14:40:00,U2313,J,T1124,186,0.83,NIRISH,DOM,C,1.0,1B-T1,,
RK,73H,STN,2026-12-20 14:15:00,RK8605,J,RK,73H,BOH,2026-12-20 15:25:00,RK1133,J,T1125,189,0.87,DOM,DOM,C,1.0,1A-T1,,
FR,7M8,BCN,2026-12-20 14:25:00,FR6267,J,FR,7M8,DUB,2026-12-20 15:50:00,FR819,J,T1126,197,0.87,INT,IRISH,C,1.0,17-T1,,
FR,73H,ALC,2026-12-20 14:30:00,FR5578,J,FR,73H,ALC,2026-12-20 14:55:00,FR5579,J,T1128,189,0.87,INT,INT,C,1.0,16B-T1,,
U2,319,LGW,2026-12-20 14:30:00,U2809,J,U2,319,LGW,2026-12-20 15:05:00,U2810,J,T1129,156,0.83,DOM,DOM,C,1.0,23-T1,,
U2,32Q,LIS,2026-12-20 14:35:00,U23322,J,U2,32A,BHD,2026-12-20 15:35:00,U2343,J,T1130,235,0.83,INT,NIRISH,C,1.0,15B-T1,,
U2,32A,BHX,2026-12-20 14:50:00,U2342,J,U2,32Q,BHX,2026-12-20 15:35:00,U2339,J,T1131,186,0.83,DOM,DOM,C,1.0,6-T1,,
FR,7M8,DUB,2026-12-20 15:00:00,FR816,J,FR,7M8,OTP,2026-12-20 16:40:00,FR5614,J,T1132,197,0.87,IRISH,INT,C,1.0,1-T1,,
DS,32A,BSL,2026-12-20 15:05:00,DS1231,J,DS,32A,BSL,2026-12-20 15:40:00,DS1232,J,T1133,186,0.89,INT,INT,C,1.0,16A-T1,,
EC,32N,AMS,2026-12-20 15:20:00,EC7835,J,EC,32N,AMS,2026-12-20 15:50:00,EC7836,J,T1134,186,0.83,INT,INT,C,1.0,22-T1,,
TK,32Q,IST,2026-12-20 15:20:00,TK1345,J,TK,32Q,IST,2026-12-20 16:20:00,TK1346,J,T1135,190,0.86,INT,INT,C,1.0,10-T1,,
FR,7M8,RZE,2026-12-20 15:20:00,FR4536,J,FR,7M8,CIA,2026-12-20 16:50:00,FR5589,J,T1136,197,0.87,INT,INT,C,1.0,16B-T1,,
U2,32N,BFS,2026-12-20 15:25:00,U2332,J,U2,32N,MAD,2026-12-20 16:00:00,U23209,J,T1137,186,0.83,NIRISH,INT,C,1.0,4-T1,,
BA,32Q,LHR,2026-12-20 15:40:00,BA1452,J,BA,32Q,LHR,2026-12-20 16:30:00,BA1453,J,T1138,220,0.79,DOM,DOM,C,0.5,2-T1,,
U2,32A,LTN,2026-12-20 15:40:00,U2603,J,U2,32A,LTN,2026-12-20 16:20:00,U2604,J,T1139,186,0.83,DOM,DOM,C,1.0,1B-T1,,
FR,73H,CRL,2026-12-20 15:40:00,FR7323,J,FR,73H,BER,2026-12-20 16:30:00,FR2376,J,T1140,189,0.87,INT,INT,C,1.0,14-T1,,
EA,AT7,DUB,2026-12-20 15:45:00,EA3256,J,EA,AT7,DUB,2026-12-20 16:15:00,EA3257,J,T1141,72,0.85,IRISH,IRISH,C,1.0,1A-T1,,
U2,32A,LGW,2026-12-20 15:50:00,U2811,J,U2,32A,LGW,2026-12-20 16:30:00,U2812,J,T1142,180,0.83,DOM,DOM,C,1.0,19-T1,,
KL,32Q,AMS,2026-12-20 16:05:00,KL931,J,KL,32Q,AMS,2026-12-20 17:00:00,KL932,J,T1143,227,0.8,INT,INT,C,1.0,15A-T1,,
AF,223,CDG,2026-12-20 16:05:00,AF1486,J,AF,223,CDG,2026-12-20 17:00:00,AF1487,J,T1144,148,0.85,INT,INT,C,1.0,16A-T1,,
LM,AT7,EXT,2026-12-20 16:15:00,LM316,J,LM,AT7,LSI,2026-12-20 16:45:00,LM357,J,T1145,72,0.49,DOM,DOM,C,1.0,6-T1,,
EA,AT7,BHD,2026-12-20 16:20:00,EA3656,J,EA,AT7,BHD,2026-12-20 16:50:00,EA3657,J,T1146,72,0.85,NIRISH,NIRISH,C,1.0,5-T1,,
FR,73H,TFS,2026-12-20 16:20:00,FR2977,J,FR,73H,MXP,2026-12-20 17:10:00,FR7052,J,T1147,189,0.87,INT,INT,C,1.0,20-T1,,
FR,7M8,CIA,2026-12-20 16:25:00,FR5590,J,FR,7M8,AGP,2026-12-20 17:05:00,FR5091,J,T1148,197,0.87,INT,INT,C,1.0,22-T1,,
U2,32N,BRS,2026-12-20 16:40:00,U2213,J,U2,32N,BRS,2026-12-20 17:10:00,U2214,J,T1149,186,0.83,DOM,DOM,C,1.0,23-T1,,
LM,AT7,SOU,2026-12-20 16:45:00,LM326,J,LM,AT7,KOI,2026-12-20 17:20:00,LM397,J,T1150,72,0.49,DOM,DOM,C,1.0,24-T1,,
EA,AT7,DUB,2026-12-20 16:50:00,EA3554,J,EA,AT7,DUB,2026-12-20 17:20:00,EA3555,J,T1151,72,0.85,IRISH,IRISH,C,1.0,1B-T1,,
TO,73H,ORY,2026-12-20 17:00:00,TO7928,J,TO,73H,ORY,2026-12-20 17:45:00,TO7929,J,T1152,189,0.86,INT,INT,C,1.0,17-T1,,
U2,32A,GVA,2026-12-20 17:20:00,U23296,J,U2,32A,CPH,2026-12-20 18:05:00,U23323,J,T1153,186,0.83,INT,INT,C,1.0,15B-T1,,
U2,32A,FUE,2026-12-20 17:20:00,U23208,J,U2,32A,BER,2026-12-20 17:55:00,U23261,J,T1154,186,0.83,INT,INT,C,1.0,15A-T1,,
FR,7M8,BVA,2026-12-20 17:30:00,FR5592,J,FR,7M8,GDN,2026-12-20 17:55:00,FR6591,J,T1155,197,0.87,INT,INT,C,1.0,16B-T1,,
BA,32Q,LHR,2026-12-20 17:40:00,BA1454,J,BA,32Q,LHR,2026-12-20 18:35:00,BA1455,J,T1156,220,0.79,DOM,DOM,C,0.5,2-T1,,
U2,32A,BHD,2026-12-20 17:50:00,U2344,J,U2,32A,AMS,2026-12-20 18:35:00,U23301,J,T1157,186,0.83,NIRISH,INT,C,1.0,23-T1,,
LM,AT7,SYY,2026-12-20 17:50:00,LM344,J,LM,AT7,SOU,2026-12-20 18:30:00,LM329,J,T1158,72,0.49,DOM,DOM,C,1.0,5-T1,,
U2,32A,STN,2026-12-20 17:55:00,U2314,J,U2,32A,CDG,2026-12-20 18:40:00,U23243,J,T1159,186,0.83,DOM,INT,C,1.0,10-T1,,
CJ,E90,LCY,2026-12-20 18:15:00,CJ8716,J,CJ,E90,LCY,2026-12-20 18:55:00,CJ8709,J,T1160,106,0.74,DOM,DOM,C,0.5,3-T1,,
RK,73H,STN,2026-12-20 18:15:00,RK9817,J,RK,73H,STN,2026-12-20 18:40:00,RK9822,J,T1161,189,0.87,DOM,DOM,C,1.0,15A-T1,,
WK,320,ZRH,2026-12-20 18:25:00,WK292,J,WK,320,ZRH,2026-12-20 19:10:00,WK293,J,T1162,180,0.8,INT,INT,C,1.0,20-T1,,
SK,319,CPH,2026-12-20 18:25:00,SK2513,J,SK,319,CPH,2026-12-20 19:10:00,SK2514,J,T1163,150,0.85,INT,INT,C,1.0,16A-T1,,
FR,7M8,DUB,2026-12-20 18:25:00,FR818,J,FR,7M8,KRK,2026-12-20 18:50:00,FR6624,J,T1164,197,0.87,IRISH,INT,C,1.0,1-T1,,
FR,73H,PRG,2026-12-20 18:25:00,FR1053,J,FR,73H,CPH,2026-12-20 18:55:00,FR3760,J,T1165,189,0.87,INT,INT,C,1.0,11-T1,,
U2,32Q,BHX,2026-12-20 18:30:00,U2340,J,U2,319,LGW,2026-12-20 19:25:00,U2814,J,T1167,235,0.83,DOM,DOM,C,1.0,6-T1,,
EW,32A,DUS,2026-12-20 18:35:00,EW9364,J,EW,32A,DUS,2026-12-20 19:25:00,EW9365,J,T1168,180,0.76,INT,INT,C,1.0,22-T1,,
RK,73H,BOH,2026-12-20 18:45:00,RK1132,J,RK,73H,WRO,2026-12-20 19:10:00,RK1159,J,T1169,189,0.87,DOM,INT,C,1.0,1B-T1,,
U2,32Q,CDG,2026-12-20 18:45:00,U23246,J,U2,32Q,STN,2026-12-20 19:25:00,U2317,J,T1170,235,0.83,INT,DOM,C,1.0,16B-T1,,
FR,7M8,BUD,2026-12-20 18:50:00,FR1018,J,FR,7M8,LIS,2026-12-20 19:15:00,FR479,J,T1171,197,0.87,INT,INT,C,1.0,1A-T1,,
U2,319,LGW,2026-12-20 18:50:00,U2813,J,U2,32Q,BFS,2026-12-20 19:30:00,U2333,J,T1172,156,0.83,DOM,NIRISH,C,1.0,4-T1,,
FR,7M8,LIS,2026-12-20 18:50:00,FR478,J,FR,7M8,DUB,2026-12-20 19:15:00,FR809,J,T1173,197,0.87,INT,IRISH,C,1.0,15B-T1,,
EK,359,DXB,2026-12-20 18:55:00,EK23,J,EK,359,DXB,2026-12-20 20:50:00,EK24,J,T1174,312,0.77,INT,INT,E,1.0,18-T1,,
RK,73H,BFS,2026-12-20 19:00:00,RK5968,J,RK,73H,BFS,2026-12-20 19:20:00,RK5969,J,T1175,189,0.87,NIRISH,NIRISH,C,1.0,23-T1,,
EW,319,CGN,2026-12-20 19:05:00,EW362,J,EW,319,CGN,2026-12-20 19:45:00,EW363,J,T1176,150,0.76,INT,INT,C,1.0,14-T1,,
EW,32A,STR,2026-12-20 19:05:00,EW2480,J,EW,32A,STR,2026-12-20 19:45:00,EW2481,J,T1177,180,0.76,INT,INT,C,1.0,24-T1,,
U2,32A,MUC,2026-12-20 19:05:00,U23264,J,U2,32A,BHX,2026-12-20 19:35:00,U2337,J,T1178,186,0.83,INT,DOM,C,1.0,15A-T1,,
U2,32A,PRG,2026-12-20 19:05:00,U23326,J,U2,32A,BRS,2026-12-20 19:45:00,U2323,J,T1179,186,0.83,INT,DOM,C,1.0,10-T1,,
EA,AT7,BHD,2026-12-20 19:30:00,EA3658,J,EA,AT7,BHD,2026-12-20 20:00:00,EA3659,J,T1180,72,0.85,NIRISH,NIRISH,C,1.0,1B-T1,,
BA,32N,LHR,2026-12-20 19:35:00,BA1458,J,BA,32N,LHR,2026-12-20 20:30:00,BA1459,J,T1181,180,0.79,DOM,DOM,C,0.5,2-T1,,
VY,32N,BCN,2026-12-20 19:40:00,VY7752,J,VY,32N,BCN,2026-12-20 20:20:00,VY7753,J,T1182,186,0.81,INT,INT,C,1.0,16A-T1,,
KL,E7W,AMS,2026-12-20 20:00:00,KL929,J,KL,E7W,AMS,2026-12-20 20:30:00,KL930,J,T1183,88,0.8,INT,INT,C,1.0,20-T1,,
D8,73H,CPH,2026-12-20 20:05:00,D83502,J,D8,73H,CPH,2026-12-20 20:45:00,D83503,J,T1184,186,0.84,INT,INT,C,1.0,15B-T1,,
U2,319,LTN,2026-12-20 20:05:00,U2605,J,U2,319,LTN,2026-12-20 20:40:00,U2606,J,T1185,156,0.83,DOM,DOM,C,1.0,6-T1,,
U2,32A,LGW,2026-12-20 20:05:00,U2815,J,U2,32A,LGW,2026-12-20 20:45:00,U2816,J,T1186,180,0.83,DOM,DOM,C,1.0,24-T1,,
LM,AT7,LSI,2026-12-20 20:10:00,LM356,J,LM,AT7,SOU,2026-12-21 06:40:00,LM321,J,T1187,72,0.49,DOM,DOM,C,1.0,5-T1,,
LM,AT7,KOI,2026-12-20 20:10:00,LM398,J,LM,AT7,LSI,2026-12-21 06:50:00,LM353,J,T1188,72,0.49,DOM,DOM,C,1.0,32-T1,,
EA,AT7,DUB,2026-12-20 20:15:00,EA3258,J,EA,AT7,DUB,2026-12-20 20:45:00,EA3259,J,T1189,72,0.85,IRISH,IRISH,C,1.0,1A-T1,,
U2,32N,SEN,2026-12-20 20:30:00,U2983,J,U2,32N,SEN,2026-12-20 21:00:00,U2984,J,T1193,186,0.83,DOM,DOM,C,1.0,23-T1,,
BA,32N,LHR,2026-12-20 20:40:00,BA1460,J,BA,32N,LHR,2026-12-21 05:50:00,BA1461,J,T1194,180,0.79,DOM,DOM,C,0.5,16A-T1,,
U2,32N,BRS,2026-12-20 20:50:00,U2215,J,U2,32N,BRS,2026-12-20 21:20:00,U2216,J,T1195,186,0.83,DOM,DOM,C,1.0,20-T1,,
FR,73H,BGY,2026-12-20 21:15:00,FR3657,J,FR,73H,BGY,2026-12-20 21:40:00,FR3658,J,T1196,189,0.87,INT,INT,C,1.0,11-T1,,
FR,73H,BER,2026-12-20 21:15:00,FR2377,J,FR,73H,DUB,2026-12-20 21:40:00,FR823,J,T1197,189,0.87,INT,IRISH,C,1.0,22-T1,,
LS,73H,TLL,2026-12-20 21:25:00,LS756,J,LS,73H,AYT,2026-12-21 09:40:00,LS709,J,T1199,189,0.82,INT,INT,C,0.8,405-T1,,
FR,7M8,DUB,2026-12-20 21:50:00,FR808,J,FR,7M8,SNN,2026-12-20 23:10:00,FR1677,J,T1202,197,0.87,IRISH,IRISH,C,1.0,1A-T1,,
U2,32Q,BFS,2026-12-20 21:55:00,U2334,J,U2,32A,STN,2026-12-21 06:10:00,U2309,J,T1203,235,0.83,NIRISH,DOM,C,1.0,24-T1,,
AF,223,CDG,2026-12-20 22:15:00,AF1886,J,AF,223,CDG,2026-12-21 05:50:00,AF1887,J,T1204,148,0.85,INT,INT,C,1.0,16B-T1,,
U2,32A,AMS,2026-12-20 22:15:00,U23302,J,U2,32A,GVA,2026-12-21 06:20:00,U23291,J,T1205,186,0.83,INT,INT,C,1.0,2-T1,,
U2,32N,ATH,2026-12-20 22:15:00,U23238,J,U2,32Q,CDG,2026-12-21 06:25:00,U23245,J,T1206,186,0.83,INT,INT,C,1.0,1-T1,,
U2,32A,BHX,2026-12-20 22:20:00,U2338,J,U2,32A,BHX,2026-12-21 06:40:00,U2337,J,T1207,186,0.83,DOM,DOM,C,1.0,23-T1,,
U2,32A,CPH,2026-12-20 22:25:00,U23324,J,U2,32A,BFS,2026-12-21 06:45:00,U2327,J,T1208,186,0.83,INT,NIRISH,C,1.0,11-T1,,
LM,AT7,SOU,2026-12-20 22:30:00,LM328,J,LM,AT7,KOI,2026-12-21 07:00:00,LM391,J,T1210,72,0.49,DOM,DOM,C,1.0,102-T1,,
U2,32Q,STN,2026-12-20 22:40:00,U2318,J,U2,32A,TOS,2026-12-21 06:45:00,U23215,J,T1211,235,0.83,DOM,INT,C,1.0,1B-T1,,
FR,73H,MXP,2026-12-20 22:40:00,FR7053,J,FR,73H,ORK,2026-12-20 23:25:00,FR3740,J,T1212,189,0.87,INT,IRISH,C,1.0,17-T1,,
U2,32A,BRS,2026-12-20 22:45:00,U2324,J,U2,32A,LGW,2026-12-21 07:00:00,U2860,J,T1213,186,0.83,DOM,DOM,C,1.0,6-T1,,
FR,7M8,SNN,2026-12-20 22:45:00,FR1676,J,FR,7M8,TFS,2026-12-21 06:05:00,FR2969,J,T1215,197,0.87,IRISH,INT,C,1.0,30-T1,,
U2,32N,MAD,2026-12-20 22:50:00,U23210,J,U2,32A,LTN,2026-12-21 07:00:00,U2301,J,T1216,186,0.83,INT,DOM,C,1.0,14-T1,,
U2,32A,CDG,2026-12-20 22:55:00,U23244,J,U2,32Q,PRG,2026-12-21 07:20:00,U23325,J,T1217,186,0.83,INT,INT,C,1.0,403-T1,,
FR,73H,ORK,2026-12-20 23:00:00,FR3739,J,FR,73H,BER,2026-12-21 07:05:00,FR2376,J,T1218,189,0.87,IRISH,INT,C,1.0,404-T1,,
KL,32Q,AMS,2026-12-20 23:10:00,KL933,J,KL,32Q,AMS,2026-12-21 05:40:00,KL922,J,T1221,227,0.8,INT,INT,C,1.0,4-T1,,
FR,7M8,GDN,2026-12-20 23:15:00,FR6590,J,FR,7M8,SOF,2026-12-21 06:05:00,FR5160,J,T1222,197,0.87,INT,INT,C,1.0,3-T1,,
FR,73H,DUB,2026-12-21 00:15:00,FR822,J,FR,73H,CRL,2026-12-21 07:35:00,FR7322,J,T1224,189,0.87,IRISH,INT,C,1.0,1A-T1,,
FR,7M8,OTP,2026-12-21 00:20:00,FR5615,J,FR,7M8,OPO,2026-12-21 06:10:00,FR5679,J,T1225,197,0.87,INT,INT,C,1.0,10-T1,,
FR,7M8,AGP,2026-12-21 00:25:00,FR5664,J,FR,7M8,BCN,2026-12-21 06:25:00,FR6266,J,T1226,197,0.87,INT,INT,C,1.0,15A-T1,,
FR,7M8,TFS,2026-12-21 00:40:00,FR2970,J,FR,7M8,VIE,2026-12-21 06:30:00,FR1625,J,T1228,197,0.87,INT,INT,C,1.0,17-T1,,
FR,7M8,ACE,2026-12-21 00:50:00,FR5594,J,FR,7M8,BGY,2026-12-21 06:40:00,FR3667,J,T1229,197,0.87,INT,INT,C,1.0,19-T1,,
FR,7M8,KRK,2026-12-21 00:55:00,FR359,J,FR,7M8,SVQ,2026-12-21 07:20:00,FR6760,J,T1230,197,0.87,INT,INT,C,1.0,15B-T1,,
MUK,76X,EMA,2026-12-21 05:30:00,MUK6566,F,MUK,76X,EMA,2026-12-21 20:10:00,MUK6565,F,T1231,0,0.0,DOM,DOM,D,1.0,211-FRT,,
QR,789,DOH,2026-12-21 06:00:00,QR31,J,QR,789,DOH,2026-12-21 07:30:00,QR32,J,T1232,311,0.88,INT,INT,E,1.0,21-T1,,
D0,75C,LEJ,2026-12-21 06:05:00,D02134,F,D0,75C,LEJ,2026-12-21 20:10:00,D02135,F,T1233,0,0.0,INT,INT,D,1.0,210-FRT,,
HU,333,PEK,2026-12-21 06:35:00,HU407,J,HU,333,PEK,2026-12-21 10:50:00,HU408,J,T1234,292,0.8,INT,INT,E,1.0,16-T1,,
FR,7M8,DUB,2026-12-21 07:10:00,FR818,J,FR,7M8,DUB,2026-12-21 07:35:00,FR819,J,T1235,197,0.87,IRISH,IRISH,C,1.0,1-T1,,
FR,73H,CRL,2026-12-21 07:10:00,FR7323,J,FR,73H,VCE,2026-12-21 07:40:00,FR1652,J,T1236,189,0.87,INT,INT,C,1.0,19-T1,,
EC,32N,AMS,2026-12-21 07:40:00,EC7835,J,EC,32N,AMS,2026-12-21 08:30:00,EC7836,J,T1237,186,0.83,INT,INT,C,1.0,17-T1,,
FR,73H,KUN,2026-12-21 07:50:00,FR2885,J,FR,73H,KUN,2026-12-21 08:15:00,FR2886,J,T1238,189,0.87,INT,INT,C,1.0,22-T1,,
EA,AT7,BHD,2026-12-21 07:55:00,EA3650,J,EA,AT7,BHD,2026-12-21 08:25:00,EA3651,J,T1239,72,0.85,NIRISH,NIRISH,C,1.0,5-T1,,
UA,75W,EWR,2026-12-21 07:55:00,UA36,J,UA,75W,EWR,2026-12-21 09:25:00,UA37,J,T1240,176,0.95,INT,INT,D,1.0,10-T1,,
EA,AT7,DUB,2026-12-21 07:55:00,EA3250,J,EA,AT7,DUB,2026-12-21 08:30:00,EA3251,J,T1241,72,0.85,IRISH,IRISH,C,1.0,1B-T1,,
EC,32A,LIN,2026-12-13 14:25:00,EC5421,J,EC,32A,LIN,2026-12-13 15:35:00,EC5422,J,T37,186,0.83,INT,INT,C,1.0,16B-T1,1.0,406-T1
EC,32A,LIN,2026-12-13 15:55:00,EC5421,J,EC,32A,LIN,2026-12-14 14:15:00,EC5422,J,T37,186,0.83,INT,INT,C,1.0,406-T1,3.0,16B-T1
LS,32Q,ACE,2026-12-13 18:30:00,LS706,J,LS,32Q,TFS,2026-12-14 06:25:00,LS727,J,T75,232,0.82,INT,INT,C,0.8,29-T1,1.0,2-T1
LS,32Q,ACE,2026-12-14 06:45:00,LS706,J,LS,32Q,TFS,2026-12-14 07:55:00,LS727,J,T75,232,0.82,INT,INT,C,0.8,2-T1,3.0,29-T1
LS,32Q,TFS,2026-12-13 20:15:00,LS740,J,LS,32Q,LPA,2026-12-13 21:25:00,LS747,J,T98,232,0.82,INT,INT,C,0.8,15A-T1,1.0,308-T1
LS,32Q,TFS,2026-12-13 21:45:00,LS740,J,LS,32Q,LPA,2026-12-14 07:15:00,LS747,J,T98,232,0.82,INT,INT,C,0.8,308-T1,2.0,
LS,32Q,TFS,2026-12-14 07:35:00,LS740,J,LS,32Q,LPA,2026-12-14 08:45:00,LS747,J,T98,232,0.82,INT,INT,C,0.8,4-T1,3.0,308-T1
CJ,E90,LCY,2026-12-13 20:25:00,CJ8710,J,CJ,E90,LCY,2026-12-13 21:35:00,CJ8701,J,T100,106,0.74,DOM,DOM,C,0.5,1-T1,1.0,403-T1
CJ,E90,LCY,2026-12-13 21:55:00,CJ8710,J,CJ,E90,LCY,2026-12-14 06:25:00,CJ8701,J,T100,106,0.74,DOM,DOM,C,0.5,403-T1,3.0,1-T1
LS,73H,FUE,2026-12-13 20:30:00,LS738,J,LS,73H,SXB,2026-12-14 13:05:00,LS3925,J,T101,189,0.82,INT,INT,C,0.8,31-T1,1.0,3-T1
LS,73H,FUE,2026-12-14 13:25:00,LS738,J,LS,73H,SXB,2026-12-14 14:35:00,LS3925,J,T101,189,0.82,INT,INT,C,0.8,3-T1,3.0,31-T1
LS,32Q,VIE,2026-12-13 21:15:00,LS702,J,LS,32Q,FNC,2026-12-13 22:25:00,LS735,J,T105,232,0.82,INT,INT,C,0.8,16B-T1,1.0,309-T1
LS,32Q,VIE,2026-12-13 22:45:00,LS702,J,LS,32Q,FNC,2026-12-14 07:55:00,LS735,J,T105,232,0.82,INT,INT,C,0.8,309-T1,2.0,
LS,32Q,VIE,2026-12-14 08:15:00,LS702,J,LS,32Q,FNC,2026-12-14 09:25:00,LS735,J,T105,232,0.82,INT,INT,C,0.8,2-T1,3.0,309-T1
RK,73H,STN,2026-12-13 21:50:00,RK9823,J,RK,73H,STN,2026-12-13 23:00:00,RK1274,J,T111,189,0.87,DOM,DOM,C,1.0,10-T1,1.0,211-FRT
RK,73H,STN,2026-12-13 23:20:00,RK9823,J,RK,73H,STN,2026-12-14 05:40:00,RK1274,J,T111,189,0.87,DOM,DOM,C,1.0,211-FRT,2.0,
RK,73H,STN,2026-12-14 06:00:00,RK9823,J,RK,73H,STN,2026-12-14 07:10:00,RK1274,J,T111,189,0.87,DOM,DOM,C,1.0,3-T1,3.0,211-FRT
BA,32Q,LHR,2026-12-13 21:50:00,BA1462,J,BA,32Q,LHR,2026-12-14 04:35:00,BA1463,J,T112,220,0.79,DOM,DOM,C,0.5,15A-T1,1.0,28-T1
BA,32Q,LHR,2026-12-14 04:55:00,BA1462,J,BA,32Q,LHR,2026-12-14 06:05:00,BA1463,J,T112,220,0.79,DOM,DOM,C,0.5,28-T1,3.0,15A-T1
U2,32A,CPH,2026-12-13 22:25:00,U23324,J,U2,32A,TOS,2026-12-13 23:35:00,U23215,J,T118,186,0.83,INT,INT,C,1.0,11-T1,1.0,404-T1
U2,32A,CPH,2026-12-13 23:55:00,U23324,J,U2,32A,TOS,2026-12-14 06:45:00,U23215,J,T118,186,0.83,INT,INT,C,1.0,404-T1,3.0,11-T1
BA,32Q,LHR,2026-12-13 22:45:00,BA1464,J,BA,32Q,LHR,2026-12-13 23:55:00,BA1465,J,T122,220,0.79,DOM,DOM,C,0.5,16B-T1,1.0,314-T1
BA,32Q,LHR,2026-12-14 00:15:00,BA1464,J,BA,32Q,LHR,2026-12-14 06:25:00,BA1465,J,T122,220,0.79,DOM,DOM,C,0.5,314-T1,2.0,
BA,32Q,LHR,2026-12-14 06:45:00,BA1464,J,BA,32Q,LHR,2026-12-14 07:55:00,BA1465,J,T122,220,0.79,DOM,DOM,C,0.5,16B-T1,3.0,314-T1
U2,32A,BER,2026-12-13 23:00:00,U23262,J,U2,32N,LGW,2026-12-14 00:10:00,U2803,J,T127,186,0.83,INT,DOM,C,1.0,19-T1,1.0,311-T1
U2,32A,BER,2026-12-14 00:30:00,U23262,J,U2,32N,LGW,2026-12-14 06:45:00,U2803,J,T127,186,0.83,INT,DOM,C,1.0,311-T1,2.0,
U2,32A,BER,2026-12-14 07:05:00,U23262,J,U2,32N,LGW,2026-12-14 08:15:00,U2803,J,T127,186,0.83,INT,DOM,C,1.0,23-T1,3.0,311-T1
FR,73H,CPH,2026-12-13 23:10:00,FR3759,J,FR,73H,CRL,2026-12-14 00:20:00,FR7322,J,T129,189,0.87,INT,INT,C,1.0,15B-T1,1.0,1B-T1
FR,73H,CPH,2026-12-14 00:40:00,FR3759,J,FR,73H,CRL,2026-12-14 07:35:00,FR7322,J,T129,189,0.87,INT,INT,C,1.0,1B-T1,3.0,15B-T1
LH,32N,FRA,2026-12-13 23:20:00,LH964,J,LH,32N,FRA,2026-12-14 00:30:00,LH965,J,T131,172,0.8,INT,INT,C,1.0,10-T1,1.0,103-T1
LH,32N,FRA,2026-12-14 00:50:00,LH964,J,LH,32N,FRA,2026-12-14 06:10:00,LH965,J,T131,172,0.8,INT,INT,C,1.0,103-T1,3.0,10-T1
RK,73H,WRO,2026-12-14 00:40:00,RK1158,J,RK,73H,BOH,2026-12-14 01:50:00,RK1133,J,T134,189,0.87,INT,DOM,C,1.0,15B-T1,1.0,27-T1
RK,73H,WRO,2026-12-14 02:10:00,RK1158,J,RK,73H,BOH,2026-12-14 07:45:00,RK1133,J,T134,189,0.87,INT,DOM,C,1.0,27-T1,3.0,15B-T1
EC,32A,CDG,2026-12-14 13:55:00,EC4689,J,EC,32A,LIN,2026-12-14 15:05:00,EC5422,J,T213,186,0.83,INT,INT,C,1.0,22-T1,1.0,308-T1
EC,32A,CDG,2026-12-14 15:25:00,EC4689,J,EC,32A,LIN,2026-12-15 12:45:00,EC5422,J,T213,186,0.83,INT,INT,C,1.0,308-T1,2.0,
EC,32A,CDG,2026-12-15 13:05:00,EC4689,J,EC,32A,LIN,2026-12-15 14:15:00,EC5422,J,T213,186,0.83,INT,INT,C,1.0,23-T1,3.0,308-T1
LS,73H,AGP,2026-12-14 17:00:00,LS760,J,LS,73H,ALC,2026-12-14 18:10:00,LS775,J,T245,189,0.82,INT,INT,C,0.8,10-T1,1.0,312-T1
LS,73H,AGP,2026-12-14 18:30:00,LS760,J,LS,73H,ALC,2026-12-17 07:15:00,LS775,J,T245,189,0.82,INT,INT,C,0.8,312-T1,2.0,
LS,73H,AGP,2026-12-17 07:35:00,LS760,J,LS,73H,ALC,2026-12-17 08:45:00,LS775,J,T245,189,0.82,INT,INT,C,0.8,2-T1,3.0,312-T1
LS,32Q,FNC,2026-12-14 18:50:00,LS736,J,LS,32Q,ACE,2026-12-14 20:00:00,LS705,J,T258,232,0.82,INT,INT,C,0.8,16A-T1,1.0,316-T1
LS,32Q,FNC,2026-12-14 20:20:00,LS736,J,LS,32Q,ACE,2026-12-15 07:15:00,LS705,J,T258,232,0.82,INT,INT,C,0.8,316-T1,2.0,
LS,32Q,FNC,2026-12-15 07:35:00,LS736,J,LS,32Q,ACE,2026-12-15 08:45:00,LS705,J,T258,232,0.82,INT,INT,C,0.8,2-T1,3.0,316-T1
LS,32Q,LPA,2026-12-14 19:30:00,LS748,J,LS,32Q,TFS,2026-12-16 06:20:00,LS751,J,T266,232,0.82,INT,INT,C,0.8,103-T1,1.0,20-T1
LS,32Q,LPA,2026-12-16 06:40:00,LS748,J,LS,32Q,TFS,2026-12-16 07:50:00,LS751,J,T266,232,0.82,INT,INT,C,0.8,20-T1,3.0,103-T1
BA,32Q,LHR,2026-12-14 19:50:00,BA1460,J,BA,32Q,LHR,2026-12-14 21:00:00,BA1461,J,T269,220,0.79,DOM,DOM,C,0.5,1-T1,1.0,28-T1
BA,32Q,LHR,2026-12-14 21:20:00,BA1460,J,BA,32Q,LHR,2026-12-15 06:05:00,BA1461,J,T269,220,0.79,DOM,DOM,C,0.5,28-T1,3.0,1-T1
LS,73H,SXB,2026-12-14 19:50:00,LS3926,J,LS,73H,TLL,2026-12-14 21:00:00,LS755,J,T270,189,0.82,INT,INT,C,0.8,20-T1,1.0,406-T1
LS,73H,SXB,2026-12-14 21:20:00,LS3926,J,LS,73H,TLL,2026-12-17 09:00:00,LS755,J,T270,189,0.82,INT,INT,C,0.8,406-T1,3.0,20-T1
CJ,E90,LCY,2026-12-14 20:30:00,CJ8710,J,CJ,E90,LCY,2026-12-14 21:40:00,CJ8701,J,T279,106,0.74,DOM,DOM,C,0.5,16A-T1,1.0,407-T1
CJ,E90,LCY,2026-12-14 22:00:00,CJ8710,J,CJ,E90,LCY,2026-12-15 06:40:00,CJ8701,J,T279,106,0.74,DOM,DOM,C,0.5,407-T1,3.0,16A-T1
CJ,E90,LCY,2026-12-14 21:00:00,CJ8714,J,CJ,E90,LCY,2026-12-14 22:10:00,CJ8713,J,T280,106,0.74,DOM,DOM,C,0.5,2-T1,1.0,404-T1
CJ,E90,LCY,2026-12-14 22:30:00,CJ8714,J,CJ,E90,LCY,2026-12-15 07:30:00,CJ8713,J,T280,106,0.74,DOM,DOM,C,0.5,404-T1,3.0,2-T1
FR,7M8,DUB,2026-12-14 21:35:00,FR814,J,FR,7M8,MAD,2026-12-14 22:45:00,FR189,J,T283,197,0.87,IRISH,INT,C,1.0,1B-T1,1.0,29-T1
FR,7M8,DUB,2026-12-14 23:05:00,FR814,J,FR,7M8,MAD,2026-12-15 06:00:00,FR189,J,T283,197,0.87,IRISH,INT,C,1.0,29-T1,3.0,1B-T1
LM,AT7,SOU,2026-12-14 21:40:00,LM328,J,LM,AT7,KOI,2026-12-14 22:50:00,LM391,J,T284,72,0.49,DOM,DOM,C,1.0,1-T1,1.0,32-T1
LM,AT7,SOU,2026-12-14 23:10:00,LM328,J,LM,AT7,KOI,2026-12-15 07:00:00,LM391,J,T284,72,0.49,DOM,DOM,C,1.0,32-T1,3.0,1-T1
AF,223,CDG,2026-12-14 22:15:00,AF1886,J,AF,223,CDG,2026-12-14 23:25:00,AF1887,J,T288,148,0.85,INT,INT,C,1.0,16B-T1,1.0,403-T1
AF,223,CDG,2026-12-14 23:45:00,AF1886,J,AF,223,CDG,2026-12-15 05:50:00,AF1887,J,T288,148,0.85,INT,INT,C,1.0,403-T1,3.0,16B-T1
BA,32Q,LHR,2026-12-14 22:35:00,BA1464,J,BA,32Q,LHR,2026-12-14 23:45:00,BA1465,J,T290,220,0.79,DOM,DOM,C,0.5,16A-T1,1.0,315-T1
BA,32Q,LHR,2026-12-15 00:05:00,BA1464,J,BA,32Q,LHR,2026-12-15 06:05:00,BA1465,J,T290,220,0.79,DOM,DOM,C,0.5,315-T1,2.0,
BA,32Q,LHR,2026-12-15 06:25:00,BA1464,J,BA,32Q,LHR,2026-12-15 07:35:00,BA1465,J,T290,220,0.79,DOM,DOM,C,0.5,1-T1,3.0,315-T1
FR,73H,CIA,2026-12-14 22:45:00,FR5590,J,FR,73H,RZE,2026-12-14 23:55:00,FR4535,J,T291,189,0.87,INT,INT,C,1.0,14-T1,1.0,102-T1
FR,73H,CIA,2026-12-15 00:15:00,FR5590,J,FR,73H,RZE,2026-12-16 06:55:00,FR4535,J,T291,189,0.87,INT,INT,C,1.0,102-T1,3.0,14-T1
FR,73H,BGY,2026-12-14 22:55:00,FR3645,J,FR,73H,LIS,2026-12-16 12:35:00,FR479,J,T293,189,0.87,INT,INT,C,1.0,405-T1,1.0,6-T1
FR,73H,BGY,2026-12-16 12:55:00,FR3645,J,FR,73H,LIS,2026-12-16 14:05:00,FR479,J,T293,189,0.87,INT,INT,C,1.0,6-T1,3.0,405-T1
FR,7M8,OTP,2026-12-15 00:45:00,FR838,J,FR,7M8,CRL,2026-12-15 10:50:00,FR7322,J,T306,197,0.87,INT,INT,C,1.0,31-T1,1.0,1B-T1
FR,7M8,OTP,2026-12-15 11:10:00,FR838,J,FR,7M8,CRL,2026-12-15 12:20:00,FR7322,J,T306,197,0.87,INT,INT,C,1.0,1B-T1,3.0,31-T1
EC,32A,LIN,2026-12-15 13:40:00,EC5421,J,EC,32A,BER,2026-12-15 14:50:00,EC5312,J,T357,186,0.83,INT,INT,C,1.0,22-T1,1.0,314-T1
EC,32A,LIN,2026-12-15 15:10:00,EC5421,J,EC,32A,BER,2026-12-16 07:10:00,EC5312,J,T357,186,0.83,INT,INT,C,1.0,314-T1,2.0,
EC,32A,LIN,2026-12-16 07:30:00,EC5421,J,EC,32A,BER,2026-12-16 08:40:00,EC5312,J,T357,186,0.83,INT,INT,C,1.0,6-T1,3.0,314-T1
RK,73H,RAK,2026-12-15 16:50:00,RK515,J,RK,73H,MAD,2026-12-15 18:00:00,RK189,J,T380,189,0.87,INT,INT,C,1.0,16B-T1,1.0,31-T1
RK,73H,RAK,2026-12-15 18:20:00,RK515,J,RK,73H,MAD,2026-12-16 08:15:00,RK189,J,T380,189,0.87,INT,INT,C,1.0,31-T1,3.0,16B-T1
LS,32Q,TFS,2026-12-15 18:40:00,LS740,J,LS,32Q,FUE,2026-12-16 09:35:00,LS745,J,T390,232,0.82,INT,INT,C,0.8,100-T1,1.0,2-T1
LS,32Q,TFS,2026-12-16 09:55:00,LS740,J,LS,32Q,FUE,2026-12-16 11:05:00,LS745,J,T390,232,0.82,INT,INT,C,0.8,2-T1,3.0,100-T1
LS,32Q,ACE,2026-12-15 19:00:00,LS706,J,LS,32Q,PRG,2026-12-15 20:10:00,LS3923,J,T393,232,0.82,INT,INT,C,0.8,10-T1,1.0,316-T1
LS,32Q,ACE,2026-12-15 20:30:00,LS706,J,LS,32Q,PRG,2026-12-17 05:50:00,LS3923,J,T393,232,0.82,INT,INT,C,0.8,316-T1,2.0,
LS,32Q,ACE,2026-12-17 06:10:00,LS706,J,LS,32Q,PRG,2026-12-17 07:20:00,LS3923,J,T393,232,0.82,INT,INT,C,0.8,16B-T1,3.0,316-T1
CJ,E90,LCY,2026-12-15 20:30:00,CJ8710,J,CJ,E90,LCY,2026-12-15 21:40:00,CJ8701,J,T406,106,0.74,DOM,DOM,C,0.5,10-T1,1.0,28-T1
CJ,E90,LCY,2026-12-15 22:00:00,CJ8710,J,CJ,E90,LCY,2026-12-16 06:40:00,CJ8701,J,T406,106,0.74,DOM,DOM,C,0.5,28-T1,3.0,10-T1
RK,73H,STN,2026-12-15 20:50:00,RK596,J,RK,73H,TIA,2026-12-15 22:00:00,RK8294,J,T408,189,0.87,DOM,INT,C,1.0,6-T1,1.0,309-T1
RK,73H,STN,2026-12-15 22:20:00,RK596,J,RK,73H,TIA,2026-12-16 10:25:00,RK8294,J,T408,189,0.87,DOM,INT,C,1.0,309-T1,2.0,
RK,73H,STN,2026-12-16 10:45:00,RK596,J,RK,73H,TIA,2026-12-16 11:55:00,RK8294,J,T408,189,0.87,DOM,INT,C,1.0,11-T1,3.0,309-T1
CJ,E90,LCY,2026-12-15 21:00:00,CJ8714,J,CJ,E90,LCY,2026-12-15 22:10:00,CJ8713,J,T409,106,0.74,DOM,DOM,C,0.5,16A-T1,1.0,206-FRT
CJ,E90,LCY,2026-12-15 22:30:00,CJ8714,J,CJ,E90,LCY,2026-12-16 06:00:00,CJ8713,J,T409,106,0.74,DOM,DOM,C,0.5,206-FRT,2.0,
CJ,E90,LCY,2026-12-16 06:20:00,CJ8714,J,CJ,E90,LCY,2026-12-16 07:30:00,CJ8713,J,T409,106,0.74,DOM,DOM,C,0.5,3-T1,3.0,206-FRT
LM,AT7,SOU,2026-12-15 21:40:00,LM328,J,LM,AT7,KOI,2026-12-15 22:50:00,LM391,J,T411,72,0.49,DOM,DOM,C,1.0,3-T1,1.0,407-T1
LM,AT7,SOU,2026-12-15 23:10:00,LM328,J,LM,AT7,KOI,2026-12-16 07:00:00,LM391,J,T411,72,0.49,DOM,DOM,C,1.0,407-T1,3.0,3-T1
FR,7M8,CIA,2026-12-15 22:20:00,FR5590,J,FR,7M8,DUB,2026-12-15 23:30:00,FR813,J,T416,197,0.87,INT,IRISH,C,1.0,15A-T1,1.0,3-T1
FR,7M8,CIA,2026-12-15 23:50:00,FR5590,J,FR,7M8,DUB,2026-12-16 06:00:00,FR813,J,T416,197,0.87,INT,IRISH,C,1.0,3-T1,3.0,15A-T1
FR,7M8,ACE,2026-12-15 23:00:00,FR5594,J,FR,7M8,KRK,2026-12-16 00:10:00,FR6624,J,T423,197,0.87,INT,INT,C,1.0,15B-T1,1.0,317-T1
FR,7M8,ACE,2026-12-16 00:30:00,FR5594,J,FR,7M8,KRK,2026-12-16 07:00:00,FR6624,J,T423,197,0.87,INT,INT,C,1.0,317-T1,2.0,
FR,7M8,ACE,2026-12-16 07:20:00,FR5594,J,FR,7M8,KRK,2026-12-16 08:30:00,FR6624,J,T423,197,0.87,INT,INT,C,1.0,17-T1,3.0,317-T1
FR,7M8,BUD,2026-12-15 23:35:00,FR1018,J,FR,7M8,CRL,2026-12-16 08:00:00,FR7322,J,T428,197,0.87,INT,INT,C,1.0,403-T1,1.0,24-T1
FR,7M8,BUD,2026-12-16 08:20:00,FR1018,J,FR,7M8,CRL,2026-12-16 09:30:00,FR7322,J,T428,197,0.87,INT,INT,C,1.0,24-T1,3.0,403-T1
FR,7M8,LIS,2026-12-16 00:10:00,FR478,J,FR,7M8,MLA,2026-12-16 01:20:00,FR6695,J,T429,197,0.87,INT,INT,C,1.0,15A-T1,1.0,404-T1
FR,7M8,LIS,2026-12-16 01:40:00,FR478,J,FR,7M8,MLA,2026-12-16 11:00:00,FR6695,J,T429,197,0.87,INT,INT,C,1.0,404-T1,3.0,15A-T1
U2,32N,SSH,2026-12-16 00:30:00,U23222,J,U2,32N,ZRH,2026-12-16 01:40:00,U23297,J,T430,186,0.83,INT,INT,C,1.0,15B-T1,1.0,313-T1
U2,32N,SSH,2026-12-16 02:00:00,U23222,J,U2,32N,ZRH,2026-12-16 06:05:00,U23297,J,T430,186,0.83,INT,INT,C,1.0,313-T1,2.0,
U2,32N,SSH,2026-12-16 06:25:00,U23222,J,U2,32N,ZRH,2026-12-16 07:35:00,U23297,J,T430,186,0.83,INT,INT,C,1.0,24-T1,3.0,313-T1
EC,32A,BER,2026-12-16 08:10:00,EC5311,J,EC,32A,LIN,2026-12-16 09:20:00,EC5422,J,T445,186,0.83,INT,INT,C,1.0,11-T1,1.0,4-T1
EC,32A,BER,2026-12-16 09:40:00,EC5311,J,EC,32A,LIN,2026-12-16 14:15:00,EC5422,J,T445,186,0.83,INT,INT,C,1.0,4-T1,3.0,11-T1
EC,32A,LIN,2026-12-16 13:40:00,EC5421,J,EC,32A,LIN,2026-12-16 14:50:00,EC5422,J,T491,186,0.83,INT,INT,C,1.0,15B-T1,1.0,102-T1
EC,32A,LIN,2026-12-16 15:10:00,EC5421,J,EC,32A,LIN,2026-12-17 12:45:00,EC5422,J,T491,186,0.83,INT,INT,C,1.0,102-T1,2.0,
EC,32A,LIN,2026-12-17 13:05:00,EC5421,J,EC,32A,LIN,2026-12-17 14:15:00,EC5422,J,T491,186,0.83,INT,INT,C,1.0,23-T1,3.0,102-T1
LS,73H,KAO,2026-12-16 17:30:00,LS2140,C,LS,73H,FNC,2026-12-16 18:40:00,LS735,J,T513,189,0.82,INT,INT,C,0.8,10-T1,1.0,317-T1
LS,73H,KAO,2026-12-16 19:00:00,LS2140,C,LS,73H,FNC,2026-12-17 07:55:00,LS735,J,T513,189,0.82,INT,INT,C,0.8,317-T1,2.0,
LS,73H,KAO,2026-12-17 08:15:00,LS2140,C,LS,73H,FNC,2026-12-17 09:25:00,LS735,J,T513,189,0.82,INT,INT,C,0.8,3-T1,3.0,317-T1
LS,32Q,TFS,2026-12-16 18:35:00,LS752,J,LS,32Q,TFS,2026-12-16 19:45:00,LS727,J,T520,232,0.82,INT,INT,C,0.8,15A-T1,1.0,311-T1
LS,32Q,TFS,2026-12-16 20:05:00,LS752,J,LS,32Q,TFS,2026-12-17 06:20:00,LS727,J,T520,232,0.82,INT,INT,C,0.8,311-T1,2.0,
LS,32Q,TFS,2026-12-17 06:40:00,LS752,J,LS,32Q,TFS,2026-12-17 07:50:00,LS727,J,T520,232,0.82,INT,INT,C,0.8,3-T1,3.0,311-T1
RK,73H,TIA,2026-12-16 19:25:00,RK8295,J,RK,73H,STN,2026-12-16 20:35:00,RK8604,J,T530,189,0.87,INT,DOM,C,1.0,16B-T1,1.0,29-T1
RK,73H,TIA,2026-12-16 20:55:00,RK8295,J,RK,73H,STN,2026-12-17 07:10:00,RK8604,J,T530,189,0.87,INT,DOM,C,1.0,29-T1,3.0,16B-T1
CJ,E90,LCY,2026-12-16 20:30:00,CJ8710,J,CJ,E90,LCY,2026-12-16 21:40:00,CJ8701,J,T541,106,0.74,DOM,DOM,C,0.5,1-T1,1.0,32-T1
CJ,E90,LCY,2026-12-16 22:00:00,CJ8710,J,CJ,E90,LCY,2026-12-17 06:40:00,CJ8701,J,T541,106,0.74,DOM,DOM,C,0.5,32-T1,3.0,1-T1
U2,32A,MAD,2026-12-16 20:40:00,U23210,J,U2,32Q,KEF,2026-12-16 21:50:00,U23315,J,T543,186,0.83,INT,INT,C,1.0,14-T1,1.0,404-T1
U2,32A,MAD,2026-12-16 22:10:00,U23210,J,U2,32Q,KEF,2026-12-17 06:00:00,U23315,J,T543,186,0.83,INT,INT,C,1.0,404-T1,3.0,14-T1
FR,73H,LIS,2026-12-16 20:55:00,FR470,J,FR,73H,DUB,2026-12-16 22:05:00,FR815,J,T544,189,0.87,INT,IRISH,C,1.0,20-T1,1.0,27-T1
FR,73H,LIS,2026-12-16 22:25:00,FR470,J,FR,73H,DUB,2026-12-17 07:30:00,FR815,J,T544,189,0.87,INT,IRISH,C,1.0,27-T1,3.0,20-T1
CJ,E90,LCY,2026-12-16 21:00:00,CJ8714,J,CJ,E90,LCY,2026-12-16 22:10:00,CJ8713,J,T545,106,0.74,DOM,DOM,C,0.5,16B-T1,1.0,205-FRT
CJ,E90,LCY,2026-12-16 22:30:00,CJ8714,J,CJ,E90,LCY,2026-12-17 06:00:00,CJ8713,J,T545,106,0.74,DOM,DOM,C,0.5,205-FRT,2.0,
CJ,E90,LCY,2026-12-17 06:20:00,CJ8714,J,CJ,E90,LCY,2026-12-17 07:30:00,CJ8713,J,T545,106,0.74,DOM,DOM,C,0.5,20-T1,3.0,205-FRT
U2,32N,TFS,2026-12-16 21:15:00,U23232,J,U2,32A,ALC,2026-12-16 22:25:00,U23205,J,T547,186,0.83,INT,INT,C,1.0,17-T1,1.0,100-T1
U2,32N,TFS,2026-12-16 22:45:00,U23232,J,U2,32A,ALC,2026-12-17 06:05:00,U23205,J,T547,186,0.83,INT,INT,C,1.0,100-T1,3.0,17-T1
FR,7M8,CIA,2026-12-16 21:30:00,FR5590,J,FR,7M8,ACE,2026-12-16 22:40:00,FR5593,J,T548,197,0.87,INT,INT,C,1.0,11-T1,1.0,403-T1
FR,7M8,CIA,2026-12-16 23:00:00,FR5590,J,FR,7M8,ACE,2026-12-17 06:10:00,FR5593,J,T548,197,0.87,INT,INT,C,1.0,403-T1,3.0,11-T1
U2,32A,RVN,2026-12-16 21:55:00,U23312,J,U2,32Q,LIS,2026-12-16 23:05:00,U23321,J,T553,186,0.83,INT,INT,C,1.0,16A-T1,1.0,30-T1
U2,32A,RVN,2026-12-16 23:25:00,U23312,J,U2,32Q,LIS,2026-12-17 06:55:00,U23321,J,T553,186,0.83,INT,INT,C,1.0,30-T1,3.0,16A-T1
BA,319,LHR,2026-12-16 22:00:00,BA1464,J,BA,319,LHR,2026-12-16 23:10:00,BA1465,J,T555,144,0.79,DOM,DOM,C,0.5,1-T1,1.0,315-T1
BA,319,LHR,2026-12-16 23:30:00,BA1464,J,BA,319,LHR,2026-12-17 06:30:00,BA1465,J,T555,144,0.79,DOM,DOM,C,0.5,315-T1,2.0,
BA,319,LHR,2026-12-17 06:50:00,BA1464,J,BA,319,LHR,2026-12-17 08:00:00,BA1465,J,T555,144,0.79,DOM,DOM,C,0.5,4-T1,3.0,315-T1
AF,223,CDG,2026-12-16 22:15:00,AF1886,J,AF,223,CDG,2026-12-16 23:25:00,AF1887,J,T556,148,0.85,INT,INT,C,1.0,10-T1,1.0,407-T1
AF,223,CDG,2026-12-16 23:45:00,AF1886,J,AF,223,CDG,2026-12-17 05:50:00,AF1887,J,T556,148,0.85,INT,INT,C,1.0,407-T1,3.0,10-T1
U2,32Q,PFO,2026-12-16 22:25:00,U23318,J,U2,32A,GVA,2026-12-16 23:35:00,U23293,J,T558,235,0.83,INT,INT,C,1.0,19-T1,1.0,1-T1
U2,32Q,PFO,2026-12-16 23:55:00,U23318,J,U2,32A,GVA,2026-12-17 07:05:00,U23293,J,T558,235,0.83,INT,INT,C,1.0,1-T1,3.0,19-T1
LS,73H,TLL,2026-12-17 15:50:00,LS756,J,LS,73H,SXB,2026-12-17 17:00:00,LS3925,J,T648,189,0.82,INT,INT,C,0.8,10-T1,1.0,317A-T1
LS,73H,TLL,2026-12-17 17:20:00,LS756,J,LS,73H,SXB,2026-12-18 06:30:00,LS3925,J,T648,189,0.82,INT,INT,C,0.8,317A-T1,2.0,
LS,73H,TLL,2026-12-18 06:50:00,LS756,J,LS,73H,SXB,2026-12-18 08:00:00,LS3925,J,T648,189,0.82,INT,INT,C,0.8,1-T1,3.0,317A-T1
LS,73H,ALC,2026-12-17 16:20:00,LS776,J,LS,73H,ACE,2026-12-17 17:30:00,LS705,J,T658,189,0.82,INT,INT,C,0.8,16B-T1,1.0,404-T1
LS,73H,ALC,2026-12-17 17:50:00,LS776,J,LS,73H,ACE,2026-12-18 09:10:00,LS705,J,T658,189,0.82,INT,INT,C,0.8,404-T1,3.0,16B-T1
LS,32Q,ACE,2026-12-17 18:40:00,LS786,J,LS,32Q,LPA,2026-12-17 19:50:00,LS715,J,T676,232,0.82,INT,INT,C,0.8,11-T1,1.0,309-T1
LS,32Q,ACE,2026-12-17 20:10:00,LS786,J,LS,32Q,LPA,2026-12-18 07:15:00,LS715,J,T676,232,0.82,INT,INT,C,0.8,309-T1,2.0,
LS,32Q,ACE,2026-12-18 07:35:00,LS786,J,LS,32Q,LPA,2026-12-18 08:45:00,LS715,J,T676,232,0.82,INT,INT,C,0.8,4-T1,3.0,309-T1
LS,73H,FNC,2026-12-17 18:50:00,LS736,J,LS,73H,AGP,2026-12-18 08:50:00,LS759,J,T678,189,0.82,INT,INT,C,0.8,407-T1,1.0,4-T1
LS,73H,FNC,2026-12-18 09:10:00,LS736,J,LS,73H,AGP,2026-12-18 10:20:00,LS759,J,T678,189,0.82,INT,INT,C,0.8,4-T1,3.0,407-T1
WK,320,ZRH,2026-12-17 18:55:00,WK290,J,WK,320,ZRH,2026-12-18 06:30:00,WK291,J,T680,180,0.8,INT,INT,C,1.0,100-T1,1.0,1B-T1
WK,320,ZRH,2026-12-18 06:50:00,WK290,J,WK,320,ZRH,2026-12-18 08:00:00,WK291,J,T680,180,0.8,INT,INT,C,1.0,1B-T1,3.0,100-T1
FR,73H,BCN,2026-12-17 19:20:00,FR6267,J,FR,73H,DUB,2026-12-17 20:30:00,FR819,J,T683,189,0.87,INT,IRISH,C,1.0,19-T1,1.0,406-T1
FR,73H,BCN,2026-12-17 20:50:00,FR6267,J,FR,73H,DUB,2026-12-18 06:05:00,FR819,J,T683,189,0.87,INT,IRISH,C,1.0,406-T1,3.0,19-T1
LS,32Q,VIE,2026-12-17 20:30:00,LS702,J,LS,32Q,AYT,2026-12-17 21:40:00,LS757,J,T695,232,0.82,INT,INT,C,0.8,10-T1,1.0,311-T1
LS,32Q,VIE,2026-12-17 22:00:00,LS702,J,LS,32Q,AYT,2026-12-18 07:55:00,LS757,J,T695,232,0.82,INT,INT,C,0.8,311-T1,2.0,
LS,32Q,VIE,2026-12-18 08:15:00,LS702,J,LS,32Q,AYT,2026-12-18 09:25:00,LS757,J,T695,232,0.82,INT,INT,C,0.8,3-T1,3.0,311-T1
CJ,E90,LCY,2026-12-17 20:30:00,CJ8710,J,CJ,E90,LCY,2026-12-17 21:40:00,CJ8701,J,T696,106,0.74,DOM,DOM,C,0.5,16B-T1,1.0,310R-T1
CJ,E90,LCY,2026-12-17 22:00:00,CJ8710,J,CJ,E90,LCY,2026-12-18 06:30:00,CJ8701,J,T696,106,0.74,DOM,DOM,C,0.5,310R-T1,3.0,16B-T1
CJ,E90,LCY,2026-12-17 21:00:00,CJ8714,J,CJ,E90,LCY,2026-12-17 22:10:00,CJ8713,J,T700,106,0.74,DOM,DOM,C,0.5,3-T1,1.0,316-T1
CJ,E90,LCY,2026-12-17 22:30:00,CJ8714,J,CJ,E90,LCY,2026-12-18 08:00:00,CJ8713,J,T700,106,0.74,DOM,DOM,C,0.5,316-T1,2.0,
CJ,E90,LCY,2026-12-18 08:20:00,CJ8714,J,CJ,E90,LCY,2026-12-18 09:30:00,CJ8713,J,T700,106,0.74,DOM,DOM,C,0.5,2-T1,3.0,316-T1
FR,7M8,MAD,2026-12-17 21:05:00,FR188,J,FR,7M8,GDN,2026-12-17 22:15:00,FR6124,J,T701,197,0.87,INT,INT,C,1.0,19-T1,1.0,3-T1
FR,7M8,MAD,2026-12-17 22:35:00,FR188,J,FR,7M8,GDN,2026-12-18 05:50:00,FR6124,J,T701,197,0.87,INT,INT,C,1.0,3-T1,3.0,19-T1
RK,73H,OTP,2026-12-17 22:00:00,RK5615,J,RK,73H,STN,2026-12-17 23:10:00,RK8604,J,T706,189,0.87,INT,DOM,C,1.0,14-T1,1.0,405-T1
RK,73H,OTP,2026-12-17 23:30:00,RK5615,J,RK,73H,STN,2026-12-18 06:45:00,RK8604,J,T706,189,0.87,INT,DOM,C,1.0,405-T1,3.0,14-T1
BA,32Q,LHR,2026-12-17 22:00:00,BA1464,J,BA,32Q,LHR,2026-12-17 23:10:00,BA1465,J,T707,220,0.79,DOM,DOM,C,0.5,4-T1,1.0,210-FRT
BA,32Q,LHR,2026-12-17 23:30:00,BA1464,J,BA,32Q,LHR,2026-12-18 05:55:00,BA1465,J,T707,220,0.79,DOM,DOM,C,0.5,210-FRT,2.0,
BA,32Q,LHR,2026-12-18 06:15:00,BA1464,J,BA,32Q,LHR,2026-12-18 07:25:00,BA1465,J,T707,220,0.79,DOM,DOM,C,0.5,3-T1,3.0,210-FRT
U2,32A,GVA,2026-12-17 22:05:00,U23296,J,U2,32Q,PRG,2026-12-17 23:15:00,U23325,J,T708,186,0.83,INT,INT,C,1.0,15B-T1,1.0,24-T1
U2,32A,GVA,2026-12-17 23:35:00,U23296,J,U2,32Q,PRG,2026-12-18 06:45:00,U23325,J,T708,186,0.83,INT,INT,C,1.0,24-T1,3.0,15B-T1
KL,32Q,AMS,2026-12-17 23:10:00,KL933,J,KL,32Q,AMS,2026-12-18 00:20:00,KL922,J,T714,227,0.8,INT,INT,C,1.0,16B-T1,1.0,102-T1
KL,32Q,AMS,2026-12-18 00:40:00,KL933,J,KL,32Q,AMS,2026-12-18 05:40:00,KL922,J,T714,227,0.8,INT,INT,C,1.0,102-T1,3.0,16B-T1
LH,32N,FRA,2026-12-17 23:20:00,LH964,J,LH,32N,FRA,2026-12-18 00:30:00,LH965,J,T716,172,0.8,INT,INT,C,1.0,15A-T1,1.0,29-T1
LH,32N,FRA,2026-12-18 00:50:00,LH964,J,LH,32N,FRA,2026-12-18 06:00:00,LH965,J,T716,172,0.8,INT,INT,C,1.0,29-T1,3.0,15A-T1
FR,7M8,ALC,2026-12-17 23:50:00,FR5581,J,FR,7M8,BUD,2026-12-18 04:35:00,FR1017,J,T717,197,0.87,INT,INT,C,1.0,15B-T1,1.0,103-T1
FR,7M8,ALC,2026-12-18 04:55:00,FR5581,J,FR,7M8,BUD,2026-12-18 06:05:00,FR1017,J,T717,197,0.87,INT,INT,C,1.0,103-T1,3.0,15B-T1
U2,32A,TOS,2026-12-17 23:55:00,U23216,J,U2,32A,LGW,2026-12-18 06:00:00,U2806,J,T721,186,0.83,INT,DOM,C,1.0,27-T1,1.0,6-T1
U2,32A,TOS,2026-12-18 06:20:00,U23216,J,U2,32A,LGW,2026-12-18 07:30:00,U2806,J,T721,186,0.83,INT,DOM,C,1.0,6-T1,3.0,27-T1
FR,7M8,AGP,2026-12-18 00:50:00,FR5664,J,FR,7M8,ACE,2026-12-18 05:15:00,FR5593,J,T724,197,0.87,INT,INT,C,1.0,15A-T1,1.0,28-T1
FR,7M8,AGP,2026-12-18 05:35:00,FR5664,J,FR,7M8,ACE,2026-12-18 06:45:00,FR5593,J,T724,197,0.87,INT,INT,C,1.0,28-T1,3.0,15A-T1
LS,73H,SXB,2026-12-18 13:15:00,LS3926,J,LS,73H,ACE,2026-12-18 14:25:00,LS785,J,T795,189,0.82,INT,INT,C,0.8,4-T1,1.0,103-T1
LS,73H,SXB,2026-12-18 14:45:00,LS3926,J,LS,73H,ACE,2026-12-19 07:15:00,LS785,J,T795,189,0.82,INT,INT,C,0.8,103-T1,2.0,
LS,73H,SXB,2026-12-19 07:35:00,LS3926,J,LS,73H,ACE,2026-12-19 08:45:00,LS785,J,T795,189,0.82,INT,INT,C,0.8,3-T1,3.0,103-T1
EC,32A,CDG,2026-12-18 13:55:00,EC4689,J,EC,32A,CDG,2026-12-18 15:05:00,EC4694,J,T800,186,0.83,INT,INT,C,1.0,20-T1,1.0,313-T1
EC,32A,CDG,2026-12-18 15:25:00,EC4689,J,EC,32A,CDG,2026-12-19 06:40:00,EC4694,J,T800,186,0.83,INT,INT,C,1.0,313-T1,2.0,
EC,32A,CDG,2026-12-19 07:00:00,EC4689,J,EC,32A,CDG,2026-12-19 08:10:00,EC4694,J,T800,186,0.83,INT,INT,C,1.0,6-T1,3.0,313-T1
LS,73H,AGP,2026-12-18 18:05:00,LS760,J,LS,73H,LPA,2026-12-18 19:15:00,LS747,J,T845,189,0.82,INT,INT,C,0.8,10-T1,1.0,310-T1
LS,73H,AGP,2026-12-18 19:35:00,LS760,J,LS,73H,LPA,2026-12-19 08:35:00,LS747,J,T845,189,0.82,INT,INT,C,0.8,310-T1,2.0,
LS,73H,AGP,2026-12-19 08:55:00,LS760,J,LS,73H,LPA,2026-12-19 10:05:00,LS747,J,T845,189,0.82,INT,INT,C,0.8,4-T1,3.0,310-T1
LS,32Q,TFS,2026-12-18 18:20:00,LS740,J,LS,32Q,GVA,2026-12-19 05:40:00,LS779,J,T847,232,0.82,INT,INT,C,0.8,403-T1,1.0,1-T1
LS,32Q,TFS,2026-12-19 06:00:00,LS740,J,LS,32Q,GVA,2026-12-19 07:10:00,LS779,J,T847,232,0.82,INT,INT,C,0.8,1-T1,3.0,403-T1
WK,320,ZRH,2026-12-18 19:10:00,WK290,J,WK,320,ZRH,2026-12-18 20:20:00,WK291,J,T860,180,0.8,INT,INT,C,1.0,22-T1,1.0,30-T1
WK,320,ZRH,2026-12-18 20:40:00,WK290,J,WK,320,ZRH,2026-12-19 06:10:00,WK291,J,T860,180,0.8,INT,INT,C,1.0,30-T1,2.0,
WK,320,ZRH,2026-12-19 06:30:00,WK290,J,WK,320,ZRH,2026-12-19 07:40:00,WK291,J,T860,180,0.8,INT,INT,C,1.0,11-T1,3.0,30-T1
LS,73H,ACE,2026-12-18 19:15:00,LS706,J,LS,73H,CMF,2026-12-19 13:35:00,LS3907,J,T863,189,0.82,INT,INT,C,0.8,27-T1,1.0,1-T1
LS,73H,ACE,2026-12-19 13:55:00,LS706,J,LS,73H,CMF,2026-12-19 15:05:00,LS3907,J,T863,189,0.82,INT,INT,C,0.8,1-T1,3.0,27-T1
LS,32Q,LPA,2026-12-18 19:30:00,LS716,J,LS,32Q,TFS,2026-12-18 20:40:00,LS727,J,T866,232,0.82,INT,INT,C,0.8,20-T1,1.0,405-T1
LS,32Q,LPA,2026-12-18 21:00:00,LS716,J,LS,32Q,TFS,2026-12-19 06:25:00,LS727,J,T866,232,0.82,INT,INT,C,0.8,405-T1,2.0,
LS,32Q,LPA,2026-12-19 06:45:00,LS716,J,LS,32Q,TFS,2026-12-19 07:55:00,LS727,J,T866,232,0.82,INT,INT,C,0.8,2-T1,3.0,405-T1
BA,319,LHR,2026-12-18 20:15:00,BA1460,J,BA,319,LHR,2026-12-18 21:25:00,BA1461,J,T875,144,0.79,DOM,DOM,C,0.5,1-T1,1.0,406-T1
BA,319,LHR,2026-12-18 21:45:00,BA1460,J,BA,319,LHR,2026-12-19 06:50:00,BA1461,J,T875,144,0.79,DOM,DOM,C,0.5,406-T1,3.0,1-T1
LS,32Q,AYT,2026-12-18 20:30:00,LS758,J,LS,32Q,FUE,2026-12-18 21:40:00,LS745,J,T877,232,0.82,INT,INT,C,0.8,16A-T1,1.0,309-T1
LS,32Q,AYT,2026-12-18 22:00:00,LS758,J,LS,32Q,FUE,2026-12-19 08:00:00,LS745,J,T877,232,0.82,INT,INT,C,0.8,309-T1,2.0,
LS,32Q,AYT,2026-12-19 08:20:00,LS758,J,LS,32Q,FUE,2026-12-19 09:30:00,LS745,J,T877,232,0.82,INT,INT,C,0.8,10-T1,3.0,309-T1
CJ,E90,LCY,2026-12-18 21:00:00,CJ8714,J,CJ,E90,LCY,2026-12-18 22:10:00,CJ8715,J,T879,106,0.74,DOM,DOM,C,0.5,16B-T1,1.0,316-T1
CJ,E90,LCY,2026-12-18 22:30:00,CJ8714,J,CJ,E90,LCY,2026-12-19 09:05:00,CJ8715,J,T879,106,0.74,DOM,DOM,C,0.5,316-T1,2.0,
CJ,E90,LCY,2026-12-19 09:25:00,CJ8714,J,CJ,E90,LCY,2026-12-19 10:35:00,CJ8715,J,T879,106,0.74,DOM,DOM,C,0.5,3-T1,3.0,316-T1
LM,AT7,SOU,2026-12-18 21:40:00,LM328,J,LM,AT7,SOU,2026-12-18 22:50:00,LM325,J,T880,72,0.49,DOM,DOM,C,1.0,1A-T1,1.0,308-T1
LM,AT7,SOU,2026-12-18 23:10:00,LM328,J,LM,AT7,SOU,2026-12-20 11:15:00,LM325,J,T880,72,0.49,DOM,DOM,C,1.0,308-T1,2.0,
LM,AT7,SOU,2026-12-20 11:35:00,LM328,J,LM,AT7,SOU,2026-12-20 12:45:00,LM325,J,T880,72,0.49,DOM,DOM,C,1.0,6-T1,3.0,308-T1
U2,32A,GVA,2026-12-18 21:55:00,U23296,J,U2,32N,ALC,2026-12-18 23:05:00,U23205,J,T882,186,0.83,INT,INT,C,1.0,19-T1,1.0,31-T1
U2,32A,GVA,2026-12-18 23:25:00,U23296,J,U2,32N,ALC,2026-12-19 06:00:00,U23205,J,T882,186,0.83,INT,INT,C,1.0,31-T1,3.0,19-T1
AF,223,CDG,2026-12-18 22:15:00,AF1886,J,AF,223,CDG,2026-12-18 23:25:00,AF1887,J,T887,148,0.85,INT,INT,C,1.0,2-T1,1.0,407-T1
AF,223,CDG,2026-12-18 23:45:00,AF1886,J,AF,223,CDG,2026-12-19 05:50:00,AF1887,J,T887,148,0.85,INT,INT,C,1.0,407-T1,3.0,2-T1
U2,32A,CDG,2026-12-18 22:55:00,U23242,J,U2,32A,BFS,2026-12-19 00:05:00,U2327,J,T892,186,0.83,INT,NIRISH,C,1.0,17-T1,1.0,312-T1
U2,32A,CDG,2026-12-19 00:25:00,U23242,J,U2,32A,BFS,2026-12-19 05:55:00,U2327,J,T892,186,0.83,INT,NIRISH,C,1.0,312-T1,2.0,
U2,32A,CDG,2026-12-19 06:15:00,U23242,J,U2,32A,BFS,2026-12-19 07:25:00,U2327,J,T892,186,0.83,INT,NIRISH,C,1.0,1B-T1,3.0,312-T1
FR,7M8,WRO,2026-12-18 23:00:00,FR5,J,FR,7M8,DUB,2026-12-19 00:10:00,FR813,J,T893,197,0.87,INT,IRISH,C,1.0,14-T1,1.0,100-T1
FR,7M8,WRO,2026-12-19 00:30:00,FR5,J,FR,7M8,DUB,2026-12-19 06:00:00,FR813,J,T893,197,0.87,INT,IRISH,C,1.0,100-T1,3.0,14-T1
LH,32N,FRA,2026-12-18 23:15:00,LH964,J,LH,32N,FRA,2026-12-19 00:25:00,LH965,J,T895,172,0.8,INT,INT,C,1.0,10-T1,1.0,29-T1
LH,32N,FRA,2026-12-19 00:45:00,LH964,J,LH,32N,FRA,2026-12-19 06:45:00,LH965,J,T895,172,0.8,INT,INT,C,1.0,29-T1,3.0,10-T1
RK,73H,STN,2026-12-18 23:50:00,RK1273,J,RK,73H,TFS,2026-12-19 01:00:00,RK2969,J,T897,189,0.87,DOM,INT,C,1.0,19-T1,1.0,28-T1
RK,73H,STN,2026-12-19 01:20:00,RK1273,J,RK,73H,TFS,2026-12-19 06:00:00,RK2969,J,T897,189,0.87,DOM,INT,C,1.0,28-T1,3.0,19-T1
RK,73H,BGY,2026-12-19 00:35:00,RK3657,J,RK,73H,STN,2026-12-19 01:45:00,RK597,J,T903,189,0.87,INT,DOM,C,1.0,17-T1,1.0,404-T1
RK,73H,BGY,2026-12-19 02:05:00,RK3657,J,RK,73H,STN,2026-12-19 07:10:00,RK597,J,T903,189,0.87,INT,DOM,C,1.0,404-T1,3.0,17-T1
CJ,E90,LCY,2026-12-19 09:50:00,CJ8702,J,CJ,E90,LCY,2026-12-19 11:00:00,CJ8701,J,T935,106,0.74,DOM,DOM,C,0.5,1-T1,1.0,312-T1
CJ,E90,LCY,2026-12-19 11:20:00,CJ8702,J,CJ,E90,LCY,2026-12-20 10:30:00,CJ8701,J,T935,106,0.74,DOM,DOM,C,0.5,312-T1,2.0,
CJ,E90,LCY,2026-12-20 10:50:00,CJ8702,J,CJ,E90,LCY,2026-12-20 12:00:00,CJ8701,J,T935,106,0.74,DOM,DOM,C,0.5,4-T1,3.0,312-T1
LM,AT7,SOU,2026-12-19 12:00:00,LM322,J,LM,AT7,EXT,2026-12-19 13:10:00,LM315,J,T958,72,0.49,DOM,DOM,C,1.0,24-T1,1.0,32-T1
LM,AT7,SOU,2026-12-19 13:30:00,LM322,J,LM,AT7,EXT,2026-12-20 12:05:00,LM315,J,T958,72,0.49,DOM,DOM,C,1.0,32-T1,3.0,24-T1
CJ,E90,LCY,2026-12-19 12:50:00,CJ8704,J,CJ,E90,LCY,2026-12-19 14:00:00,CJ8707,J,T965,106,0.74,DOM,DOM,C,0.5,16A-T1,1.0,309-T1
CJ,E90,LCY,2026-12-19 14:20:00,CJ8704,J,CJ,E90,LCY,2026-12-20 12:30:00,CJ8707,J,T965,106,0.74,DOM,DOM,C,0.5,309-T1,2.0,
CJ,E90,LCY,2026-12-20 12:50:00,CJ8704,J,CJ,E90,LCY,2026-12-20 14:00:00,CJ8707,J,T965,106,0.74,DOM,DOM,C,0.5,16B-T1,3.0,309-T1
EC,32A,LIN,2026-12-19 14:00:00,EC5421,J,EC,32A,BOD,2026-12-19 15:10:00,EC1840,J,T979,186,0.83,INT,INT,C,1.0,15A-T1,1.0,311-T1
EC,32A,LIN,2026-12-19 15:30:00,EC5421,J,EC,32A,BOD,2026-12-20 07:30:00,EC1840,J,T979,186,0.83,INT,INT,C,1.0,311-T1,2.0,
EC,32A,LIN,2026-12-20 07:50:00,EC5421,J,EC,32A,BOD,2026-12-20 09:00:00,EC1840,J,T979,186,0.83,INT,INT,C,1.0,24-T1,3.0,311-T1
LS,32Q,TFS,2026-12-19 18:40:00,LS728,J,LS,32Q,PRG,2026-12-19 19:50:00,LS3923,J,T1009,232,0.82,INT,INT,C,0.8,15A-T1,1.0,29-T1
LS,32Q,TFS,2026-12-19 20:10:00,LS728,J,LS,32Q,PRG,2026-12-20 08:00:00,LS3923,J,T1009,232,0.82,INT,INT,C,0.8,29-T1,3.0,15A-T1
LS,73H,ACE,2026-12-19 19:05:00,LS786,J,LS,73H,ALC,2026-12-20 04:45:00,LS775,J,T1011,189,0.82,INT,INT,C,0.8,16B-T1,1.0,28-T1
LS,73H,ACE,2026-12-20 05:05:00,LS786,J,LS,73H,ALC,2026-12-20 06:15:00,LS775,J,T1011,189,0.82,INT,INT,C,0.8,28-T1,3.0,16B-T1
WK,320,ZRH,2026-12-19 19:55:00,WK290,J,WK,320,ZRH,2026-12-19 21:05:00,WK291,J,T1014,180,0.8,INT,INT,C,1.0,14-T1,1.0,204-FRT
WK,320,ZRH,2026-12-19 21:25:00,WK290,J,WK,320,ZRH,2026-12-20 06:55:00,WK291,J,T1014,180,0.8,INT,INT,C,1.0,204-FRT,2.0,
WK,320,ZRH,2026-12-20 07:15:00,WK290,J,WK,320,ZRH,2026-12-20 08:25:00,WK291,J,T1014,180,0.8,INT,INT,C,1.0,3-T1,3.0,204-FRT
LS,32Q,FUE,2026-12-19 20:00:00,LS746,J,LS,32Q,ACE,2026-12-19 21:10:00,LS705,J,T1016,232,0.82,INT,INT,C,0.8,20-T1,1.0,313-T1
LS,32Q,FUE,2026-12-19 21:30:00,LS746,J,LS,32Q,ACE,2026-12-20 06:45:00,LS705,J,T1016,232,0.82,INT,INT,C,0.8,313-T1,2.0,
LS,32Q,FUE,2026-12-20 07:05:00,LS746,J,LS,32Q,ACE,2026-12-20 08:15:00,LS705,J,T1016,232,0.82,INT,INT,C,0.8,15A-T1,3.0,313-T1
LS,32Q,INN,2026-12-19 20:20:00,LS788,J,LS,32Q,TFS,2026-12-20 07:55:00,LS739,J,T1021,232,0.82,INT,INT,C,0.8,31-T1,1.0,4-T1
LS,32Q,INN,2026-12-20 08:15:00,LS788,J,LS,32Q,TFS,2026-12-20 09:25:00,LS739,J,T1021,232,0.82,INT,INT,C,0.8,4-T1,3.0,31-T1
FR,73H,DUB,2026-12-19 20:30:00,FR816,J,FR,73H,TFS,2026-12-19 21:40:00,FR2980,J,T1023,189,0.87,IRISH,INT,C,1.0,1B-T1,1.0,404-T1
FR,73H,DUB,2026-12-19 22:00:00,FR816,J,FR,73H,TFS,2026-12-20 06:05:00,FR2980,J,T1023,189,0.87,IRISH,INT,C,1.0,404-T1,3.0,1B-T1
U2,32A,BFS,2026-12-19 21:05:00,U2334,J,U2,32A,LTN,2026-12-19 22:15:00,U2301,J,T1029,186,0.83,NIRISH,DOM,C,1.0,11-T1,1.0,103-T1
U2,32A,BFS,2026-12-19 22:35:00,U2334,J,U2,32A,LTN,2026-12-20 06:05:00,U2301,J,T1029,186,0.83,NIRISH,DOM,C,1.0,103-T1,3.0,11-T1
LS,73H,CMF,2026-12-19 21:20:00,LS3908,J,LS,73H,FUE,2026-12-19 22:30:00,LS737,J,T1030,189,0.82,INT,INT,C,0.8,10-T1,1.0,100-T1
LS,73H,CMF,2026-12-19 22:50:00,LS3908,J,LS,73H,FUE,2026-12-20 08:30:00,LS737,J,T1030,189,0.82,INT,INT,C,0.8,100-T1,2.0,
LS,73H,CMF,2026-12-20 08:50:00,LS3908,J,LS,73H,FUE,2026-12-20 10:00:00,LS737,J,T1030,189,0.82,INT,INT,C,0.8,3-T1,3.0,100-T1
BA,32Q,LHR,2026-12-19 21:25:00,BA1464,J,BA,32Q,LHR,2026-12-19 22:35:00,BA1465,J,T1032,220,0.79,DOM,DOM,C,0.5,1-T1,1.0,316-T1
BA,32Q,LHR,2026-12-19 22:55:00,BA1464,J,BA,32Q,LHR,2026-12-20 05:55:00,BA1465,J,T1032,220,0.79,DOM,DOM,C,0.5,316-T1,2.0,
BA,32Q,LHR,2026-12-20 06:15:00,BA1464,J,BA,32Q,LHR,2026-12-20 07:25:00,BA1465,J,T1032,220,0.79,DOM,DOM,C,0.5,20-T1,3.0,316-T1
U2,32A,CDG,2026-12-19 21:45:00,U23244,J,U2,32N,GVA,2026-12-19 22:55:00,U23291,J,T1034,186,0.83,INT,INT,C,1.0,16A-T1,1.0,102-T1
U2,32A,CDG,2026-12-19 23:15:00,U23244,J,U2,32N,GVA,2026-12-20 06:55:00,U23291,J,T1034,186,0.83,INT,INT,C,1.0,102-T1,3.0,16A-T1
AF,223,CDG,2026-12-19 22:15:00,AF1886,J,AF,223,CDG,2026-12-19 23:25:00,AF1887,J,T1038,148,0.85,INT,INT,C,1.0,3-T1,1.0,405-T1
AF,223,CDG,2026-12-19 23:45:00,AF1886,J,AF,223,CDG,2026-12-20 05:50:00,AF1887,J,T1038,148,0.85,INT,INT,C,1.0,405-T1,3.0,3-T1
U2,32N,ACE,2026-12-19 22:20:00,U23204,J,U2,32A,CDG,2026-12-19 23:30:00,U23241,J,T1039,186,0.83,INT,INT,C,1.0,2-T1,1.0,407-T1
U2,32N,ACE,2026-12-19 23:50:00,U23204,J,U2,32A,CDG,2026-12-20 07:00:00,U23241,J,T1039,186,0.83,INT,INT,C,1.0,407-T1,3.0,2-T1
U2,32N,AGA,2026-12-19 23:05:00,U23328,J,U2,32Q,LIS,2026-12-20 00:15:00,U23321,J,T1044,186,0.83,INT,INT,C,1.0,1-T1,1.0,317-T1
U2,32N,AGA,2026-12-20 00:35:00,U23328,J,U2,32Q,LIS,2026-12-20 05:50:00,U23321,J,T1044,186,0.83,INT,INT,C,1.0,317-T1,2.0,
U2,32N,AGA,2026-12-20 06:10:00,U23328,J,U2,32Q,LIS,2026-12-20 07:20:00,U23321,J,T1044,186,0.83,INT,INT,C,1.0,6-T1,3.0,317-T1
KL,32Q,AMS,2026-12-19 23:10:00,KL933,J,KL,32Q,AMS,2026-12-20 00:20:00,KL922,J,T1046,227,0.8,INT,INT,C,1.0,10-T1,1.0,27-T1
KL,32Q,AMS,2026-12-20 00:40:00,KL933,J,KL,32Q,AMS,2026-12-20 05:40:00,KL922,J,T1046,227,0.8,INT,INT,C,1.0,27-T1,3.0,10-T1
LH,32N,FRA,2026-12-19 23:20:00,LH964,J,LH,32N,FRA,2026-12-20 00:30:00,LH965,J,T1047,172,0.8,INT,INT,C,1.0,16A-T1,1.0,30-T1
LH,32N,FRA,2026-12-20 00:50:00,LH964,J,LH,32N,FRA,2026-12-20 06:10:00,LH965,J,T1047,172,0.8,INT,INT,C,1.0,30-T1,3.0,16A-T1
RK,73H,RAK,2026-12-20 00:55:00,RK515,J,RK,73H,STN,2026-12-20 02:05:00,RK1274,J,T1055,189,0.87,INT,DOM,C,1.0,16A-T1,1.0,314-T1
RK,73H,RAK,2026-12-20 02:25:00,RK515,J,RK,73H,STN,2026-12-20 06:00:00,RK1274,J,T1055,189,0.87,INT,DOM,C,1.0,314-T1,2.0,
RK,73H,RAK,2026-12-20 06:20:00,RK515,J,RK,73H,STN,2026-12-20 07:30:00,RK1274,J,T1055,189,0.87,INT,DOM,C,1.0,1A-T1,3.0,314-T1
EC,32A,LIN,2026-12-20 14:25:00,EC5421,J,EC,32A,LIN,2026-12-20 15:35:00,EC5422,J,T1127,186,0.83,INT,INT,C,1.0,15A-T1,1.0,317-T1
EC,32A,LIN,2026-12-20 15:55:00,EC5421,J,EC,32A,LIN,2026-12-21 12:45:00,EC5422,J,T1127,186,0.83,INT,INT,C,1.0,317-T1,2.0,
EC,32A,LIN,2026-12-21 13:05:00,EC5421,J,EC,32A,LIN,2026-12-21 14:15:00,EC5422,J,T1127,186,0.83,INT,INT,C,1.0,1A-T1,3.0,317-T1
LS,32Q,ACE,2026-12-20 18:30:00,LS706,J,LS,32Q,TFS,2026-12-21 06:25:00,LS727,J,T1166,232,0.82,INT,INT,C,0.8,27-T1,1.0,15A-T1
LS,32Q,ACE,2026-12-21 06:45:00,LS706,J,LS,32Q,TFS,2026-12-21 07:55:00,LS727,J,T1166,232,0.82,INT,INT,C,0.8,15A-T1,3.0,27-T1
LS,32Q,TFS,2026-12-20 20:15:00,LS740,J,LS,32Q,LPA,2026-12-21 07:15:00,LS747,J,T1190,232,0.82,INT,INT,C,0.8,31-T1,1.0,4-T1
LS,32Q,TFS,2026-12-21 07:35:00,LS740,J,LS,32Q,LPA,2026-12-21 08:45:00,LS747,J,T1190,232,0.82,INT,INT,C,0.8,4-T1,3.0,31-T1
CJ,E90,LCY,2026-12-20 20:25:00,CJ8710,J,CJ,E90,LCY,2026-12-20 21:35:00,CJ8711,J,T1191,106,0.74,DOM,DOM,C,0.5,1-T1,1.0,407-T1
CJ,E90,LCY,2026-12-20 21:55:00,CJ8710,J,CJ,E90,LCY,2026-12-21 07:00:00,CJ8711,J,T1191,106,0.74,DOM,DOM,C,0.5,407-T1,3.0,1-T1
LS,73H,FUE,2026-12-20 20:30:00,LS738,J,LS,73H,AGP,2026-12-20 21:40:00,LS759,J,T1192,189,0.82,INT,INT,C,0.8,16B-T1,1.0,103-T1
LS,73H,FUE,2026-12-20 22:00:00,LS738,J,LS,73H,AGP,2026-12-21 09:15:00,LS759,J,T1192,189,0.82,INT,INT,C,0.8,103-T1,3.0,16B-T1
LS,32Q,VIE,2026-12-20 21:15:00,LS702,J,LS,32Q,FNC,2026-12-20 22:25:00,LS735,J,T1198,232,0.82,INT,INT,C,0.8,15A-T1,1.0,315-T1
LS,32Q,VIE,2026-12-20 22:45:00,LS702,J,LS,32Q,FNC,2026-12-21 07:55:00,LS735,J,T1198,232,0.82,INT,INT,C,0.8,315-T1,2.0,
LS,32Q,VIE,2026-12-21 08:15:00,LS702,J,LS,32Q,FNC,2026-12-21 09:25:00,LS735,J,T1198,232,0.82,INT,INT,C,0.8,1-T1,3.0,315-T1
BA,32Q,LHR,2026-12-20 21:50:00,BA1462,J,BA,32Q,LHR,2026-12-21 04:35:00,BA1463,J,T1200,220,0.79,DOM,DOM,C,0.5,20-T1,1.0,29-T1
BA,32Q,LHR,2026-12-21 04:55:00,BA1462,J,BA,32Q,LHR,2026-12-21 06:05:00,BA1463,J,T1200,220,0.79,DOM,DOM,C,0.5,29-T1,3.0,20-T1
RK,73H,STN,2026-12-20 21:50:00,RK9823,J,RK,73H,STN,2026-12-20 23:00:00,RK1274,J,T1201,189,0.87,DOM,DOM,C,1.0,19-T1,1.0,406-T1
RK,73H,STN,2026-12-20 23:20:00,RK9823,J,RK,73H,STN,2026-12-21 07:10:00,RK1274,J,T1201,189,0.87,DOM,DOM,C,1.0,406-T1,3.0,19-T1
LS,73H,FAO,2026-12-20 22:25:00,LS770,J,LS,73H,SXB,2026-12-20 23:35:00,LS3925,J,T1209,189,0.82,INT,INT,C,0.8,10-T1,1.0,316-T1
LS,73H,FAO,2026-12-20 23:55:00,LS770,J,LS,73H,SXB,2026-12-21 13:05:00,LS3925,J,T1209,189,0.82,INT,INT,C,0.8,316-T1,2.0,
LS,73H,FAO,2026-12-21 13:25:00,LS770,J,LS,73H,SXB,2026-12-21 14:35:00,LS3925,J,T1209,189,0.82,INT,INT,C,0.8,16B-T1,3.0,316-T1
BA,32Q,LHR,2026-12-20 22:45:00,BA1464,J,BA,32Q,LHR,2026-12-20 23:55:00,BA1465,J,T1214,220,0.79,DOM,DOM,C,0.5,15A-T1,1.0,309-T1
BA,32Q,LHR,2026-12-21 00:15:00,BA1464,J,BA,32Q,LHR,2026-12-21 06:25:00,BA1465,J,T1214,220,0.79,DOM,DOM,C,0.5,309-T1,2.0,
BA,32Q,LHR,2026-12-21 06:45:00,BA1464,J,BA,32Q,LHR,2026-12-21 07:55:00,BA1465,J,T1214,220,0.79,DOM,DOM,C,0.5,2-T1,3.0,309-T1
U2,32A,BER,2026-12-20 23:00:00,U23262,J,U2,32N,LGW,2026-12-21 00:10:00,U2803,J,T1219,186,0.83,INT,DOM,C,1.0,15B-T1,1.0,312-T1
U2,32A,BER,2026-12-21 00:30:00,U23262,J,U2,32N,LGW,2026-12-21 06:45:00,U2803,J,T1219,186,0.83,INT,DOM,C,1.0,312-T1,2.0,
U2,32A,BER,2026-12-21 07:05:00,U23262,J,U2,32N,LGW,2026-12-21 08:15:00,U2803,J,T1219,186,0.83,INT,DOM,C,1.0,3-T1,3.0,312-T1
FR,73H,CPH,2026-12-20 23:10:00,FR3759,J,FR,73H,KRK,2026-12-21 00:20:00,FR6624,J,T1220,189,0.87,INT,INT,C,1.0,22-T1,1.0,317A-T1
FR,73H,CPH,2026-12-21 00:40:00,FR3759,J,FR,73H,KRK,2026-12-21 05:45:00,FR6624,J,T1220,189,0.87,INT,INT,C,1.0,317A-T1,2.0,
FR,73H,CPH,2026-12-21 06:05:00,FR3759,J,FR,73H,KRK,2026-12-21 07:15:00,FR6624,J,T1220,189,0.87,INT,INT,C,1.0,4-T1,3.0,317A-T1
LH,32N,FRA,2026-12-20 23:20:00,LH964,J,LH,32N,FRA,2026-12-21 00:30:00,LH965,J,T1223,172,0.8,INT,INT,C,1.0,19-T1,1.0,28-T1
LH,32N,FRA,2026-12-21 00:50:00,LH964,J,LH,32N,FRA,2026-12-21 06:10:00,LH965,J,T1223,172,0.8,INT,INT,C,1.0,28-T1,3.0,19-T1
RK,73H,WRO,2026-12-21 00:40:00,RK1158,J,RK,73H,BOH,2026-12-21 01:50:00,RK1133,J,T1227,189,0.87,INT,DOM,C,1.0,22-T1,1.0,100-T1
RK,73H,WRO,2026-12-21 02:10:00,RK1158,J,RK,73H,BOH,2026-12-21 07:45:00,RK1133,J,T1227,189,0.87,INT,DOM,C,1.0,100-T1,3.0,22-T1
